year,finder,category,cves
2016,James Forshaw of Google Project Zero,other,21
2016,Mateusz Jurczyk of Google Project Zero,other,16
2016,"Peter Hlavaty ( @zer0mem ), KeenLab, Tencent",other,12
2016,Steven Seeley of Source Incite,other,10
2016,Natalie Silvanovich of Google Project Zero,other,10
2016,Anonymous working with Trend Micro's Zero Day Initiative,other,9
2016,Microsoft ChakraCore Team,other,6
2016,Masato Kinugawa of Cure53,other,6
2016,Liu Long of Qihoo 360,other,5
2016,Steven Vittitoe of Google Project Zero,other,5
2016,JChen of Palo Alto Networks,other,5
2016,Jaanus Kääp of Clarified Security,other,5
2016,zhong_sf and pgboy of Qihoo 360 Vulcan Team,other,5
2016,Zheng Huang of the Baidu Security Lab,other,4
2016,@j00sean,other,4
2016,"Rocco Calvi and Steven Seeley of Source Incite , working with VeriSign iDefense Labs",other,4
2016,Kostya Kortchinsky of the Google Security Team,other,3
2016,Lucas Leong of Trend Micro,other,3
2016,"Steven Seeley of Source Incite , working with VeriSign iDefense Labs",other,3
2016,"Nils Sommer of bytegeist, working with Google Project Zero",other,3
2016,Yorick Koster of Securify B.V.,other,3
2016,"Dhanesh Kizhakkinan of FireEye, Inc.",other,3
2016,"bee13oy of CloverSec Labs, working with Trend Micro’s Zero Day Initiative (ZDI)",other,3
2016,"pgboy , zhong_sf of Qihoo 360 Vulcan Team ​",other,3
2016,Haifei Li of Intel Security,other,3
2016,Scott Bell of Security-Assessment.com,other,3
2016,62600BCA031B9EB5CB4A74ADDDD6771E working with Trend Micro’s Zero Day Initiative (ZDI),other,3
2016,Henry Li (zenhumany) of Trend Micro,other,3
2016,Tao Yan (@Ga1ois) of Palo Alto Networks,other,3
2016,Ke Liu of Tencent's Xuanwu LAB,other,3
2016,"Daniel King , KeenLab, Tencent",other,3
2016,Thomas Garnier,other,2
2016,Sébastien Morin of COSIG,other,2
2016,Shi Ji (@Puzzor) of VARAS@IIE,other,2
2016,Anton Ivanov of Kaspersky Lab,other,2
2016,Dhanesh Kizhakkinan of FireEye Inc,other,2
2016,"Zheng Huang of the Baidu Security Lab , working with Trend Micro’s Zero Day Initiative (ZDI)",other,2
2016,"Hossein Lotfi, Secunia Research at Flexera Software",other,2
2016,"Shanti Lindström , Individual",other,2
2016,Kai Song ( exp-sky ) of Tencent’s Xuanwu LAB,other,2
2016,Jordan Rabet of Microsoft Offensive Security Research Team,other,2
2016,"Jordan Rabet, Microsoft Offensive Security Research Team",other,2
2016,Wenxiang Qian of Tencent QQBrowser,other,2
2016,Yu Yang (@tombkeeper) of Tencent's Xuanwu Lab,other,2
2016,"Qihoo 360 Vulcan Team , working with Trend Micro’s Zero Day Initiative (ZDI)",other,2
2016,"Liang Yin of Tencent PC Manager, working with Trend Micro's Zero Day Initiative (ZDI)",other,2
2016,SandboxEscaper working with Trend Micro’s Zero Day Initiative (ZDI),other,2
2016,Kai Song of Tencent’s Xuanwu LAB,other,2
2016,"Anonymous, working with Trend Micro's Zero Day Initiative (ZDI)",other,2
2016,The Citrix Product Security Team,other,2
2016,"Steven Seeley of Source Incite, working with VeriSign iDefense Labs",other,2
2016,SkyLined,other,2
2016,"This vulnerability was discovered and researched by Stefan Metzmacher of SAMBA+ and the Samba Team , which also helped design a fix for the problem. For more information about the vulnerability named “BADLOCK,” see Badlock Bug .",other,1
2016,Tenable Network Security,other,1
2016,"rgod, working with Trend Micro’s Zero Day Initiative (ZDI)",other,1
2016,Noam Mazor of Imperva,other,1
2016,Debasish Mandal of the Intel Security IPS Vulnerability Research Team,other,1
2016,Liu Long of the Qihoo 360 Vulcan Team,other,1
2016,"d81b2a7b317c035a8da11d63122964c2, working with HP's Zero Day Initiative",other,1
2016,"lokihardt, working with HP's Zero Day Initiative",other,1
2016,"B6BEB4D5E828CF0CCB47BB24AAC22515, working with HP's Zero Day Initiative",other,1
2016,Sandro Poppi,other,1
2016,QianWen Xiang of Tencent QQBrowser,other,1
2016,"Ladislav Janko, working with ESET on CVE-2016-0162",other,1
2016,"Henry Li (zenhumany) of Trend Micro , working with HP’s Zero Day Initiative",other,1
2016,Sebastian Apelt of Siberas working with Trend Micro's Zero Day Initiative,other,1
2016,Kaspersky Lab,other,1
2016,Nabeel Ahmed of Dimension Data,other,1
2016,"Ivan Fratric and Martin Barbella, working with Google Project Zero",other,1
2016,"Zheng Huang of Baidu XLab , working with Trend Micro's Zero Day Initiative (ZDI)",other,1
2016,Kai Song ( exp-sky ) of Tencent's Xuanwu Lab,other,1
2016,"ZeguangZhao (team509), working with Trend Micro’s Zero Day Initiative (ZDI)",other,1
2016,"Peter (Keen), working with Trend Micro’s Zero Day Initiative (ZDI)",other,1
2016,Wayne Low of Fortinet’s Fortiguard Labs,other,1
2016,Richard Shupak,other,1
2016,"Arun Kumar Sharma, working with Trend Micro’s Zero Day Initiative (ZDI)",other,1
2016,Francis Provencher of COSIG,other,1
2016,dannywei of Tencent's Xuanwu Lab,other,1
2016,Jaanus Kaap,other,1
2016,Aleksandar Nikolic of Cisco Talos,other,1
2016,"Simon Zuckerbraun, working with Trend Micro's Zero Day Initiative (ZDI)",other,1
2016,Soroush Dalili of NCC Group,other,1
2016,Veit Hailperin ( @fenceposterror ) of scip AG,other,1
2016,"Su Yong Kim, Sangho Lee, Byoungyoung Lee, & Taesoo Kim; SSLab, Georgia Institue of Technology",other,1
2016,Iliyan Velikov of PwC UK,other,1
2016,Robert Riskin,other,1
2016,Richard Le Dé and Sébastien Renaud of Quarkslab,other,1
2016,"Behzad Najjarpour Jabbari, Secunia Research at Flexera Software",other,1
2016,"fanxiaocao and pjf of IceSword Lab, Qihoo 360",other,1
2016,"Giwan Go of STEALIEN, working with Trend Micro's Zero Day Initiative (ZDI)",other,1
2016,Weibo Wang of Qihoo 360 SkyEye Lab,other,1
2016,The UK's National Cyber Security Centre (NCSC),other,1
2016,Li Kemeng of Baidu Security Lab,other,1
2016,Peixue Li of Fortinet's FortiGuard Labs,other,1
2016,SandboxEscaper,other,1
2016,Linan Hao of Qihoo 360 Vulcan Team working with POC / PwnFest,other,1
2016,Lokihart working with POC / PwnFest,other,1
2016,IBM X-Forcer researcher Tom Kahana and Elad Menahem,other,1
2016,"IBM X-Forcer researchers Alex Karlinsky, Tom Kahana, and Elad Menahem",other,1
2016,"Jonas Nilsson, Disruptive Innovations AB, http://www.disruptivei.com",other,1
2016,Kai Lu of Fortinet's FortiGuard Labs,other,1
2016,Anonymous contributor working with VeriSign iDefense Labs,other,1
2016,Kerem Gümrükcü,other,1
2016,003 working with HP's Zero Day Initiative,other,1
2016,Shi Ji,other,1
2016,"Stefan Kanthak, stefan.kanthak@nexgo.de working with Rob Mensching of FireGiant http://www.firegiant.com/",other,1
2016,Stefan Kanthak,other,1
2016,Stefan Kanthak [http://home.arcor.de/skanthak/SAFER.html],other,1
2016,Rob Mensching of FireGiant,other,1
2016,Steven Vittitoe with Google Project Zero,other,1
2016,Gal Goldshtein and Viktor Minin of Citadel [http://citadel.co.il],other,1
2016,Ashutosh Mehra (https://twitter.com/ashutoshmehra) working with HP's Zero Day Initiative,other,1
2016,Anton Ivanov and Costin Raiu of Kaspersky Lab,other,1
2016,Steven Seeley of Source Incite working with HP's Zero Day Initiative,other,1
2016,CESG,other,1
2016,Nicolas Beauchesne of Vectra Networks,other,1
2016,Hui Gao of Palo Alto Networks,other,1
2016,cc working with Trend Micro’s Zero Day Initiative (ZDI),other,1
2016,bee13oy of CloverSec Labs,other,1
2016,"fanxiaocao(@TinySec) and pjf of IceSword Lab , Qihoo 360",other,1
2016,"Michael Weber, Henrique Arcoverde NCC Group",other,1
2016,Ken Johnson of Microsoft Corporation,other,1
2016,"Jaehun Jeong (@n3sk) of WINS, WSEC Analysis Team, working with VERISIGN Defense",other,1
2016,"Li Kemeng, Baidu Security Lab",other,1
2016,"exp-sky of Tencent’s Xuanwu LAB , working with Trend Micro’s Zero Day Initiative (ZDI)",other,1
2016,"WanderingGlitch, working with Trend Micro’s Zero Day Initiative (ZDI)",other,1
2016,Herbert Bos of Vrije Universiteit Amsterdam,other,1
2016,Ferenc Lutischán of Magyar Telekom Nyrt,other,1
2016,Xiaoning Li of Intel Labs,other,1
2016,"Alexey Belyakov , Individual",other,1
2016,Louis-Paul Dareau of ProcessOut,other,1
2016,Nabeel Ahmed and Tom Gilis of Dimension Data,other,1
2016,Ondrej Sevecek of GOPAS,other,1
2016,"Ashutosh Mehra , working with Trend Micro’s Zero Day Initiative (ZDI)",other,1
2016,Moritz Jodeit of Blue Frost Security,other,1
2016,kdot working with Trend Micro’s Zero Day Initiative (ZDI),other,1
2016,Qihoo 360 Vulcan Team,other,1
2016,"lokihardt, working with Trend Micro's Zero Day Initiative (ZDI)",other,1
2016,Moritz Jodeit of Blue Frost Security GmbH,other,1
2016,"SkyLined, working with iDefense",other,1
2016,"kdot, working with Trend Micro’s Zero Day Initiative (ZDI)",other,1
2016,"lokihardt, working with Trend Micro’s Zero Day Initiative (ZDI)",other,1
2016,RanchoIce of the Baidu Security Lab,other,1
2016,"Shi Ji (@Puzzor) of VARAS@IIE , working with Trend Micro’s Zero Day Initiative (ZDI)",other,1
2016,Kai Song ( exp-sky ) of Tencent’s Xuanwu Lab,other,1
2016,Mario Heiderich of Cure53,other,1
2016,"David D. Rude II, working with iDefense",other,1
2016,"Loren Robinson and Alex Ionescu of CrowdStrike, Inc.",other,1
2016,Hao Linan of Qihoo 360 Vulcan Team,other,1
2016,"An anonymous researcher, working with Beyond Security’s SecuriTeam Secure Disclosure team",other,1
2016,"Peter Hlavaty and Daniel King of Tencent KeenLab, working with Trend Micro’s Zero Day Initiative (ZDI)",other,1
2016,Evgeny Kotkov and Ivan Zhakov of VisualSVN,other,1
2016,Rafal Wojtczuk of Bromium,other,1
2016,Bingchang Liu of VARAS@IIE,other,1
2016,"Jason Kratzer, working with VeriSign iDefense Labs",other,1
2016,"Eduardo Braun Prado, working with Trend Micro’s Zero Day Initiative (ZDI)",other,1
2016,"Brian Pak (cai) from Theori and Simon Zuckerbraun, working with Trend Micro's Zero Day Initiative (ZDI)",other,1
2016,Kai Kang (@4B5F5F4B),other,1
2016,Sandeep Kumar of Citrix Systems Inc.,other,1
2016,"Lokihart, working with Trend Micro's Zero Day Initiative (ZDI)",other,1
2016,Simon Zuckerbraun - Trend Micro Zero Day Initiative working with Trend Micro's Zero Day Initiative,other,1
2016,"Zhen Feng, Wen Xu of Tencent KeenLab, working with Trend Micro's Zero Day Initiative (ZDI)",other,1
2016,Qixun Zhao of Qihoo 360 Vulcan Team,other,1
2016,Li Kemeng of Baidu Security Lab working with Trend Micro’s Zero Day Initiative (ZDI),other,1
2016,Abdulrahman Alqabandi ( @qab ),other,1
2016,SkyLined working with VeriSign iDefense Labs,other,1
2016,Aral Yaman of Noser Engineering AG,other,1
2016,"Takashi Yoshikawa of Mitsui Bussan Secure Directions, Inc.",other,1
2016,Laurent Gaffie,other,1
2016,Masato Kinugawa via Google VRP,other,1
2016,Qixun Zhao of Qihoo 360 Skyeye Labs,other,1
2016,Nicolas Joly of MSRCE UK,other,1
2016,"Dmitri Kaslov , Independent Security Researcher",other,1
2016,Scott Sutherland of netSPI,other,1
2016,"Feike Hacquebord, Peter Pi, and Brooks Li of Trend Micro",other,1
2016,Neel Mehta and Billy Leonard of Google’s Threat Analysis Group,other,1
2016,Kijong Son of KrCERT/CC in Korean Internet & Security Agency (KISA),other,1
2016,Will Metcalf and Kafeine of Proofpoint,other,1
2016,"Anonymous, working with Trend Micro’s Zero Day Initiative (ZDI)",other,1
2016,"0011, working with Trend Micro’s Zero Day Initiative (ZDI)",other,1
2016,"62600BCA031B9EB5CB4A74ADDDD6771E, working with Trend Micro’s Zero Day Initiative (ZDI)",other,1
2016,"Jaehun Jeong (@n3sk) of WINS, WSEC Analysis Team, working with VeriSign iDefense Labs",other,1
2016,"Richard Zhu (fluorescence), working with Trend Micro’s Zero Day Initiative (ZDI)",other,1
2016,"Adrian Toma, working with NVISO (internship)",other,1
2016,"Daan Raman, working with NVISO",other,1
2016,Arne Swinnen working with NVISO,other,1
2016,"Stefaan Truijen, working with NVISO",other,1
2016,Xiaoyin Liu,other,1
2016,Fortinet’s FortiGuard Labs,other,1
2016,"fanxiaocao (@TinySec), and pjf of IceSword Lab, Qihoo 360",other,1
2016,Austrian MilCERT,other,1
2016,Yuki Chen of Qihoo 360 Vulcan Team,other,1
2016,Auri A. Rahimzadeh of Auri’s Ideas,other,1
2016,Oleg Kravtsov of Tuxera Inc,other,1
2016,Alexander Ovchinnikov of Tuxera Inc,other,1
2016,"Marcin Wiazowski, Individual",other,1
2016,Arnold Osipov with Morphisec,other,1
2016,Michael Gorelik with Morphisec,other,1
2016,"Jonathan Brown of VMware, Inc",other,1
2016,Piotr Bania of Cisco Talos,other,1
2016,"Piotr Bania, Cisco Talos., http://talosintel.com/vulnerability-reports/",other,1
2016,Roberto Suggi Liverani (@malerisch) of malerisch.net,other,1
2016,"Steven Seeley of Source Incite, working with Trend Micro's Zero Day Initiative (ZDI)",other,1
2016,Incident Response Team of Certego,other,1
2016,Udi Yavo of enSilo Inc,other,1
2016,RanchoIce of Tencent ZhanluLab,other,1
2016,RanchoIce of Baidu Security Lab,other,1
2016,Jun Mao of Tencent PC Manager via GeekPwn,other,1
2016,Liang Yin of Tencent PC Manager working with GeekPwn,other,1
2016,WanderingGlitch of TrendMicro's Zero Day Initiative (ZDI),other,1
2016,Adrian Ivascu,other,1
2016,John Page of ApparitionSec,other,1
2016,Bassel Rachid of DH Corporation Lucie Brochu of DH Corporation,other,1
2016,"Richard Zhu (fluorescence), working with Trend Micro's Zero Day Initiative (ZDI)",other,1
2016,"Kafeine , Brooks Li of Trend Micro",other,1
2016,"SkyLined, working with Trend Micro's Zero Day Initiative (ZDI)",other,1
2016,Liu Long of Qihoo 360Vulcan Team,other,1
2016,F4B3CD of STARLAB,other,1
2016,"Garage4Hackers, working with Trend Micro's Zero Day Initiative (ZDI)",other,1
2016,Nathaniel Theis ( XMPPwocky ),other,1
2016,"Shi Ji (@Puzzor) of VARAS@IIE, working with Trend Micro's Zero Day Initiative (ZDI)",other,1
2016,"Eduardo Braun Prado, working with Trend Micro's Zero Day Initiative (ZDI)",other,1
2017,Mateusz Jurczyk of Google Project Zero,other,92
2017,Lokihardt of Google Project Zero,other,31
2017,Microsoft ChakraCore Team,other,20
2017,Ivan Fratric of Google Project Zero,other,15
2017,Axel Souchet ( @0vercl0k ) of MSRC Vulnerabilities and Mitigations Team,other,14
2017,Anonymous working with Trend Micro's Zero Day Initiative,other,12
2017,James Forshaw of Google Project Zero,other,11
2017,Jun Kokatsu ( @shhnjk ),other,11
2017,pgboy and zhong_sf of Qihoo 360 Vulcan Team,other,10
2017,"Jordan Rabet, Microsoft Offensive Security Research Team",other,10
2017,Nicolas Joly of MSRC Vulnerabilities & Mitigations,other,10
2017,"fanxiaocao and pjf of IceSword Lab , Qihoo 360",other,9
2017,"Peter Hlavaty ( @zer0mem ), KeenLab, Tencent",other,8
2017,Hui Gao of Palo Alto Networks,other,6
2017,Liu Long of Qihoo 360Vulcan Team,other,6
2017,Yuki Chen of Qihoo 360 Vulcan Team,other,6
2017,Dhanesh Kizhakkinan of FireEye Inc,other,6
2017,Qixun Zhao of Qihoo 360 Vulcan Team,other,5
2017,Pedro Gallegos of Microsoft Office Security Team,other,5
2017,Jin Chen of Palo Alto Networks,other,5
2017,"fanxiaocao and pjf of IceSword Lab, Qihoo 360",other,5
2017,Scott Bell of Security-Assessment.com,other,5
2017,MSRC Vulnerabilities and Mitigations Team,other,4
2017,Liu Long of Qihoo 360 Vulcan Team,other,4
2017,"Dhanesh Kizhakkinan of FireEye, Inc.",other,4
2017,"Adam ‘pi3’ Zabrocki, Microsoft Offensive Security Research Team",other,3
2017,"Hossein Lotfi, Secunia Research at Flexera Software",other,3
2017,Microsoft Office Security Team,other,3
2017,WenQunWang of Tencent's Xuanwu LAB,other,3
2017,Hao Linan of Qihoo 360 Vulcan Team,other,3
2017,SandboxEscaper working with Trend Micro’s Zero Day Initiative (ZDI),other,3
2017,"Alex Ionescu of Winsider Seminars & Solutions, Inc.",other,3
2017,Jaanus Kp Clarified Security working with Trend Micro's Zero Day Initiative,other,3
2017,Matt Nelson ( @enigma0x3 ) of SpecterOps,other,3
2017,Wei of Qihoo 360 Vulcan Team,other,3
2017,@j00sean,other,3
2017,"Ashar Javed ( @soaj1664ashar ), Hyundai AutoEver Europe GmbH",other,3
2017,Nicolas Joly of MSRCE UK,other,3
2017,David Fernandez of Sidertia Solutions,other,3
2017,"Christian Holler (decoder, @mozdeco ) - own-hero Team",other,3
2017,Masato Kinugawa of Cure53,other,3
2017,Matt Graeber (@mattifestation),other,3
2017,Ke Liu (winsonliu) of Tencent's Xuanwu LAB working with Trend Micro's Zero Day Initiative (ZDI),other,3
2017,Liang Yin of Tencent PC manager team working with Trend Micro's Zero Day Initiative (ZDI),other,3
2017,Wayne Low ( @x9090 ) of Fortinet’s FortiGuard Lab,other,3
2017,Yorick Koster of Securify B.V.,other,2
2017,Richard Warren of NCC Group,other,2
2017,Ryan Hanson ( @Ryhanson ) of Optiv,other,2
2017,bear13oy of CloverSec Labs working with Trend Micro's Zero Day Initiative,other,2
2017,SkyLined,other,2
2017,"Huang Anwen, He Xiaoxiao ichunqiu Ker Team",other,2
2017,Soroush Dalili from NCC Group,other,2
2017,Huang Anwen ichunqiu Ker Team,other,2
2017,The UK's National Cyber Security Centre (NCSC),other,2
2017,Haifei Li of the McAfee Security Team,other,2
2017,"Peter Hlavaty ( @zer0mem ), Tencent at KeenLab",other,2
2017,pgboy and zhong_sf of Qihoo 360 Vulcan Team working with Trend Micro’s Zero Day Initiative (ZDI),other,2
2017,SaifAllah benMassaoud ( @benmassaou ),other,2
2017,Tavis Ormandy of Google Project Zero,other,2
2017,pgboy and zhong_sf of Qihoo 360 Vulcan Team working with Trend Micro's Zero Day Initiative (ZDI),other,2
2017,Ke Liu of Tencent's Xuanwu LAB working with Trend Micro's Zero Day Initiative (ZDI),other,2
2017,kdot working with Trend Micro's Zero Day Initiative,other,2
2017,Yangkang & Liyadong & Wanglu of 360 QEX Team,other,2
2017,Qixun Zhao of Qihoo 360 Skyeye Labs,other,2
2017,"Lokihart, working with POC / PwnFest",other,2
2017,Henry Li (zenhumany) of Trend Micro,other,2
2017,Zhong Zhaochen ( @asnine ) of Neusoft,other,2
2017,"bee13oy of CloverSec Labs, working with Trend Micro's Zero Day Initiative",other,2
2017,Symeon Paraschoudis of SensePost,other,2
2017,"Joe Bialek, MSRC Vulnerabilities and Mitigations Team",other,2
2017,"Genwei Jiang of FireEye, Inc.",other,2
2017,Thomas Dupuy and Jessy Campos of ESET,other,2
2017,Tencent Security – Team Ether working with Trend Micro’s Zero Day Initiative (ZDI),other,2
2017,Yuki Chen of Qihoo 360 Vulcan Team working with Trend Micro’s Zero Day Initiative (ZDI),other,2
2017,Swamy Shivaganga Nagaraju of MSRC Vulnerabilities & Mitigations,other,2
2017,Viktor Brange of WDG Offensive Security Research Team,other,2
2017,Omair,other,2
2017,Giwan Go of STEALIEN & HIT working with Trend Micro's Zero Day Initiative,other,2
2017,Simon Zuckerbraun working with Trend Micro Zero Day Initiative,other,1
2017,Michal Zalewski,other,1
2017,"Vishal Chauhan, MSRC Vulnerabilities & Mitigations",other,1
2017,Ashar Javed ( @soaj1664ashar ) of Hyundai AutoEver Europe GmbH,other,1
2017,"Ryan Hanson ( @Ryhanson ) of Optiv Microsoft MSRC Vulnerabilities and Mitigations Team Microsoft Office Security Team Genwei Jiang, FLARE Team, FireEye Inc Eduardo Braun Prado of SecuriTeam Secure Disclosure (SSD)",other,1
2017,"Utku Sen , Individual",other,1
2017,pgboy and zhong_sf of Qihoo 360vulcan team,other,1
2017,"Felix Wilhelm (ERNW Research GmbH) & Axel Souchet, MSRC Vulnerabilities & Mitigations",other,1
2017,Meysam Firouzi ( @R00tkitSMM ) & Celil ÜNÜVER ( @celilunuver ),other,1
2017,Qiang Liu McAfee,other,1
2017,bee13oy of CloverSec Labs,other,1
2017,"HyungSeok Han, @daramg of KAIST SoftSec",other,1
2017,"Christian Holler (decoder, href=""https://twitter.com/mozdeco?lang=en"">@mozdeco) - own-hero Team",other,1
2017,"Andrew Watts & Adam Awan, eShare Ltd Company",other,1
2017,Huichen Lin and Prof. Neil Bergmann of the School of Information Technology and Electrical Engineering - The University of Queensland,other,1
2017,Zhou Yu working with Trend Micro's Zero Day Initiative,other,1
2017,Ke Liu (winsonliu) of Tencent's Xuanwu LAB working with Trend Micro's Zero Day Initiative,other,1
2017,Matt Miller ( @epakskape ) of MSRC Vulnerabilities and Mitigations Team,other,1
2017,Azure Security Reliance Team,other,1
2017,Oddvar Moe ( @oddvarmoe ) working for Advania AS,other,1
2017,wh1ant working with Trend Micro's Zero Day Initiative,other,1
2017,62600BCA031B9EB5CB4A74ADDDD6771E working with Trend Micro's Zero Day Initiative,other,1
2017,Natalie Silvanovich of Google Project Zero,other,1
2017,0011 working with Trend Micro's Zero Day Initiative,other,1
2017,Zhong Zhaochen(@asnine) Neusoft,other,1
2017,Yorick Koster Securify B.V.,other,1
2017,"Georgios Baltas, MSRC Vulnerabilities and Mitigations Team",other,1
2017,Tripwire VERT,other,1
2017,Wayne Low of Fortinet’s FortiGuard Labs,other,1
2017,Víctor Portal González,other,1
2017,Qixan Zhao of Qihoo 360 Vulcan Team,other,1
2017,Debasish Mandal of the McAfee Labs HIPS R&D,other,1
2017,Marcin Towalski ( @mtowalski1 ),other,1
2017,Dhanesh Kizhakkinan of Fire Eye Inc.,other,1
2017,Ashar Javed of Hyundai AutoEver Europe GmbH,other,1
2017,"Alex Harmon, Microsoft",other,1
2017,Tony Loi of Fortinet’s FortiGuard Labs,other,1
2017,Laurent Gaffie,other,1
2017,"Nicolás Economou, Core Security",other,1
2017,"Aaron Grattafiori of Facebook, RedTeam",other,1
2017,Chaitin Security Research Lab working with Trend Micro’s Zero Day Initiative (ZDI),other,1
2017,Tencent Security - Team Sniper (Keen Lab and PC Mgr) working with Trend Micro’s Zero Day Initiative (ZDI),other,1
2017,RanchoIce of Tencent Zhanlu Lab - working with Trend Micro’s Zero Day Initiative (ZDI),other,1
2017,Liang Yin of Tencent PC Manager,other,1
2017,Marcin Kosieradzki of P2ware,other,1
2017,Pedro Gallegos and Willson David of Microsoft Office Security Team,other,1
2017,pgboy and zong_sf of Qihoo 360 Vulcan Team,other,1
2017,Soroush Dalili ( @irsdl ) from NCC Group,other,1
2017,Anonymous working with Trend Micro’s Zero Day Initiative (ZDI),other,1
2017,Tencent Security – Sword Team working with Trend Micro’s Zero Day Initiative (ZDI),other,1
2017,GuoPengfei from 360 Codesafe Team working with Trend Micro’s Zero Day Initiative (ZDI),other,1
2017,"Jeffrey Eric Altman ( @jaltman ) - AuriStor, Inc.",other,1
2017,Nico Williams ( @cryptonector ) - Two Sigma Investments,other,1
2017,Viktor Dukhovni ( @vdukhovni ) - Two Sigma Investments,other,1
2017,Yangkang ( @dnpushme ) & Liyadong & Wanglu of Qihoo 360 Qex Team,other,1
2017,Yong Chuan Koh @yongchuank of MWR Infosecurity,other,1
2017,Ashar Javed @soaj1664ashar of Hyundai AutoEver Europe GmbH,other,1
2017,Adrian Ivascu,other,1
2017,"Yaron Zinar, Eyal Karni, Roman Blachman Preempt",other,1
2017,Oleksandr Mirosh and Alvaro Muñoz ( @pwntester ) from Hewlett-Packard Enterprise Security,other,1
2017,bee13oy of CloverSec Labs working with Trend Micro's Zero Day Initiative,other,1
2017,Lin Yang @SJTU working with Trend Micro's Zero Day Initiative,other,1
2017,Wang Yuan of Nanyang Technological University working with Trend Micro's Zero Day Initiative,other,1
2017,Maksymilian Motyl CERT Orange Poland,other,1
2017,Jose A. Vazquez working with Trend Micro's Zero Day Initiative,other,1
2017,Lucas Leong ( @_wmliang_ ) of Trend Micro,other,1
2017,"Christopher Ellis , Kaiser Permanente",other,1
2017,Paul Burkeland TrustedSec,other,1
2017,pgboy of Qihoo 360 Vulcan Team working with Trend Micro's Zero Day Initiative (ZDI),other,1
2017,Richard Zhu (fluorescence) working with Trend Micro's Zero Day Initiative,other,1
2017,Camillus Cai of Microsoft Office Security Team,other,1
2017,Arun Kumar Sharma Individual @arunsharma1609,other,1
2017,Steven Seeley (mr_me) of Offensive Security and Ke Liu of Tencent's Xuanwu LAB working with Trend Micro's Zero Day Initiative (ZDI),other,1
2017,McCool of DKSEC consulting,other,1
2017,Client Operation and SOC at NTNU,other,1
2017,"Adam Alexander, Salisbury University",other,1
2017,Team Sniper (Keen Team and PC Manager) working with Trend Micro's Zero Day Initiative,other,1
2017,"Sai Ganesh Ramachandran, Microsoft Hyper-V Team",other,1
2017,Ariel Zelivansky,other,1
2017,Hai Long Tencent PC Manager Yuanchao Huang Tencent PC Manager Liang Yin Tencent PC Manager,other,1
2017,Aaron Grattafiori Facebook RedTeam,other,1
2017,Yu Haiwan Wu HongJun working with Trend Micro's Zero Day Initiative (ZDI),other,1
2017,Hung Tien Tran @hungtt28 of Viettel Cyber Security,other,1
2017,360 Security working with Trend Micro’s Zero Day Initiative (ZDI),other,1
2017,Haifei Li of Intel Security,other,1
2017,Lockheed Martin Computer Incident Response Team,other,1
2017,Matt Nelson ( @enigma0x3 ),other,1
2017,Zhang Hanming of Qihoo 360 Vulcan Team,other,1
2017,"Suto, working with Trend Micro's Zero Day Initiative (ZDI)",other,1
2017,"Zhang Lin, http://xsseng.com",other,1
2017,Semmle Inc,other,1
2017,"Michael Holman, Microsoft Chakra Core Team",other,1
2017,Xiaoyin Liu ( @general_nfs ),other,1
2017,"Simon Zuckerbraun, working with Trend Micro's Zero Day Initiative",other,1
2017,Mario Heiderich of Cure53,other,1
2017,"Kai Song ( exp-sky ) of Tencent's Xuanwu Lab , working with Trend Micro's Zero Day Initiative (ZDI)",other,1
2017,Steven Vittitoe of Google Project Zero,other,1
2017,Tony Loi of Fortinet's FortiGuard Labs,other,1
2017,"Qiang Liu, McAfee",other,1
2017,Saruhan Karademir,other,1
2017,Will Matcalf of Proofpoint,other,1
2017,Kafeine of Proofpoint,other,1
2017,"Joseph C Chen, Trend Micro",other,1
2017,"Brooks Li, Trend Micro",other,1
2017,pgboy and zhong_sf of Qihoo 360 Vulcan Team working with POC/PwnFest,other,1
2017,Jaanus Kääp of Clarified Security,other,1
2017,David Wind of XSEC infosec GmbH,other,1
2017,"Anonymous, working with Trend Micro's Zero Day Initiative",other,1
2017,"Ivan Fratric, working with Google Project Zero",other,1
2017,lywang of Tencent Xuanwu Lab,other,1
2017,Abdulrahman Alqabandi ( @qab ),other,1
2017,"bee13oy of CloverSec Labs, working with Trend Micro’s Zero Day Initiative (ZDI)",other,1
2017,Henri Aho,other,1
2017,Gary Kwong,other,1
2017,"Alexander Malysh, Microsoft Network Virtualization Team",other,1
2017,"Sumit Dhoble, Microsoft Network Virtualization Team",other,1
2017,"Jonathan Bar Or, Windows Defender ATP Research Team",other,1
2017,Lakewood Communications,other,1
2017,Fortinet's FortiGuard Labs,other,1
2017,Fortinet’s FortiGuard Labs,other,1
2017,"Axel Souchet, MSRC Vulnerabilities and Mitigations Team",other,1
2017,Martin Knafve - http://martinknafve.com/,other,1
2017,Cheah Khai Ee ( @MercurialSec ),other,1
2017,Gabriel Lima ( @gabrielpato ),other,1
2017,"Jerry Decime, Hewlett Packard Enterprise",other,1
2017,"John Page ( hyp3rlinx ), ApparitionSec",other,1
2017,Digital Security,other,1
2017,Stéfan Le Berre Sogeti ESEC R&D,other,1
2017,"Rancho Ice, Huang Jialong Tencent Security ZhanluLab",other,1
2017,"Joonwoo Yu, Hyoung-Kee Choi of Sungkyunkwan University",other,1
2017,Yangkang(@dnpushme) & Liyadong & Wanglu of of 360 QEX Team,other,1
2017,Jörn Ahrens of Volkswagen CERT-VW,other,1
2017,Steven Hunter of MSRC Vulnerabilities & Mitigations,other,1
2017,Mikhail Tsvetkov of Positive Technologies,other,1
2017,Natalie Silvanovich and Tavis Ormandy of Google Project Zero,other,1
2017,Ian Beer of Google Project Zero,other,1
2017,Bill Cullen,other,1
2017,"John Stephens - Docker, Inc.",other,1
2017,Tencent Security - Team Sniper (Keen Lab and PC Mgr) and 01 working with Trend Micro’s Zero Day Initiative (ZDI),other,1
2017,Yuki Chen of Qihoo 360 Vulcan team,other,1
2017,Yuange of Tencent Zhanlu Lab,other,1
2017,Tencent Security - Lance Team working with Trend Micro's Zero Day Initiative,other,1
2017,Richard Zhu (fluorescence) working with Trend Micro’s Zero Day Initiative (ZDI),other,1
2017,Qixun Zhao www.weibo.com/babyboaes Qihoo 360 Vulcan Team http://www.360.cn/,other,1
2017,WDG Offensive Security Research Team and MSRC Vulnerabilities & Mitigations,other,1
2017,Viktor Brange of WDG Offensive Security Research Team and Swamy Shivaganga Nagaraju of MSRC Vulnerabilities & Mitigations,other,1
2017,MSRC Vulnerabilities & Mitigations and WDG Offensive Security Research Team,other,1
2017,Bachraty Gergely,other,1
2017,Lei Shi of Qihoo 360 Inc,other,1
2017,Cybellum Technologies LTD,other,1
2017,Alexander Inführ ( @insertScript ) of Cure53,other,1
2017,Debasish Mandal ( @debasishm89 ) of McAfee IPS Vulnerability Research,other,1
2017,Marcin Wiazowski working with Trend Micro's Zero Day Initiative,other,1
2017,Hui Gao and Zhanglin He of Palo Alto Networks,other,1
2017,Tao Yan ( @ga1ois ) and Zhanglin He of Palo Alto Networks,other,1
2017,"Stefano Calzavara and Alvise Rabitti of Università Ca'Foscari, Venezia",other,1
2017,Johnathan Norman of Windows Devices Group – Operating System Security Team,other,1
2017,Prakash Sharma ( @1lastBr3ath ),other,1
2017,Ivan Fratric of Google Project Zero.,other,1
2017,Jonathan Birch Microsoft Corporation,other,1
2017,James Lee of Kryptos Logic,other,1
2017,Dmitri Kaslov working with Trend Micro's Zero Day Initiative,other,1
2017,The UK’s National Cyber Security Centre (NCSC),other,1
2017,Georgios Baltas of MSRC Vulnerabilities & Mitigations Team,other,1
2017,nyaacate of Viettel Cyber Security working with Trend Micro's Zero Day Initiative,other,1
2017,Seonunghardt( @seonunghardt ) and Team Pwn4Fun from Best of the Best ( BOB ),other,1
2017,Hui Gao of Palo Alto Networks and Heige (a.k.a. SuperHei) of Knownsec 404 Security Team,other,1
2017,Huang Anwen of ichunqiu Ker Team working with Trend Micro's Zero Day Initiative,other,1
2017,Kévin Chalet,other,1
2017,Mateusz Jurczyk of Google Project zero,other,1
2017,Denis Selianin from Embedi,other,1
2017,Jayson Grace Sandia National Laboratories,other,1
2017,Debasish Mandal of McAfee IPS Vulnerability Research,other,1
2017,Steven Seeley (mr_me) of Offensive Security working with Trend Micro's Zero Day Initiative,other,1
2017,Jaanus Kääp Clarified Security,other,1
2017,Weibo Wang ( @ma1fan ) of 360 SkyEye Labs,other,1
2017,"Mateusz Jurczyk, Google Project Zero",other,1
2017,Weibo Wang ( @ma1fan ) of 360 Skyeye Labs,other,1
2017,Lucas Leong of Trend Micro working with Trend Micro's Zero Day Initiative,other,1
2017,Ke Liu of Tencent’s Xuanwu Lab,other,1
2017,Cem Onat Karagun Kocaeli University,other,1
2017,Jin Chen of Paloaltonetworks,other,1
2017,"Ben Seri and Gregory Vishnepolsky of Armis, Inc.",other,1
2017,"Giorgi Maisuradze, CISPA",other,1
2017,Maksymilian Motyl from CERT Orange Poland,other,1
2017,Yong Chuan Koh (@yongchuank) of MWR Labs,other,1
2017,"Alex Ionescu, CrowdStrike Inc.",other,1
2017,ZhenhaoHong of Qihoo 360 Marvel Team,other,1
2017,John Page aka hyp3rlinx of Apparition Security,other,1
2017,Windows & Devices Group - Operating System Security Team,other,1
2017,Jared S. Candelaria,other,1
2017,Zhang Yunhai of NSFOCUS,other,1
2017,Jaanus Kp of Clarified Security working with Trend Micro's Zero Day Initiative,other,1
2017,Minh Tran Fortinet's FortiGuard Labs,other,1
2017,Jaanus Kp Clarified Security working with Trend Micro's Zero Day Initiative Initiative,other,1
2017,Phil Blankenship Cerberus Security,other,1
2017,likemeng of Baidu Security Lab working with Trend Micro's Zero Day Initiative,other,1
2017,Zhongcheng Li (CK01),other,1
2017,"Genwei Jiang and Dhanesh Kizhakkinan of FireEye, Inc.",other,1
2018,Yuki Chen of Qihoo 360 Vulcan Team,other,35
2018,Anonymous working with Trend Micro's Zero Day Initiative,other,35
2018,Lokihardt of Google Project Zero,other,33
2018,Ashar Javed of Hyundai AutoEver Europe GmbH,other,31
2018,Mateusz Jurczyk of Google Project Zero,other,30
2018,James Forshaw of Google Project Zero,other,20
2018,Nicolas Joly of Microsoft Corporation,other,13
2018,Qixun Zhao of Qihoo 360 Vulcan Team ​,other,11
2018,Ivan Fratric of Google Project Zero,other,10
2018,Jaanus Kääp of Clarified Security,other,9
2018,"Hossein Lotfi, Secunia Research at Flexera Software",other,8
2018,Wei of Qihoo 360 Vulcan Team,other,7
2018,Marcin Towalski ( @mtowalski1 ),other,7
2018,"Alex Ionescu, CrowdStrike Inc.",other,7
2018,Matt Graeber of SpecterOps,other,6
2018,James Lee @Windowsrcer of Kryptos Logic,other,6
2018,Lucas Pinheiro - Windows & Devices Group - Operating System Security Team,other,6
2018,Matt Nelson ( @enigma0x3 ) of SpecterOps,other,5
2018,"Ying Xinlei of IceSword Lab, Qihoo 360",other,5
2018,bee13oy of Qihoo 360 Vulcan Team,other,5
2018,Yonghui Han of Fortinet’s FortiGuard Labs,other,5
2018,Zhenhuan Li(@zenhumany) of Tencent Zhanlu Lab,other,5
2018,kdot working with Trend Micro's Zero Day Initiative,other,5
2018,Ben Faull of Microsoft Office Security,other,5
2018,"fanxiaocao and pjf of IceSword Lab , Qihoo 360",other,4
2018,Honggang Ren of Fortinet's FortiGuard Labs,other,4
2018,Scott Bell of Pulse Security,other,4
2018,Vladislav Stolyarov of Kaspersky Lab,other,4
2018,"Michael Holman, Microsoft Chakra Core Team",other,4
2018,Lin Wang of Beihang University,other,4
2018,Jihui Lu of Tencent KeenLab,other,4
2018,Communications Security Establishment,other,4
2018,Lucas Leong ( @wmliang ) working with Trend Micro's Zero Day Initiative,other,4
2018,Omair working with Trend Micro's Zero Day Initiative,other,4
2018,akayn working with Trend Micro's Zero Day Initiative,other,4
2018,"Johnathan Norman, Windows & Devices Group - Operating System Security Team",other,4
2018,Adrian Ivascu,other,4
2018,Soroush Dalili of NCC Group,other,4
2018,"Richard Zhu (fluorescence), working with Trend Micro's Zero Day Initiative",other,4
2018,Abdulrahman Al-Qabandi,other,3
2018,Johnathan Norman - WDG OS Security Team,other,3
2018,exp-sky (Kai Song) of Tencent Security Xuanwu Lab,other,3
2018,Simon Zuckerbraun working with Trend Micro's Zero Day Initiative,other,3
2018,"Behzad Najjarpour Jabbari, Secunia Research at Flexera",other,3
2018,"Jun Kokatsu, Windows & Devices Group - Operating System Security Team",other,3
2018,Cameron Vincent,other,3
2018,"bear13oy of DBAPPSecurity Co., Ltd",other,3
2018,ZhangSen of Qihoo 360 Vulcan Team,other,3
2018,Lucas Leong ( @_wmliang_ ) of Trend Micro,other,3
2018,Masato Kinugawa of Cure53 ​,other,3
2018,Jonathan Downing ( @0xKondara ),other,3
2018,Microsoft PowerShell Team,other,3
2018,Ruibo Liu of Baidu XLab Tianya Team,other,3
2018,John Page (aka hyp3rlinx) - ApparitionSec working with Trend Micro's Zero Day Initiative,other,3
2018,hungtt28 of Viettel Cyber Security,other,2
2018,Cedric Cochin of McAfee’s Advanced Threat Research (ATR) Team,other,2
2018,Bruno Keith,other,2
2018,Eduardo Braun Prado working with Trend Micro's Zero Day Initiative,other,2
2018,dannywei of Tencent Security Xuanwu Lab,other,2
2018,Lin Wang of Beihang University working with Trend Micro's Zero Day Initiative,other,2
2018,RanchoIce and ChenNan of Tencent ZhanluLab working with Trend Micro's Zero Day Initiative,other,2
2018,ChenNan and RanchoIce of Tencent ZhanluLab working with Trend Micro's Zero Day Initiative,other,2
2018,"Enrique Nissim - Senior Security Consultant - IOActive, Inc",other,2
2018,ZiMi and JunGu of Alibaba Orion Security Lab,other,2
2018,Fritz Sands of Trend Micro's Zero Day Initiative,other,2
2018,Ivan Vagunin,other,2
2018,Laith AL-Satari,other,2
2018,WenQunWang of Tencent's Xuanwu LAB,other,2
2018,Johnathan Norman of Windows Devices Group – Operating System Security Team,other,2
2018,Gal De Leon of Palo Alto Networks,other,2
2018,Kévin Chalet,other,2
2018,Wayne Low of Fortinet’s FortiGuard Lab,other,2
2018,bo13oy of Qihoo 360 Vulcan Team ​,other,2
2018,Anonymous working with iDefense Labs,other,2
2018,Liu Long of Qihoo 360 Vulcan Team,other,2
2018,Nick Freeman,other,2
2018,Jonathan Birch of Microsoft Corporation,other,2
2018,"Joe Bialek, MSRC Vulnerabilities and Mitigations Team",other,2
2018,Georgios Baltas of MSRC Vulnerabilities & Mitigations Team,other,2
2018,willJ of Tencent PC Manager working with Trend Micro's Zero Day Initiative,other,2
2018,Eduardo Braun Prado working with iDefense Labs,other,2
2018,RanchoIce of Tencent ZhanluLab Chen Nan of Tencent ZhanluLab,other,2
2018,Marcin Wiazowski working with Trend Micro's Zero Day Initiative,other,2
2018,Lee Christensen ( @tifkin_ ) of SpecterOps,other,2
2018,Richard Shupak,other,2
2018,Cristian Pop of Azure IoT,other,2
2018,Jens Müller of Ruhr-University Bochum,other,2
2018,Steven Seeley (mr_me) of Source Incite,other,2
2018,Snyk Security Research Team,other,2
2018,Jonathan Jacobi ( @j0nathanj ) of MSRC-IL,other,2
2018,Tim Kent of TSS Cyber,other,2
2018,Liu Long of Qihoo 360Vulcan Team Shenrong Liu - Tencent ZhanluLab​,other,1
2018,Benjamin Kearns of Lateral Security,other,1
2018,"fanxiaocao and pjf of IceSword Lab, Qihoo 360",other,1
2018,Markku Rossi,other,1
2018,Haikuo Xie and Zheng Huang of Baidu Security Lab working with Trend Micro's Zero Day Initiative,other,1
2018,Roi Mallo of Reverse Engineering R&D,other,1
2018,Will Dormann CERT/CC,other,1
2018,Jakub Palaczynski ING Business Shared Services,other,1
2018,"Genwei Jiang of FireEye, Inc",other,1
2018,Yangkang ( @dnpushme ) &Wanglu of Qihoo360 CoreSecurity ( @360CoreSec ),other,1
2018,Thomas Dullien of Google Project Zero,other,1
2018,Steven Seeley ( mr_me ) of Source Incite working with Trend Micro's Zero Day Initiative,other,1
2018,Flavio Baldassi of Horizon Security,other,1
2018,Lucas Pinheiro - Windows & Devices Group - Operating System Security,other,1
2018,Graham McMynn of Microsoft,other,1
2018,Liraz keinan Or Yasso Amichai Shulman Tal Be'ery,other,1
2018,Elliot Cao of Trend Micro Security Research working with Trend Micro’s Zero Day Initiative (ZDI),other,1
2018,yangkang(@dnpushme) & Jinquan(@jq0904) & Wanglu of Qihoo360 CoreSecurity(@360CoreSec),other,1
2018,Anas Mahmood,other,1
2018,Zhong Zhaochen,other,1
2018,Rafay Baloch,other,1
2018,Gareth Heyes of PortSwigger,other,1
2018,Sudhakar Verma and Ashfaq Ansari - Project Srishti working with iDefense Labs,other,1
2018,RanchoIce of Tencent ZhanluLab working with Trend Micro's Zero Day Initiative,other,1
2018,"Communications Security Establishment, CSE",other,1
2018,Ryan Hanson of Atredis Partners,other,1
2018,"SandboxEscaper and Daniel Docherty, MWR Labs",other,1
2018,Andrew Lee at OKTA REX Team,other,1
2018,Pengsu Cheng of Trend Micro working with Trend Micro's Zero Day Initiative,other,1
2018,Tanghui Chen of Baidu X-Lab Tianya team,other,1
2018,Seonung Jang ( @Seonunghardt ) of Stealien,other,1
2018,Seonung Jang of Stealien,other,1
2018,Jinquan(@jq0904) of Qihoo360 CoreSecurity(@360CoreSec),other,1
2018,Yangkang(@dnpushme) of Qihoo360 CoreSecurity(@360CoreSec),other,1
2018,Omair from Krash Consulting,other,1
2018,CodeColorist from AntFinancial LightYear Security Lab,other,1
2018,"Peter Stöckli of Alphabot Security, Switzerland",other,1
2018,Kamlapati Choubey working with Trend Micro's Zero Day Initiative,other,1
2018,riusksk of VulWar Corp,other,1
2018,Pengsu Cheng of Trend Micro Security Research,other,1
2018,Nethanel Gelernter of Cyberpion,other,1
2018,Bryan De Houwer of the PwC Belgium Cyber&Privacy team,other,1
2018,Igor Soumenkov of Kaspersky Lab Boris Larin of Kaspersky Lab,other,1
2018,Wayne Low of Fortinet’s FortiGuard Labs,other,1
2018,MoonLiang of Tencent Security Xuanwu Lab,other,1
2018,JunGu and ZiMi of Alibaba Orion Security Lab.,other,1
2018,"Mitch Adair, Microsoft Windows Enterprise Security Team",other,1
2018,Yangkang( @dnpushme ) & Jinquan( @jq0904 ) of Qihoo360 CoreSecurity( @360CoreSec ),other,1
2018,Jaanus Kp Clarified Security working with Trend Micro's Zero Day Initiative,other,1
2018,Nathan Shomber of Microsoft,other,1
2018,Yu Haiwan and Wu HongJun from Nanyang Technological University working with Trend Micro's Zero Day Initiative,other,1
2018,Krystian Bigaj,other,1
2018,Mayank Kapoor of Lateral Security,other,1
2018,Cedric Van Bockhaven on behalf of KPN,other,1
2018,Clement Lecigne of Google’s Threat Analysis Group,other,1
2018,Nabeel Ahmed and Eric Schayes from Dimension Data working with Trend Micro's Zero Day Initiative,other,1
2018,Dmitri Kaslov of Telspace Systems and Simon Zuckerbraun working with Trend Micro's Zero Day Initiative,other,1
2018,A3F2160DCA1BDE70DA1D99ED267D5DC1EC336192 working with Trend Micro's Zero Day Initiative,other,1
2018,Jeonghoon Shin@ Theori,other,1
2018,John Heasman of DocuSign ​,other,1
2018,Dmitri Kaslov of Telspace Systems,other,1
2018,@j00sean (Thanks to Domato: https://github.com/google/domato) working with Trend Micro's Zero Day Initiative,other,1
2018,Wenxuan Zheng of Tencent PC Manager,other,1
2018,Sabri Haddouche (@pwnsdx) of Wire Swiss GmbH,other,1
2018,Seonung Jang( @seonunghardt ),other,1
2018,Liang Yin of Tencent PC Manager,other,1
2018,Zhiyuan Zheng,other,1
2018,"Yang Kang, Ding Maoyin and Song Shenlei, and Jinquan of Qihoo 360 Core Security ( @360CoreSec )",other,1
2018,Luka Treiber of 0patch Team - ACROS Security,other,1
2018,zhouat of Qihoo 360 Vulcan Team,other,1
2018,Netanel Ben Simon and Omer Gull of Check Point Software Technologies,other,1
2018,Steven Hunter of MSRC Vulnerabilities & Mitigations,other,1
2018,Joshua Graham with TSS,other,1
2018,Saar Amar,other,1
2018,Tavis Ormandy of Google Project Zero,other,1
2018,010 working with Trend Micro's Zero Day Initiative,other,1
2018,Tao Yan (@Ga1ois) of Palo Alto Networks,other,1
2018,Ke Liu of Tencent's Xuanwu LAB working with Trend Micro's Zero Day Initiative,other,1
2018,Debasish Mandal of McAfee,other,1
2018,Omair working with T Trend Micro's Zero Day Initiative,other,1
2018,Huang Yi of Qihoo 360 Core Security,other,1
2018,Lasse Trolle Borup of Langkjaer Cyber Defence,other,1
2018,Brandon Falk ( @gamozolabs ) of the Enterprise Team,other,1
2018,David Baptiste of ESIEA - CVO Lab,other,1
2018,Omair working with KrashConsulting,other,1
2018,Akayn working with Trend Micro's Zero Day Initiative,other,1
2018,Simon Zuckerbraun with Trend Micro's Zero Day Initiative,other,1
2018,Kai Kang (@4B5F5F4B),other,1
2018,hungtt28 of Viettel Cyber Security working with Trend Micro's Zero Day Initiative,other,1
2018,Yu Zhou of Ant-financial Light-Year Security Lab,other,1
2018,Pavel Avgustinov and Nick Rolfe of Semmle and LGTM.com,other,1
2018,Alexandru Pitis of Microsoft Corporation,other,1
2018,Jonathan Burns of Ionic Security ​ Colin McRae of Ionic Security ​ Ryan Speers of Ionic Security ​,other,1
2018,"Ryan Cumbee (Casaba Security, LLC) & Cory Carson (Casaba Security, LLC) under contract for Microsoft at the time.",other,1
2018,Debasish Mandal of the McAfee Labs HIPS R&D,other,1
2018,Martin Knafve,other,1
2018,Steven Thompson,other,1
2018,Roberto Rodriguez ( @Cyb3rWard0g ) of SpecterOps,other,1
2018,Jens Müller ( @jensvoid ),other,1
2018,Tobias Glemser of secuvera GmbH,other,1
2018,Simon Winter of Aalen University,other,1
2018,Axel Souchet ( @0vercl0k ) of MSRC Vulnerabilities and Mitigations Team,other,1
2018,Ping Fan (Zetta) Ke of Valkyrie-X Security Research Group (VXRL),other,1
2018,Ron Marcovich Yuval Ron Amichai Shulman Tal Be'ery,other,1
2018,Marcin 'Icewall' Noga of Cisco Talos,other,1
2018,"Jean-Yves Avenard, Mozilla",other,1
2018,Microsoft Hyper-V Development Team,other,1
2018,Pengsu Cheng of Trend Micro Security Research working with Trend Micro's Zero Day Initiative,other,1
2018,Ziyahan Albeniz of Netsparker,other,1
2018,Mateusz Garncarek of ING Tech Poland ​ Piotr Madej of ING Tech Poland ​,other,1
2018,"René Freingruber (@ReneFreingruber), SEC Consult (@sec_consult)",other,1
2018,Yunhai Zhang of NSFOCUS ​,other,1
2018,Eric Lawrence,other,1
2018,Shawn Denbow of Windows Security Team,other,1
2018,ZhangSen of Qihoo 360 Vulcan Team ​,other,1
2018,Jake Archibald - Google - https://jakearchibald.com,other,1
2018,Chakra working with Trend Micro's Zero Day Initiative,other,1
2018,Dmitri Kaslov of Telspace Systems working with Trend Micro's Zero Day Initiative,other,1
2018,Andrei Gorlov,other,1
2018,HongZhenhao,other,1
2018,Li Qi( @leeqwind ) of Qihoo 360,other,1
2018,Daniel Docherty of MWR Labs and SandboxEscaper,other,1
2018,"Jordan Rabet, Microsoft Offensive Security Research Team",other,1
2018,"Eyal Karni, Yaron Zinar, Roman Blachman @ Preempt, Research Labs",other,1
2018,Root Object,other,1
2018,Matt Nelson ( @enigma0x3 ) of SpecterOps and James Forshaw of Google Project Zero,other,1
2018,SkyLined working with Trend Micro's Zero Day Initiative,other,1
2018,Zhang Yunhai of NSFOCUS,other,1
2018,@llt4l,other,1
2018,Ulf Frisk - @UlfFrisk,other,1
2018,Mikhail Shcherbakov,other,1
2018,Ben Adams of Illyriad Games ​,other,1
2018,Nabeel Ahmed working with Trend Micro's Zero Day Initiative,other,1
2018,Cody Sixteen,other,1
2018,Tom Hoke of Microsoft Corporation,other,1
2018,"Shawn Denbow, Windows & Devices Group - Operating System Security Team",other,1
2018,"Matthew G. McGovern, Windows Security Team",other,1
2018,Rajeev Vokkarne of Azure IoT,other,1
2018,John Spaith of Azure IoT,other,1
2018,Tim Taylor of Azure IoT,other,1
2018,nyaacate of Viettel Cyber Security working with Trend Micro's Zero Day Initiative,other,1
2018,"Rohit Mothe of Project Minus Storm Team, Intel Corp.",other,1
2018,Andrei Vlad Lutas of Bitdefender,other,1
2018,Aaron Margosis of Microsoft,other,1
2018,Alex Bass of Microsoft,other,1
2018,Kushal Arvind Shah of Fortinet's FortiGuard Labs,other,1
2018,Qixun Zhao of Qihoo 360 Vulcan Team,other,1
2018,Zhenhuan Li (@zenhumany) of Tencent Zhanlu Lab,other,1
2018,"Nick Peterson, Everdox Tech LLC Andy Lutomirski Axel Souchet ( @0vercl0k ) of MSRC Vulnerabilities and Mitigations Team",other,1
2018,Mohamed El Azaar,other,1
2018,RanchoIce of Tencent ZhanluLab ​,other,1
2018,guangmingliu of Tencent ZhanluLab ​,other,1
2018,Zhong Zhaochen of tophant.com,other,1
2018,RanchoIce of Tencent ZhanluLab ​ working with Trend Micro's Zero Day Initiative,other,1
2018,Instructor of Tencent ZhanluLab ​,other,1
2018,Danny__Wei of Tencent's Xuanwu Lab working with Trend Micro's Zero Day Initiative,other,1
2018,Michael Hanselmann,other,1
2018,"Anton Cherepanov , Senior Malware Researcher of ESET",other,1
2018,Ken Johnson of Microsoft Corporation,other,1
2018,Atanas Kirilov,other,1
2018,Max Smith,other,1
2018,"Ying Xinlei of IceSword Lab , Qihoo 360",other,1
2018,Dan Lutas of Bitdefender,other,1
2018,Ding Maoyin of Qihoo 360 Core Security,other,1
2018,Anton Ivanov of Kaspersky Lab,other,1
2018,Song Shenlei of Qihoo 360 Core Security,other,1
2018,Yang Kang of Qihoo 360 Core Security,other,1
2018,Jinquan of Qihoo 360 Core Security,other,1
2018,Yangkang of 360CoreSec,other,1
2018,Jinquan of 360CoreSec,other,1
2018,Keqi Hu (胡可奇) from Chengdu Security Response Center of Qihoo 360 Technology Co. Ltd.,other,1
2018,Amirreza Niakanlahiji (@DissectMalware) of University of North Carolina at Charlotte,other,1
2018,Philip Tsukerman of Cybereason ​,other,1
2018,Omer Gull of Checkpoint Software Technologies,other,1
2018,Sabine Degen of SEC Consult Vulnerability Lab,other,1
2018,Thomas Imbert ( @masthoon ) of MSRC Vulnerabilities and Mitigations Team,other,1
2018,Long Li of Baidu XLab Tianya Team,other,1
2018,"Jaanus Kp, Clarified Security working with Trend Micro's Zero Day Initiative",other,1
2018,Jayson Grace of Sandia National Labs,other,1
2018,Boris Larin ( Oct0xor ) of Kaspersky Lab,other,1
2018,Igor Soumenkov ( 2igosha ) of Kaspersky Lab,other,1
2018,Manuel Sanchez Hernanz of CBRE Real Estate,other,1
2018,Marios Gyftos,other,1
2018,ZiMi and JunGu from Alibaba Orion Security Lab,other,1
2018,Igor Glucksmann of Avast Software,other,1
2018,Microsoft Chakra Core Team,other,1
2018,@j00sean working with iDefense Labs,other,1
2018,Kevin Robertson of NetSPI,other,1
2018,Anthony LAOU HINE TSUEI of Tencent Keen Security Lab ​,other,1
2018,Haikuo Xie of Baidu Security Lab working with Trend Micro's Zero Day Initiative,other,1
2018,Kaspersky Lab,other,1
2018,Discovered by Marcin ‘Icewall’ Noga of Cisco Talos ​,other,1
2018,Matt Austin,other,1
2018,Simon Zuckerbraun of Trend Micro's Zero Day Initiative,other,1
2018,Sabri Haddouche of Wire Swiss GmbH,other,1
2018,Symeon Paraschoudis of Pen Test Partners LLP,other,1
2018,Simon Zuckerbraun of the Trend Micro's Zero Day Initiative,other,1
2018,Jimmy Bayne ( @bohops ),other,1
2018,Ran Menscher,other,1
2018,Guy Inbar (guyio),other,1
2018,@qab working with Trend Micro's Zero Day Initiative,other,1
2018,YongShao,other,1
2018,Paul Leathers,other,1
2019,Yuki Chen of Qihoo 360 Vulcan Team,other,64
2019,Qixun Zhao of Qihoo 360 Vulcan Team ​,other,46
2019,kdot working with Trend Micro's Zero Day Initiative,other,34
2019,rgod of 9sg Security Team - rgod@9sgsec.com working with Trend Micro's Zero Day Initiative,other,28
2019,zhong_sf of Qihoo 360 Vulcan Team,other,26
2019,Mateusz Jurczyk of Google Project Zero,other,26
2019,James Forshaw of Google Project Zero,other,22
2019,Bar Lahav and Gal De Leon of Palo Alto Networks,other,20
2019,Microsoft Platform Security Assurance & Vulnerability Research,other,18
2019,Anonymous working with Trend Micro's Zero Day Initiative,other,17
2019,MoonLiang of Tencent Security Xuanwu Lab,other,15
2019,Ashar Javed of Hyundai AutoEver Europe GmbH,other,15
2019,Hardik Shah of McAfee,other,12
2019,Gal De Leon and Bar Lahav of Palo Alto Networks,other,8
2019,JunGu and ZiMi of Alibaba Orion Security Lab,other,8
2019,pgboy of Qihoo 360 Vulcan Team,other,8
2019,ZiMi and JunGu of Alibaba Orion Security Lab,other,8
2019,Wesley Wineberg,other,7
2019,kdot,other,7
2019,riusksk of VulWar Corp working with Trend Micro's Zero Day Initiative,other,7
2019,Anthony LAOU HINE TSUEI,other,7
2019,Polar Bear,other,7
2019,Honggang Ren of Fortinet's FortiGuard Labs,other,6
2019,rgod working with Trend Micro's Zero Day Initiative,other,6
2019,Guopengfei from Codesafe Team of Legendsec at Qi'anxin Group,other,6
2019,Zhiniang Peng of Qihoo 360 Core security and Fangming Gu,other,6
2019,Christopher Ertl ( @CTurtE ) and Nicolas Joly ( @n_joly ) of Microsoft Corporation,other,6
2019,Suresh C,other,6
2019,Wayne Low of Fortinet’s FortiGuard Labs,other,6
2019,"Behzad Najjarpour Jabbari, Secunia Research at Flexera",other,6
2019,Marcin Wiazowski working with Trend Micro's Zero Day Initiative,other,6
2019,"Huynh Phuoc Hung, @hph0var",other,5
2019,Wenxu Wu (@ma7h1as) of Tencent Security Xuanwu Lab,other,5
2019,Matt Graeber of SpecterOps,other,5
2019,Hossein Lotfi of Trend Micro's Zero Day Initiative,other,5
2019,Microsoft Windows Enterprise Security Team,other,5
2019,Gal De Leon of Palo Alto Networks,other,5
2019,k0shl of Qihoo 360 Vulcan team,other,5
2019,Keqi Hu and zhangjie from Chengdu Security Response Center of Qihoo 360 Technology Co. Ltd.,other,5
2019,riusksk of VulWar Corp,other,4
2019,Bruno Keith,other,4
2019,Jaanus Kääp of Clarified Security,other,4
2019,Andrew Burkhardt of MSRC Vulnerabilities & Mitigations Team,other,4
2019,"Jordan Rabet, Microsoft Offensive Security Research Team",other,4
2019,"HongZhenhao of IceSword Lab, Qihoo 360",other,4
2019,willJ working with Trend Micro's Zero Day Initiative,other,4
2019,Tavis Ormandy of Google Project Zero,other,4
2019,kkokkokye@THEORI working with Trend Micro's Zero Day Initiative,other,4
2019,Jonathan Looney of Netflix,other,4
2019,Yongil Lee of Diffense,other,4
2019,Ivan Fratric of Google Project Zero,other,4
2019,Zhenhuan Li(@zenhumany) of Tencent Zhanlu Lab,other,4
2019,k0shl of Qihoo 360 Vulcan Team,other,4
2019,Keqi Hu and Zhangjie from Chengdu Security Response Center of Qihoo 360 Technology Co. Ltd.,other,4
2019,Hossein Lotfi working with Trend Micro's Zero Day Initiative,other,3
2019,Cameron Vincent,other,3
2019,Liu Long of Qihoo 360 Vulcan Team,other,3
2019,"David Oswald (The University of Birmingham, UK)",other,3
2019,"Jo van Bulck (imec-DistriNet, KU Leuven)",other,3
2019,"Frank Piessens (imec-DistriNet, KU Leuven)",other,3
2019,Abdulrahman Al-Qabandi,other,3
2019,Netanel Ben-Simon and Yoav Alon of Check Point Research,other,3
2019,L4Nce working with Trend Micro's Zero Day Initiative,other,3
2019,Nicolas Joly of Microsoft Corporation,other,3
2019,"Jaanus Kp, Clarified Security working with Trend Micro's Zero Day Initiative",other,3
2019,Gil Dabah,other,3
2019,Hearmen of Tencent Security Xuanwu Lab,other,3
2019,Jonathan Birch of Microsoft Corporation,other,3
2019,bee13oy of Qihoo 360 Vulcan Team,other,3
2019,Lokihardt of Google Project Zero,other,3
2019,Steven Seeley (mr_me) of Source Incite,other,3
2019,Anonymous working with iDefense Labs,other,3
2019,Soyeon Park from SSLab at Georgia Tech,other,3
2019,Netanel Ben-Simon and Yoav Alon from Check Point Research,other,3
2019,"Joe Bialek ( @JosephBialek ), MSRC Vulnerabilities and Mitigations Team",other,3
2019,Clément Lecigne of Google’s Threat Analysis Group,other,3
2019,Edward Torkington and Phillip Langlois of NCC Group,other,3
2019,Keqi Hu from Chengdu Security Response Center of Qihoo 360 Technology Co. Ltd.,other,3
2019,Yaniv Frank of SophosLabs,other,2
2019,Axel Souchet ( @0vercl0k ) of MSRC Vulnerabilities and Mitigations Team,other,2
2019,( Vasily Berdnikov ) of Kaspersky Lab ( Boris Larin ) of Kaspersky Lab,other,2
2019,Suyoung Lee of Web Security & Privacy Lab at KAIST HyungSeok Han of SoftSec Lab at KAIST Sang Kil Cha of SoftSec Lab at KAIST Sooel Son of Web Security & Privacy Lab at KAIST,other,2
2019,"Eduard Marin (The University of Birmingham, UK)",other,2
2019,"Flavio Garcia (The University of Birmingham, UK)",other,2
2019,"Mark Ryan (The University of Birmingham, UK)",other,2
2019,"Abdulla Aldoseri (The University of Birmingham, UK)",other,2
2019,Hyper-V Development Team,other,2
2019,An anonymous researcher working with iDefense Labs (https://vcp.idefense.com/),other,2
2019,Eran Shimony of CyberArk Labs,other,2
2019,Zhang WangJunJie ( @syjzwjj ) of Tencent Keenlab,other,2
2019,Shih-Fong Peng ( @_L4ys ) of Team T5,other,2
2019,Steven Hunter of MSRC Vulnerabilities & Mitigations,other,2
2019,Tongqing Zhu of Knownsec 404 Team,other,2
2019,Saif ElSherei of MSRC Vulnerabilities and Mitigations Team,other,2
2019,Jihui Lu of Tencent KeenLab,other,2
2019,Lucas Leong (@_wmliang_) working with Trend Micro's Zero Day Initiative,other,2
2019,Markus Wulftange (@mwulftange) working with Trend Micro's Zero Day Initiative,other,2
2019,"Peter Hlavaty ( @zer0mem ), KeenLab at Tencent",other,2
2019,n1nty and pr0mise @ 360 A-TEAM,other,2
2019,Ruibo Liu of Baidu XLab Tianya Team,other,2
2019,rgod of 9sg Security Team working with Trend Micro's Zero Day Initiative,other,2
2019,sf,other,2
2019,Zhong Zhaochen of andsecurity.cn,other,2
2019,"Eyal Karni, Marina Simakov and Yaron Zinar from Preempt",other,2
2019,Danyal Drew of The Missing Link,other,2
2019,Quang Nguyen (Viettel Cyber Security),other,2
2019,Ke Liu of Tencent Security Xuanwu Lab,other,2
2019,Yaron Zinar and Marina Simakov from Preempt,other,2
2019,Fluoroacetate working with Trend Micro's Zero Day Initiative,other,2
2019,@j00sean based on the previous work of @magicmac2000,other,2
2019,working with Trend Micro's Zero Day Initiative,other,2
2019,Piotr Krysiuk of Symantec,other,2
2019,Mikhail Tsvetkov of Positive Technologies,other,2
2019,Zhiyi Zhang from Codesafe Team of Legendsec at Qi'anxin Group,other,2
2019,Juan Pablo Lopez Yacubian,other,2
2019,Arthur Gerkis of Exodus Intelligence (@ax330d) working with Trend Micro's Zero Day Initiative,other,2
2019,Clément Lavoillotte @clavoillotte of Almond,other,2
2019,Jarvis_1oop of Pinduoduo Security Research Lab,other,2
2019,Marcin 'Icewall' Noga of Cisco Talos,other,2
2019,Hossein Lotfi of Trend Micro Zero Day Initiative,other,2
2019,Phillip Langlois of NCC Group,other,2
2019,Edward Torkington of NCC Group,other,2
2019,Abdelhamid Naceri,other,2
2019,Shih-Fong Peng (@_L4ys) of TeamT5,other,2
2019,CodeBreaker & Meysam Firouzi of STAR Labs (Security Technologies and Advanced Research Labs Pte. Ltd.),other,2
2019,Jonas Lykkegård,other,2
2019,SURESH C,other,2
2019,Nick Landers from Silent Break Security,other,2
2019,Ryan Wincey of Securifera,other,2
2019,Ying Xinlei of Ant-financial Light-Year Security Lab,other,2
2019,Markus Wulftange ( @mwulftange ) working with Trend Micro's Zero Day Initiative,other,2
2019,Rio Sherri of MDSec,other,1
2019,zemnmez Thomas Shadwell https://zemn.me,other,1
2019,Donghai Zhu of Alibaba Cloud Intelligence Security Team,other,1
2019,Giorgi Dalakishvili of the Bank of Georgia,other,1
2019,Tristan Bennett of Seamless Intelligence,other,1
2019,Nabeel Ahmed of Dimension Data Belgium,other,1
2019,ShiQin of Tencent Security Xuanwu Lab,other,1
2019,Michael James Loftus,other,1
2019,Thomas Imbert ( @masthoon ) of MSRC Vulnerabilities and Mitigations Team,other,1
2019,Jaewon Min ( @binerdd ),other,1
2019,Amit Klein and Benny Pinkas of Bar Ilan University,other,1
2019,Simon Zuckerbraun of Trend Micro's Zero Day Initiative,other,1
2019,Karel Kahula and Spencer Guest,other,1
2019,RanchoIce and ChenNan of Tencent ZhanluLab,other,1
2019,Australian Cyber Security Centre - Australian Signals Directorate,other,1
2019,Luật Nguyễn from MSRC V&M team,other,1
2019,Mikhail Shcherbakov of KTH Royal Institute of Technology,other,1
2019,Andrei Vlad Lutas & Dan Lutas of Bitdefender,other,1
2019,Taylor Woll working with Microsoft Chakra Team.,other,1
2019,"Daniele Antonioli from SUTD, Singapore, Dr. Nils Ole Tippenhauer, CISPA, Germany and Prof. Kasper Rasmussen, University of Oxford, England for reporting this issue",other,1
2019,Jack Lloyd,other,1
2019,Clement Notin,other,1
2019,"Jun Kokatsu, Microsoft Browser Vulnerability Research Microsoft Corp",other,1
2019,An Anonymous researcher working with iDefense Labs.,other,1
2019,"Felipe Cerqueira dos Santos , Microsoft Platform Security Assurance & Vulnerability Research",other,1
2019,Giwan Go of STEALIEN,other,1
2019,"R of Zero Day, LLC ( 0day.ru )",other,1
2019,VictorV (Tang Tianwen) of Qihoo 360 Vulcan Team,other,1
2019,Keqi Hu from Chengdu Security Response Center of Qihoo 360 Technology Co. Ltd,other,1
2019,Guo Zhipan of NSFOCUS Security Team,other,1
2019,Catxploit working with Trend Micro's Zero Day Initiative,other,1
2019,R.J. McDown (@BeetleChunks) of Lares,other,1
2019,Salem Faisal Elmrayed ( @KaitoKid ),other,1
2019,"Andrew J. Federico, Jr. , Rochester, NY",other,1
2019,Rich Mirch,other,1
2019,Doğukan Karaciğer Vulnerability Assessment & Penetration Test Specialist from Turkcell,other,1
2019,"Piotr Sikora of Google, Envoy Security Team",other,1
2019,"David Wharton, Secureworks Counter Threat Unit",other,1
2019,Soroush Dalili ( @irsdl ) of NCC Group,other,1
2019,A member of Cisco Talos,other,1
2019,ChenNan of Tencent ZhanluLab,other,1
2019,Jeong Oh Kyea(@kkokkokye) of THEORI working with Trend Micro's Zero Day Initiative,other,1
2019,Discovered by a member of Cisco Talos,other,1
2019,"Matei ""Mal"" Badanoiu",other,1
2019,Anton Ivanov and Alexey Kulaev of Kaspersky Lab,other,1
2019,Ofir Shlomo and Tal Dery of Mimecast Research Labs,other,1
2019,Zhangjie and willJ from Chengdu Security Response Center of Qihoo 360 Technology Co. Ltd.,other,1
2019,yangkang @dnpushme of qihoo 360 core security,other,1
2019,Zhangjie and willJ from cdsrc of Qihoo 360,other,1
2019,Lee Jin Young of Codemize Security Research Lab,other,1
2019,xina1i of Antiy Labs,other,1
2019,"Shiyan Peng (Shanghai Jiao Tong University) , Donghui Yu (Shanghai Jiao Tong University)",other,1
2019,Gábor Selján ( @GaborSeljan ),other,1
2019,Francesco Giordano ( @0xakuma ) of Telsy and Valerio Preti ( @leovalcante ) of Hacktive Security,other,1
2019,Pieter Ceelen & Stan Hegt of Outflank,other,1
2019,David ROUTIN,other,1
2019,dwfault of ADLab of Venustech,other,1
2019,guangmingliu of Tencent ZhanluLab,other,1
2019,dannywei of Tencent Security Xuanwu Lab,other,1
2019,Zhiyi Zhang and Zhunki with 360 ESG Codesafe Team,other,1
2019,Qixun Zhao of Qihoo 360 Vulcan Team,other,1
2019,Unite Team of Institute of Computing Technology Chinese Academy of Sciences and Tencent Atuin,other,1
2019,Fei Shu at Network Security Laboratory of State Grid Xinjiang Electric Power Research Institute,other,1
2019,ZiMi and JunGu from Alibaba Orion Security Lab,other,1
2019,Clement Lecigne of Google’s Threat Analysis Group,other,1
2019,Terry Zhang( pnig0s ) @ Tophant,other,1
2019,"Elamaran V, BHEL Trichy, https://www.facebook.com/elamaran619",other,1
2019,Bruno Keith (@bkth_) working with Trend Micro's Zero Day Initiative,other,1
2019,Markus Wulftange working with Trend Micro's Zero Day Initiative,other,1
2019,Soroush Dalili of NCC Group,other,1
2019,Lin Wang of Beihang University working with Trend Micro's Zero Day Initiative,other,1
2019,Brandon Falk ( @gamozolabs ) of the Enterprise Team,other,1
2019,ASD,other,1
2019,Jinquan of 360CoreSec,other,1
2019,Yangkang of 360CoreSec,other,1
2019,Sven Nobis of ERNW GmbH,other,1
2019,Junyu Zhou( @md5_salt ) of Tencent Security Xuanwu Lab,other,1
2019,Eduardo Braun Prado working with iDefense Labs,other,1
2019,Guangzhou University,other,1
2019,Tencent Warriors,other,1
2019,Simon Zuckerbraun of Trend Micro Zero Day Initiative,other,1
2019,Rick Roane,other,1
2019,Tal Dery and Menahem Breuer of Mimecast Research Labs,other,1
2019,Etienne Stalmans,other,1
2019,Peder Raatz-Pedersen Kastberg,other,1
2019,"Pieter Ceelen & Stan Hegt, Outflank",other,1
2019,Marcin Towalski ( @mtowalski1 ),other,1
2019,Steven Seeley (mr_me) of Source Incite working with Trend Micro's Zero Day Initiative,other,1
2019,Mitja Kolsek of 0patch Team - ACROS Security,other,1
2019,Florian Kunushevci,other,1
2019,Eyal Itkin of Check Point Research,other,1
2019,VictorV(Tangtianwen) with Kunlun Lab,other,1
2019,Cfir Cohen of Google Cloud security,other,1
2019,"Mike Crowley , Baseline Technologies",other,1
2019,WenQunWang and Zhiyi Zhang from Codesafe Team of Legendsec at Qi'anxin Group,other,1
2019,John Mogensen of Microsoft Corporation,other,1
2019,yingxinlei and liujialing working with Trend Micro's Zero Day Initiative,other,1
2019,yingxinlei working with Trend Micro's Zero Day Initiative,other,1
2019,Saif El-Sherei of Microsoft Corporation,other,1
2019,"Gene Yoo of Resecurity, Inc.",other,1
2019,Karl Fosaaen of NetSPI,other,1
2019,Oleksandr Mirosh (@olekmirosh) and Alvaro Munoz (@pwntester) from Micro Focus Fortify,other,1
2019,Steven Hunter and Thomas Imbert of MSRC Vulnerabilities & Mitigations,other,1
2019,Ifrah Iman ( @IfrahIman_ ),other,1
2019,Ryan Wincey ( @rwincey ) of Securifera,other,1
2019,Sooraj K S ( @soorajks ) of McAfee,other,1
2019,Jakub Pałaczyński,other,1
2019,Michal Bazyli,other,1
2019,Oleksandr Mirosh ( @olekmirosh ) and Alvaro Munoz ( @pwntester ) from Micro Focus Fortify,other,1
2019,RDP_HACKER,other,1
2019,"Anton Cherepanov , Senior Malware Researcher of ESET",other,1
2019,Pham Van Khanh of Viettel Cyber Security,other,1
2019,Hoai Viet Nguyen of Data & Application Security Group of TH Köln,other,1
2019,"Eran Vaknin , Alon Boxiner , Oded Vanunu",other,1
2019,John Page ( @hyp3rlinx ) of ApparitionSec,other,1
2019,Sooraj K S working with Trend Micro's Zero Day Initiative,other,1
2019,pgboy,other,1
2019,Kamlapati Choubey of Trend Micro,other,1
2019,Sooraj K S ( @soorajks ) working with Trend Micro's Zero Day Initiative,other,1
2019,Yoav Alon and Netanel Ben-Simon from Check Point Research,other,1
2019,Rohit Mothe of iDefense Labs,other,1
2019,Sander Vanrapenbusch,other,1
2019,Gaurav Kumar(0x01) @kumargaurav776,other,1
2019,Bryan Appleby F5 Networks,other,1
2019,"Eliraz Duek, Or Ida, Nethanel Coppenhagen | CyberArk",other,1
2019,Tom Wyckhuys,other,1
2019,"Joe Bialek ( @JosephBialek ), MSRC Vulnerabilities and Mitigations Team Anonymous finder",other,1
2019,Yanmin Ji from Skylar Team of Legendsec at Qi'anxin Group,other,1
2019,Chris Danieli,other,1
2019,Terry Zhang ( @pnig0s ) of Tophant,other,1
2019,Sergei Glazunov of Google Project Zero,other,1
2019,lowkey lin of r3kapig,other,1
2019,Soyeon Park and Wen Xu of SSLab at Georgia Tech,other,1
2019,exp-sky (Kai Song) of Tencent Security Xuanwu Lab,other,1
2019,n1nty from A-TEAM of Legendsec at Qi'anxin Group,other,1
2019,Yang Zhang of Back2Zero team Yongtao Wang ( @Sanr ) of BCM Social Corp.,other,1
2019,Alexandre Becholey of SophosLabs,other,1
2019,Soyeon Park and Wen Xu from SSLab at Georgia Tech,other,1
2019,Nikhil Mittal of Payatu Labs,other,1
2019,bo13oy of Qihoo 360 Vulcan Team ​,other,1
2019,Prakash of Threat Nix,other,1
2019,Nafiez,other,1
2019,Zhong Zhaochen of tophant.com,other,1
2019,Malte Batram,other,1
2019,John Simpson working with Trend Micro's Zero Day Initiative,other,1
2019,Simon Zuckerbraun working with Trend Micro's Zero Day Initiative,other,1
2019,Lei Cao,other,1
2019,ysuper,other,1
2019,Keqi Hu and zhangjie from Chengdu Security Response Center of Qihoo 360 Technology Co. Ltd,other,1
2019,Will Schroeder ( @harmj0y ) of SpecterOps,other,1
2019,Marcel de Wijs,other,1
2019,Shawn Denbow of Windows Security Team,other,1
2019,MSRC Vulnerabilities and Mitigations Team,other,1
2019,Mark Barnes ( @incanus ) of MWR Labs,other,1
2019,Saran Neti of Trend Micro,other,1
2019,Hector Cuesta @HectorCuesta,other,1
2019,Francis McBratney with Destinatech Limited,other,1
2019,Four Fire,other,1
2019,Zhang Yunhai of NSFOCUS,other,1
2019,kobipar working with iDefense Labs,other,1
2019,Thomas Levering,other,1
2019,Ahmed Radi,other,1
2019,Kamlapati Choubey of Trend Micro Security Research working with Trend Micro's Zero Day Initiative,other,1
2019,Paolo Giai Polict,other,1
2019,Nemanja Mijailovic Nemanja Mijailovic's Blog,other,1
2019,"Nemanja Mijailovic, Nemanja Mijailovic's Blog",other,1
2019,The UK's National Cyber Security Centre (NCSC),other,1
2019,DazzleP Cai of Tencent Keenlab,other,1
2019,Andrew Bartlett of Catalyst and the Samba Team,other,1
2019,Isaac Boukris,other,1
2019,James Fancke ( @jdfancke ),other,1
2019,Mikhail Shcherbakov,other,1
2019,"Krishnakant Patil and Siddhant Badhe - Project Srishti working with iDefense, Accenture",other,1
2019,Abian Blome of ClawSec,other,1
2019,fluoroacetate (@fluoroacetate) working with Trend Micro's Zero Day Initiative,other,1
2019,"Nikola Kojić Ras-IT, Belgrade",other,1
2019,"Ivan Vagunin,",other,1
2019,"Anonymous, working with Trend Micro's Zero Day Initiative",other,1
2019,John Page aka hyp3rlinx of Apparition Security,other,1
2019,Adam Willard,other,1
2019,Ronen Shustin of Check Point Research,other,1
2019,Brxxn,other,1
2019,Tao Xie,other,1
2019,Nadav Markus and Yaron Samuel of Palo Alto Networks,other,1
2019,Resecurity Inc. @resecurity_com,other,1
2019,Anonymous researcher working with iDefense Labs,other,1
2019,Seonung Jang ( @Seonunghardt ) of Stealien,other,1
2019,Keqi Hu and Zhangjie from Chengdu Security Response Center of Qihoo 360 Technology Co. Ltd,other,1
2019,Lee JinYoung of Codemize Security Research Lab,other,1
2019,Georgios Baltas ( @gebaltas ) of MSRC Vulnerabilities and Mitigations Team,other,1
2019,Nick Freeman of Capsule8,other,1
2019,"Amit Klein , Benny Pinkas and Jonathan Berger of Bar Ilan University",other,1
2019,Jethro Beekman (Fortanix),other,1
2019,Pham Van Khanh from Viettel Cyber Security,other,1
2019,Andrea Pierini & Christian Danieli,other,1
2019,Eduardo Braun Prado working with Trend Micro's Zero Day Initiative,other,1
2019,"Joe Bialek, MSRC Vulnerabilities and Mitigations Team",other,1
2019,Walied Assar,other,1
2019,"Daniel King ( @long123king ), MSRC Microsoft",other,1
2019,Microsoft Virtualization Security Team,other,1
2019,ADLab of Venustech,other,1
2019,Conor McErlane,other,1
2019,Tom Tervoort of www.secura.com,other,1
2019,zhunki from Codesafe Team of Legendsec at Qi'anxin Group,other,1
2019,Michael Maturi FireEye,other,1
2019,Scott Brothers of Microsoft,other,1
2019,Ben Faull of Microsoft Corporation,other,1
2019,Rafael Pablos,other,1
2019,Tomasz Bojarski,other,1
2019,@j00sean based on the previous work of @magicmac2000 working with iDefens= e Labs,other,1
2019,Siddhartha Tripathy of Vantagepoint Singapore,other,1
2019,Yaron Zinar from Preempt,other,1
2019,"VictorV from 360 Security, Vulcan Team",other,1
2019,Symeon Paraschoudis of Pen Test Partners,other,1
2019,Debashish Swain - Schlumberger Limited Ajay Rajas - Schlumberger Limited Mallika Varahagiri - Schlumberger Limited,other,1
2019,"Yuval Ron , Amichai Shulman , and Eli Biham of Technion - Israel Institue of Technology",other,1
2019,David Cash of NCC Group,other,1
2019,Callum Holmes ( @ Callum_S_Holmes ),other,1
2019,Thijs Alkemade (@xnyhps) of Computest,other,1
2019,DonkeysTeam,other,1
2019,Ilias Dimopoulos a.k.a gweeperx ( @gweeperx ),other,1
2019,ZhangXiaoFei of CHINA INDUSTRIAL CONTROL SYSTEMS CYBER EMERGENCY RESPONSE TEAM(CIC),other,1
2019,Mark,other,1
2019,Long Li of Baidu XLab Tianya Team,other,1
2019,Shanti Lindström,other,1
2019,Kai-Xiang Lei at Tsinghua University,other,1
2019,DarkHotel,other,1
2019,Ronen Shustin from Check Point Research,other,1
2019,Jimmy Bayne ( @bohops ),other,1
2019,Francesco Soncina,other,1
2019,Ahmed Aaish (iqzer0) at Parallel Security Solutions,other,1
2019,David Cioccia @davide107 with ING,other,1
2019,GFW Team,other,1
2019,BUGFENSE Anonymous Bug Bounties https://bugfense.io,other,1
2019,"Donato Ferrante, Principal Security Consultant, IOActive",other,1
2019,Johannes Gutenberg Universität-Mainz,other,1
2019,Elliot Cao working with Trend Micro's Zero Day Initiative,other,1
2019,Zhou Aiting(@zhouat1) of Qihoo 360 Vulcan Team ​,other,1
2019,James Lee @Windowsrcer,other,1
2019,Joshua Graham of TSS https://tsscyber.com.au,other,1
2019,Zak Rogness,other,1
2019,Gábor Selján,other,1
2019,Zhiniang Peng ( @edwardzpeng ) of Qihoo 360 Core Security and Fangming Gu ( @afang5472 ),other,1
2019,"Daniel Duggan, Zero-Point Security Ltd",other,1
2019,Nabeel Ahmed of Dimension Data Belgium working with Trend Micro's Zero Day Initiative,other,1
2019,Christian Danieli @padovah4ck,other,1
2019,Vladimir Shebaldenkov of UCloud,other,1
2019,Charalampos Billinis of F-Secure Countercept @fsecure,other,1
2019,Florent Robinet,other,1
2019,Victor Alcazar of Microsoft Corporation,other,1
2019,RanchoIce of Tencent ZhanluLab,other,1
2019,WenQunWang from Codesafe Team of Legendsec at Qi'anxin Group,other,1
2019,Chakra team of Microsoft,other,1
2019,Juho Nurminen,other,1
2019,Paul Ryman of VMware Sydney Engineering Team,other,1
2019,Ian Routledge ( @ediblecode ),other,1
2019,Mateusz Garncarek of ING Tech Poland ​,other,1
2019,Mikhail Shcherbakov working with Trend Micro's Zero Day Initiative,other,1
2020,Yuki Chen,other,59
2020,"Huynh Phuoc Hung, @hph0var",other,23
2020,Jarvis_1oop of Pinduoduo Security Research Lab,other,19
2020,Anonymous researcher,other,18
2020,Shefang Zhong of Qihoo 360 Vulcan Team,other,16
2020,anonymous,other,15
2020,Zhiniang Peng (@edwardzpeng) and Fangming Gu (@afang5472),other,14
2020,Anonymous working with Trend Micro's Zero Day Initiative,other,13
2020,Yuki Chen of Qihoo 360 Vulcan Team working with 360 BugCloud,other,13
2020,James Forshaw of Google Project Zero,other,11
2020,Zhiniang Peng (@edwardzpeng) & Xuefeng Li,other,11
2020,Zhiniang Peng (@edwardzpeng) & Jiadong Lu,other,11
2020,Zhiniang Peng (@edwardzpeng) & Haoran Qin,other,11
2020,Zhibin Zhang of Palo Alto Networks,other,11
2020,"Lilith [^_^], Claudio Bozzato and Dave McDaniel of Cisco Talos",other,11
2020,Jonas Lykkegård,other,10
2020,Jinquan(@jq0904) of DBAPPSecurity Lieying Lab,other,10
2020,Guopengfei from Codesafe Team of Legendsec at Qi'anxin Group,other,10
2020,Haifei Li of McAfee IPS Security Research Team,other,9
2020,Steven Seeley (mr_me) of Source Incite,other,9
2020,Gil Dabah,other,9
2020,pgboy,other,8
2020,Pham Van Khanh @rskvp93 from Viettel Cyber Security,other,8
2020,Hossein Lotfi of Trend Micro's Zero Day Initiative,other,8
2020,yangkang ( @dnpushme ),other,7
2020,Microsoft Platform Security Assurance & Vulnerability Research,other,7
2020,Ashar Javed of Hyundai AutoEver Europe GmbH,other,7
2020,zhong_sf of Qihoo 360 Vulcan Team,other,7
2020,Dhanesh Kizhakkinan of FireEye Inc,other,7
2020,David Dworken,other,6
2020,Oleksandr Mirosh (@olekmirosh) from Micro Focus Fortify,other,6
2020,Zhiniang Peng (@edwardzpeng) of Qihoo 360 Core security & Xuefeng Li,other,6
2020,"liuxiaoliang and pjf of IceSword Lab , Qihoo 360",other,6
2020,Zhiniang Peng ( @edwardzpeng ) of Qihoo 360 Core security & Xuefeng Li,other,6
2020,Discovered by Piotr Bania of Cisco Talos,other,6
2020,0xfff,other,6
2020,Ke Liu of Tencent Security Xuanwu Lab,other,5
2020,kdot working with Trend Micro's Zero Day Initiative,other,5
2020,k0shl,other,5
2020,Tao Yan ( @Ga1ois ) from Palo Alto Networks,other,5
2020,Yuki Chen of Qihoo 360 Vulcan Team,other,5
2020,Wayne Low of Fortinet’s FortiGuard Lab,other,5
2020,Ying Xinlei of Ant-Financial Light-Year Security Lab,other,4
2020,Clément Rouault @hakril from Exatrack,other,4
2020,Abdelhamid Naceri ( halov ),other,4
2020,Jinquan (@jq0904) of DBAPPSecurity Lieying Lab,other,4
2020,Discovered by Marcin 'Icewall' Noga of Cisco Talos,other,4
2020,Zhangjie and willJ,other,4
2020,Soroush Dalili ( @irsdl ),other,4
2020,Dirk-jan Mollema ( @_dirkjan ),other,4
2020,SURESH C,other,4
2020,Zhiniang Peng ( @edwardzpeng ) of Qihoo 360 Core security and Fangming Gu ( @afang5472 ),other,4
2020,Clément Labro ( @itm4n ),other,4
2020,Gal De Leon of Palo Alto Networks,other,4
2020,Zhiniang Peng (@edwardzpeng) of Qihoo 360 & Haoran Qin (@atQ4n) working with 360 BugCloud,other,4
2020,Zhiniang Peng ( @edwardzpeng ) of Qihoo 360 Core Security & Jiadong Lu,other,4
2020,WenQunWang of Codesafe Team of Legendsec at Qi'anxin Group,other,4
2020,Netanel Ben-Simon and Yoav Alon from Check Point Research,other,3
2020,yangkang3 ( @dnpushme ),other,3
2020,liuxiaoliang and pjf,other,3
2020,anonymous researcher,other,3
2020,@expend20 working with Trend Micro's Zero Day Initiative,other,3
2020,Saif ElSherei of MSRC Vulnerabilities and Mitigations Team,other,3
2020,Jonathan Birch of Microsoft Office Security Team,other,3
2020,ZhangSen of Qihoo 360 Vulcan Team ​,other,3
2020,Wenxu Wu (@ma7h1as) of Tencent Security Xuanwu Lab,other,3
2020,Daniel Fernandez Kuehr of Blue Frost Security GmbH,other,3
2020,Søren Fritzbøger,other,3
2020,Anonymous,other,3
2020,Oleksandr Mirosh ( @olekmirosh ) from Micro Focus Fortify,other,3
2020,Linshuang Li,other,3
2020,somaro,other,3
2020,JeongOh Kyea ( @kkokkokye ) of THEORI,other,3
2020,Ke Liu ( @klotxl404 ) of Tencent Security Xuanwu Lab,other,3
2020,Walied Assar,other,3
2020,Zhiniang Peng ( @edwardzpeng ) of Qihoo 360 Core security & Jiadong Lu,other,3
2020,"Philippe Laulheret, Senior Security Researcher, McAfee Advanced Threat Research",other,3
2020,Wen guang Jiao working with Trend Micro's Zero Day Initiative,other,3
2020,Xuefeng Li (@lxf02942370),other,3
2020,Keqi Hu,other,2
2020,Symeon Paraschoudis of Pen Test Partners LLP,other,2
2020,Zhiniang Peng ( @edwardzpeng ) & Jiadong Lu,other,2
2020,Zhiniang Peng ( @edwardzpeng ) & Xuefeng Li,other,2
2020,Pham Van Khanh ( @rskvp93 ) from Viettel Cyber Security,other,2
2020,Anonymous Finder,other,2
2020,Abdul-Aziz Hariri of Trend Micro Zero Day Initiative,other,2
2020,Wenguang Jiao,other,2
2020,Xuefeng Li ( @lxf02942370 ) of Sangfor & Zhiniang Peng ( @edwardzpeng ),other,2
2020,Tao Yan ( @Ga1ois ) and Bo Qu from Palo Alto Networks,other,2
2020,Peter Hlavaty ( @rezer0dai ),other,2
2020,Steven Seeley (mr_me),other,2
2020,working with Trend Micro Zero Day Initiative,other,2
2020,Ha Anh Hoang of Viettel Cybersecurity,other,2
2020,kdot working with Trend Micro Zero Day Initiative,other,2
2020,Bruno Keith (@bkth_) working with Trend Micro Zero Day Initiative,other,2
2020,Qixun Zhao of Qihoo 360 Vulcan Team ​,other,2
2020,zhunki from Codesafe Team of Legendsec at Qi'anxin Group,other,2
2020,MoonLiang of Tencent Security Xuanwu Lab,other,2
2020,Edward Torkington of NCC Group https://www.nccgroup.trust/,other,2
2020,Imre Rad,other,2
2020,Zhiniang Peng of Qihoo 360 Core security and Fangming Gu,other,2
2020,Clément Lavoillotte @clavoillotte of Almond,other,2
2020,Yongil Lee of Diffense,other,2
2020,JunGu and ZiMi of Alibaba Orion Security Lab,other,2
2020,James Lee @Windowsrcer,other,2
2020,Wayne Low of Fortinet’s FortiGuard Labs,other,2
2020,Simon Barsky @expend20,other,2
2020,xina1i of Anity Lab,other,2
2020,Zhiniang Peng ( @edwardzpeng ) of Qihoo 360 Core Security and Jiadong Lu,other,2
2020,Zhiniang Peng (@edwardzpeng) of Qihoo 360 Core Security and Jiadong Lu,other,2
2020,Jaanus Kääp of Clarified Security,other,2
2020,fluorescence working with Trend Micro's Zero Day Initiative,other,2
2020,Firas Salem (Cybersecurity Researcher) with Metasudo,other,2
2020,HAO LI of VenusTech ADLab,other,2
2020,Lucas Leong (@_wmliang_) of Trend Micro's Zero Day Initiative,other,2
2020,yangkang3 ( @dnpushme ) of Qihoo 360 core security,other,2
2020,Abdul-Aziz Hariri of Trend Micro's Zero Day Initiative,other,2
2020,Zhiniang Peng (@edwardzpeng) of Qihoo 360 & Xuefeng Li working with 360 BugCloud,other,2
2020,Michael Maltsev of ZecOps,other,2
2020,Zhiniang Peng (@edwardzpeng) of Qihoo 360 Core security & Haoran Qin,other,2
2020,yangkang ( @dnpushme ) of Qihoo 360 core security,other,2
2020,"Jaeseung Choi, Kangsu Kim, Daejin Lee, and Sang Kil Cha of SoftSec Lab",other,2
2020,Laith AL-Satari,other,2
2020,Zhipeng Huo (@R3dF09) of Tencent Security Xuanwu Lab,other,2
2020,Zhang WangJunJie and He YiShen of Hillstone Network Neuron Security Team,other,2
2020,VictorV (Tang Tianwen),other,2
2020,Zhiniang Peng (@edwardzpeng) and Xuefeng Li,other,2
2020,Dhanesh Kizhakkinan of FireEye Inc.,other,2
2020,Le Huu Quang Linh ( @linhlhq ) from Vietnam National Cyber Security Center (NCSC Vietnam),other,2
2020,Zhiniang Peng @edwardzpeng & Xuefeng Li @lxf02942370,other,2
2020,HyungSeok Han(@DaramG) and JeongOh Kyea(@kkokkokye) of THEORI,other,2
2020,nghiadt12(@nghiadt1098) from Viettel Cyber Security,other,2
2020,Soyeon Park - Microsoft Platform Security Assurance & Vulnerability Research,other,2
2020,Nicolas Joly of Microsoft Corporation,other,2
2020,Pham Van Khanh from Viettel Cyber Security,other,2
2020,pgboy (http://weibo.com/pgboy1988),other,2
2020,Markus Wulftange (@mwulftange),other,2
2020,Quan Luo from Codesafe Team of Legendsec at Qi'anxin Group,other,2
2020,Microsoft Product Security & Vulnerability Research,other,2
2020,Hossein Lotfi of Trend Micro Zero Day Initiative,other,2
2020,"Jinquan(@jq0904) of DBAPPSecurity Co., Ltd",other,2
2020,fd8d355055,other,1
2020,Xuefeng Li (@lxf02942370) & Zhiniang Peng (@edwardzpeng),other,1
2020,Hillstone Network Neuron Security Team (https://www.hillstonenet.com.cn/) - Zhang WangJunJie and He YiSheng (https://www.weibo.com/234391451),other,1
2020,Boris Larin ( Oct0xor ) of Kaspersky Lab,other,1
2020,Tobias Neitzel of usd AG,other,1
2020,"Anthony Steinhauser, Google's Safeside project, https://github.com/google/safeside",other,1
2020,Vte. Javier García Mayén,other,1
2020,Junyu Zhou ( @md5_salt ) of Tencent Security Xuanwu Lab and Wenxu Wu,other,1
2020,"EoP Master working with iDefense Labs , Accenture.",other,1
2020,"Alex Ionescu, CrowdStrike Inc.",other,1
2020,Paolo Stagno aka VoidSec,other,1
2020,Peleg Hadar ( @peleghd ) and Tomer Bar of SafeBreach Labs.,other,1
2020,Tom Tervoort of Secura,other,1
2020,Zhiniang Peng (@edwardzpeng) & Xuefeng Li (@lxf02942370),other,1
2020,Hashim Jawad (@ihack4falafel) of ACTIVELabs,other,1
2020,Xingwei Lin of Ant Financial Light-Year Security Lab,other,1
2020,0neb1n working with Trend Micro's Zero Day Initiative,other,1
2020,Mohammad Deilamy (MDM),other,1
2020,Cameron Vincent,other,1
2020,Zhiniang Peng (@edwardzpeng) & Haoran Qin(@atQ4n),other,1
2020,Asprose working with Trend Micro's Zero Day Initiative,other,1
2020,Bo Qu of Palo Alto Networks and Heige of KnownSec 404 Team,other,1
2020,Zhiyi Zhang from Codesafe Team of Legendsec at Qi'anxin Group,other,1
2020,Haozhe Zhang of Palo Alto Networks,other,1
2020,Anonymous finder,other,1
2020,riusksk(@riusksk) of VulWar Corp,other,1
2020,Piotr Madej of AFINE,other,1
2020,bear13oy of Ant-Financial,other,1
2020,hackyzh and lm0963 of DBAppSecurity Zion Lab working with Trend Micro's Zero Day Initiative,other,1
2020,occulteast,other,1
2020,Microsoft Corporation,other,1
2020,Steven Seeley (mr_me) and Yuhao Weng (@cjm00nw),other,1
2020,Jianyang Song of JDCloud Security Team,other,1
2020,Lockheed Martin Red Team,other,1
2020,Orange Tsai(@orange_8361) from DEVCORE,other,1
2020,Steven Seeley of Source Incite,other,1
2020,"X41 D-SEC GmbH, Markus Vervier, Yasar Klawohn",other,1
2020,Dlive(https://twitter.com/D1iv3) of Tencent Security Xuanwu Lab,other,1
2020,Pham Van Khanh ( @rskvp93 ) of Viettel Cyber Security,other,1
2020,zcgonvh from A-TEAM of Legendsec at Qi'anxin Group,other,1
2020,Abdel Adim `smaury` Oisfi of Shielder,other,1
2020,Cristian Pop of Microsoft,other,1
2020,"Aapo Oksman, Nixu Cybersecurity, https://www.nixu.com/",other,1
2020,Daniel Fröjdendahl of omegapoint.se,other,1
2020,Yuhao Weng ( @cjm00nw ) of Sangfor & Steven Seeley ( @ϻг_ϻε ) & Zhiniang Peng( @edwardzpeng ),other,1
2020,Hieu Bui Quang (@tykawaii98),other,1
2020,Anonymous working with Trend Micro Zero Day Initiative,other,1
2020,Kirtikumar Anandrao Ramchandani,other,1
2020,Aapo Oksman of Nixu Cybersecurity,other,1
2020,Bruno Keith,other,1
2020,VictorV(Tangtianwen) with Kunlun Lab,other,1
2020,Eyal Itkin from Check Point Research,other,1
2020,Quan Luo and Zhiyi Zhang from Codesafe Team of Legendsec at Qi'anxin Group,other,1
2020,Jiantao Li ( @CurseRed ) of Tencent Security Yunding Lab,other,1
2020,Clement Labro working with Trend Micro's Zero Day Initiative,other,1
2020,Clément Lavoillotte ( @clavoillotte ) of Almond,other,1
2020,Christian Danieli ( @padovah4ck ),other,1
2020,Polar Bear,other,1
2020,Resecurity Inc. @resecurity_com,other,1
2020,Reegun Richard J,other,1
2020,Looben Yang,other,1
2020,Shih-Fong Peng (@_L4ys) of TeamT5,other,1
2020,Keqi Hu from Chengdu Security Response Center of Qihoo 360 Technology Co. Ltd.,other,1
2020,Nadav Markus and Yaron Samuel of Palo Alto Networks,other,1
2020,Christian Danieli and Anonymous,other,1
2020,"Zhiniang Peng of Qihoo 360 Core security , Fangming Gu & Xuefeng Li",other,1
2020,Rich Mirch,other,1
2020,Marcin 'Icewall' Noga of Cisco Talos,other,1
2020,"anch0vy@theori, kkokkokye@theori working with Trend Micro's Zero Day Initiative",other,1
2020,"Jaeseung Choi, Kangsu Kim and Sang Kil Cha (advisor) of SoftSec",other,1
2020,k0shl of Qihoo 360 Vulcan team,other,1
2020,Yi Huang(@C0rk1_H) & Kang Yang(@dnpushme) of Qihoo 360 ATA,other,1
2020,Clément Lecigne of Google’s Threat Analysis Group,other,1
2020,Zak Rogness,other,1
2020,Marcin Towalski of Cisco Talos,other,1
2020,Wenguang Jiao of Qihoo 360 CoreSecurity,other,1
2020,Hardik Shah ( @hardik05 ) of McAfee,other,1
2020,T Shiomitsu of Pen Test Partners,other,1
2020,National Security Agency,other,1
2020,xina1i of Antiy Labs,other,1
2020,Guopengfei from Qi'anxin Group CodeSafe Team,other,1
2020,Jeong Oh Kyea(@kkokkokye) of THEORI working with Trend Micro's Zero Day Initiative,other,1
2020,Zhiniang Peng of Qihoo 360 Core security & Fangming Gu,other,1
2020,Zhiniang Peng of Qihoo 360 Core security and Jiadong Lu,other,1
2020,"HongZhenhao of IceSword Lab, Qihoo 360",other,1
2020,Andrea Pierini & Christian Danieli,other,1
2020,Bence Bálint,other,1
2020,Tom Deseyn of Red Hat,other,1
2020,Brennan Conroy of Microsoft Corporation,other,1
2020,"Mattias Häggström, Chris Wong, and Darren Siegel of Specops Software",other,1
2020,Chris Alladoum,other,1
2020,Meysam Firouzi of STAR Labs working with Trend Micro's Zero Day Initiative,other,1
2020,Eran Shimony of CyberArk,other,1
2020,Jimmy Bayne ( @bohops ),other,1
2020,Glenn Lloyd working with Trend Micro's Zero Day Initiative,other,1
2020,L4Nce working with Trend Micro's Zero Day Initiative,other,1
2020,Pitawat Nantamanop,other,1
2020,"bear13oy of DBAPPSecurity Co., Ltd",other,1
2020,Zhangjie and willJ from cdsrc of Qihoo 360,other,1
2020,Aliaksandr Lebiadzevich,other,1
2020,Justin Hendricks (@script_happens) of Microsoft,other,1
2020,Hangjun Go of Hayyim Security,other,1
2020,Sagi Tzadik and Eyal Itkin from Check Point Research,other,1
2020,Shih-Fong Peng ( @_L4ys ) of TeamT5,other,1
2020,Christopher Gurnee,other,1
2020,Zhiniang Peng (@edwardzpeng) & Jiadong Lu (@abcd23293997),other,1
2020,Sven Woynoski of it.sec GmbH,other,1
2020,Temel Doğa GELİŞLİ,other,1
2020,Rikunj Sindhwad,other,1
2020,Tsukasa Kusakabe,other,1
2020,Zhiniang Peng (@edwardzpeng) and Fangming Gu,other,1
2020,Georgios Baltas ( @gebaltas ) of MSRC Vulnerabilities & Mitigations Team,other,1
2020,Felipe Cerqueira dos Santos,other,1
2020,Zhiniang Peng ( @edwardzpeng ) & Jiadong Lu ( @abcd23293997 ),other,1
2020,Zhipeng Huo ( @R3dF09 @R3dF09 ) of Tencent Security Xuanwu Lab,other,1
2020,Edward Torkington & Phillip Langlois of NCC Group https://www.nccgroup.trust/,other,1
2020,Victor Portal Gonzalez of Deloitte Spain,other,1
2020,Xavier Danest - Decathlon,other,1
2020,Keqi Hu and willJ,other,1
2020,"Luke Papandrea, Microsoft Corporation",other,1
2020,Dhiraj Mishra @RandomDhiraj,other,1
2020,"Ben Haham Hay, Microsoft Defender ATP Client Team",other,1
2020,Markus Wulftange ( @mwulftange ),other,1
2020,b2ahex,other,1
2020,Zhipeng Huo ( @R3dF09 ) and Chuanda Ding of Tencent Security Xuanwu Lab,other,1
2020,Yaron Zinar from Preempt,other,1
2020,Eyal Karni from Preempt,other,1
2020,Adrian Ivascu,other,1
2020,Andy,other,1
2020,MegaInfo,other,1
2020,Zhiniang Peng (@edwardzpeng) of Qihoo 360 & Jiadong Lu working with 360 BugCloud,other,1
2020,Marcin Wiazowski working with Trend Micro's Zero Day Initiative,other,1
2020,Zhiniang Peng (@edwardzpeng) of Qihoo 360 & Fangming Gu (@afang5472) working with 360 BugCloud,other,1
2020,Anonymous Researcher,other,1
2020,Zhiniang Peng ( @edwardzpeng ) of Qihoo 360 Core security and Haoran Qin,other,1
2020,Bruno Keith working with Trend Micro's Zero Day Initiative,other,1
2020,Gabriel Thau,other,1
2020,Fredrik Hoxell,other,1
2020,Zhiniang Peng ( @edwardzpeng ) & Haoran Qin ( @Q4n ),other,1
2020,Chris Danieli ( @padovah4ck ),other,1
2020,Eran Shimony ( @EranShimony ) of CyberArk Labs,other,1
2020,fatal0,other,1
2020,Simon Barsky ( @expend20 ),other,1
2020,Hillstone Network Neuron Security Team and Zhang WangJunJie He YiShen,other,1
2020,Edward Torkington and Phillip Langlois of NCC Group,other,1
2020,k0shl of Qihoo 360 Vulcan Team working with 360 BugCloud,other,1
2020,Zhiniang Peng (@edwardzpeng) of Qihoo 360 Core security and Haoran Qin (@Q4n),other,1
2020,Hidetake Jo - Microsoft,other,1
2020,Menahem Breuer and Ariel Koren of Mimecast Research Labs,other,1
2020,Dor Zvi of Mimecast Research Labs,other,1
2020,Codesafe Team of Legendsec at Qi'anxin Group,other,1
2020,Thiago Luiz Dimbarre,other,1
2020,Hardik Shah of McAfee,other,1
2020,Zhihua Yao of DASSecurity,other,1
2020,hackyzh and lm0963 of DBAppSecurity Zion Lab,other,1
2020,"ap aka ""somaro""",other,1
2020,Eric Chiang of Google,other,1
2020,Ilias Dimopoulos of RedyOps Research Labs,other,1
2020,Gábor Selján ( @GaborSeljan ),other,1
2020,William Knowles ( @william_knows ),other,1
2020,Kushal Arvind Shah of Fortinet's FortiGuard Labs,other,1
2020,Le Huu Quang Linh (@linhlhq) from VinCSS (Member of Vingroup),other,1
2020,Nicolas Delhaye of AIRBUS,other,1
2020,Zhiniang Peng ( @edwardzpeng ) of Qihoo 360 Core security and Fangming Gu (@afang5472),other,1
2020,Shefang Zhong of Qihoo 360 Vulcan Team working with 360 BugCloud,other,1
2020,Zhipeng Huo of Tencent Security Xuanwu Lab,other,1
2020,Insu with Diffense,other,1
2020,Eran Shimony of CyberArk Labs,other,1
2020,Nabeel Ahmed (@rogue_kdc) of NTT Belgium,other,1
2020,Ozgur Alp,other,1
2020,Vikas Anil Sharma,other,1
2020,Kunal Pandey,other,1
2020,Ryelv of Tencent PC Manager,other,1
2020,Robert Bares,other,1
2020,Jarvis_1oop working with Trend Micro Zero Day Initiative,other,1
2020,ZiMi and JunGu of Alibaba Orion Security Lab,other,1
2020,Zhiniang Peng ( @edwardzpeng & Xuefeng Li @lxf02942370 ),other,1
2020,Microsoft would like to thank Qualys for co-ordinated vulnerability disclosure on identifying a regression for the Windows Server 2012 version of this security update.,other,1
2020,Mateusz Jurczyk and Sergei Glazunov of Google Project Zero,other,1
2020,Noa Bratman of the Microsoft Defender for Endpoint team,other,1
2020,Ivan Fratric of Google Project Zero,other,1
2020,Matt Graeber of Red Canary,other,1
2020,Liow Tien Hou Accenture Services SG,other,1
2020,nghiadt12( @nghiadt1098 ) from Viettel Cyber Security,other,1
2020,whoami working with Trend Micro's Zero Day Initiative,other,1
2020,anhkgg,other,1
2020,JeongOh Kyea (@kkokkokye) of THEORI working with Trend Micro Zero Day Initiative,other,1
2020,"Philippe Laulheret @ McAfee Advanced Threat Research with support from Eoin Carroll, Douglas McKee, Sam Quinn",other,1
2020,"Philippe Laulheret, McAfee Advanced Threat Research, with Sam Quinn, McAfee Advanced Threat Research",other,1
2020,Ahmed Jerbi,other,1
2020,JeongOh Kyea (kkokkokye) of THEORI,other,1
2020,Etienne Champetier (@champtar),other,1
2020,Jake Karnes of NetSPI,other,1
2020,Yongil Lee of Diffense(https://www.diffense.com),other,1
2020,Elliot Cao (@iamelli0t) working with Trend Micro Zero Day Initiative,other,1
2020,Petros L. K. Mantos (@0nlyslayer) and Pavlos Kolios (@pzyc0) of Bewise Labs,other,1
2020,This vulnerability was discovered by Wayne Low of Fortinet’s FortiGuard Lab,other,1
2020,Matt Austin,other,1
2020,Maciej Porebski,other,1
2020,Fabian Schmidt,other,1
2020,Tevfik DEMİREL Cyber Security Engineer at ASELSAN,other,1
2020,Rick Veldhoven of Fox-IT Company,other,1
2020,Fangming Gu (@afang5472),other,1
2020,"Robert Merget (Ruhr University Bochum), Marcus Brinkmann (Ruhr University Bochum), Nimrod Aviram (Tel Aviv University), Juraj Somorovsky (Paderborn University)",other,1
2020,Christopher Currens,other,1
2020,Arthur Khudyaev,other,1
2020,Liu Long of Ant Group Light-Year Security Lab,other,1
2020,cc working with Trend Micro's Zero Day Initiative,other,1
2020,Clément Lavoillotte of Almond and Jonas Lykkegård of secret.club,other,1
2020,Liu Wang,other,1
2020,Paul Higinbotham,other,1
2020,Zhiniang Peng (@edwardzpeng),other,1
2020,"Maxime Nadeau, Julien Pineault and Mathieu Novis of GoSecure, inc.",other,1
2020,"Victor Mata of FusionX, Accenture Security",other,1
2020,JeongOh Kyea (@kkokkokye) of THEORI,other,1
2020,WenQunWang from Codesafe Team of Legendsec at Qi'anxin Group,other,1
2020,Piotr Cielas,other,1
2020,Matt Langlois of Github Security Team,other,1
2020,"Jaeseung Choi, Kangsu Kim, Daejin Lee and Sang Kil Cha (https://softsec.kaist.ac.kr)",other,1
2020,Marcin “Icewall” Noga of Cisco Talos,other,1
2020,Guest Anonymous,other,1
2020,Outlaw,other,1
2020,Shefang Zhong,other,1
2020,ecN4L working with Trend Micro's Zero Day Initiative,other,1
2020,Kakushi Gotou,other,1
2020,Georgios Baltas of MSRC Vulnerabilities & Mitigations Team,other,1
2020,Le Huu Quang Linh (@linhlhq) from Vietnam National Cyber Security Center (NCSC Vietnam),other,1
2020,marxixing of Kingsoft Cloud Security Team (@marxixing),other,1
2020,Stephen Fewer of Relyze,other,1
2020,Alesandro Ortiz,other,1
2021,Yuki Chen,other,65
2021,James Forshaw of Google Project Zero,other,18
2021,Anonymous working with Trend Micro Zero Day Initiative,other,18
2021,Abdelhamid Naceri (halov) working with Trend Micro Zero Day Initiative,other,15
2021,kdot working with Trend Micro Zero Day Initiative,other,14
2021,Abdelhamid Naceri working with Trend Micro Zero Day Initiative,other,14
2021,HAO LI of VenusTech ADLab,other,13
2021,Dhanesh Kizhakkinan of FireEye Inc.,other,13
2021,ziming zhang of Ant Security Light-Year Lab,other,12
2021,k0shl,other,12
2021,Anonymous,other,11
2021,David Dworken,other,9
2021,HyungSeok Han with Theori,other,8
2021,vbty,other,6
2021,Claudio Bozzato with Cisco Talos,other,6
2021,Microsoft Threat Intelligence Center (MSTIC),other,6
2021,nghiadt12 from Viettel Cyber Security working with Trend Micro Zero Day Initiative,other,6
2021,Szymon Heidrich,other,6
2021,Zhangjie and willJ,other,5
2021,Zhangjie and willJ from cdsrc,other,5
2021,RyotaK ( @ryotkak ),other,5
2021,Le Huu Quang Linh ( @linhlhq ) from Vietnam National Cyber Security Center (NCSC Vietnam),other,5
2021,Le Huu Quang Linh (@linhlhq) from Vietnam National Cyber ​​Security Center (NCSC Vietnam),other,5
2021,Steven Seeley (mr_me),other,5
2021,Mat Powell of Trend Micro Zero Day Initiative,other,5
2021,Fangming Gu ( @afang5472 ) & Zhiniang Peng( @edwardzpeng ) of Sangfor Lights Lab,other,5
2021,Fangming Gu ( @afang5472 ) and Zhiniang Peng ( @edwardzpeng ) of Sangfor Lights Lab,other,5
2021,Cameron Vincent,other,5
2021,Erik Egsgard with Field Effect Software,other,5
2021,dio0305,other,5
2021,Tran Van Khang - khangkito (VinCSS) working with Trend Micro Zero Day Initiative,other,5
2021,Ivan Fratric of Google Project Zero,other,4
2021,Quan Luo from Codesafe Team of Legendsec at Qi'anxin Group,other,4
2021,Polar Bear at Microsoft,other,4
2021,Liubenjin from Codesafe Team of Legendsec at Qi'anxin Group,other,4
2021,National Security Agency,other,4
2021,rskvp93 with Viettel Cyber Security,other,4
2021,"JIWO Technology Co., Ltd",other,4
2021,Xuefeng Li and Zhiniang Peng with Sangfor,other,4
2021,JeongOh Kyea with THEORI,other,4
2021,"Huynh Phuoc Hung, @hph0var",other,4
2021,Microsoft Platform Security & Vulnerability Research,other,4
2021,Tao Yan ( @Ga1ois ) from Palo Alto Networks,other,4
2021,JeongOh Kyea (@kkokkokye) of THEORI working with Trend Micro Zero Day Initiative,other,4
2021,David Erceg,other,4
2021,Nicolas Joly of Microsoft Corporation,other,4
2021,Andrew Bartlett of Catalyst IT,other,4
2021,Shir Tamari with Wiz.io,other,4
2021,Nir Ohfeld with Wiz.io,other,4
2021,Imre Rad,other,3
2021,Microsoft Platform Security Assurance & Vulnerability Research,other,3
2021,@expend20,other,3
2021,nghiadt12 (@nghiadt1098) from Viettel Cyber Security,other,3
2021,Yuhao Weng ( @cjm00nw ) of Sangfor & Steven Seeley ( @ϻг_ϻε ) & Zhiniang Peng @edwardzpeng,other,3
2021,RyotaK,other,3
2021,Microsoft Security Team,other,3
2021,Lockheed Martin Red Team,other,3
2021,crashman of codemize security research lab,other,3
2021,Liubenjin with Codesafe Team of Legendsec at Qi'anxin Group,other,3
2021,Kasif Dekel (@kasifdekel) Of SentinelOne and Ronen Shustin,other,3
2021,ShiLongan with NSFOCUS TIANJI LAB,other,3
2021,Azure Yang with Cyber Kunlun Lab,other,3
2021,Xuefeng Li ( @lxf02942370 ) of Sangfor & Zhiniang Peng ( @edwardzpeng ),other,3
2021,Wei,other,3
2021,liuxiaoliang and pjf,other,3
2021,Zhiniang Peng( @edwardzpeng ) & Xuefeng Li ( @lxf02942370 ) of Sangfor Lights Lab,other,3
2021,yangkang(@dnpushme),other,3
2021,JeongOh Kyea of THEORI working with Trend Micro Zero Day Initiative,other,3
2021,Huichen Lin and Dong Seong Kim of School of Information Technology and Electrical Engineering - The University of Queensland,other,3
2021,Steven Seeley (mr_me) of Source Incite working with Trend Micro Zero Day Initiative,other,3
2021,Orange Tsai(@orange_8361) from DEVCORE Research Team working with Trend Micro Zero Day Initiative,other,3
2021,David Erceg with,other,3
2021,Keqi Hu,other,3
2021,Li Qiao of Baidu Security Lab,other,3
2021,garmin working with Trend Micro Zero Day Initiative,other,3
2021,Shivam Kumar Singh with CyberXplore Private Limited,other,3
2021,Vansh Devgan with CyberXplore Private Limited,other,3
2021,Xuefeng Li ( @lxf02942370 ) and Zhiniang Peng ( @edwardzpeng ) of Sangfor,other,3
2021,OldStone of Kunlun Lab,other,3
2021,k0shl of Kunlun Lab,other,3
2021,Wen,other,2
2021,lm0963 and hackyzh at Zion Lab of DBAppSecurity,other,2
2021,Anonymous Finder,other,2
2021,yangkang ( @dnpushme ),other,2
2021,@rezer0dai,other,2
2021,Xuefeng Li ( @lxf02942370 ) & Zhiniang Peng ( @edwardzpeng ) of Sangfor Lights Lab,other,2
2021,shijie xu( @ThunderJ17 ),other,2
2021,"Ash Fox, Google Security Team",other,2
2021,Nathan Shomber of Microsoft,other,2
2021,jackery,other,2
2021,Wenguang Jiao working with Trend Micro Zero Day Initiative,other,2
2021,Terry Zhang @pnig0s,other,2
2021,Jacob Lewellen of Microsoft,other,2
2021,Adam Willard,other,2
2021,liubenjin with Codesafe Team of Legendsec at Qi'anxin Group,other,2
2021,Rick Cole (MSTIC),other,2
2021,Anonymous finder,other,2
2021,Tao Yan (@Ga1ois) with Palo Alto Networks,other,2
2021,Felix Boulet,other,2
2021,Kirtikumar Anandrao Ramchandani,other,2
2021,Prodware,other,2
2021,Hossein Lotfi of Trend Micro Zero Day Initiative,other,2
2021,Walied Assar,other,2
2021,Walied Assar https://twitter.com/waleedassar,other,2
2021,Oleksandr Mirosh (@olekmirosh) from Micro Focus Fortify,other,2
2021,Dhanesh Kizhakkinan of FireEye Inc,other,2
2021,Jinquan(@jq0904) of DBAPPSecurity Lieying Lab,other,2
2021,Orange Tsai (@orange_8361) with DEVCORE,other,2
2021,Le Huu Quang Linh ( @linhlhq ) of STARLabs,other,2
2021,Microsoft Threat Intelligence Center (MSTIC) Microsoft Security Response Center (MSRC),other,2
2021,"He YiSheng, Zhang WangJunJie, and Li WenYue of Hillstone Network Security Research Institute",other,2
2021,ZhiyiZhang from Codesafe Team of Legendsec at Qi'anxin Group,other,2
2021,RanchoIce of Singular Security Lab,other,2
2021,Ting Yu from CERT Team of Legendsec at Qi'anxin Group,other,2
2021,Vbty,other,2
2021,Le Huu Quang Linh of STARlabs,other,2
2021,Marcin Wiazowski working with Trend Micro Zero Day Initiative,other,2
2021,Sagi Tzadik and Netanel Ben-Simon of Check Point Research,other,2
2021,Boris Larin ( oct0xor ) of Kaspersky Lab,other,2
2021,Steven Seeley (mr_me) of Source Incite,other,2
2021,Orange Tsai from DEVCORE research team,other,2
2021,Volexity,other,2
2021,Will Dormann CERT/CC,other,2
2021,Chi-Yu You and Dhanesh Kizhakkinan of FireEye Inc.,other,2
2021,Lucas Leong (@_wmliang_) of Trend Micro Zero Day Initiative,other,2
2021,"Sagi Tzadik and Netanel Ben-Simon, Check Point Research",other,2
2021,RyotaK (https://twitter.com/ryotkak),other,2
2021,Dan Bjorge of Microsoft,other,2
2021,Valentino Ricotta with Thalium,other,2
2021,Zesen Ye (@wh1tc) and Zhiniang Peng (@edwardzpeng) with Sangfor,other,2
2021,Ashar Javed of Hyundai AutoEver Europe GmbH,other,2
2021,YanZiShuang(晏子霜) Of Big CjTeam,other,2
2021,Rahul Gupta of Microsoft,other,2
2021,pgboy,other,1
2021,Zhang WangJunJie and He YiSheng of Hillstone Network Neuron Security Team,other,1
2021,Jarvis_1oop,other,1
2021,"Saar Amar , Microsoft Security Response Center",other,1
2021,Maxim Suhanov of BI.ZONE,other,1
2021,0xea31,other,1
2021,Ron Waisberg ( @epsilan ) of Okta,other,1
2021,Ronald McClelland Jr. (Ronsor Labs) - https://undeleted.ronsor.com,other,1
2021,Adrian Denkiewicz of CLOAKED.pl working with Trend Micro's Zero Day Initiative,other,1
2021,Boris Larin ( Oct0xor ) of Kaspersky Lab,other,1
2021,lm0963 & hackyzh at Zion Lab and YanZiShuang of DBAppSecurity,other,1
2021,yangkang( @dnpushme ),other,1
2021,Matthew Johnson of The Missing Link,other,1
2021,"Josh Gunter, Microsoft Platform Security Assurance & Vulnerability Research",other,1
2021,Abdelhamid Naceri (halov) working with Trend Micro's Zero Day Initiative,other,1
2021,Yuki Chen of Vulcan Team,other,1
2021,Xuefeng Li @lxf02942370 & Zhiniang Peng @edwardzpeng,other,1
2021,"Christopher Vella, Microsoft Platform Security Assurance & Vulnerability Research",other,1
2021,Etienne Champetier (@champtar),other,1
2021,"Maxim Suhanov, BI.ZONE https://dfir.ru/",other,1
2021,Dima van de Wouw - Outflank Pieter Ceelen - Outflank Outflank,other,1
2021,kdot,other,1
2021,hackyzh and lm0963 of DBAppSecurity Zion Lab,other,1
2021,AIOFuzzer Working with Trend Micro Zero Day Initiative,fuzz,1
2021,Li of SEC Consult Deutschland Unternehmensberatung GmbH,other,1
2021,Kc Udonsi (@glitchnsec) of Trend Micro,other,1
2021,Wenguang Jiao,other,1
2021,"Zhihua Yao, lm0963 and CSZQ of DBAPPSecurity Zion Lab",other,1
2021,Lm0963,other,1
2021,Thomas Bouzerar (@MajorTomSec) from Synacktiv (@Synacktiv) working with Trend Micro Zero Day Initiative,other,1
2021,Fabian Schmidt,other,1
2021,Yong Chuan Koh ( @yongchuank ),other,1
2021,kpc working with Trend Micro Zero Day Initiative,other,1
2021,Peter Stöckli with Ergon Informatik,other,1
2021,"Bryce Bearchell, Daniel Reyes of Cromulence, LLC",other,1
2021,Lev Aronsky with Aleph Research by HCL AppScan,other,1
2021,Vera Mens with Aleph Security by HCL AppScan,other,1
2021,Microsoft Security Response Center (MSRC),other,1
2021,Sagi Sheinfeld with Crowdstrike,other,1
2021,Eyal Karni with Crowdstrike,other,1
2021,Yaron Zinar with CrowdStrike,other,1
2021,"Victor Mata of FusionX, Accenture Security",other,1
2021,Zhihua Yao of KunLun Lab,other,1
2021,Thibault van Geluwe,other,1
2021,"[Victor Mata](https://twitter.com/offenseindepth) of FusionX, Accenture Security",other,1
2021,Malcolm Stagg,other,1
2021,The UK's National Cyber Security Centre (NCSC),other,1
2021,Michael Taggart of UCLA Health Sciences,other,1
2021,Ronen Shustin (@ronenshh),other,1
2021,Kasif Dekel (@kasifdekel),other,1
2021,Yuhao Weng & Zhiniang Peng with Sangfor,other,1
2021,Wayne Low of Fortinet's FortiGuard Lab,other,1
2021,Xuefeng Li (@lxf02942370) & Zhiniang Peng (@edwardzpeng) of Sangfor,other,1
2021,Asuka with https://www.cyberkl.com/,other,1
2021,*HongZhenhao of Ant Group Light-Year Security Lab,other,1
2021,Laith AL-Satari,other,1
2021,"Yuchao Zhou, Zirui Yang and Wenqun Wang of ThreatBook",other,1
2021,TJ Bunnell,other,1
2021,liubenjin with Codesafe Team of Legendsec at Qianxin Group,other,1
2021,Rahul Varanasi of Microsoft,other,1
2021,Bl1nnnk,other,1
2021,HongZhenhao of Ant Group Light-Year Security Lab,other,1
2021,Fraunhofer FKIE CA&D working with Trend Micro Zero Day Initiative,other,1
2021,Sooraj KS with Sophos,other,1
2021,Thomas Bouzerar from Synacktiv working with Trend Micro Zero Day Initiative,other,1
2021,Rami Abughazaleh,other,1
2021,h3lpingk1d working with Trend Micro Zero Day Initiative,other,1
2021,Thomas Chauchefoin with SonarSource,other,1
2021,Paul Gerste with SonarSource,other,1
2021,Han Yong Lim with DB Schenker,other,1
2021,Parsia Hakimian,other,1
2021,Andrew Brandt with Sophos,other,1
2021,Nick Carr (MSTIC),other,1
2021,5n1p3r0010 from Topsec ChiXiao lab,other,1
2021,Young Min Kim of CompSec Lab at Seoul National University,other,1
2021,Fabian Bräunlein and Lukas Euler from Positive Security,other,1
2021,s1r1us and Max Garrett with https://thegrandpew.github.io/,other,1
2021,Frédéric Tran,other,1
2021,Piotr Cielas@EY,other,1
2021,Michael J. Lyons of the Xbox Console OS team,other,1
2021,YanZiShuang( @madongze ) of Big CJTeam and Gcow Team,other,1
2021,"JinQuan, MaDongZe, TuXiaoYi, and LiHao of DBAPPSecurity Co., Ltd",other,1
2021,David Wells ( @CE2Wells ) of Tenable,other,1
2021,Jarvis_1oop of Pinduoduo Security Research Lab,other,1
2021,Maxwell Whitaker of Microsoft’s Security Assurance and Vulnerability Research team,other,1
2021,Steven Seeley (mr_me) of Source Incite Source Incite,other,1
2021,Cristian Pop of Azure IoT,other,1
2021,Dominik Röttsches of Google and Mateusz Jurczyk of Google Project Zero,other,1
2021,Jack Adamson ( @jadamson08 ),other,1
2021,Numan TÜRLE of Gais Security,other,1
2021,Mohamed Sayed of IBM X-Force,other,1
2021,kdot working with Trend Micro’s Zero Day Initiative,other,1
2021,Yuhao Weng ( @cjm00nw ) & Zhiniang Peng( @edwardzpeng ) of Sangfor Lights Lab,other,1
2021,Anonymous working with the Responsible Disclosure program of de Volksbank,other,1
2021,Amit Avrahamov @avr4mit,other,1
2021,khangkito - Tran Van Khang of VinCSS,other,1
2021,Symeon Paraschoudis,other,1
2021,"Krishna Yalavarthi, WSD-ASCI team",other,1
2021,Kasif Dekel ( @kasifdekel ) of SentinelOne,other,1
2021,songmingxuan by JD logistics security,other,1
2021,Markus Wulftange of Code White GmbH (@codewhitesec),other,1
2021,Alex Birsan,other,1
2021,"madongze( @YanZiShuang ) of DBAPPSecurity Co., Ltd",other,1
2021,Simon Barsky ( @expend20 ),other,1
2021,DeepanRaj Modernmonk(Technoidz),other,1
2021,Sai Wynn Myat (@404death) of Yoma Bank Limited,other,1
2021,pgboy of 360vulcan(https://weibo.com/pgboy1988),other,1
2021,Tran Van Khang – khangkito (VinCSS),other,1
2021,Anders Kusk,other,1
2021,"madongze(@YanZiShuang) of DBAPPSecurity Co., Ltd",other,1
2021,Hardik Shah of McAfee,other,1
2021,Owen Rowe & Christopher Rowe Mycroft Solutions Ltd www.mycroftsolutions.com owen@mycroftsolutions.com,other,1
2021,ZiMi and JunGu of Alibaba Orion Security Lab,other,1
2021,rj0w,other,1
2021,Min Li,other,1
2021,"Maxime Nadeau, Julien Pineault and Mathieu Novis of GoSecure, inc.",other,1
2021,Romain Carnus of GoSecure,other,1
2021,yangkang (@dnpushme),other,1
2021,Guopengfei from Codesafe Team of Legendsec at Qi'anxin Group,other,1
2021,Bo Qu of Palo Alto Networks,other,1
2021,Haoran Qin(@atQ4n) and Zhiniang Peng (@edwardzpeng),other,1
2021,Feeker Wang from Codesafe Team of Legendsec at Qi'anxin Group,other,1
2021,Marc Nimmerrichter of Certitude Consulting GmbH in cooperation with SignPath GmbH,other,1
2021,Elliot Cao ( @iamelli0t ) working with Trend Micro Zero Day Initiative ” with “Lucas Leong (@_wmliang_) of Trend Micro's Zero Day Initiative,other,1
2021,Maddie Stone of Google Project Zero,other,1
2021,"Eyal Karni , CrowdStrike",other,1
2021,Ronen Haber (Palo Alto Networks),other,1
2021,@EranShimony CyberaArk,other,1
2021,Daniel Gonzalez,other,1
2021,Carlos Alberca,other,1
2021,Narendra Bhati with Lead Penetration Tester at Suma Soft Pvt. Ltd. India,other,1
2021,"Phan Thanh Duy, Brandon Chong, Cao YiTian of STAR Labs & Hồng Phi Phạm",other,1
2021,Ron Waisberg (@epsilan) of Okta,other,1
2021,Asaf Rubinfeld of Fortinet’s FortiGuard Labs,other,1
2021,Zhiyi Zhang And Liubenjin from Codesafe Team of Legendsec at Qi'anxin Group,other,1
2021,khangkito - Trần Văn Khang with VinCSS,other,1
2021,yangkang(@dnpushme)&bianliang&wanggang&lihongfei&liujialei of 360 ATA,other,1
2021,Marcin Wiązowski working with Trend Micro Zero Day Initiative,other,1
2021,晏子霜在线征婚 ( @YanZiShuang ) of Big CJTeam,other,1
2021,14 working with Trend Micro Zero Day Initiative,other,1
2021,Le Huu Quang Linh ( @linhlhq ),other,1
2021,"Thomas Moore, Signal Hill Technologies, https://www.signalhill.tech",other,1
2021,mr_me working with Trend Micro Zero Day Initiative,other,1
2021,Ben Faull of Microsoft Corporation,other,1
2021,This vulnerability was discovered by Wayne Low of Fortinet’s FortiGuard Lab,other,1
2021,Zhijingcheng Yu of National University of Singapore,other,1
2021,Jinhua Cui of National University of Defense Technology and National University of Singapore,other,1
2021,Prateek Saxena of National University of Singapore,other,1
2021,Shweta Shinde of ETH Zurich,other,1
2021,Laurent Gaffie,other,1
2021,Shivam Bathla ( @_shivambathla ),other,1
2021,Daniel Santos (https://twitter.com/bananabr),other,1
2021,Fabien Perigaud (@0xf4b) from Synacktiv (@Synacktiv) working with Trend Micro Zero Day Initiative,other,1
2021,Windows Authentication Dev Team,other,1
2021,LE XUAN TUYEN - VNPT ISC working with Trend Micro Zero Day Initiative,other,1
2021,Dlive(@D1iv3) of Tencent Security Xuanwu Lab,other,1
2021,Yiğit Can YILMAZ (@yilmazanyigit),other,1
2021,Andy,other,1
2021,Pio,other,1
2021,Phan Thanh Duy (PTDuy) of STAR Labs & Phạm Hồng Phi (4nhdaden),other,1
2021,BOXER ( @SecBoxer ),other,1
2021,"Chris Alladoum of SophosLabs, Sophos Ltd",other,1
2021,Tomer Bar @ SafeBreach and Eran Segal @ SafeBreach,other,1
2021,Cody Hartwig of Microsoft,other,1
2021,"Alex Ionescu, CrowdStrike Inc.",other,1
2021,z3r09 from Viettel Cyber Security working with Trend Micro Zero Day Initiative,other,1
2021,nghiadt12 and huyna of Viettel Cyber Security working with Trend Micro Zero Day Initiative,other,1
2021,Tao Yan ( @Ga1ois ) working with Trend Micro Zero Day Initiative,other,1
2021,"Omer Tsarfati, CyberArk Labs, https://labs.cyberark.com",other,1
2021,Markus Wulftange,other,1
2021,James Forshaw of Google Project Zero with,other,1
2021,Zhiniang Peng ( @edwardzpeng ) and Xuefeng Li ( @lxf02942370 ),other,1
2021,Sergii Bezus with 10Guards,other,1
2021,Craig Ingram with Stripe,other,1
2021,Kc Udonsi (@glitchnsec) of Trend Micro Security Research working with Trend Micro Zero Day Initiative,other,1
2021,Sven Nobis of ERNW GmbH,other,1
2021,"Ron Masas, Hackk.io",other,1
2021,Timofte Daniel ( @tim17d ),other,1
2021,Jacob Baines,other,1
2021,Dlive (https://twitter.com/D1iv3) of Tencent Security Xuanwu Lab,other,1
2021,"Gerardo Di Giacomo, Stripe Inc.",other,1
2021,Ryelv with Tencent,other,1
2021,Jinquan of DBAPPSecurity Lieying Lab,other,1
2021,diversenok https://twitter.com/diversenok_zero,other,1
2021,Microsoft Security Assurance & Vulnerability Research,other,1
2021,Ben Splittgerber,other,1
2021,Gal Levy and Yuval Sarel from Armis Security,other,1
2021,Aapo Oksman of Nixu Cybersecurity,other,1
2021,Tu XiaoYi with DBAPPSecurity Threat Intelligence Center,other,1
2021,Dong Wu with DBAPPSecurity Threat Intelligence Center,other,1
2021,Jinquan(@jq0904) with DBAPPSecurity Threat Intelligence Center,other,1
2021,Yunhai Zhang of NSFOCUS TIANJI LAB https://www.nsfocus.com.cn/,other,1
2021,Piotr Madej of AFINE,other,1
2021,Zhipeng Huo (@R3dF09) of Tencent Security Xuanwu Lab,other,1
2021,Yaokang Tan & Lewis of Sangfor,other,1
2021,Michael Garrison State Farm Information Security https://twitter.com/p0shkatz,other,1
2021,"Alex Birnberg, https://alexbirnberg.com",other,1
2021,"Marcus Brinkmann (Ruhr University Bochum), Christian Dresen (Münster University of Applied Sciences), Robert Merget (Ruhr University Bochum), Damian Poddebniak (Münster University of Applied Sciences), Jens Müller (Ruhr University Bochum), Juraj Somorovsky (Paderborn University), Jörg Schwenk (Ruhr University Bochum), Sebastian Schinzel (Münster University of Applied Sciences)",other,1
2021,Wen of Kunlun Lab,other,1
2021,Tavis Ormandy of Google Project Zero,other,1
2021,"Tavis Ormandy, Google Project Zero",other,1
2021,Clément Lecigne of Google’s Threat Analysis Group,other,1
2021,vemula Bhavani shankar,other,1
2021,Ignacio Laurence with,other,1
2021,Blaz Satler and Ziga Sumenjak of 0patch,other,1
2021,yangkang(@dnpushme) & huangyi(@C0rk1_H),other,1
2021,Enki,other,1
2021,"Lilith [^_^], Claudio Bozzato of Cisco Talos",other,1
2021,Paul Litvak of Intezer,other,1
2021,wtm at Offensi,other,1
2021,Lilith >_> and Claudio Bozzato of Cisco Talos.,other,1
2021,Gal De Leon (@galdeleon) of Palo Alto Networks,other,1
2021,Yarden Shafir @yarden_shafir,other,1
2021,Dubex,other,1
2021,Maxime ESCOURBIAC of Michelin CERT,other,1
2021,"Zhihua Yao, lm0963, and CSZQ of DBAPPSecurity Zion Lab",other,1
2021,Mateusz Jurczyk of Google Project Zero,other,1
2021,Mark Rogers of PowerMapper Software,other,1
2021,Arlie Davis - Windows / Azure Safe Systems Programming Languages Team,other,1
2021,This vulnerability was discovered by Bryan de Houwer and Thibault van Geluwe de Berlaere.,other,1
2021,x,other,1
2021,anonymous,other,1
2021,JeongOh Kyea (@kkokkokye) of THEORI,other,1
2021,BOXER,other,1
2021,Worawit Wangwarunyoo of Datafarm,other,1
2021,Xuefeng Li ( @lxf02942370 ) of Sangfor & Zhiniang Peng ( @edwardzpeng ) of Sangfor,other,1
2021,somaro,other,1
2021,Huynh Thong,other,1
2021,"Luke Papandrea, Microsoft Corporation",other,1
2021,Satya,other,1
2021,Ademar Nowasky Junior - https://nowasky.com,other,1
2021,Bo Qu of Palo Alto Networks and Heige of Knownsec 404 Security Team,other,1
2021,Mico Fraxix,other,1
2021,Joseph Rapley,other,1
2021,Mohammad Deilamy(MDM),other,1
2021,Markus Wulftange (@mwulftange),other,1
2021,L4 working with Trend Micro Zero Day Initiative,other,1
2021,"Nathaniel Theis from IOActive, Inc.",other,1
2021,Walied Assar ( Twitter @Walied Assar ),other,1
2021,Tao Yan ( @Ga1ois ) and Ken Hsu from Palo Alto Networks,other,1
2021,"Ur, Zhihong Tian and Hui Lu from Guangzhou University",other,1
2021,time,other,1
2021,Orange Tsai(@orange_8361) from DEVCORE,other,1
2021,Pham Van Khanh (@rskvp93) from Viettel Cyber Security working with Trend Micro Zero Day Initiative,other,1
2021,Mayx,other,1
2021,Paul Hammond / http://paulhammond.org,other,1
2021,Suresh Chelladurai,other,1
2021,Wayne Low of Fortinet’s FortiGuard Lab,other,1
2021,Peleg Hadar ( @peleghd ) of SafeBreach Labs and Ophir Harpaz ( @OphirHarpaz ) of Guardicore Labs,other,1
2021,Daniel Fernandez Kuehr of Blue Frost Security GmbH,other,1
2021,Leo Adrien ( @australeo ),other,1
2021,Pham Van Khanh @rskvp93 from Viettel Cyber Security,other,1
2021,Rohit Gurunath of Microsoft,other,1
2021,Dvir Shamay of Microsoft,other,1
2021,Shih-Fong Peng (@_L4ys) of TrapaSecurity https://twitter.com/_L4ys https://trapasecurity.com/,other,1
2021,Karan Chaudhary,other,1
2021,Emanuele Barbeno with Compass Security,other,1
2021,ziming zhang with Ant Security Light-Year Lab,other,1
2021,ZiMi (@YHZX_2013) with Alibaba Orion Security Lab,other,1
2021,Wei in Kunlun lab,other,1
2021,Simon Barsky (@expend20),other,1
2021,$NULL with ICT,other,1
2021,Ilias Dimopoulos of RedyOps Research Labs with Neurosoft S.A,other,1
2021,Ron Waisberg ( @epsilan ),other,1
2021,zcgonvh @ 360 noah lab,other,1
2021,Yuhao Weng & Zhiniang Peng & Feng Dong with Sangfor,other,1
2021,Microsoft Security Response Center,other,1
2021,James Lee @Windowsrcer,other,1
2021,Ashish Kunwar,other,1
2021,Wabaf3t,other,1
2021,Rahul Maini with SecAid,other,1
2021,MIke Xie,other,1
2021,Tony Zhan with Dell,other,1
2021,Sainath Reddy,other,1
2021,Thomas Spring with Swisscom (Schweiz) AG,other,1
2021,Harsh and Rahul with HTTPVoid,other,1
2021,Olga Sviridova with Ecommpay,other,1
2021,HyungSeok Han with THEORI,other,1
2021,Lilith >_> with Cisco Talos,other,1
2021,"Maxime Villard, of M.O.R.S.E.",other,1
2021,BugHunter010 (@CyberKunlun),other,1
2021,"Damian Velardo, EY Advanced Security Centre",other,1
2021,MSTIC,other,1
2021,bee13oy and bo13oy of Cyber Kunlun Lab,other,1
2021,AllScripts,other,1
2021,Karl Fosaaen with NetSPI,other,1
2021,Asuka with Cyber KunLun,other,1
2021,Boris Larin (oct0xor) with Kaspersky,other,1
2021,Asaf Rubinfeld with Fortinet’s FortiGuard Labs,other,1
2021,Diamond Chen,other,1
2021,Srinivas Nunna of Microsoft,other,1
2021,Nadish Shajahan,other,1
2021,National Security Agency (NSA),other,1
2021,"Andrew Ruddick , Microsoft Security Response Center",other,1
2021,Chris Fenner of Google,other,1
2021,Wei in Kunlun Lab,other,1
2021,H4iiluv of 73lab with Qingteng,other,1
2021,Huichen Lin and Dong Seong Kim with School of Information Technology and Electrical Engineering - The University of Queensland,other,1
2021,Caleb Helbling,other,1
2021,Hardik Shah,other,1
2021,Shay Ber,other,1
2021,Discovered by Marcin 'Icewall' Noga of Cisco Talos with Cisco Talos,other,1
2021,Zhihua Yao with KunLun Lab,other,1
2021,Milan Kyselica with IstroSec,other,1
2021,"Joe Bialek, MSRC Vulnerabilities and Mitigations Team",other,1
2021,Kyle Westhaus working with Microsoft Security Assurance & Vulnerability Research,other,1
2021,Jean-Baptiste Galet working with ANSSI,other,1
2021,"He YiSheng, Zhang WangJunJie, Li WenYue with Hillstone Security Technology Research Institute. 情報セキュリティ技術研究所",other,1
2021,j00sean,other,1
2021,XueFeng Li and Zhiniang Peng with Sangfor,other,1
2021,Thomas Imbert @masthoon of Synacktiv,other,1
2021,Kim Oppalfens with OSCC,other,1
2021,Udi Yavo with Fortinet’s FortiGuard Labs Asaf Rubinfeld with Fortinet’s FortiGuard Labs,other,1
2021,Nguyen Phuong Nam,other,1
2021,Rafael Goncalves of Microsoft,other,1
2021,Yong Chuan Koh with PixiePoint Security,other,1
2021,Nagisa of Cyber KunLun,other,1
2021,rikirra,other,1
2021,Tirtha Mandal,other,1
2021,Shankar R of Peneto Labs Pvt Ltd,other,1
2021,Colin Symon with East Lothian Council,other,1
2021,Ron Masas with BreakPoint,other,1
2021,Justin Steven,other,1
2021,Lili Wei,other,1
2021,Heqing Huang,other,1
2021,Bryce Abdo of Mandiant,other,1
2021,Haifei Li of EXPMON,other,1
2021,Genwei Jiang of Mandiant,other,1
2021,Dhanesh Kizhakkinan of Mandiant,other,1
2021,Michael DePlante (@izobashi) of Trend Micro Zero Day Initiative,other,1
2021,Eugene Lim with Government Technology Agency of Singapore,other,1
2021,lalka,other,1
2021,Omar Eissa,other,1
2021,ShiLongan of NSFOCUS TIANJI LAB,other,1
2021,Jinquan(@jq0904) with DBAPPSecurity Lieying Lab,other,1
2021,Thibault Van Geluwe de Berlaere with Mandiant,other,1
2021,John Michener working with Microsoft,other,1
2021,Marius Apreutesei working with Microsoft,other,1
2022,Anonymous,other,80
2022,Yuki Chen with Cyber KunLun,other,68
2022,k0shl with Kunlun Lab,other,35
2022,David Erceg,other,25
2022,Microsoft Offensive Research & Security Engineering (MORSE),other,24
2022,William Söderberg with WithSecure,other,15
2022,Haifei Li with CyberKL Kunlun Lab,other,15
2022,Yuki Chen,other,14
2022,William Söderberg with F-Secure,other,12
2022,Mateusz Jurczyk of Google Project Zero,other,12
2022,Polar Bear,other,11
2022,HP of Cyber Kunlun Lab,other,11
2022,Jarvis_1oop of vulnerability research institute,other,11
2022,Jarvis_1oop,other,10
2022,Dhanesh Kizhakkinan with Mandiant,other,10
2022,bee13oy with Cyber Kunlun Lab,other,10
2022,James Forshaw with Google Project Zero,other,10
2022,Mat Powell of Trend Micro Zero Day Initiative,other,9
2022,Rocco Calvi (@TecR0c),other,9
2022,George Hughey with MSRC Vulnerabilities and Mitigations,other,8
2022,Orange Tsai (@orange_8361) with DEVCORE,other,8
2022,b2ahex,other,8
2022,Gábor Selján,other,8
2022,"Tobias Groß with Friedrich-Alexander University (FAU) Erlangen-Nürnberg, Germany",other,8
2022,James Forshaw of Google Project Zero,other,7
2022,Marcin Wiazowski working with Trend Micro Zero Day Initiative,other,7
2022,Azure Yang with Kunlun Lab,other,7
2022,"JIWO Technology Co., Ltd",other,7
2022,Anonymous working with Trend Micro Zero Day Initiative,other,7
2022,National Security Agency,other,6
2022,Zhiniang Peng with Sangfor,other,6
2022,Xuefeng Li with Sangfor,other,6
2022,HAO LI of VenusTech ADLab,other,6
2022,bugwhale,other,6
2022,RyeLv (@b2ahex),other,5
2022,Simon Zuckerbraun of Trend Micro Zero Day Initiative,other,5
2022,kdot working with Trend Micro Zero Day Initiative,other,5
2022,Oliver Lyak (@ly4k_) working with Trend Micro Zero Day Initiative,other,5
2022,Jinquan(@jq0904) with DBAPPSecurity Lieying Lab,other,5
2022,Ha Anh Hoang with Viettel Cyber Security,other,5
2022,"He YiSheng, Zhang WangJunJie, and Li WenYue with Hillstone Network Security Research Institute",other,5
2022,Ben Barnea with Akamai Technologies,other,5
2022,Fabian Schmidt,other,4
2022,Xuefeng Li and Zhiniang Peng with Sangfor,other,4
2022,Communications Security Establishment,other,4
2022,"Maxime Villard, of M.O.R.S.E.",other,4
2022,Abdelhamid Naceri working with Trend Micro Zero Day Initiative,other,4
2022,Alex Nichols with Nettitude,other,4
2022,Andrea Pierini (@decoder_it) with Semperis,other,4
2022,ziming zhang with Ant Security Light-Year Lab,other,3
2022,"lm0963, renyimen, and l1nk3d with TianGong Team of Legendsec at Qi'anxin Group",other,3
2022,Microsoft Offensive Research & Security Engineering,other,3
2022,Yiming Xiang with NSFOCUS TIANJI LAB,other,3
2022,HongZhenhao of Ant Group Light-Year Security Lab,other,3
2022,Andrew Bartlett of Catalyst IT,other,3
2022,Zammis Clark,other,3
2022,21,other,3
2022,JeongOh Kyea with THEORI,other,3
2022,Hossein Lotfi of Trend Micro Zero Day Initiative,other,3
2022,g0st1,other,3
2022,ycdxsb with VARAS@IIE,other,3
2022,Angelboy with DEVCORE,other,3
2022,Leo Adrien (@australeo),other,2
2022,Gabriel Sztejnworcel with CyberArk,other,2
2022,"He YiSheng, Zhang WangJunJie, Li WenYue with Hillstone Network Security Research Institute",other,2
2022,liubenjin with Codesafe Team of Legendsec at Qi'anxin Group,other,2
2022,Walied Assar,other,2
2022,Anonymous Finder,other,2
2022,JaeHeng Yoon(@onnoveath) with JENBlack Soft,other,2
2022,Li Shuang and willJ of vulnerability research institute,other,2
2022,rskvp93 with VCSLAB of Viettel Cyber Security,other,2
2022,koocola,other,2
2022,Yongil Lee with SSD Secure Disclosure,other,2
2022,Nick Landers with NetSPI,other,2
2022,Yuhao Weng with Sangfor,other,2
2022,Michael DePlante (@izobashi) of Trend Micro Zero Day Initiative,other,2
2022,Lê Hữu Quang Linh with STAR Labs,other,2
2022,Stiv Kupchik with Akamai,other,2
2022,"rskvp93 , Q5Ca and nxhoang99 with VcsLab of Viettel Cyber Security",other,2
2022,Kaijie & Guigui,other,2
2022,Zesen Ye (@wh1tc) and Zhiniang Peng (@edwardzpeng) with Sangfor,other,2
2022,MUHAMMAD ZAID GHIFARI with KALIMMANTAN UTARA,other,2
2022,Kunlun lab (https://www.cyberkl.com) via TianfuCup (https://www.tianfucup.com),other,2
2022,"Jaanus K\xc3\xa4\xc3\xa4p, Clarified Security working with Trend Micro Zero Day Initiative",other,2
2022,Thibault Van Geluwe de Berlaere with Mandiant,other,2
2022,yyjb with http://blog.noah.360.net/,other,2
2022,Jaanus Kääp with Clarified Security,other,2
2022,namnp working with Trend Micro Zero Day Initiative,other,2
2022,StackLeader in Tianfu Cup,other,2
2022,Thunder J and Boxer,other,2
2022,ShiLongan with NSFOCUS TIANJI LAB,other,2
2022,Zhiniang Peng (@edwardzpeng) & Zesen Ye (@wh1tc) with Sangfor,other,2
2022,Matthieu Buffet,other,2
2022,luckyu with NSFOCUS TIANYUAN LAB,other,2
2022,Thunder_J and Boxer with Vulnerability Research Institute,other,2
2022,luoquan,other,2
2022,Sergei Glazunov with Google Project Zero,other,2
2022,Microsoft Threat Intelligence Center (MSTIC) Microsoft Security Response Center (MSRC),other,2
2022,Nathan Shomber of Microsoft,other,2
2022,Jimi Sebree with Tenable,other,2
2022,Ye Zhang (@co0py_Cat) with Baidu Security,other,2
2022,PeaceMaker,other,2
2022,Quan Jin with DBAPPSecurity,other,2
2022,Brandon Chong Wee Kiat,other,2
2022,Wayne Low of Fortinet's FortiGuard Lab,other,2
2022,jackery,other,2
2022,ZiMi (@YHZX_2013) with Alibaba Orion Security Lab,other,2
2022,Lars Eidnes with CatchJS,other,2
2022,William Soderberg with F-Secure,other,2
2022,Wen with Kunlun Lab,other,2
2022,0xea31,other,2
2022,Eran Zimmerman Gonen with Accenture Security Israel,other,2
2022,Piotr Bazydlo (@chudypb) of Trend Micro Zero Day Initiative,other,2
2022,Piotr Bazydlo (@chudypb) working with Trend Micro Zero Day Initiative,other,2
2022,zcgonvh with 360 noah lab,other,2
2022,Microsoft's Windows Servicing and Delivery Group - Network Security and Containers (NSC) Team,other,2
2022,Keqi Hu,other,2
2022,Rocco Calvi (@TecR0c) with TecSecurity,other,2
2022,Bing Sun and Jin Liu,other,2
2022,Sunglin from the Knownsec 404 team with knownsec,other,2
2022,DA-0x43-Dx4-DA-Hx2-Tx2-TP-S-Q from GTSC working with Trend Micro Zero Day Initiative,other,2
2022,PETER HLAVATY with Banana Mode,other,1
2022,rezer0dai with Independent Slavic Voyage,other,1
2022,rezer0dai with NoBananas NoBugzz,other,1
2022,rezer0dai with Capo di Frutti,other,1
2022,Adam Podlosky and Amir Bazine of Crowdstrike,other,1
2022,RyeLv(@b2ahex),other,1
2022,MOHIT RAJ,other,1
2022,"Daejin Lee, Seunghoe Kim, Donguk Kim of S2W Inc.",other,1
2022,Victor Portal with Deloitte Spain,other,1
2022,AppModel Deployment (DXP),other,1
2022,JeongOh Kyea of THEORI working with Trend Micro Zero Day Initiative,other,1
2022,Zubair Ashraf with Crowdstrike,other,1
2022,Firooz Akbari of VMware,other,1
2022,Mattias Borg and Stefan Schörling with Onevinn AB,other,1
2022,Pasi Saarinen with F-Secure,other,1
2022,KLINIX5,other,1
2022,namnp from Viettel Cyber Security,other,1
2022,Nils Ole Timm (@firzen14) working with Trend Micro Zero Day Initiative,other,1
2022,Jake Baines with Rapid7,other,1
2022,JeongOh Kyea of THEORI working with Trend Micro's Zero Day Initiative,other,1
2022,Jinquan with DBAPPSecurity Threat Intelligence Center,other,1
2022,BugHunter010 (@CyberKunlun),other,1
2022,"DoHyun Lee(@l33d0hyun) with DNSLab, Korea University",other,1
2022,SeungYun LEE(@SeungYun_Le2),other,1
2022,s7331 with Control Gap,other,1
2022,satanon with NCSC,other,1
2022,Fernando Perera with LAYAKK,other,1
2022,Jose Pico with LAYAKK,other,1
2022,jinmo123 with Theori,other,1
2022,vinhthp1712 working with Trend Micro Zero Day Initiative,other,1
2022,Zoltan Harmath of Microsoft,other,1
2022,PETER HLAVATY with Fruit your Game,other,1
2022,Bruno PUJOS (@brunopujos) from REverse Tactics working with Trend Micro Zero Day Initiative,other,1
2022,nhiadt12 from Viettel Cyber Security working with Trend Micro Zero Day Initiative,other,1
2022,Imre Rad,other,1
2022,Arimura,other,1
2022,insu of 78 Research Lab working with Trend Micro Zero Day Initiative,other,1
2022,Matt Graeber with Red Canary,other,1
2022,Bill Demirkapi of Microsoft,other,1
2022,Xuefeng Li (@lxf02942370) & Zhiniang Peng (@edwardzpeng) of Sangfor,other,1
2022,liuquan of K360 Security,other,1
2022,"Phan Thanh Duy (@PTDuy), Le Huu Quang Linh (@linhlhq) of STAR Labs working with Trend Micro Zero Day Initiative",other,1
2022,QueryX Team with THEORI,other,1
2022,Eduardo Braun Prado working with Trend Micro Zero Day Initiative,other,1
2022,Hidetake Jo with Microsoft,other,1
2022,Tianze Ding (@D1iv3) with Tencent Xuanwu Lab,other,1
2022,Tianze Ding(@D1iv3) with Tencent Security Xuanwu Lab,other,1
2022,Tianze Ding (@D1iv3) with Tencent Security Xuanwu Lab,other,1
2022,Sick Codes with Sick Codes,other,1
2022,Rohit Gurunath - (MSFT),other,1
2022,Felix Wilhelm of Google Project Zero,other,1
2022,Eduardo Braun Prado,other,1
2022,Jason Martinsen,other,1
2022,Discovered by Claudio Bozzato and Lilith of Cisco Talos. with Cisco Talos,other,1
2022,T0 working with Trend Micro Zero Day Initiative,other,1
2022,John Page (aka hyp3rlinx) of ApparitionSec,other,1
2022,j00sean,other,1
2022,"l1nk3d, renyimen, and lm0963 with TIANGONG Team of Legendsec at Qi'anxin Group",other,1
2022,"lm0963, l1nk3d and renyimen with From TianGong Team of Legendsec at Qi'anxin Group",other,1
2022,Wayne Low of Fortinet's FortGuard Lab,other,1
2022,Ahmed ElMasry (O.M.H),other,1
2022,Alec Stuart with Telstra,other,1
2022,"Q5Ca , hoangnx99 with VCSLAB of Viettel Cyber Security and DieuLink",other,1
2022,Will Dormann,other,1
2022,David Leadbeater with G-Research,other,1
2022,Filip Dragović with Infigo IS,other,1
2022,K. Edward with PHi,other,1
2022,Eugene,other,1
2022,Andr.Ess,other,1
2022,Eleftherios Panos with Nettitude,other,1
2022,Tao Yan (@Ga1ois) and Ken Hsu with Palo Alto Networks,other,1
2022,George Hughey with MSRC Vulnerabilities & Mitigations,other,1
2022,Denis Faiustov,other,1
2022,Ruslan Sayfiev,other,1
2022,MEng351,other,1
2022,ze0r with VenusTech ADLab,other,1
2022,Ryan Nicholson with Blue Mountain Cyber,other,1
2022,Luka Pribani luxzg,other,1
2022,Roman Azarenko with IOPSYS Software Solutions AB,other,1
2022,khangkito - Tran Van Khang (VinCSS) working with Trend Micro Zero Day Initiative,other,1
2022,Michael DePlante (@izobashi) Trend Micro Zero Day Initiative,other,1
2022,Frank Cozijnsen of the KPN REDteam,other,1
2022,RyeLv(@b2ahex) of Tencent,other,1
2022,rezer0dai with Tutti Frutti,other,1
2022,malacupa,other,1
2022,Alon Zahavi and Nir Chako with CyberArk Labs,other,1
2022,Young Min Kim with CompSec Lab at Seoul National University,other,1
2022,Steven Seeley (mr_me),other,1
2022,NSFOCUS TIANJI Lab via TianfuCup,other,1
2022,levatao and eastjiao,other,1
2022,Zesen Ye (@wh1tc) & Zhiniang Peng( @edwardzpeng ) of Sangfor,other,1
2022,rezer0dai with EatingFigs ENooPig,other,1
2022,Bo Wu,other,1
2022,Oliver Lyak with Institut For Cyber Risk,other,1
2022,Xuefeng Li (@lxf02942370) & Zhiniang Peng (@edwardzpeng) of Sangfor Via Tianfu CUP,other,1
2022,Kunlun Lab via TianfuCup,other,1
2022,ziming zhang of Ant Security Light-Year Lab,other,1
2022,DoHyun Lee(@l33d0hyun),other,1
2022,SeungYun LEE,other,1
2022,Harsh Tyagi,other,1
2022,Kunlun Lab,other,1
2022,Ronnie Salomonsen with Mandiant,other,1
2022,Zhihua Yao with KunLun Lab,other,1
2022,"aks.doker ,99k ,yuanheng lab",other,1
2022,Trend Micro’s Zero Day Initiative (ZDI),other,1
2022,Etienne Champetier (@champtar),other,1
2022,Mikhail Medvedev (M3ik Shizuka),other,1
2022,"Levi Broderick, Microsoft and Andrew Ruddick , Microsoft Security Response Center",other,1
2022,Mickey Shkatov,other,1
2022,Qinrun Dai(@2st) of Singular Security Lab,other,1
2022,BugHunter010 with KunLun Lab,other,1
2022,Wei in Kunlun Lab,other,1
2022,The UK’s National Cyber Security Centre (NCSC),other,1
2022,"Andrew Ruddick , Microsoft Security Response Center",other,1
2022,Pham Van Khanh @rskvp93 from Viettel Cyber Security,other,1
2022,Big CJTeam of Tianfu Cup,other,1
2022,HuanGMz@ KnownSec 404 Team,other,1
2022,sunglin @ KnownSec 404 Team,other,1
2022,Tongqing Zhu @ KnownSec 404 Team,other,1
2022,Hcamael @ KnownSec 404 Team,other,1
2022,Zhiniang Peng @edwardzpeng & Byzero with Sangfor,other,1
2022,Zhiniang Peng (@edwardzpeng) Zesen Ye (@wh1tc) with Sangfor,other,1
2022,Pontus Persson with Omegapoint,other,1
2022,Dr. Florian Hauser with Code White GmbH,other,1
2022,Sophie Schmieg with Google,other,1
2022,"Victor Mata with FusionX, Accenture Security",other,1
2022,willJ of vulnerability research institute,other,1
2022,Boxer with Vulnerability Research Institute,other,1
2022,"Colas Le Guernic, Jeremy Rubert, and Anonymous with Thalium",other,1
2022,Krzysztof Andrusiak,other,1
2022,TJ with FuzzWorks,fuzz,1
2022,Luoquan,other,1
2022,James Sharpe with Zenotech Ltd,other,1
2022,Aviv Sasson with Palo Alto Networks,other,1
2022,Andrew Ruddick with Microsoft Security Response Center,other,1
2022,George Hughey with Microsoft Security Response Center,other,1
2022,Huichen Lin and Dong Seong Kim of School of Information Technology and Electrical Engineering - The University of Queensland,other,1
2022,Yuhao Weng ( @cjm00nw ) & Zhiniang Peng( @edwardzpeng ) of Sangfor,other,1
2022,H01 and H02 from FPT Software Cyber Security Assurance Service working with Trend Micro Zero Day Initiative,other,1
2022,Q5Ca with VCSLAB of Viettel Cyber Security,other,1
2022,QueryX Team with Theori,other,1
2022,Microsoft WSD CoreNet team,other,1
2022,James Tsz Ko Yeung,other,1
2022,Dirk-jan Mollema,other,1
2022,Rohit Gurunath and Logan Gabriel,other,1
2022,"Levi Broderick with Microsoft and Andrew Ruddick , Microsoft Security Response Center",other,1
2022,Lucas Leong (@_wmliang_) of Trend Micro Zero Day Initiative,other,1
2022,Dhanesh Kizhakkinan of Mandian,other,1
2022,Azure Yang with Cyber Kunlun Lab,other,1
2022,Milan Kyselica with IstroSec,other,1
2022,Ben Lichtman,other,1
2022,Steven21,other,1
2022,"Hugo Cao of SandCastle, LilangWu, Moony Li of mobile security research of Trend Micro",other,1
2022,Anonymous with SSD Secure Disclosure,other,1
2022,Rick Veldhoven,other,1
2022,HyungSeok Han with Theori,other,1
2022,Ronnie Salomonsen from Mandiant,other,1
2022,Wladimir Palant,other,1
2022,rezer0dai with Calories for GOOD,other,1
2022,Markus Wulftange @mwulftange,other,1
2022,keqi hu,other,1
2022,Sooraj K S (@soorajks) with Sophos,other,1
2022,"Ver(@Ver0759) , Lewis(@LewisLee53) and Zhiniang Peng (@edwardzpeng) with Sangfor",other,1
2022,Felix Boulet,other,1
2022,Felix B.,other,1
2022,Lockheed Martin Red Team,other,1
2022,NDevTK,other,1
2022,Gijs Hollestelle with FalconForce,other,1
2022,Lewis Lee and Chunyang Han and Zhiniang Peng with Sangfor,other,1
2022,liubenjin with Codesafe Team of Legendsec at QI-ANXIN Group,other,1
2022,"Joe Bialek, MSRC Vulnerabilities and Mitigations Team",other,1
2022,Aapo Oksman with Nixu Cybersecurity,other,1
2022,Raphael John with Bertelsmann Printing Group,other,1
2022,Uncodable working with Trend Micro Zero Day Initiative,other,1
2022,"Xuefeng Li , Zhiniang Peng , and Feng Dong with Sangfor",other,1
2022,Andrew Bartlett of Catalyst and Samba Team,other,1
2022,willJ from CDSRC,other,1
2022,Xuefeng Li (@lxf02942370) & Zhiniang Peng (@edwardzpeng) of,other,1
2022,Nguyen Tien Giang with STAR Labs,other,1
2022,Q5Ca with NCSC Vietnam,other,1
2022,Yuhao Weng & Zhiniang Peng & Feng Dong with Sangfor,other,1
2022,Jinquan with DBAPPSecurity Lieying Lab,other,1
2022,Xuefeng Li (@lxf02942370) & Zhiniang Peng (@edwardzpeng) & Feng Dong of Sangfor,other,1
2022,George Hughey,other,1
2022,Matt Wesemann with Microsoft,other,1
2022,ZhangYang working with Trend Micro Zero Day Initiative,other,1
2022,Felix B,other,1
2022,Oliver Lyak (@ly4k_) of Institut For Cyber Risk working with Trend Micro Zero Day Initiative,other,1
2022,Joonas Tuomisto of Fujitsu Finland,other,1
2022,Thomas Chauchefoin with SonarSource,other,1
2022,crazyman with Shadow Chaser Group,other,1
2022,Huichen Lin and Dong Seong Kim with School of Information Technology and Electrical Engineering - The University of Queensland,other,1
2022,Filip Dragovic with Infigo IS,other,1
2022,Li Jian Tao (@CurseRed) with STAR Labs,other,1
2022,Benoît Sevens and Clément Lecigne of Google's Threat Analysis Group,other,1
2022,Eran Segal with Safebreach,other,1
2022,Will Dormann CERT/CC,other,1
2022,HyungSeok Joo,other,1
2022,Troy532,other,1
2022,Bing Sun,other,1
2022,jdgregson,other,1
2022,"Marcin ""Icewall"" Noga of Cisco Talos with Cisco Talos",other,1
2022,Mat Powell & Michael DePlante (@izobashi) of Trend Micro Zero Day Initiative,other,1
2022,YanZiShuang@BigCJTeam of cyberkl,other,1
2022,Microsoft Threat Intelligence Center (MSTIC),other,1
2022,Tim Cluff,other,1
2022,goodbyeselene,other,1
2022,RGFulw,other,1
2022,namnp with Viettel Cyber Security,other,1
2022,"Zhang WangJunJie, He YiSheng, Li WenYue, Zhu ZhiQuan with Hillstone Network Security Research Institute",other,1
2022,Mo Khan with Microsoft,other,1
2022,Or Yair ( @oryair1999 ) with SafeBreach Labs,other,1
2022,Lidor Ben Shitrit with Orca Security,other,1
2022,Lewis Lee(@LewisLee53) & Chunyang Han(@Ver0759) & Zhiniang Peng (@edwardzpeng) with Sangfor,other,1
2022,hades_kito working with Trend Micro Zero Day Initiative,other,1
2022,Robert Stokes with Illume Security,other,1
2022,Chancen of 73lab with Qingteng,other,1
2022,Yongil Lee with SSD Secure DIsclosure,other,1
2022,Edward Thomson,other,1
2022,Thomas Shadwell (zemnmez) with Google,other,1
2022,Narendra Bhati with Lead Penetration Tester at Suma Soft Pvt. Ltd. Pune India,other,1
2022,Giuseppe Trotta,other,1
2022,UK National Cyber Security Centre (NCSC) and the National Security Agency (NSA),other,1
2022,YanZiShuang(晏子霜) @Big CjTeam Of CyberKunlun,other,1
2022,Dolev Taler with Varonis,other,1
2022,Martin Zak with Zaber Technologies Inc.,other,1
2022,Haifei Li of CyberKL Kunlun Lab (https://cyberkl.com),other,1
2022,Hou Xiantong(@Bl1nnnk) of Wuheng Lab with ByteDance,other,1
2022,Bien Pham (@bienpnn) from Team Orca of Sea Security working with Trend Micro Zero Day Initiative,other,1
2022,Vasco Franco with Trail of Bits,other,1
2022,Spotlight,other,1
2022,Cody Thomas with SpecterOps,other,1
2022,Mahendra Mishra of Microsoft's Windows Servicing and Delivery Group,other,1
2022,xi4oyu and Quan Jin with DBAPPSecurity WeBin Lab,other,1
2022,Graham Esau with Vonage,other,1
2022,George Hughey of MSRC Vulnerabilities & Mitigations,other,1
2022,Mickey Jin with Trend Micro,other,1
2022,Jan Reilink,other,1
2022,Ceri Coburn with Pen Test Partners,other,1
2022,Quan Luo,other,1
2022,@decoder_it working with Trend Micro Zero Day Initiative,other,1
2022,Bulat Zagartdinov with Group-IB,other,1
2022,Félix Martel-Denis,other,1
2022,Vladimir Abramzon with Microsoft Offensive Research Security Engineering,other,1
2022,z0mbie,other,1
2022,"Valentina Palmiotti, IBM X-Force Red",other,1
2022,yzh with KunLun Lab,other,1
2022,Zscaler ThreatLabz with Zscaler,other,1
2022,CrowdStrike,other,1
2022,"Genwei Jiang with Mandiant, FLARE OTF",other,1
2022,Brandon Colley with Trimarc Security,other,1
2023,Anonymous,other,75
2023,Yuki Chen with Cyber KunLun,other,49
2023,kap0k,other,48
2023,Mateusz Jurczyk of Google Project Zero,other,32
2023,k0shl with Kunlun Lab,other,30
2023,Mat Powell of Trend Micro Zero Day Initiative,other,23
2023,Jarvis_1oop of vulnerability research institute,other,20
2023,bee13oy with Cyber Kunlun Lab,other,19
2023,batram,other,16
2023,Piotr Bazydlo (@chudypb) of Trend Micro Zero Day Initiative,other,15
2023,ziming zhang with Ant Security Light-Year Lab,other,14
2023,Wei in Kunlun Lab with Cyber KunLun,other,14
2023,Microsoft Offensive Research & Security Engineering with Microsoft,other,13
2023,HAO LI of VenusTech ADLab,other,12
2023,George Hughey with MSRC Vulnerabilities and Mitigations,other,12
2023,goodbyeselene,other,10
2023,Marcin Wiazowski working with Trend Micro Zero Day Initiative,other,10
2023,Azure Yang with Kunlun Lab,other,9
2023,Jarvis_1oop,other,9
2023,Ben Barnea with Akamai Technologies,other,9
2023,Lidor B. with Orca Security,other,9
2023,Anonymous working with Trend Micro Zero Day Initiative,other,8
2023,Filip Dragović,other,8
2023,Microsoft’s Windows Servicing and Delivery Group – Network Security and Containers (NSC) Team,other,8
2023,Keqi Hu,other,7
2023,Andrew Ruddick with Microsoft Security Response Center,other,7
2023,Microsoft Offensive Research and Security Engineering (MORSE),other,7
2023,Abdelhamid Naceri,other,6
2023,YanZiShuang@BigCJTeam of cyberkl,other,6
2023,greenbamboo,other,6
2023,wkai with Codesafe Team of Legendsec at QI-ANXIN Group,other,6
2023,ycdxsb with VARAS@IIE,other,5
2023,Zammis Clark,other,5
2023,OUYANG FEI,other,5
2023,CHEN QINGYANG with Topsec Alpha Team,other,5
2023,Polar Bear,other,5
2023,Martin Wrona (martin_jw) with Digitec Galaxus AG,other,5
2023,zcgonvh with 360 noah lab,other,5
2023,Microsoft Threat Intelligence,other,5
2023,Microsoft Offensive Research & Security Engineering,other,4
2023,Naceri with MSRC Vulnerabilities & Mitigations,other,4
2023,George Hughey with MSRC Vulnerabilities & Mitigations,other,4
2023,zcgonvh,other,4
2023,Rocco Calvi (@TecR0c) with TecSecurity,other,4
2023,Filip Dragovic with Infigo IS,other,4
2023,Dor Dali with Cyolo,other,4
2023,Jun Kokatsu,other,4
2023,B1aN,other,4
2023,Haifei Li with Check Point Research,other,3
2023,Filip Dragović with Infigo IS,other,3
2023,Kai Lu with Zscaler's ThreatLabz,other,3
2023,Wayne Low of Fortinet's FortiGuard Lab,other,3
2023,b2ahex,other,3
2023,Zeze with TeamT5,other,3
2023,Anonymous with SSD Secure Disclosure,other,3
2023,Kim Dong-Uk (@justlikebono),other,3
2023,Bill Demirkapi with Microsoft,other,3
2023,nicolas joly,other,3
2023,Chris81,other,3
2023,Erik Egsgard with Field Effect Software,other,3
2023,willJ of vulnerability research institute,other,3
2023,JeongOh Kyea with THEORI,other,3
2023,Ahmed ElMasry,other,3
2023,Hafiizh with https://www.linkedin.com/in/hafiizh-7aa6bb31/,other,3
2023,Naceri with MSRC V&M,other,3
2023,Jang (Nguyễn Tiến Giang) of StarLabs SG working with Trend Micro Zero Day Initiative,other,3
2023,Lê Hữu Quang Linh with STAR Labs SG Pte. Ltd.,other,3
2023,Adel from MSRC's V&M,other,3
2023,Microsoft Input and Composition Servicing team,other,2
2023,Microsoft Word Team,other,2
2023,ze0r with venustech ADLAB,other,2
2023,Muhammad R. Maulana,other,2
2023,Sazzad Mahmud Tomal,other,2
2023,Quan Luo with Codesafe Team of QI-ANXIN Legendsec Group,other,2
2023,Laith AL-Satari,other,2
2023,Quan Jin with DBAPPSecurity WeBin Lab,other,2
2023,Dolev Taler with Varonis,other,2
2023,Nitesh Surana (@_niteshsurana) of Project Nebula Trend Micro Zero Day Initiative,other,2
2023,Daniel F.,other,2
2023,wh1tc & Zhiniang Peng with Sangfor,other,2
2023,Lê Trần Hải Tùng and Namnp of Viettel Cyber Security,other,2
2023,RanchoIce,other,2
2023,Wenguang Jiao,other,2
2023,Felix Boulet,other,2
2023,m4yfly with TianGong Team of Legendsec at Qi'anxin Group,other,2
2023,Nguyễn Hồng Quang (@quangnh89) with Viettel Cyber Security,other,2
2023,Lê Trần Hải Tùng (@tacbliw) with Viettel Cyber Security,other,2
2023,Microsoft Threat Intelligence Microsoft Security Response Center,other,2
2023,R4nger & Zhiniang Peng,other,2
2023,Adrian Denkiewicz with Doyensec,other,2
2023,lm0963 with From TianGong Team of Legendsec at Qi'anxin Group,other,2
2023,Eduardo Braun Prado working with Trend Micro Zero Day Initiative,other,2
2023,Dhanesh Kizhakkinan with Mandiant,other,2
2023,Dimitrios Valsamaras with Microsoft,other,2
2023,insu of 78ResearchLab working with Trend Micro Zero Day Initiative,other,2
2023,khangkito - Tran Van Khang (VinCSS) working with Trend Micro Zero Day Initiative,other,2
2023,Michael Heinzl,other,2
2023,Piotr Bazydlo (@chudypb) working with Trend Micro Zero Day Initiative,other,2
2023,danny odler,other,2
2023,Jordan Hopkins - Rootshell Security,other,2
2023,Greg Linares (@Laughing_Mantis),other,2
2023,Guanghui Xia(@ze0r) with Hebei HuaCe,other,2
2023,R4nger,other,2
2023,liubenjin with Codesafe Team of Legendsec at QI-ANXIN Group,other,2
2023,Fraunhofer FKIE CA&D,other,2
2023,Markus Wulftange with CODE WHITE GmbH,other,2
2023,Or Yair with SafeBreach,other,2
2023,ThunderJ with KunlunLab,other,2
2023,Paul Gerste with Sonar,other,2
2023,"Kevin Jones, GitHub",other,2
2023,Anonymous Trend Micro Zero Day Initiative,other,2
2023,Eduardo Braun Prado,other,2
2023,"Koh M. Nakagawa with FFRI Security, Inc.",other,2
2023,Will Dormann with Vul Labs,other,2
2023,Microsoft Security Response Center,other,2
2023,Stav Nir,other,2
2023,HongZhenhao with TianGong Team of Legendsec at Qi'anxin Group,other,2
2023,"Luke Papandrea, Microsoft Corporation",other,2
2023,TALHA GÜNAY,other,2
2023,jackery,other,2
2023,FooBar,other,1
2023,Sagi Tzadik with Wiz,other,1
2023,xi4oyu and Quan Jin,other,1
2023,Tomer Bar with SafeBreach,other,1
2023,Shmuel Cohen with SafeBreach,other,1
2023,Microsoft WSD EPIN CoreNET,other,1
2023,Junoh Lee with Theori,other,1
2023,Michael DePlante (@izobashi) of Trend Micro Zero Day Initiative,other,1
2023,Erik Donker with Vattenfall,other,1
2023,SolidSnail,other,1
2023,Rafael with Google Vrp,other,1
2023,Aapo Oksman with Nixu Cybersecurity,other,1
2023,cfj,other,1
2023,Matt Graeber with Red Canary,other,1
2023,k0shl of Kunlun Lab,other,1
2023,Wei with Kunlun Lab with Cyber KunLun,other,1
2023,ChengBin Wang with ZheJiang Guoli Security Technology and ze0r with Venustech ADLAB,other,1
2023,Team BT5 (BoB 11th) working with Trend Micro Zero Day Initiative,other,1
2023,John Askew with Terrapin Labs,other,1
2023,Radha Polaiah of NetApp,other,1
2023,STAR LABS,other,1
2023,Boris Larin (oct0xor) with Kaspersky,other,1
2023,Genwei Jiang with Mandiant,other,1
2023,Andrei Vlad Lutas of Bitdefender Alyssa Milburn and Ke Sun of Intel,other,1
2023,Herbert Mauerer with Microsoft,other,1
2023,Bing Sun with Trellix Advanced Research Center,other,1
2023,Sagi Tzadik with Wiz.io,other,1
2023,Tomer Bar and Omer Attias with SafeBreach,other,1
2023,Steve Walker with WCRIBMA,other,1
2023,James Forshaw with Google Project Zero,other,1
2023,Le Qi Chen working with Trend Micro Zero Day Initiative,other,1
2023,Karmaz with AFINE,other,1
2023,Alexander Kirk with Viasat,other,1
2023,Rich Warren with NCC Group FSAS,other,1
2023,Soroush Dalili,other,1
2023,g0st1,other,1
2023,linfeng of HeBei HuaCe,other,1
2023,Justin Decker,other,1
2023,TJ with FuzzWorks,fuzz,1
2023,Lucas Leong (@_wmliang_) of Trend Micro Zero Day Initiative,other,1
2023,Vladimir Egorov,other,1
2023,Marcos Oviedo with FleetDM,other,1
2023,Christoffer81,other,1
2023,Richard Clifford with RootshellSecurity,other,1
2023,Nguyn Tin Giang of STAR Labs,other,1
2023,Dan Cabrera with Cross the Divide,other,1
2023,Office Security Team and Excel Engineering Team,other,1
2023,Brennan Conroy,other,1
2023,Benoit Foucher,other,1
2023,Guy Arazi with Microsoft,other,1
2023,Vladimir Abramzon with Microsoft,other,1
2023,João Domingos (@_r0ny),other,1
2023,Martin Minchev,other,1
2023,Darrick Joo,other,1
2023,ErPaciocco,other,1
2023,guopengfei with QiAnXin Group,other,1
2023,Fei Deng,other,1
2023,Josef Haji Karimian,other,1
2023,"Kaixuan Luo with Summer Intern @ Samsung Research America, PhD Student @ The Chinese University of Hong Kong",other,1
2023,Adonis Fung with Samsung Research America,other,1
2023,Xianbo Wang (@sanebow) with The Chinese University of Hong Kong,other,1
2023,Wing Cheong Lau with The Chinese University of Hong Kong,other,1
2023,Tomer Bar with SafeBreach and Shmuel Cohen with SafeBreach,other,1
2023,Michael Maltsev with Island,other,1
2023,Jeremy Asbury with Mandiant,other,1
2023,Andrew Oliveau with Mandiant,other,1
2023,Sam Pope with MSRC Vulnerabilities & Mitigations,other,1
2023,Irwin Villalobos and Geoffrey Antos with Microsoft,other,1
2023,Shih-Fong Peng (@_L4ys) with TRAPA Security,other,1
2023,Ryan Emmons with Converge Technology Solutions,other,1
2023,Andreas with Microsoft,other,1
2023,Alex Gough with Chrome Security Team,other,1
2023,Anton Garcia Dosil,other,1
2023,Khiem Tran,other,1
2023,Legit Security (LinkedIn) with Legit Security,other,1
2023,Denis Faiustov,other,1
2023,Ruslan Sayfiev,other,1
2023,Erik Donker with Vattenfall | On Twitter,other,1
2023,Steffen Langenfeld and Sebastian Biehler,other,1
2023,Andrej Šimko with Accenture,other,1
2023,hexb1n,other,1
2023,Nguyễn Tiến Giang (Jang) with STAR Labs SG Pte. Ltd.,other,1
2023,Nicolas Joly of MSRC,other,1
2023,Tobias Johansson with Crayon,other,1
2023,Kevin with Crayon,other,1
2023,Yiming Xiang with NSFOCUS TIANJI LAB,other,1
2023,William Brown with SUSE,other,1
2023,Hossein Lotfi of Trend Micro Zero Day Initiative,other,1
2023,4nyL1nK,other,1
2023,Nick Landers with NetSPI,other,1
2023,Jason Fisher,other,1
2023,Andrei Popov,other,1
2023,HuanGMz,other,1
2023,Genwei Jiang and Dhanesh Kizhakkinan of Mandiant,other,1
2023,Zhiniang Peng (@edwardzpeng) & Zesen Ye (@wh1tc) with Sangfor,other,1
2023,liubenjin with Codesafe Team of Legendsec at Qi'anxin Group,other,1
2023,Wudan,other,1
2023,"Hidetake Jo, Rick Cole, Charlie Hurel, and Matthew Mesa",other,1
2023,Haifei Li with EXPMON,other,1
2023,Joshua J. Drake,other,1
2023,Microsoft Threat Intelligence Center (MSTIC) Microsoft Security Response Center (MSRC),other,1
2023,luckyu with NSFOCUS TIANYUAN LAB,other,1
2023,Andrey Shaporev with Netwrix,other,1
2023,David Fiser of Trend Micro Zero Day Initiative (Project Nebula),other,1
2023,Juho Nokela with M-Files,other,1
2023,Johan Gorter with AFAS Software,other,1
2023,Alexander Clouter with coreMem Limited and Alan DeKok with NetworkRADIUS,other,1
2023,Ben Lincoln with Bishop Fox,other,1
2023,QueryX Team of Theori working with Trend Micro Zero Day Initiative,other,1
2023,RyeLv (@b2ahex),other,1
2023,Stiv Kupchik and Ophir Harpaz with Akamai,other,1
2023,"Communications Security Establishment, CSE",other,1
2023,"Jan Vojtěšek, Milánek, and Przemek Gmerek with Avast",other,1
2023,National Security Agency,other,1
2023,Kap0k,other,1
2023,"Zhang WangJunJie, He YiSheng, Li WenYue, Zhu ZhiQuan with Hillstone Network Security Research Institute",other,1
2023,Denis Faiustov and Ruslan Sayfiev with Ierae Security,other,1
2023,Andrea Pierini with Semperis and Antonio Cocomazzi with Sentinel One,other,1
2023,Michael F,other,1
2023,"lm0963, l1nk3d, and renyimen with From TianGong Team of Legendsec at Qi'anxin Group",other,1
2023,K. Edward with PHi,other,1
2023,Matt Bierner with Microsoft,other,1
2023,Jimmy Bayne,other,1
2023,Ruslan Sayfiev and Denis Faiustov,other,1
2023,Ben Lichtman,other,1
2023,Sergey Egorov,other,1
2023,Microsoft Offensive Research & Security Engineering. with Microsoft,other,1
2023,guoxi with Venustech ADLab,other,1
2023,R4nger and Kap0k,other,1
2023,R4nger & Kap0k,other,1
2023,Lee Riefberg,other,1
2023,MSTIC,other,1
2023,JeongOh Kyea of THEORI Trend Micro Zero Day Initiative,other,1
2023,l1k3beef,other,1
2023,eputv,other,1
2023,manavoid,other,1
2023,bawolff,other,1
2023,Roberto Bamberger and Matt Wagenknecht with Microsoft,other,1
2023,袁子建,other,1
2023,Vipin Kumar with Microsoft,other,1
2023,K24 Sec,other,1
2023,Vlad Stolyarov and Maddie Stone of Googles Threat Analysis Group (TAG),other,1
2023,Microsoft Office Product Group Security Team,other,1
2023,Tom Lancaster with Volexity,other,1
2023,Paul Rascagneres with Volexity,other,1
2023,"Vlad Stolyarov, Clement Lecigne and Bahare Sabouri of Google’s Threat Analysis Group (TAG)",other,1
2023,Tillson Galloway with Georgia Tech,other,1
2023,Rafay Baloch with Cyber Citadel,other,1
2023,Aleksandar Nikolic with Cisco Talos,other,1
2023,"Narendra Bhati with Lead Penetration Tester at Suma Soft Pvt. Ltd. Pune, India",other,1
2023,Christian Pöschl with usd AG,other,1
2023,"Genwei Jiang with Mandiant, FLARE OTF",other,1
2023,"Dhanesh Kizhakkinan with Mandiant, FLARE OTF",other,1
2023,"Li Qi , Dong Kangwei and Zhang Yanping with 360 HuntingZero Lab",other,1
2023,Jack Moran with ZX Security,other,1
2023,Matt Cotterell with ZX Security,other,1
2023,Ethan McKee-Harris with ZX Security,other,1
2023,Firas Fatnassi,other,1
2023,vv001,other,1
2023,Dragana Damjanovic,other,1
2023,Hong Hai with Alibaba Orion Security Lab,other,1
2023,Ben Faull with Microsoft,other,1
2023,Erik Donker,other,1
2023,Microsoft Threat Intelligence and Microsoft Office Product Group security team,other,1
2023,Carolina Hatanpaa with Azure Red Team,other,1
2023,Dirk-jan Mollema with Outsider Security,other,1
2023,"Anonymous, m4yfly with TianGong Team of Legendsec at Qi'anxin Group, Anonymous",other,1
2023,Khalid Amin with Cyshield,other,1
2023,lxhom,other,1
2023,M. Akil Gündoğan,other,1
2023,H01 and H02 from FPT Software Cybersecurity Assurance Service with https://www.fpt-software.com/,other,1
2023,Jordan Hopkins,other,1
2023,Marcin 'Icewall' Noga with Cisco Talos,other,1
2023,Excel Engineering team,other,1
2023,だんご,other,1
2023,Bonda,other,1
2023,Nezuko,other,1
2023,Asuka,other,1
2023,Yisekai Ojisan,other,1
2023,Kevin Jones with GitHub,other,1
2023,Ashutosh Singh and Rishabh Rathore,other,1
2023,Quarkslab,other,1
2023,Sukriti S. and Manish Singh with Microsoft,other,1
2023,Philemon Orphee Favrod and Ray Reskusich of Microsoft,other,1
2023,Kalle Niemitalo,other,1
2023,Thomas Imbert (@masthoon) from Synacktiv (@Synacktiv) Working with Trend Micro Zero Day Initiative,other,1
2023,Yazhi Wang working with Trend Micro Zero Day Initiative,other,1
2023,mainc,other,1
2023,Kim Dong-Uk( @justlikebono ),other,1
2023,Kyou Fujibayashi,other,1
2023,Yousuke Shibazaki,other,1
2023,Naceri with MSRC Vulnerabilities and Mitigations,other,1
2023,Xiang Li with NISL Lab @Tsinghua University,other,1
2023,Tom Deseyn of Red Hat,other,1
2023,Ivan Vagunin,other,1
2023,Marcin 'icewall' Noga with Cisco Talos,other,1
2023,Justin Steven,other,1
2023,"Maxime Villard, of M.O.R.S.E.",other,1
2023,David Buchanan (@David3141593) Chris Blume (@ProgramMax),other,1
2023,Simon Aarons (@ItsSimonTime),other,1
2023,"lm0963, l1nk3d, and renyimen with TianGong Team of Legendsec at Qi'anxin Group",other,1
2023,Lukasz Plonka,other,1
2023,Luca Barile,other,1
2023,"CERT-UA, Microsoft Incident Response, Microsoft Threat Intelligence",other,1
2023,Zhiniang Peng (@edwardzpeng) & kap0k,other,1
2023,Ashar Javed of Hyundai AutoEver Europe GmbH,other,1
2023,Tevfik DEMİREL with Cyber Security Engineer,other,1
2023,Martin Kibuchi,other,1
2023,Martin Mwangi Kibuchi,other,1
2023,lm0963 with TianGong Team of Legendsec at Qi'anxin Group,other,1
2023,Eran Segal with SafeBreach,other,1
2023,Bill Demirkapi of Microsoft,other,1
2023,Benoît Sevens and Vlad Stolyarov of Google’s Threat Analysis Group,other,1
2023,Maxwell Swadling,other,1
2023,Markus Zühlke-Taczkowski,other,1
2023,"Zhang WangJunJie, He YiSheng, Li WenYue, QinFu Xu with Hillstone Network Security Research Institute",other,1
2023,Hou Xiantong(Bl1nnnk) with Wuheng Lab of ByteDance,other,1
2023,Bryan Gonzalez from Ocelot Team @ Metabase Q,other,1
2023,Anonymous with Trend Micro Zero Day Initiative,other,1
2023,"Jan Vojtěšek, Milánek, and Luigino Camastra with Avast",other,1
2023,xinyue.hu with Chaitin,other,1
2023,dscheg,other,1
2023,Dan Saunders with Microsoft,other,1
2023,Trevor Harris with Microsoft,other,1
2023,Baris Reyhan with Netpack B.V.,other,1
2023,Tomer Sne-or with SentinelOne,other,1
2023,Martin Smolar with ESET,other,1
2023,Satoshi Tanda with System Programming Lab,other,1
2023,Aviad Hahami with PANW,other,1
2023,Dhiral Patel,other,1
2023,Soroush Dalili with SecProject,other,1
2023,ChengBin Wang with ZheJiang Guoli Security Technology and linfeng with Hebei Huace and linfeng with Hebei Huace,other,1
2023,"Marcin ""Icewall"" Noga of Cisco Talos",other,1
2023,Nathan Shomber of Microsoft,other,1
2023,Anna @little_pwner and @Voorivex Academy,other,1
2023,NGO VAN TU (@tusnj),other,1
2023,Quan Jin(@jq0904) with DBAPPSecurity WeBin Lab,other,1
2023,"Will Metcalf (Splunk), Microsoft Threat Intelligence, Microsoft Office Product Group Security Team",other,1
2023,Sascha Meyer with GAI NetConsult GmbH,other,1
2023,Adrian-Daniel Bacanu with Razdon,other,1
2023,Ben Ta,other,1
2023,Panayiotis Gavriil,other,1
2023,Alex Anders with Microsoft,other,1
2023,Marco Bartoli with Microsoft,other,1
2023,Giulio Candreva with Microsoft,other,1
2023,Anonymous with Trend Micro,other,1
2023,Barry Dorans,other,1
2023,Dr. Florian Hauser (@frycos) with Code White GmbH,other,1
2023,Guanghui Xia(@ze0r) with Hebei Huace,other,1
2023,Sascha Meyer with GAI NetConsult,other,1
2023,VictorV(Tang tianwen) with Kunlun Lab,other,1
2023,Andrew Bartlett with Catalyst,other,1
2023,Charles Truluck with Clemson University and Tillson Galloway with Georgia Tech,other,1
2023,Yossef Kuszer with Intel Corporation,other,1
2023,linfeng with hebei huace with guanghui-xia with hebei huace,other,1
2023,Sam Pope with MSRC Vulnerabilities & Mitigations and Benjamin Rodes with Microsoft CodeQL,other,1
2023,VictorV (Tang tianwen) with Kunlun Lab,other,1
2023,"Eli Birkan , Dan Yashnik, and Bar Lahav with Palo Alto Networks",other,1
2023,Legit Security with Legit Security,other,1
2023,Steve Walker,other,1
2023,Degant Puri,other,1
2023,Scott Gorlick,other,1
2023,Daniel Weglowski,other,1
2023,Alex Gough with Google,other,1
2023,Microsoft Offensive Research & Security Engineering (MORSE),other,1
2023,"Estevam Arantes, Microsoft",other,1
2023,"Yogeesh Seralathan, Microsoft",other,1
2023,"Michael Van Leeuwen, Microsoft",other,1
2023,"LIU An, WANG Zimeng State Grid Information & Telecommunication Co.,Ltd.",other,1
2023,Emma Kirkpatrick ( @carrot_c4k3 ),other,1
2023,"Thijs Alkemade, Khaled Nassar, and Daan Keuper with Computest Sector 7",other,1
2023,"Zhang WangJunJie, He YiSheng, Li WenYue with Hillstone Network Security Research Institute",other,1
2023,Valentina Palmiotti with IBM X-Force,other,1
2023,Quan Jin(@jq0904) & ze0r with DBAPPSecurity WeBin Lab,other,1
2023,Siemens AG,other,1
2023,Angel Palomo of ING,other,1
2023,Thomas Chauchefoin with Sonar,other,1
2023,Jamie McClymont with CyberCX,other,1
2023,Rhys Davies with CyberCX,other,1
2023,"Simon Rohlmann, Vladislav Mladenov, Christian Mainka and Jörg Schwenk with Ruhr University Bochum",other,1
2023,Norwin Boniao with https://twitter.com/norwin_boniao,other,1
2023,Mikhail Shcherbakov (@yu5k3) working with Trend Micro Zero Day Initiative,other,1
2023,Jordi Sastre with Prodware,other,1
2023,Markus Wulftange,other,1
2023,Carl Pearson,other,1
2023,Johannes Diebold,other,1
2023,Benjamin Schiele with Paul Hartmann AG,other,1
2024,Anonymous,other,267
2024,Azure Yang with Kunlun Lab,other,43
2024,Wei in Kunlun Lab with Cyber KunLun,other,34
2024,k0shl with Kunlun Lab,other,31
2024,Angelboy (@scwuaptx) with DEVCORE,other,19
2024,Zhihua Wen with CyberKunLun,other,19
2024,George Hughey with MSRC Vulnerabilities & Mitigations,other,16
2024,Nan Wang(@eternalsakura13),other,14
2024,Filip Dragović,other,13
2024,VictorV(Tang tianwen) with Kunlun Lab,other,12
2024,B1aN,other,11
2024,Zammis Clark,other,10
2024,Yuki Chen with Cyber KunLun,other,10
2024,Naceri with MSRC Vulnerabilities & Mitigations,other,10
2024,R4nger & Zhiniang Peng,other,10
2024,Mateusz Jurczyk with Google Project Zero,other,10
2024,Yuki Chen,other,9
2024,Andrew Ruddick with Microsoft Security Response Center,other,9
2024,ziming zhang with Ant Security Light-Year Lab,other,8
2024,Fangming Gu,other,8
2024,"Maxime Villard, of M.O.R.S.E.",other,8
2024,Rajesh Kumar with Microsoft,other,7
2024,CHEN QINGYANG with Topsec Alpha Team,other,7
2024,goodbyeselene,other,7
2024,"Lewis Lee , Chunyang Han and Zhiniang Peng",other,7
2024,Microsoft Offensive Research & Security Engineering with Microsoft,other,6
2024,Microsoft Offensive Research & Security Engineering,other,6
2024,bee13oy with Cyber Kunlun Lab,other,6
2024,FangMing Gu,other,6
2024,QingHe Xie,other,6
2024,"Zhang WangJunJie, He YiSheng with Hillstone Network Security Research Institute",other,6
2024,Felix Boulet,other,6
2024,zcgonvh,other,6
2024,Jun Kokatsu,other,6
2024,Qinghe Xie,other,6
2024,Lewis Lee,other,6
2024,Chunyang Han,other,6
2024,Zhiniang Peng,other,6
2024,Hafiizh with https://www.linkedin.com/in/hafiizh-7aa6bb31/,other,5
2024,Siemens Energy,other,5
2024,Emma Kirkpatrick ( @carrot_c4k3 ),other,5
2024,Narendra Bhati with Lead Penetration Tester at Suma Soft Pvt. Ltd. India,other,5
2024,Felix Boulet with Centre gouvernemental de cyberdéfense (CGCD),other,5
2024,Wen with CyberKunLun,other,5
2024,Philippe Laulheret with Cisco Talos,other,5
2024,BochengXiang(@Crispr) with FDU,other,5
2024,Nirmala Nawale with Microsoft,other,5
2024,Quan Jin with DBAPPSecurity WeBin Lab,other,5
2024,Erik Donker,other,5
2024,Jimmy Bayne,other,5
2024,3wyeye5 with OSR,other,4
2024,Yuval Avrahami,other,4
2024,luckyu with NorthSea,other,4
2024,wkai with Codesafe Team of Legendsec at QI-ANXIN Group,other,4
2024,wh1tc & Zhiniang Peng,other,4
2024,@sim0nsecurity,other,4
2024,Arnold Osipov with Morphisec,other,4
2024,Michael Gorelik with Morphisec,other,4
2024,Om Apip with ITSEC Asia,other,4
2024,Li Shuang and willJ with vulnerability research institute,other,4
2024,Cristi Dudescu,other,4
2024,Adam Hassan with Microsoft Offensive Research & Security Engineering,other,4
2024,Adam Hassan with Microsoft Offensive Research & Security Engineering (MORSE),other,4
2024,Terrynini with DEVCORE,other,3
2024,Sam Pope with MSRC Vulnerabilities & Mitigations,other,3
2024,Erik Egsgard with Field Effect Software,other,3
2024,HongZhenhao with TianGong Team of Legendsec at Qi'anxin Group,other,3
2024,Meir Bloya,other,3
2024,Mathieu Fiore Laroche with Centre gouvernemental de cyberdéfense (CGCD),other,3
2024,Anonymous working with Trend Micro Zero Day Initiative,other,3
2024,Shmuel Uzan with Morphisec,other,3
2024,Sandro Poppi,other,3
2024,Dimitrios Valsamaras with Microsoft,other,3
2024,Florian Schweins,other,3
2024,Adel from MSRC V&M,other,3
2024,Haifei Li with Check Point Research,other,3
2024,Sazzad Mahmud Tomal,other,3
2024,batram,other,3
2024,NGO VAN TU (@tusnj),other,3
2024,Tianyao Xu(@sat0rn3),other,3
2024,Marcin Wiazowski with Trend Micro Zero Day Initiative,other,3
2024,"Luke Papandrea, Microsoft Corporation",other,3
2024,kap0k,other,3
2024,Piotr Bazydlo (@chudypb) of Trend Micro Zero Day Initiative,other,3
2024,Netanel Ben Simon with Microsoft Offensive Research & Security Engineering,other,3
2024,Thijs Alkemade with Computest Sector 7,other,2
2024,Khaled Nassar with Computest Sector 7,other,2
2024,Daan Keuper with Computest Sector 7,other,2
2024,Peter Girnus (gothburz) of Trend Micro's Zero Day Initiative with Trend Micro,other,2
2024,Brennan Conroy of Microsoft Corporation,other,2
2024,Alon Leviev with SafeBreach,other,2
2024,Thunder_J with lichoin,other,2
2024,nevul37 with CW Research Inc.,other,2
2024,JimSRush with PrivSec Consulting,other,2
2024,luckyu,other,2
2024,Jongseong Kim (nevul37) with Ajou University,other,2
2024,Hyeongseok Jang (rotiple),other,2
2024,Markus Wulftange with CODE WHITE GmbH,other,2
2024,ʌ!ↄ⊥ojv with Kunlun Lab,other,2
2024,Anonymous with Trend Micro Zero Day Initiative,other,2
2024,Laith AL-Satari,other,2
2024,dwbzn with Aura Information Security,other,2
2024,@australeo,other,2
2024,Oleg Zaytsev with Guardio,other,2
2024,esakis,other,2
2024,Tomer Peled with Akamai,other,2
2024,Radek Zikmund of Microsoft Corporation,other,2
2024,lm0963 with TianGongLab of Legendsec at QI-ANXIN Group,other,2
2024,Cameron Vincent with Microsoft,other,2
2024,QingHe Xie and FangMing Gu,other,2
2024,Marcin Wiazowski working with Trend Micro Zero Day Initiative,other,2
2024,Philemon Orphee Favrod with Microsoft,other,2
2024,Josh Watson with Microsoft,other,2
2024,Ray Reskusich with Microsoft,other,2
2024,Guy Arazi with Microsoft,other,2
2024,Angelboy (@scwuaptx) from DEVCORE Research Team working with Trend Micro Zero Day Initiative,other,2
2024,George Hughey with MSRC Vulnerabilities and Mitigations,other,2
2024,cjM00n & Edwardzpeng,other,2
2024,Dr. Florian Hauser @frycos with CODE WHITE GmbH,other,2
2024,"Jongseong Kim , Byunghyun Kang , Sangjun Park , Yunjin Park , Kwon Yul and Seungchan Kim with 우리 오늘부터 0-day? (BoB 12th)",other,2
2024,Wen of KunlunLab,other,2
2024,Martin Wrona (martin_jw) with Digitec Galaxus AG,other,2
2024,0x140ce,other,2
2024,Peng Zhou (zpbrent) with Shanghai University,other,2
2024,Dan Reynolds with MSRC Vulnerabilities & Mitigations,other,2
2024,Jael Koh,other,2
2024,Levi Broderick of Microsoft Corporation,other,2
2024,Brent Mills,other,2
2024,Mahavir Surana with Microsoft,other,2
2024,Mohammad Deilamy(MDM) with Fuzzer Cloud,fuzz,2
2024,Benjamin Rodes with Microsoft CodeQL,other,2
2024,Oran Moyal,other,1
2024,Simon Xiao with Microsoft,other,1
2024,Xiaobo Wang with Microsoft,other,1
2024,"He YiSheng, Zhang WangJunJie with Hillstone Network Security Research Institute",other,1
2024,Simon Zuckerbraun of Trend Micro Zero Day Initiative,other,1
2024,Pete Batard with Akeo Consulting,other,1
2024,"Salim S.I, Richard Y Lin, Atlas Huang (CTOne/TrendMicro) with Trend Micro Zero Day Initiative",other,1
2024,Dmitrij Lenz and Vlad Stolyarov of Google's Threat Analysis Group,other,1
2024,Hugo VINCENT with Synacktiv,other,1
2024,Evan McBroom,other,1
2024,"Aman Jain , Steve Johnson",other,1
2024,Sophos X-Ops,other,1
2024,Andreas Klopsch,other,1
2024,BeiBei Zhao,other,1
2024,YingLi Sun,other,1
2024,"BeiBei Zhao, YingLi Sun, FangMing Gu and QingHe Xie",other,1
2024,Kajetan Rostojek,other,1
2024,Vladimir Abramzon with Microsoft Offensive Research Security Engineering,other,1
2024,Abdan Mukhithon Alkayyis,other,1
2024,Christopher Lee (cubeof11),other,1
2024,Michael Pizzicaroli with Charles Schwab,other,1
2024,Hafiizh with YoKo Kho & Fahad Alamri,other,1
2024,Eduardo Braun Prado with Trend Micro Zero Day Initiative,other,1
2024,Microsoft Offensive Research & Security Engineering (MORSE),other,1
2024,"Alex Appleton, D. E. Shaw & Co., L.P.",other,1
2024,"Roman Konecny , Microsoft",other,1
2024,an0nym0us,other,1
2024,"AhnLab and National Cyber Security Center(NCSC), Republic of Korea",other,1
2024,Luigino Camastra and Milánek with Gen Digital,other,1
2024,luckyu with MatrixCup,other,1
2024,Anonymous with SSD Secure Disclosure,other,1
2024,Andrey Charikov with Check Point Software Technologies,other,1
2024,Oded Vanunu with Check Point Software Technologies,other,1
2024,nsfocus tianji lab with Matrix Cup,other,1
2024,Simon Zuckerbraun and Peter Girnus (@gothburz) of Trend Micro with Trend Micro,other,1
2024,Matt Morris,other,1
2024,Crispr Xiang(@Crispr) with FDU,other,1
2024,Eyal Ronen (Tel Aviv University) with Michal Shagam (Tel Aviv University),other,1
2024,Yarden Shafir,other,1
2024,hazard,other,1
2024,Fraunhofer FKIE CA&D,other,1
2024,YingQi Shi (@Mas0n) with DBAPPSecurity WeBin Lab,other,1
2024,Dan Reynolds and Sam Pope with MSRC Vulnerabilities & Mitigations,other,1
2024,Kyle Westhaus with Microsoft Offensive Research & Security Engineering (MORSE),other,1
2024,sunflower@knownsec404team,other,1
2024,John Jackson,other,1
2024,JeongOh Kyea of Theori working with SSD Secure Disclosure,other,1
2024,anonymous with MatrixCup,other,1
2024,Anonymous with Trend Micro Zero day Initiative,other,1
2024,Harry Withington with Aura Information Security,other,1
2024,Ilan Kotler,other,1
2024,Nicholas Zubrisky (@NZubrisky) of Trend Micro Zero Day Initiative,other,1
2024,Metin Yunus Kandemir,other,1
2024,Michael Boeynaems with Splynter,other,1
2024,Ezrakiez with MatrixCup,other,1
2024,Jhilakshi,other,1
2024,Evan Grant with Tenable,other,1
2024,Jimi Sebree with Tenable,other,1
2024,wtm with Offensi,other,1
2024,MUHAMMAD ZAID GHIFARI with KALIMANTAN UTARA,other,1
2024,Yunyi Zhang with NUDT,other,1
2024,osarc with VRI,other,1
2024,Jmini,other,1
2024,boolgombear,other,1
2024,diversenok,other,1
2024,Minghao Lin,other,1
2024,Agustin Toribio Moreno with Microsoft,other,1
2024,Unpatched.ai,other,1
2024,Jonathan Birch with Microsoft,other,1
2024,CyFrA,other,1
2024,"Alex Ionescu, working for Winsider Seminars & Solutions, Inc.",other,1
2024,st4nly0n working with Trend Micro Zero Day Initiative,other,1
2024,dkdfcd,other,1
2024,Advanced Research Team with CrowdStrike,other,1
2024,Peter Girnus of Trend Micro Zero Day Initiative,other,1
2024,James Davis,other,1
2024,Nikolay Salnikov with Microsoft,other,1
2024,SmallerDragon,other,1
2024,Nikolai Skliarenko with Trend Micro,other,1
2024,Jose Polo Bolano with Microsoft,other,1
2024,Dhiral Patel,other,1
2024,Jan Vojtěšek with Avast,other,1
2024,Eric Lawrence with Microsoft,other,1
2024,thongvv of GE Security (VNG),other,1
2024,"Aaron Erlandson, Trevor Harris, Jeff Klouda and Maggie Li",other,1
2024,Internally found by Microsoft,other,1
2024,Haifei Li of Check Point Research (https://research.checkpoint.com/),other,1
2024,Alex Gough with Chrome Security Team,other,1
2024,"Johnathan Norman, Windows & Devices Group - Operating System Security Team",other,1
2024,Oday Alhalabi,other,1
2024,Achmea Red Team with Achmea,other,1
2024,Fin Hume with WithSecure,other,1
2024,Abdelhamid Naceri,other,1
2024,1/2 gojo satoru,other,1
2024,Chris Hernandez with Adversary Academy,other,1
2024,Dimitrios Valsamaras of Microsoft,other,1
2024,STATE GRID INFORMATION&TELECOMMUNICATION BRANCH Wei Hu，Jingchu Wang,other,1
2024,Nick Landers with NetSPI,other,1
2024,Dima Lenz and Vlad Stolyarov of Google's Threat Analysis Group,other,1
2024,Bahaa Naamneh with Crosspoint Labs,other,1
2024,Marco Niederberger with Logico Solutions AG,other,1
2024,Shahar Zelig with Microsoft,other,1
2024,Oran Moyal with Microsoft,other,1
2024,ldwilmore34,other,1
2024,Kim Dong-Uk (@justlikebono),other,1
2024,HAO LI of VenusTech ADLab,other,1
2024,Anonymous Trend Micro Zero Day Initiative,other,1
2024,Tyler Price with Microsoft,other,1
2024,0poss with Thalium Team,other,1
2024,jackery,other,1
2024,Crypto Board,other,1
2024,@rezer0dai,other,1
2024,Satoshi Tanda with System Programming Lab,other,1
2024,Mingjia Liu with DBAPPSecurity WeBin Lab,other,1
2024,YingQi Shi with DBAPPSecurity WeBin Lab,other,1
2024,MingjiaLiu with DBAPPSecurity WeBin Lab,other,1
2024,Sujeet Kumar of Microsoft,other,1
2024,Stefan Kanthak,other,1
2024,José Miguel Moreno with COSEC (UC3M),other,1
2024,Emanuel Pichler with University of Technology Graz,other,1
2024,Om Apip,other,1
2024,Ben Barnea with Akamai Technologies,other,1
2024,Sangjun Park with 우리 오늘부터 0-day? (BoB 12th),other,1
2024,Jongseong Kim with 우리 오늘부터 0-day? (BoB 12th),other,1
2024,Byunghyun Kang with 우리 오늘부터 0-day? (BoB 12th),other,1
2024,Yunjin Park with 우리 오늘부터 0-day? (BoB 12th),other,1
2024,Kwon Yul with 우리 오늘부터 0-day? (BoB 12th),other,1
2024,Seungchan Kim with 우리 오늘부터 0-day? (BoB 12th),other,1
2024,"Sangjun Park , Jongseong Kim , Byunghyun Kang , Yunjin Park , Kwon Yul and Seungchan Kim with 우리 오늘부터 0-day? (BoB 12th)",other,1
2024,bframer12@live.com,other,1
2024,Michael Grafnetter,other,1
2024,Marc Newlin with SkySafe,other,1
2024,pwnht,other,1
2024,Keqi Hu,other,1
2024,Karel Rymes,other,1
2024,"Ngo Wei Lin, Billy Jheng Bing Jhong, Lê Hữu Quang Linh, Bruce Chen, Nguyn Tin Giang of STAR Labs SG Pte. Ltd.",other,1
2024,Vishal Mishra and Anita Gaud with Microsoft's Azure DevSec Variant Hunt Team,other,1
2024,Vishal Mishra and Anita Gaud with Microsoft's Azure DevSec Variant Hunt Team and Stav Nir from Microsoft,other,1
2024,Morgan Brown with Microsoft,other,1
2024,Lewis Lee & Zhiniang Peng,other,1
2024,Guy Lederfein of Trend Micro,other,1
2024,cjm00n of Cyber Kunlun & Zhiniang Peng,other,1
2024,go2bed,other,1
2024,Le Tran Hai Tung with Viettel Cyber Security,other,1
2024,George Holmes with Microsoft,other,1
2024,Tianze Ding (@D1iv3),other,1
2024,Philippe Laulheret of Cisco Talos,other,1
2024,Andrea Pierini with Semperis,other,1
2024,khoadha with vcslab from Viettel Cyber Security,other,1
2024,"Maxim Suhanov (MTS RED, dfir.ru)",other,1
2024,cdpython with AlpineLab,other,1
2024,9oat with AlpineLab,other,1
2024,g3un with AlpineLab,other,1
2024,"cdpython, 9oat and g3un with AlpineLab",other,1
2024,bobo and bee13oy with Cyber Kunlun Lab,other,1
2024,Tom Norfolk with AJ Bell,other,1
2024,A1gxer,other,1
2024,afang5472,other,1
2024,Bill Demirkapi of Microsoft,other,1
2024,Izzy Whistlecroft of Microsoft's Security Response Center,other,1
2024,Rajiv Chikine with Microsoft,other,1
2024,Christian Bortone with Merck KGaA,other,1
2024,Gus Catalano with Microsoft,other,1
2024,"Lewis Lee, Chunyang Han, and Zhiniang Peng",other,1
2024,Jonah Hook,other,1
2024,YanZiShuang@BigCJTeam of cyberkl,other,1
2024,Jakub Štrom,other,1
2024,Vladimir Abramzon with Microsoft,other,1
2024,Eli Arbel with Microsoft,other,1
2024,Renwa,other,1
2024,Gwangun Jung( @pr0ln ) and Junoh Lee( @bbbig12 ) at Theori( @theori_io ) working with Trend Micro Zero Day Initiative,other,1
2024,Alex Birnberg with SSD Secure Disclosure for TyphoonPWN24,other,1
2024,Bruno Pujos from REverse Tactics working with Trend Micro Zero Day Initiative,other,1
2024,Emma Kirkpatrick ( @carrot_c4k3 ) working with Trend Micro Zero Day Initiative,other,1
2024,Valentina Palmiotti ( @chompie1337 ) of IBM X-Force working with Trend Micro Zero Day Initiative,other,1
2024,Tobias Klein,other,1
2024,Or Yair with SafeBreach,other,1
2024,Brandon Zhang and Mohsen Mohammadi with Microsoft,other,1
2024,Benjamin Rodes from Microsoft,other,1
2024,849db8e253fb723f1bb056416bce0922,other,1
2024,Fangming Gu with OSR,other,1
2024,chino71 with OSR,other,1
2024,Yanir Tsarimi,other,1
2024,Renwa (@RenwaX23),other,1
2024,Chris Burr,other,1
2024,Manuel Feifel with Infoguard (Vurex),other,1
2024,Jo Sutton with Catalyst IT,other,1
2024,Andrew Schwartz with TrustedSec and Charlie Clark,other,1
2024,Iván Almuiña from Hacking Corporation Sàrl,other,1
2024,Xenos with Preligens,other,1
2024,Federico Martinez,other,1
2024,Vlad,other,1
2024,chief banana,other,1
2024,alirez,other,1
2024,Lim Wei Jian,other,1
2024,Artem with GetHacked Inc.,other,1
2024,Omar Eissa,other,1
2024,Sarah Mulnick,other,1
2024,Hector Peralta (@hperalta89) and Nicol\xc3\xa1s Armua working with Trend Micro Zero Day Initiative,other,1
2024,Seunghoe Kim and Daejin Lee of S2W Inc.,other,1
2024,Andrea Piazza,other,1
2024,Gee Sung with Aon,other,1
2024,cloud,other,1
2024,Guillaume André with Synacktiv,other,1
2024,Guopengfei from Codesafe Team of Legendsec at Qi'anxin Group,other,1
2024,Bryan Gonzalez from Ocelot Team & Metabase Q,other,1
2024,HeeChan Kim (@heegong123) of THEORI working with Trend Micro Zero Day Initiative,other,1
2024,Wei Lei and Sergey Kornienko (@b1thvn_) of PixiePoint Security working with Trend Micro Zero Day Initiative,other,1
2024,"HackInside (Yongil Lee, Ingyu Tae, Louis Hur) working with Trend Micro Zero Day Initiative",other,1
2024,James Lee,other,1
2024,Niraj Mahajan,other,1
2024,Vlad Stolyarov and Benoit Sevens of Google Threat Analysis Group Bryce Abdo and Adam Brunner of Google Mandiant,other,1
2024,Quan Jin with DBAPPSecurity WeBin Lab Guoxian Zhong with DBAPPSecurity WeBin Lab,other,1
2024,Mert Degirmenci and Boris Larin with Kaspersky,other,1
2024,Marcelo Takizawa with itigo,other,1
2024,Henry Wang with Microsoft Offensive Research and Security Engineering (MORSE),other,1
2024,Chen Le Qi with STAR Labs SG Pte. Ltd. mochizu with STAR Labs SG Pte. Ltd.,other,1
2024,RanchoIce,other,1
2024,Jordan Geurten with Microsoft,other,1
2024,Peng Zuo (zuopeng@cnnic.cn),other,1
2024,Qian Wang (wangqian@cnnic.cn),other,1
2024,Ming He (heming@cnnic.cn),other,1
2024,Zhiwei Yanyan (zhiwei@cnnic.cn),other,1
2024,Israel Yeshurun with ClearSky Cyber Security,other,1
2024,Slonser with Solidlab,other,1
2024,Joe Bialek with Microsoft,other,1
2024,Aleksandar Straumann with Meta,other,1
2024,Greg Prosser with Meta,other,1
2024,Jhilakshi with Microsoft,other,1
2024,Apoorv Wadhwa,other,1
2024,Gautam Peri,other,1
2024,anita gaud,other,1
2024,Tian Yu (@0gur1) . Submitted to Huntr by ProtectAI,other,1
2024,D4m0n with CW Research Inc.,other,1
2024,Sergey Tarasov with Positive Technologies immortalp0ny,other,1
2024,ChengBin Wang with ZheJiang Guoli Security Technology,other,1
2024,Joe Bialek (Microsoft Offensive Research & Security Engineering),other,1
2024,Kam Reypour,other,1
2024,Andrew Ruddick with Microsoft Red Team,other,1
2024,Justin Bollinger with TrustedSec,other,1
2024,Scot Berner with TrustedSec,other,1
2024,Lou Scicchitano with TrustedSec,other,1
2024,Orange Tsai (@orange_8361) with DEVCORE,other,1
2024,splitline (@_splitline_) with DEVCORE,other,1
2024,Vlad Stolyarov and Bahare Sabouri of Google's Threat Analysis Group,other,1
2024,Mozilla Security Team,other,1
2024,Simon (@sim0nsecurity),other,1
2024,Sakil Hasan Saikat,other,1
2024,Jeff Li,other,1
2024,Alex Naparu,other,1
2024,Kerim Hanif,other,1
2024,Bryan Mathew,other,1
2024,Omar Alatwi,other,1
2024,Maxim Suhanov with CICADA8,other,1
2024,Stiv Kupchik with Akamai,other,1
2024,YingQi Shi (@Mas0n) with DBAPPSecurity WeBin Lab and Minghao Lin(@Y1nKoc),other,1
2024,Polar Penguin,other,1
2024,Roy Lindholm,other,1
2024,Tom Deseyn with Red Hat,other,1
2024,InvisibleMeerkat with https://www.kalmarunionen.dk/,other,1
2024,Martin.JM,other,1
2024,Mateusz Tyl with STM Cyber,other,1
2024,Metin Yunus Kandemir with unsafe-inline,other,1
2024,mohamed usman dasthaheer,other,1
2024,wangzhibei,other,1
2024,Karan Bamal (abankalarm),other,1
2024,Erik Donker with Microsoft,other,1
2024,Francisco Falcón and Iván Arce of Quarkslab,other,1
2024,Netanel Ben Simon,other,1
2024,Netanel Ben Simon and Meir Bloya,other,1
2024,DarkNavy,other,1
2024,Paul Miller with Microsoft,other,1
2024,Eirik George Tsarpalis of Microsoft Corporation,other,1
2024,cyfra07 . Submitted to Huntr by ProtectAI,other,1
2024,Mehdi Elyassa with Synacktiv,other,1
2024,Wade Lin with MICROSOFT,other,1
2024,Samuel Lee,other,1
2024,Thomas Imbert with Synacktiv,other,1
2024,insu with Theori,other,1
2024,Sujeet Kumar with Microsoft,other,1
2024,Michael Torres,other,1
2024,Andres and Shady,other,1
2024,Marius Negrutiu with AVIRA,other,1
2024,Garrett Moore with CrowdStrike,other,1
2024,Jose Polo Bolano and Tommy Sturgeon with Microsoft,other,1
2024,Naor Hodorov,other,1
2024,pwnull,other,1
2024,ahmad alassaf,other,1
2024,Ahmad Khan,other,1
2024,Barry Markey with Microsoft,other,1
2024,Zero Wan with QRT,other,1
2024,Malu Harten,other,1
2024,Rohit Mothe with MSRC Vulnerabilities & Mitigations,other,1
2024,Devin Jensen,other,1
2024,Rémi Jullian with Synacktiv,other,1
2024,Bùi Quang Hiếu (@tykawaii98),other,1
2024,c0d3nh4ck with Zscaler's ThreatLabz,other,1
2024,"Masahiro Iida with LAC Co., Ltd.",other,1
2024,Michael Baer with SEC Consult Vulnerability Lab,other,1
2024,Joe Desimone with Elastic Security,other,1
2024,Microsoft Windows Authentication Team,other,1
2024,Christopher Leung,other,1
2024,Cisco Talos,other,1
2024,Zhiniang Peng Chunyang Han Lewis Lee,other,1
2024,Will Dormann with Vul Labs,other,1
2024,"Michael Macelletti, Naiyi Jiang and Adel with Microsoft",other,1
2024,Peter Girnus (@gothburz) of Trend Micro Zero Day Initiative,other,1
2024,Ben Faull with Microsoft,other,1
2024,Mandar Sadye with Microsoft,other,1
2024,HAO LI with Venustech ADLab,other,1
2024,"Shimi Gersner with Azure Networking Security Research (ANSR), Microsoft",other,1
2024,cjm00n with Cyber Kunlun,other,1
2024,cjm00n with Cyber Kunlun & Zhiniang Peng,other,1
2025,Anonymous,other,222
2025,k0shl with Kunlun Lab,other,38
2025,Angelboy (@scwuaptx) with DEVCORE,other,33
2025,Haifei Li with EXPMON,other,26
2025,Azure Yang with Kunlun Lab,other,19
2025,0x140ce,other,18
2025,Zhiniang Peng with HUST & R4nger with CyberKunLun,other,18
2025,George Hughey with MSRC Vulnerabilities & Mitigations,other,17
2025,"Hwiwon Lee (hwiwonl), SEC-agent team",explicit_ai,16
2025,hazard,other,15
2025,"Jongseong Kim (nevul37), SEC-agent team with ENKI WhiteHat",explicit_ai,14
2025,Zhihua Wen with CyberKunLun,other,13
2025,Microsoft Offensive Research & Security Engineering,other,12
2025,insu with Theori,other,12
2025,Anonymous with Codesafe Team of Legendsec at QI-ANXIN Group,other,11
2025,ʌ!ɔ⊥ojv with Kunlun Lab,other,11
2025,YanZiShuang@BigCJTeam of cyberkl,other,10
2025,cyanbamboo,other,10
2025,ChenJian with Sea Security Orca Team,other,10
2025,cyanbamboo and b2ahex,other,9
2025,b2ahex,other,9
2025,cdbb6164ddfda2b210fd348442322115,other,9
2025,R4nger with CyberKunLun & Zhiniang Peng with HUST,other,9
2025,"Jongseong Kim (nevul37) with Ajou University, and working at ENKI WhiteHat",other,8
2025,Simon (@sim0nsecurity),other,8
2025,Nan Wang(@eternalsakura13),other,8
2025,Zhiniang Peng with HUST,other,7
2025,bee13oy with Cyber Kunlun Lab,other,7
2025,"Dongjun Kim (smlijun) with Ajou University, and working at ENKI WhiteHat",other,7
2025,wh1tc in Kunlun lab & devoke & Zhiniang Peng with HUST,other,7
2025,Aobo Wang,other,7
2025,0x140ce(Peace & Love),other,6
2025,Li Shuang and willJ with Vulnerability Research Institute,other,6
2025,zcgonvh,other,6
2025,BochengXiang(@Crispr) with FDU,other,6
2025,Chen Le Qi (@cplearns2h4ck) with STAR Labs SG Pte. Ltd.,other,6
2025,T0,other,6
2025,Filip Dragović,other,6
2025,Yuki Chen,other,6
2025,Yarden Shafir,other,6
2025,Hussein Alrubaye with Microsoft,other,6
2025,Quan Jin with DBAPPSecurity,other,6
2025,Alon Leviev with Microsoft (STORM),other,6
2025,Will Dormann with Vul Labs,other,5
2025,Philemon Orphee Favrod with Microsoft,other,5
2025,Polar Penguin,other,5
2025,Pwnforr777,other,5
2025,Taewoo (Tae_ω02),other,5
2025,Erik Egsgard with Field Effect,other,5
2025,namnp with Viettel Cyber Security,other,5
2025,ycdxsb,other,5
2025,boolgombear,other,5
2025,Simon Zuckerbraun of Trend Zero Day Initiative,other,5
2025,Chunyang Han,other,5
2025,Sandro Poppi,other,4
2025,Microsoft Threat Intelligence Center,other,4
2025,Josh Watson with Microsoft,other,4
2025,Ceri Coburn with NetSPI,other,4
2025,HongZhenhao with TianGong Team of Legendsec at Qi'anxin Group,other,4
2025,Varun Goel,other,4
2025,4n0nym4u5 with Zscaler,other,4
2025,Ray Reskusich with Microsoft,other,4
2025,Daniel Santos with Microsoft,other,4
2025,haowei yan(jingdong dawnslab),other,4
2025,Microsoft Threat Intelligence Center (MSTIC) & Microsoft Security Response Center (MSRC),other,4
2025,"Li Shuang, willJ and Guang Gong with Vulnerability Research Institute",other,4
2025,Maxim Suhanov with CICADA8,other,4
2025,Adel and Benjamin Rodes,other,4
2025,goodbyeselene,other,4
2025,Arnold Osipov with Morphisec,other,4
2025,Unpatched.ai,other,4
2025,Netanel Ben Simon with Microsoft Offensive Research & Security Engineering (MORSE),other,4
2025,Alon Leviev with Microsoft Offensive Research & Security Engineering (MORSE),other,4
2025,Lewis Lee,other,4
2025,"nerty_nerty(Ingyu Yang), Mukyoung Kwak, Seongheun Hong, Jaeseok Bae, Jiwon Jang, Seoyun Cho with Best of the Best 13th Team MSRC Gasan",other,4
2025,zcgonvh's cat Vanilla,other,4
2025,Estevam Arantes with Microsoft,other,4
2025,Stav Nir with Microsoft,other,4
2025,"Zhang WangJunJie, He YiSheng with Hillstone Networks Security Research Institute",other,4
2025,Blaz Satler with 0patch by ACROS Security,other,3
2025,f4 & Zhiniang Peng with HUST,other,3
2025,Floriel (EPIN),other,3
2025,"Maxime Villard, of M.O.R.S.E.",other,3
2025,Felix Boulet,other,3
2025,Yanir Tsarimi,other,3
2025,Fabiano Amorim with Pythian,other,3
2025,Michal Kamensky with Microsoft,other,3
2025,c0d3nh4ck with Zscaler's ThreatLabz,other,3
2025,Ari Marzuk with https://maccarita.com/,other,3
2025,"JaGoTu with DCIT, a.s.",other,3
2025,"Zhang WangJunJie, He YiSheng with Hillstone Network Security Research Institute",other,3
2025,pwnky,other,3
2025,anonymous,other,3
2025,Anonymous working with Trend Zero Day Initiative,other,3
2025,Marcin Wiazowski working with Trend Zero Day Initiative,other,3
2025,Ezrak1e,other,3
2025,P1hcn,other,3
2025,Brad Schlintz (nmdhkr),other,3
2025,f4,other,3
2025,VictorV(Tang tianwen) with Kunlun Lab,other,3
2025,Michael Gorelik with Morphisec,other,3
2025,Quan Jin with DBAPPSecurity WeBin Lab,other,3
2025,Fraunhofer FKIE CA&D,other,3
2025,wh1tc with Kunlun Lab & Zhiniang Peng with HUST,other,3
2025,Mehdi Elyassa with Synacktiv,other,3
2025,Viettel Cyber Security with Trend Zero Day Initiative,other,3
2025,Or Yair with SafeBreach,other,3
2025,Dan Reynolds with MSRC Vulnerabilities & Mitigations,other,3
2025,Erik Donker with Microsoft,other,3
2025,ChengBin Wang with ZheJiang Guoli Security Technology,other,3
2025,Nacl,other,3
2025,Nathan Shomber of Microsoft,other,3
2025,"Lewis Lee , Chunyang Han and Zhiniang Peng with HUST",other,3
2025,"Jongseong Kim (nevul37) and Dongjun Kim (smlijun) with Ajou University, and working at ENKI WhiteHat",other,2
2025,"Zhiniang Peng with HUST, devoke with HUST, wh1tc with Kunlun Lab",other,2
2025,f4(@dnpushme),other,2
2025,Barath Stalin K,other,2
2025,Microsoft Offensive Research & Security Engineering (MORSE) with Microsoft,other,2
2025,Tobias Diehl with Umpqua Bank,other,2
2025,"Zhang WangJunJie, He YiSheng with Hillstone Networks",other,2
2025,Chief Banana,other,2
2025,Ben Faull with Microsoft,other,2
2025,Chris Thompson with SpecterOps,other,2
2025,Dirk-jan Mollema with Outsider Security,other,2
2025,Evan Grant,other,2
2025,Anna Breeva,other,2
2025,Ruben Enkaoua with Cymulate,other,2
2025,Arnaud Lubin,other,2
2025,Chen Le Qi ( @cplearns2h4ck ) of STAR Labs SG Pte. Ltd. ( @starlabs_sg ) with Trend Zero Day Initiative,other,2
2025,Seongheun Hong (seongheunh) with Ajou University,other,2
2025,Marat Gayanov with Positive Technologies,other,2
2025,dungnm with Viettel Cyber Security,other,2
2025,Ha Anh Hoang with Viettel Cyber Security,other,2
2025,Gábor Selján with Check Point Research,other,2
2025,Jimmy Bayne of IBM X-Force,other,2
2025,nxhoang99 with VCSLab of Viettel Cyber Security,other,2
2025,Jun Kokatsu,other,2
2025,Farras Givari with Meta4sec,other,2
2025,Renwa (@RenwaX23),other,2
2025,Andrea Pierini with Semperis,other,2
2025,Milan Justel with Microsoft,other,2
2025,Devin Jensen with Microsoft,other,2
2025,Benjamin Rodes from Microsoft,other,2
2025,Jongseong Kim (nevul37) with Ajou University & ENKI WhiteHat,other,2
2025,"Jmini, Rotiple, D4m0n with Trend Micro Zero Day Initiative",other,2
2025,Zammis Clark,other,2
2025,ʌ!ↄ⊥ojv with Kunlun Lab,other,2
2025,Adel from MSRC V&M,other,2
2025,Shubh Sidhu,other,2
2025,Donghyeon Oh,other,2
2025,JONGHOI KIM,other,2
2025,Sergey Tarasov with Positive Technologies,other,2
2025,fb8a5048b1d8827e8ae96f410d40bf00cc313e3cc307da0df9e18099c9398b51,other,2
2025,Eliran Partush with Silverfort,other,2
2025,Dor Segal with Silverfort,other,2
2025,Mark Riehm,other,2
2025,Bruno Botelho,other,2
2025,zoemurmure with Qingteng,other,2
2025,Shahak Morag with SafeBreach,other,2
2025,SmallerDragon,other,2
2025,Felix B.,other,2
2025,"Mukyoung Kwak, Seongheun Hong, Jaeseok Bae, Ingyu Yang, Jiwon Jang, Seoyun Cho with Best of the Best 13th Team MSRC Gasan",other,2
2025,Shmuel Uzan with Morphisec,other,2
2025,Benoît Sevens and Vlad Stolyarov of Google Threat Analysis Group,other,2
2025,j00sean,other,2
2025,SkorikARI with SkorikARI,other,2
2025,John Ostrowski with Compass Security,other,2
2025,Nicholas Vadasz,other,2
2025,Yarin Aharoni with SafeBreach,other,2
2025,wh1tc with Kunlun Lab,other,2
2025,devoke with HUST,other,2
2025,Microsoft,other,2
2025,YingQi Shi (@Mas0n) with DBAPPSecurity WeBin Lab,other,2
2025,"Jongseong Kim (nevul37), SEC-agent team",explicit_ai,2
2025,James Forshaw with Google Project Zero,other,2
2025,Nakkouch Tarek,other,2
2025,Sharan Patil with WithSecure Consulting,other,2
2025,TyphoonPWN Windows PE Winner with SSD Secure Disclosure,other,2
2025,MEOW,other,2
2025,Maxime Villard,other,2
2025,Sharan Patil with REVERSEC,other,2
2025,bountyplz,other,2
2025,Kunlun Lab with https://www.cyberkl.com/,other,1
2025,@TrueUnitySect,other,1
2025,DongJun Kim with Enki WhiteHat,other,1
2025,Jongseong Kim with Enki WhiteHat,other,1
2025,Konstantin Ruhmann with Volkswagen Financial Services AG,other,1
2025,邹瑞伦 with Codesafe Team of Legendsec at Qi'anxin Group,other,1
2025,cjm00n with Kunlun Lab & Zhiniang Peng with HUST,other,1
2025,Daniel Weglowski,other,1
2025,Sam Pope with MSRC Vulnerabilities & Mitigations,other,1
2025,Microsoft SMIS Team,other,1
2025,Zhiniang Peng with HUST and wh1tc with kunlun lab,other,1
2025,Sébastien Huneault with CyberQuébec,other,1
2025,Microsoft Offensive Research & Security Engineering with Microsoft,other,1
2025,MUHAMMAD ZAID GHIFARI with KALIMANTAN UTARA,other,1
2025,Alex Stanescu with Microsoft,other,1
2025,Derek Chu and Alex Stanescu with Microsoft,other,1
2025,Vani Nadh Koyi with Microsoft,other,1
2025,Vijay Chegu with Microsoft,other,1
2025,Dan DeFolo with Microsoft,other,1
2025,Eduardo Barrera with Microsoft,other,1
2025,Julian Lemmerich with cirosec GmbH,other,1
2025,Lukas Dusold with cirosec GmbH,other,1
2025,Hu Bowen with Nanyang Technological University,other,1
2025,Wang Kuo with Nanyang Technological University,other,1
2025,Chang Chip-Hong with Nanyang Technological University,other,1
2025,Oscar Virot with Toriv AB,other,1
2025,Remco van der Meer,other,1
2025,Or Yair and Shahak Morag with SafeBreach,other,1
2025,Deven Bowers with Microsoft,other,1
2025,Nicholas Vadasz with Microsoft,other,1
2025,Erik Peterson with Microsoft Corporation,other,1
2025,Robert Zhao and Erik Peterson with Microsoft Corporation,other,1
2025,Zhiniang Peng with HUST Ver Lewis Lee,other,1
2025,Jordan Borean,other,1
2025,Sébastien Huneault with Cégep de l'Outaouais,other,1
2025,Dimitrios Valsamaras with Microsoft,other,1
2025,Matthieu Buffet,other,1
2025,Micky Thongam - HackSys Inc working with Trend Micro Zero Day Initiative,other,1
2025,"Rodrigo D' Afonseca Silva, Pedro Henrique Pereira Souza, Lucas Luna Gomes Do Rosario, and Josè Acácio Dos Santos Costa",other,1
2025,"cjm00n, wh1tc with Kunlun Lab & Zhiniang Peng with HUST",other,1
2025,"Víctor A. Morales from GM Sectec, Inc.",other,1
2025,Ivan Lepies with IstroSec s.r.o.,other,1
2025,Han Zheng with HexHive,other,1
2025,James Newton-King with Microsoft,other,1
2025,Nick Wojciechowski,other,1
2025,Nicklas Broberg Larsson with Navigot AB,other,1
2025,batram,other,1
2025,Ben Sparks,other,1
2025,boolgombear & Jmini,other,1
2025,Jmini and boolgombear,other,1
2025,Paweł Szafirowski (Proximus) with Saphir CyberSecurity,other,1
2025,Emad Al-Mousa,other,1
2025,Batuhan Er with HawkTrace,other,1
2025,Johann Rehberger with https://embracethered.com/,other,1
2025,Markus Vervier with Persistent Security Industries GmbH,other,1
2025,Adri Bonilla Martin (k0x),other,1
2025,Lucas Miller of Trend Research,other,1
2025,Hussein Aurbyae with Microsoft,other,1
2025,Hyeonjin Choi (@d4m0n_8) of Out Of Bounds with Trend Zero Day Initiative,other,1
2025,Shadi Habbal with TÜV Rheinland i-sec GmbH,other,1
2025,Kai Lu of Palo Alto Networks,other,1
2025,goodbyeselene with Trend Zero Day Initiative,other,1
2025,Bùi Quang Hiếu (@tykawaii98) with Crowdfense,other,1
2025,Aleksandr Koshelev from Crowdfense,other,1
2025,Do Manh Dung & Nguyen Dang Nguyen of STAR Labs SG Pte. Ltd. ( @starlabs_sg ) working with Trend Zero Day Initiative,other,1
2025,DEVCORE - Angelboy (@scwuaptx) from DEVCORE Research Team with Trend Zero Day Initiative,other,1
2025,0x140ce[LLMole],other,1
2025,wh1tc & Zhiniang Peng with HUST,other,1
2025,"wh1tc in Kunlun lab, devoke, Zhiniang Peng with HUST",other,1
2025,"wh1tc in Kunlun lab, devoke & Zhiniang Peng with HUST",other,1
2025,"Li Shuang, willJ, and Guang Gong with the Vulnerability Research Institute",other,1
2025,Tianze Ding (@D1iv3),other,1
2025,Yuval Gordon with Akamai,other,1
2025,Nitesh Surana (niteshsurana.com) and Nelson William Gamazo Sanchez of Trend Research,other,1
2025,QWangWang & zcgonvh,other,1
2025,"Luke Papandrea, Microsoft Corporation",other,1
2025,Ming-Wei Shih with Microsoft,other,1
2025,Ahmad Abdullateef with Microsoft,other,1
2025,Railgun with Kunlun Lab,other,1
2025,Alwi Al Hadad with Meta4sec - Komunitas Siber UNM,other,1
2025,Syarif Muhammad Sajjad,other,1
2025,Thunder_J,other,1
2025,0rb1t with None,other,1
2025,Taeω02,other,1
2025,Tushar Maroo with Microsoft,other,1
2025,National Security Agency,other,1
2025,ErPaciocco,other,1
2025,wh1tc@Kunlun lab& devoke & Zhiniang Peng with HUST,other,1
2025,Mitchell Turner with Prelude Research,other,1
2025,https://x.com/33y0re Connor McGarr with https://www.preludesecurity.com Prelude Research,other,1
2025,Francisco José Carot Ripollés (RipFran) with KPMG Spain,other,1
2025,José Pedro Pereira Junior; https://www.linkedin.com/in/jose-pedro-pereira-jr/,other,1
2025,Osman Eren Güneş,other,1
2025,Melih Kaan Yıldız,other,1
2025,Pēteris Hermanis Osipovs,other,1
2025,DeadOverflow,other,1
2025,Justin Necke,other,1
2025,Gautam Peri,other,1
2025,wtm with Offensi,other,1
2025,Dan Reimer with Microsoft,other,1
2025,Jianyang Song,other,1
2025,jhilakshi,other,1
2025,xzyhellsing,other,1
2025,Ilan Kalendarov with Cymulate,other,1
2025,Elad Beber with Cymulate,other,1
2025,Ben Zamir with Cymulate,other,1
2025,Karan Bamal with Sentinel One,other,1
2025,Stefan Đurašković,other,1
2025,F4,other,1
2025,Stéphane Emma with POST Luxembourg,other,1
2025,Jérémie Fréreault,other,1
2025,MOAAD AKHRAZ,other,1
2025,Simon Zuckerbraun and Peter Girnus of Trend Micro Zero Day Initiative,other,1
2025,Francisco Falcón and Iván Arce of Quarkslab,other,1
2025,Nirmala Nawale with Microsoft,other,1
2025,Varun Goel from Microsoft,other,1
2025,MORSE,other,1
2025,Yorick Koster of Securify B.V.,other,1
2025,Vincent Yau with Cathay Pacific,other,1
2025,Ivan Sheung with Cathay Pacific,other,1
2025,Owen Cheung with Cathay Pacific,other,1
2025,cjm00n with Cyber Kunlun & Zhiniang Peng,other,1
2025,AshLc,other,1
2025,Simon Zuckerbraun with Trend Micro Zero Day Initiative,other,1
2025,Mohd Huzaifa,other,1
2025,findbug,other,1
2025,nicolas joly,other,1
2025,Raj Kumar with Microsoft,other,1
2025,Asna Farooqui,other,1
2025,George Hughey,other,1
2025,RanchoIce,other,1
2025,Mozilla,other,1
2025,Sebastian Sadeq Birke with ReTest Security ApS,other,1
2025,André Schoorl and Bruno Pereira Vidal,other,1
2025,Bruno Pereira Vidal,other,1
2025,Haifei Li with Check Point Research,other,1
2025,Eric Lawrence with Microsoft,other,1
2025,Noah Gilson with Microsoft,other,1
2025,Daniel Plaisted with Microsoft,other,1
2025,Jmini,other,1
2025,SeungYun LEE with bObffice (BOB13th),other,1
2025,JunHyuk Im with bObffice (BOB13th),other,1
2025,Kiyeon Jeong with bObffice (BOB13th),other,1
2025,JongGeon KIM with bObffice (BOB13th),other,1
2025,Jeongmin Choi with bObffice (BOB13th),other,1
2025,Seungyun LEE with bObffice(BOB 13th),other,1
2025,Jeongmin Choi with bObffice(BOB 13th),other,1
2025,Junhyuk IM with bObffice(BOB 13th),other,1
2025,JongGeon KIM with bObffice(BOB 13th),other,1
2025,Kiyeon Jeong with bObffice(BOB 13th),other,1
2025,Kian Gorgichuk,other,1
2025,SkorikARI,other,1
2025,Bastian Kanbach with SSE - Secure Systems Engineering GmbH,other,1
2025,M1n9K1n9 with APT250,other,1
2025,Adrien Scholler with Holiseum,other,1
2025,CSIRT MON,other,1
2025,Eduardo Berlanga (seqode),other,1
2025,Kyle Westhaus with Microsoft Offensive Research & Security Engineering (MORSE),other,1
2025,Simon Zuckerbraun of Trend Micro Zero Day Initiative,other,1
2025,Li Shuang and willJ with vulnerability research institute,other,1
2025,Australian Signals Directorate,other,1
2025,"Mukyoung Kwak, Seongheun Hong, Jaeseok Bae, Inkyu Yang, Jiwon Jang, Seoyun Cho with Best of the Best 13th Team MSRC Gasan",other,1
2025,Tzah Pahima,other,1
2025,Internal with Microsoft,other,1
2025,Dylan Bickerstaff with below average,other,1
2025,asnine,other,1
2025,Sazzad Mahmud Tomal,other,1
2025,"Alex Ionescu, working for Winsider Seminars & Solutions, Inc.",other,1
2025,"Windows Kernel, Virtualization & Security Team",other,1
2025,Gus Catalano with Microsoft,other,1
2025,Marin Duroyon,other,1
2025,Filip Dragovic (@filip_dragovic) working with Trend Zero Day Initiative,other,1
2025,Wh1tc with Kunlun Lab & Zhiniang Peng with HUST,other,1
2025,Or Yair Or Yair with SafeBreach,other,1
2025,Shahak Morag Shahak Morag with SafeBreach,other,1
2025,Vladimir Aleksic with Microsoft,other,1
2025,JeongOh Kyea with THEORI,other,1
2025,Kaligula Armblessed (@KaligulaSec) with STAR Labs SG Pte. Ltd.,other,1
2025,Muhammad Alqi Fahrezi,other,1
2025,Nan Wang(@eternalsakura13) and Ziling Chen,other,1
2025,Anonymous with Microsoft,other,1
2025,Ron Ben Yizhak with SafeBreach,other,1
2025,Seungjin Oh (@seungjin01) with 78ResearchLab,other,1
2025,OUYANG FEI,other,1
2025,Netanel Ben Simon and Alon Leviev with Microsoft Offensive Research & Security Engineering (MORSE),other,1
2025,Arjun Vasudeva with MSRC V&M,other,1
2025,Windows Kernel Virtualization & Security Team,other,1
2025,"Windows Kernel, Virtualization & Silicon Team",other,1
2025,Praveen with Microsoft Corp.,other,1
2025,Axel Andrejs,other,1
2025,Cherie-Anne Lee (@KaligulaSec) with STAR Labs SG Pte. Ltd.,other,1
2025,cjm00n with Kunlun Lab & Zhiniang Peng,other,1
2025,Viettel Cyber Security working with Trend Zero Day Initiative,other,1
2025,"Guang Gong, Li Shuang and willJ with Vulnerability Research Institute",other,1
2025,Eakasit Tangmunchittham with Secure-D Center,other,1
2025,Ravi Shetye with Microsoft,other,1
2025,Marcin Wiazowski with Trend Zero Day Initiative,other,1
2025,Mathias Vorreiter Pedersen with Microsoft,other,1
2025,Benjamin Rodes with Microsoft,other,1
2025,George Hughey with Microsoft,other,1
2025,Omer Dahan,other,1
2025,Christian August Holm Hansen with Binary Security,other,1
2025,khoadha with vcslab of Viettel Cyber Security,other,1
2025,jony_juice,other,1
2025,Seunghoe Kim with S2W Inc.,other,1
2025,Genghis Karimov with Microsoft High-Availability Storage Group,other,1
2025,Alexander Pudwill,other,1
2025,Sergey Bliznyuk with Positive Technologies,other,1
2025,whoisthatguy,other,1
2025,Naor Hodorov,other,1
2025,Kolja Grassmann with Neodyme AG,other,1
2025,"Ken Kitahara with LAC Co., Ltd.",other,1
2025,Robbie Corley,other,1
2025,Julian Härig,other,1
2025,Shay Berkovich with Wiz,other,1
2025,Alexandra Gofman and David Driker (Check Point Research),other,1
2025,Christopher Whipp with Services Australia,other,1
2025,Mingda Li with Dow,other,1
2025,James Forshaw of Google Project Zero,other,1
2025,RedTeam Pentesting GmbH,other,1
2025,Stefan Walter and Daniel Isern with SySS GmbH,other,1
2025,Ahamada M'Bamba (h1roki),other,1
2025,Cameron Stish with GuidePoint Security,other,1
2025,Wilfried Bécard with Synacktiv,other,1
2025,Keisuke Hirata with CrowdStrike,other,1
2025,Railgun with Kunlun Lab & Zhiniang Peng with HUST,other,1
2025,Nitesh Surana (@_niteshsurana) & Nelson William Gamazo Sanchez of Trend Micro Research with Trend Zero Day Initiative,other,1
2025,rushbruh,other,1
2025,raven at Kunlun Lab,other,1
2025,Puf,other,1
2025,Aim Labs (Part of Aim Security),other,1
2025,Zahid TOKAT,other,1
2025,Exodus Intelligence Vendor Disclosure Team with Exodus Intelligence,other,1
2025,l1k3beef,other,1
2025,Adel and Benjamin Rodes.,other,1
2025,Aakriti Shukla with Microsoft,other,1
2025,Lockheed Martin Red Team,other,1
2025,R4nger & Zhiniang Peng with HUST,other,1
2025,Ashana Sharan with Microsoft India,other,1
2025,Rintaro Koike with NTT Security Holdings,other,1
2025,0x6rss,other,1
2025,hyp3rlinx,other,1
2025,Jay Ladhad with Microsoft,other,1
2025,Wayne Low of Synapxe,other,1
2025,Florian Schweins,other,1
2025,Filip Jurčacko with ESET,other,1
2025,Zhengyu Liu and Jiacheng(Gavin) Zhong with Johns Hopkins University,other,1
2025,Zhengyu Liu with Johns Hopkins University,other,1
2025,Jiacheng(Gavin) Zhong with Johns Hopkins University,other,1
2025,SP with WithSecure Consulting,other,1
2025,Aliakbar Zahravi with Trend Micro,other,1
2025,Ahmed ElMasry,other,1
2025,Om Apip with ITSEC Asia,other,1
2025,canalun,other,1
2025,Rich Mirch with Stratascale,other,1
2025,astraleureka (eureka@astr.al),other,1
2025,zeeagil,other,1
2025,Vladimir Lagunov with JetBrains,other,1
2025,Yansen with PulseSecure Pte Ltd.,other,1
2025,Naceri with MSRC Vulnerabilities & Mitigations,other,1
2025,Prasanna Kudli,other,1
2025,CrowdStrike Advanced Research Team,other,1
2025,Benoit Sevens of Google Threat Intelligence Group,other,1
2025,Abdulrahman Zaiter,other,1
2025,Joshua Murrell with NetSPI,other,1
2025,Dan Mattson with Microsoft,other,1
2025,Byunghyun Kang with Sejong University,other,1
2025,Dan Reynolds,other,1
2025,MORSE with Microsoft,other,1
2025,Genghis Karimov with Microsoft High Availability Storage Group,other,1
2025,R4nger & Zhiniang Peng,other,1
2025,Gábor Selján with Check Point,other,1
2025,G1ND1L4 with Microsoft,other,1
2025,Shay Shavit,other,1
2025,Cameron Vincent with Microsoft,other,1
2025,Rich Mirch with Stratascale Cyber Research Unit,other,1
2025,TwinkleStar03 with DEVCORE Internship Program,other,1
2025,Jongseong Kim (nevul37) with ENKI WhiteHat,other,1
2025,Dongjun Kim (smlijun) with ENKI WhiteHat,other,1
2025,Valter Wik with Cparta Cyber Defense AB,other,1
2025,Valter Mann with Cparta Cyber Defense AB,other,1
2025,Anonymous with Trend Zero Day Initiative,other,1
2025,@dnpushme & Zhiniang Peng with HUST & @sat0rn3,other,1
2025,Vo Van Thong with VNGGames,other,1
2025,Vaisha Bernard with Eye Security,other,1
2025,cjm00n & Zhiniang Peng with HUST,other,1
2025,IuHrm & cjm00n & Zhiniang Peng with HUST,other,1
2025,Sriharsha Pallekonda with Microsoft,other,1
2025,Harsh Vardhan with Microsoft,other,1
2025,Rocco Calvi (@TecR0c) with TecSecurity,other,1
2025,Sruthy TV,other,1
2025,Manish Kumawat,other,1
2025,41ae55e9310ff27fa6f26af4727e5590,other,1
2025,Philip Tsukerman with Cyberark,other,1
2025,Name: Lam Jun Rong Company name: NUS Greyhats URL: https://jro.sg,other,1
2025,Tarek Nakkouch,other,1
2025,AmeenBasha M K,other,1
2025,serverinspector,other,1
2025,Brandon Kraycirik,other,1
2025,@2st___ of Diffract Thanatos Tian of Diffract R4nger with Kunlun Lab Zhiniang Peng with HUST,other,1
2025,Joel Land of CISA Vulnerability Response and Coordination,other,1
2025,"Bryan Gonzalez, Ocelot Team @ Metabase Q",other,1
2025,Sid,other,1
2025,Fabian Mosch with r-tec IT Security GmbH Jordan Jay,other,1
2025,MSTIC,other,1
2025,Netanel Ben Simon with Microsoft (STORM),other,1
2025,Toaster,other,1
2025,"Lewis Lee , Chunyang Han , and Zhiniang Peng with HUST",other,1
2025,Samuel Pope with MSRC,other,1
2025,"Lewis Lee , Ver and Zhiniang Peng of HUST",other,1
2025,Ron Benyizhak with Safebreach,other,1
2025,Justin Hendricks,other,1
2025,Nikita Markevich,other,1
2025,Dominic Littlewood,other,1
2025,Len Sadowski and Oguz Bektas working with Trend Zero Day initiative,other,1
2025,Jonathan Leitschuh with Socket,other,1
2025,Ludwig,other,1
2025,Andrew Haigh with Aptean,other,1
2025,PeterAS17 with https://www.peteras17.me/,other,1
2025,Anthony Juanelli,other,1
2025,h4urek,other,1
2025,Casper,other,1
2025,tsuki,other,1
2025,vipinkumar,other,1
2025,Parag Mali with Microsoft,other,1
2025,Denis Faiustov with GMO Cybersecurity by Ierae,other,1
2025,Ruslan Sayfiev with GMO Cybersecurity by Ierae,other,1
2025,Denis Faiustov and Ruslan Sayfiev with GMO Cybersecurity by Ierae,other,1
2025,RuiLun Zou with Codesafe Team of Legendsec at Qi'anxin Group,other,1
2025,Microsoft Offensive Research & Security Engineering (MORSE),other,1
2025,Mitch Lindgren with Microsoft,other,1
2025,Philemon Orphee Favrod,other,1
2025,01dGu0@whitecap100,other,1
2025,Novy@whitecap100,other,1
2025,Zhiniang Peng of HUST,other,1
2025,Muhammad Faathin Abdurrahman,other,1
2025,wenqunwang with China Telecom Research Institute,other,1
2025,Hemant Kumar,other,1
2025,Aimad Eddine Houas (Steven),other,1
2025,"bartlomiejadamski , Holl0w",other,1
2025,mose nilsson,other,1
2025,moushi,other,1
2025,Remco van der Meer with Warpnet,other,1
2025,Markus Wulftange with CODE WHITE GmbH,other,1
2025,f7d8c52bec79e42795cf15888b85cbad,other,1
2025,G1ND1L4,other,1
2025,Gil Regev,other,1
2025,Vladimir Abramzon,other,1
2025,Dylan Ryan-Zilavy,other,1
2025,Chantal Olieman with Microsoft,other,1
2025,Gary Wang with Microsoft,other,1
2025,Jordan Rodak with Microsoft,other,1
2025,Arnaud PASCAL with VAADATA,other,1
2025,Thomas DELFINO with VAADATA,other,1
2025,Bob Bracke with The Collective Consulting,other,1
2025,"Garrett Foster with SpecterOps, Inc.",other,1
2025,Eduardo Braun Prado working with Trend Zero Day Initiative,other,1
2025,QWangWang,other,1
2025,haowei yan with jingdong dawnslab,other,1
2025,HAO LI with Venustech,other,1
2025,Bryan De Houwer with Crimson7,other,1
2025,Dennis Carlson with Abacus Group LLC,other,1
2025,Bighound,other,1
2025,Barath Stalin,other,1
2025,Zhiniang Peng,other,1
2025,Rutuja Shirali with Microsoft,other,1
2025,Yesayi Hovnanyan with Microsoft,other,1
2025,Matthew Cox with Microsoft,other,1
2025,Tamas Jos (@skelsec),other,1
2025,Eric Lawrence with Microsoft Defender for Endpoint,other,1
2025,her0m4nt,other,1
2025,wh1tc with Kunlun lab & devoke & Zhiniang Peng with HUST,other,1
2025,Ben Lichtman,other,1
2025,Martin Rakhmanov and Albin Vattakattu,other,1
2025,Mingi Jung with WebSec,other,1
2025,cixtor.com with Big Tech,other,1
2025,Ziv Somech with Microsoft,other,1
2025,Shimi Gersner with Microsoft,other,1
2025,Shahar Zelig with Microsoft,other,1
2025,Aonan Guan,other,1
2025,Lei Wang,other,1
2025,Ruben Gutierrez with Sky,other,1
2025,Talon Uptain,other,1
2026,Anonymous,other,331
2026,0ccbbf129444eb66344ccafb92b00df4,other,117
2026,Microsoft,other,60
2026,Kugelblitz with Microsoft,other,59
2026,yhw & txz,other,45
2026,41ae55e9310ff27fa6f26af4727e5590,other,34
2026,Seung Chan Kim,other,32
2026,Angelboy (@scwuaptx) with DEVCORE,other,29
2026,Haein Lee with KAIST Hacking Lab,other,28
2026,AIフィジカルインターフェイス二号機,other,27
2026,pwn2addr,other,26
2026,Kyeongmin Kim (@hareh4ru) with KAIST Hacking Lab,other,26
2026,P1hcn,other,24
2026,Donghyeon Oh with Patchpoint,other,23
2026,Jonghoi Kim,other,23
2026,hazard,other,22
2026,R4nger with Kunlun Lab & Zhiniang Peng with HUST,other,22
2026,Howard McGreehan with MSRC V&M,other,21
2026,k0shl,other,21
2026,Minwoo Jeong (P1nkjelly) with KAIST Hacking Lab,other,19
2026,"Kentaro Kawane with GMO Cybersecurity by Ierae, Inc.",other,18
2026,Minjea Park,other,17
2026,Jeongmin Choi,other,17
2026,h4urek with secsys lab,other,16
2026,David Zhu with Microsoft,other,16
2026,Pwnforr777,other,15
2026,"Jongseong Kim (nevul37), SEC-agent team",explicit_ai,14
2026,Varun Goel,other,13
2026,ChenJian with Sea Security Orca Team,other,13
2026,Brandon Fisher,other,13
2026,sangnt (@gnas0x0018) with Viettel Cyber Security,other,13
2026,Ky0toFu,other,13
2026,Henrique Pereira with Microsoft,other,12
2026,f7d8c52bec79e42795cf15888b85cbad,other,12
2026,"Hwiwon Lee (hwiwonl), SEC-agent team",explicit_ai,12
2026,grass341 with Viettel Cyber Security,other,12
2026,Souhail Hammou,other,11
2026,Alon Leviev with Microsoft (STORM),other,11
2026,haowei yan & xiaozun tang,other,11
2026,Microsoft Offensive Research & Security Engineering,other,11
2026,f4 & Zhiniang Peng with HUST,other,10
2026,Thanatos Tian (HKPolyU) & wgg & @2st__ with Diffract,other,10
2026,Jmini,other,10
2026,Linzishan & Anemone & Zhiniang Peng (HUST),other,10
2026,Yun Cong,other,10
2026,cyanbamboo and b2ahex,other,9
2026,"Younggi Park (grill66), SEC-agent team",explicit_ai,9
2026,WARP and ACS teams at Microsoft,other,9
2026,Thanatos Tian (HKPolyU) & wgg & @2st__ with Diffract & Zhiniang Peng with HUST,other,9
2026,tiebuchen,other,8
2026,Hay Mizrachi with Microsoft,other,8
2026,Ofek Levin Enclave with Enclave,other,8
2026,Rajesh Kumar,other,8
2026,Haein Lee,other,8
2026,Joe Desimone with Elastic Security,other,7
2026,z1r0,other,7
2026,Azure Yang with Kunlun Lab,other,7
2026,Thanatos Tian (HKPolyU) & npc0vo & @2st__ with Diffract,other,7
2026,Jeongmin Choi with S2W,other,7
2026,sweetchip,other,7
2026,Sridhar Periyasamy,other,7
2026,Anonymous working with TrendAI Zero Day Initiative,other,6
2026,Erik Egsgard with Field Effect,other,6
2026,Haifei Li with EXPMON,other,6
2026,Sriharsha Pallekonda with Microsoft,other,6
2026,Marcin Wiazowski working with TrendAI Zero Day Initiative,other,6
2026,Grant Hume,other,6
2026,pwnky,other,6
2026,hamayanhamayan,other,6
2026,Kn1ght,other,6
2026,Owen McCullough with Microsoft,other,6
2026,Shane Groff with Microsoft,other,6
2026,Michal Kamensky with Microsoft,other,6
2026,Thanatos Tian & wgg & @2st__ with Diffract,other,6
2026,DongJun Kim with Enki WhiteHat,other,6
2026,Ludvig Pedersen,other,5
2026,Ben Zamir with Cymulate,other,5
2026,Sharath Unni,other,5
2026,namnp with Viettel Cyber Security,other,5
2026,Dongjun Lee (m0nd2y) with KAIST Hacking Lab,other,5
2026,Kevin Gosse,other,5
2026,TrendAI Zero Day Initiative,other,5
2026,Owen McCullough with MSRC V&M,other,5
2026,Asaf Cohen with XBreach.ai,other,5
2026,Chen Le Qi (@cplearns2h4ck) with STAR Labs SG Pte. Ltd.,other,5
2026,Hwiwon Lee (hwiwonl) with UIUC,other,5
2026,Jongseong Kim (nevul37) with UIUC,other,5
2026,YuilMuil(Yoon Jung Hyun),other,5
2026,Piotr Bazydło (@chudypb),other,5
2026,Microsoft Red Team (MRT) with Microsoft,other,5
2026,Sergey immortalp0ny Tarasov with Positive Technologies,other,5
2026,Daniel R,other,5
2026,Yanir Tsarimi,other,5
2026,0rb1t with None,other,4
2026,wh1tc@Kunlun lab& devoke & Zhiniang Peng with HUST,other,4
2026,Evan Grant,other,4
2026,ChengBin Wang with ZheJiang Guoli Security Technology,other,4
2026,"JaGoTu with DCIT, a.s.",other,4
2026,Filip Dragović,other,4
2026,Ilan Kalendarov with Cymulate,other,4
2026,Nacl,other,4
2026,Ofek Levin with Enclave,other,4
2026,wtm with Offensi,other,4
2026,Dongjun Lee with KAIST Hacking Lab,other,4
2026,wisi,other,4
2026,Rutuja Shirali with Microsoft,other,4
2026,Miha Zupan with Microsoft,other,4
2026,DongJun Kim (smlijun) with UIUC,other,4
2026,Tarek Nakkouch,other,4
2026,Daejin Lee,other,4
2026,goodbyeselene,other,4
2026,James Forshaw with Google Project Zero,other,4
2026,haowei yan,other,4
2026,"Zhang WangJunJie, He YiSheng with Hillstone Networks Security Research Institute",other,4
2026,Google Threat Intelligence Group,other,4
2026,"Microsoft Threat Intelligence Center (MSTIC), Microsoft Security Response Center (MSRC), and Office Product Group Security Team",other,4
2026,Estevam Arantes with Microsoft,other,4
2026,MORSE with Microsoft,other,4
2026,sho odagiri with GMO Cybersecurity by Ierae inc,other,4
2026,Sanil Singh Tomar with Microsoft,other,4
2026,SnowRockLab,other,4
2026,Jianyang Song,other,4
2026,Oleksandr Mirosh,other,4
2026,wenqunwang with China Telecom Research Institute,other,4
2026,Windows Attack Research & Protection (WARP) with Microsoft,other,4
2026,Felix B.,other,3
2026,Yun Cong with Microsoft,other,3
2026,Qanux with None,other,3
2026,MasterOogway,other,3
2026,WARP & MORSE teams at Microsoft,other,3
2026,Aniq Fakhrul,other,3
2026,Elad Beber with Cymulate,other,3
2026,Nafiez with NLab Security,other,3
2026,Jody Ritonga with test,other,3
2026,Amir Gombo with Microsoft,other,3
2026,Yonatan Migdal with Microsoft,other,3
2026,Vamsi Nukavarapu with Microsoft,other,3
2026,陳宥升 (CheN..),other,3
2026,Rafael Resende,other,3
2026,PuH4ck3rX with W&M,other,3
2026,Michael Monwuba with Microsoft,other,3
2026,Microsoft Internal with Microsoft,other,3
2026,"Jongseong Kim (nevul37), UIUC",other,3
2026,"Hwiwon Lee (hwiwonl), UIUC",other,3
2026,"Dongjun Kim (smlijun), UIUC",other,3
2026,Arjun Vasudeva with MSRC V&M - Exploit Research Team,other,3
2026,RanchoIce,other,3
2026,Yongha Lee,other,3
2026,khoadha,other,3
2026,John Nzyuko,other,3
2026,XBREACH.AI TEAM with https://xbreach.ai/,other,3
2026,Navapon Premkasem,other,3
2026,DongJun Kim with UIUC,other,3
2026,kai63001,other,3
2026,Yuval Avrahami,other,3
2026,Matthew Cox with Microsoft,other,3
2026,Andrea Pierini with Semperis,other,3
2026,haowei yan(jingdong dawnslab),other,3
2026,Yuval Weber with Microsoft,other,3
2026,LC with VGCO - Vietnam Germany Connection,other,3
2026,kunlun Lab & GLM,other,3
2026,MARIOS GYFTOS,other,3
2026,Fabiano Amorim with Pythian,other,3
2026,Batuhan Er with HawkTrace,other,3
2026,Levi Broderick,other,3
2026,Minjea Park with Stealien,other,3
2026,Yehuda Smirnov with Microsoft,other,3
2026,Naor Evgi with White-Hat LTD,other,3
2026,CrowdStrike Advanced Research Team with CrowdStrike,other,3
2026,Mateusz Garncarek with Digital-Missiles,other,3
2026,Vamshi Krishna Bolly,other,3
2026,TALHA GÜNAY,other,3
2026,Younggi Park (grill66) with UIUC,other,3
2026,Adi Ivascu,other,3
2026,Xin Liu with N05ec@LZU-DSLab,other,3
2026,Butterfly,other,3
2026,Spandan Pokhrel,other,3
2026,Calif.io in collaboration with Claude and Anthropic Research,explicit_ai,3
2026,Orange Tsai (@orange_8361) of DEVCORE Research Team (@d3vc0r3) working with TrendAI Zero Day Initiative,other,3
2026,Brad Schlintz (nmdhkr),other,2
2026,Alasdair Gorniak with Delta Obscura,other,2
2026,Hart Wilson with Microsoft,other,2
2026,George Hughey with MSRC Vulnerabilities & Mitigations,other,2
2026,xina1i@psbc,other,2
2026,Quan Jin with DBAPPSecurity WeBin Lab,other,2
2026,"Faiustov Denis with GMO Cybersecurity by Ierae, Inc.",other,2
2026,"Masahiro Kawada with GMO Cybersecurity by Ierae, Inc.",other,2
2026,Shai Laron with Semperis,other,2
2026,vcsjones with GitHub,other,2
2026,Ghirmay Desta,other,2
2026,WARP & MORSE team at Microsoft,other,2
2026,Yanir Tsarimi with Enclave,other,2
2026,Zeeshan Shaikh (@bugzzzhunter) working with TrendAI Zero Day Initiative,other,2
2026,MEOW,other,2
2026,Stephen Fewer with Rapid7,other,2
2026,Noa Royzman with Microsoft,other,2
2026,Peng Zhou (zpbrent),other,2
2026,Charlie Vogt,other,2
2026,PuH4ck3rX,other,2
2026,Lucas Futures,other,2
2026,Mohit_Negi with Bugcrowd,other,2
2026,Mathias Vorreiter Pedersen with Microsoft,other,2
2026,Thanatos Tian (HKPolyU) & PB18 & @2st__ with Diffract,other,2
2026,Milan Justel with Microsoft,other,2
2026,"Younggi Park (grill66), UIUC",other,2
2026,yhw,other,2
2026,kang,other,2
2026,Divya Sundar with Microsoft- MSRC V&M,other,2
2026,LC with VGCO - Future Labs,other,2
2026,"Linzishan, Anemone and Zhiniang Peng with HUST",other,2
2026,Linzishan,other,2
2026,71C4,other,2
2026,grass with Viettel Cyber Security,other,2
2026,Sriram Sridhar,other,2
2026,Harry Fokas with Microsoft,other,2
2026,Michael Van Leeuwen with Microsoft,other,2
2026,Rayhan Destian,other,2
2026,SeaDragnoL with Qrious Secure,other,2
2026,Thomas Neil James Shadwell (zemnmez) with OpenAI,ai_affiliated,2
2026,hoangha with VCSLab of Viettel Cyber Security,other,2
2026,Songsit Srisura,other,2
2026,"Dongjun Kim (smlijun), SEC-agent team",explicit_ai,2
2026,Raymond Reskusich with Microsoft,other,2
2026,Zeze with TXOne,other,2
2026,Marcos Oviedo with Deep Extract Harness,other,2
2026,odgrso,other,2
2026,waid,other,2
2026,anonymous,other,2
2026,"Malcolm Stagg with SODIUM-24, LLC",other,2
2026,MinhNV5 with MBBank,other,2
2026,YMsora,other,2
2026,Anindya Roy,other,2
2026,Haakon Gulbrandsrud with Binary Security,other,2
2026,Shay Shavit with Microsoft,other,2
2026,YuilMuil,other,2
2026,Philip Tsukerman with Palo Alto Networks,other,2
2026,Daniel Wade with nadsec,other,2
2026,Quan Jin with DBAPPSecurity,other,2
2026,Parul Garg with Microsoft,other,2
2026,Vladislav Berghici of TrendAI Research,other,2
2026,Muhammad Fadilullah Dzaki,other,2
2026,Nikhil Sahoo with Microsoft,other,2
2026,Alexander Tan,other,2
2026,QYmag1c,other,2
2026,lubinradar,other,2
2026,B1aN,other,2
2026,dungnm with Viettel Cyber Security,other,2
2026,Sergey Tarasov with Positive Technologies,other,2
2026,Barath Stalin K,other,2
2026,Alfaz Hossain with POTDF,other,2
2026,Vaibhavi Kalgutkar with Microsoft,other,2
2026,Byunghyun Kang with KAIST,other,2
2026,TwinkleStar03 with DEVCORE Internship Program,other,2
2026,Artur Stetsko,other,2
2026,Daniel Santos with Microsoft,other,2
2026,Azza Tegar Naufal Ataullah,other,2
2026,Orange Tsai (@orange_8361) with DEVCORE,other,2
2026,.bat,other,2
2026,BochengXiang(@Crispr) with FDU,other,2
2026,Dewang Ahluwalia,other,2
2026,021w with Vulnerability Research Institute,other,2
2026,mad31k working with TrendAI Zero Day Initiative,other,2
2026,Nathaniel Oh (@calysteon),other,2
2026,Andrea Bocchetti,other,2
2026,Leshi Yang,other,2
2026,vmpr0be,other,2
2026,Aobo Wang,other,2
2026,Noam Pomerantz with Cyberwallglobal,other,2
2026,r0keb with Calif,other,2
2026,Soon Oh with Microsoft,other,2
2026,Gabriela Kote with Microsoft,other,2
2026,Thanatos Tian (HKPolyU) & wgg & npc0vo with Diffract,other,2
2026,@2st___ of Diffract,other,2
2026,Zhiniang Peng with HUST,other,2
2026,Daniel Friedl,other,2
2026,Jungwoo Lee with KAIST SoftSec Lab,other,2
2026,Wongi Lee with Theori,other,2
2026,Eugene Lim,other,2
2026,Hamza Nauman with Microsoft,other,2
2026,Arpit Gupta,other,2
2026,Jeongmin Choi(https://x.com/lmksecurity),other,2
2026,Mihalis Haatainen with Bountyy Oy,other,2
2026,Microsoft Red Team,other,2
2026,Varsha Chahal with Microsoft,other,2
2026,WARP team at Microsoft,other,2
2026,Adam Baldwin with https://evilpacket.net/,other,2
2026,Calif.io and Milad Nasr (Anthropic) with Claude with Calif.io and Anthropic,explicit_ai,2
2026,Diffract,other,2
2026,Guillaume André with Synacktiv,other,2
2026,wisiyeon with JUSTWIN,other,2
2026,Gábor Selján,other,2
2026,XBOW with XBOW,ai_affiliated,2
2026,Microsoft Office Security Team,other,2
2026,Thomas Knudson,other,2
2026,Ben Lichtman with Microsoft,other,2
2026,Sander Meijering with Hackify,other,1
2026,Gavin Davies with CCL Solutions Group,other,1
2026,Rodrigo Silva with Microsoft,other,1
2026,Bushra Aloraini with Microsoft,other,1
2026,Jose Rodrigo Sanchez Vicarte with Microsoft,other,1
2026,"Sam Collins, University of Birmingham in collaboration with Prof Tom Chothia and Dr Marius Muench",other,1
2026,The UK's National Cyber Security Centre (NCSC),other,1
2026,Andrew Ruddick with Microsoft Red Team,other,1
2026,fastfail working with TrendAI Zero Day Initiative,other,1
2026,Jason Lin,other,1
2026,Nate Jones with Microsoft,other,1
2026,"Kang Minchae with Best of Best 14th Team JUSTWIN (Kim Dowon, Kang Minju, Kim Donggeon, Wi Siyeon, Yoon Junghyun)",other,1
2026,[h4urek](https://x.com/h4urek) with [secsys lab](https://security.fudan.edu.cn/),other,1
2026,Dimitri Furman with Microsoft,other,1
2026,Long Zhang,other,1
2026,Gwanhyun Lee,other,1
2026,Dongjun Kim,other,1
2026,Xinyu Yu with Tsinghua University,other,1
2026,Shuqiao Zhang with Tsinghua University,other,1
2026,ziiiro,other,1
2026,Jongseong Kim (nevul37) working with ENKI Whitehat,other,1
2026,hao huang with Fudan University secsys lab,other,1
2026,Thanatos Tian & @2st__ with Diffract & Zhiniang Peng with HUST,other,1
2026,"Dongjun Kim (smiljun), working with ENKI WhiteHat",other,1
2026,Milad Nasr (Anthropic) and Calif.io with Claude,explicit_ai,1
2026,David Hayman,other,1
2026,Yuanpei XU (HUST) with Diffract & 0x25028335 & 0xa773900,other,1
2026,Zen Dodd,other,1
2026,Maxim Suhanov with CICADA8,other,1
2026,surfingoldelephant,other,1
2026,Hangyu Hua(@HBh25Y) with Shuffle Team and Hunan University,other,1
2026,Samer Karim with Microsoft Inc.,other,1
2026,her0m4nt,other,1
2026,Dongzhuo Zhao working with ADLab of Venustech,other,1
2026,sec-42a020b982ef,other,1
2026,Daniel Dutra with Templo,other,1
2026,Henrique with Templo,other,1
2026,Yoon Jung Hyun(Yuil Muil (@YuilMuil) / X),other,1
2026,"Zhang WangJunJie, He YiSheng with Hillstone Networks",other,1
2026,Parag Mali,other,1
2026,Nick Wojciechowski,other,1
2026,Anon,other,1
2026,"Li Shuang, willJ and Guang Gong with Vulnerability Research Institute",other,1
2026,Ruben Enkaoua with Cymulate,other,1
2026,Jeong Lee with Microsoft,other,1
2026,Hoangnx and hoangha with VCSLab of Viettel Cyber Security,other,1
2026,Marcos Díaz with Blackarrow (Tarlogic),other,1
2026,Renwa (@RenwaX23),other,1
2026,Shyam Datti with Microsoft Corporation,other,1
2026,"Hritik Sateesh, Application Security Researcher with Stantec",other,1
2026,Julien Brianceau with Microsoft,other,1
2026,Frederica with Tencent Xuanwu Lab using the Atuin Automated Vulnerability Discovery System,other,1
2026,Thanatos Tian (HKPolyU) & @2st___ of Diffract & Zhiniang Peng with HUST,other,1
2026,Levit Nudi,other,1
2026,nakanoou,other,1
2026,Maor Dahan with Akamai,other,1
2026,"Dongjun Lee (m0nd2y), with with KAIST Hacking Lab",other,1
2026,Ivan Vagunin,other,1
2026,Vaibhavi Kalgutkar,other,1
2026,nhienit with Galaxy One,other,1
2026,Kagan Capar (kagancapar) working with TrendAI Zero Day Initiative,other,1
2026,NavSec,other,1
2026,Joseph Semaan,other,1
2026,Michael Curtis,other,1
2026,HASAN FLAYYIH ABDULLAH,other,1
2026,Vadim Drobinin (@valzevul) with Drobinin Limited,other,1
2026,Damian Regulski,other,1
2026,Amar Khatri,other,1
2026,Yogi Atram,other,1
2026,AL Najafi,other,1
2026,Ayato,other,1
2026,Krithik Babu P (DarkLycn1976),other,1
2026,Soroush Dalili with Bentley Systems,other,1
2026,Ron Masas,other,1
2026,Rayhan,other,1
2026,RedRays Security Team with RedRays,other,1
2026,AI's physical interface 001,other,1
2026,"Thanatos Tian with Diffract, __2st with Diffract and wxz",other,1
2026,"Dongjun Kim (nevul37), SEC-agent team",explicit_ai,1
2026,QWangWang,other,1
2026,Siyeon Wi working with TrendAI Zero Day Initiative,other,1
2026,wxz and Thanatos Tian (HKPolyU) with Diffract,other,1
2026,Thanatos Tian (HKPolyU) with Diffract & PB18,other,1
2026,Byzero with Kunlun Lab & Zhiniang Peng with HUST,other,1
2026,Nikolai Skliarenko of TrendAI Research,other,1
2026,Ivan Demchuk,other,1
2026,Yannic Röcken with Indeno GmbH,other,1
2026,ECooper with Aretiq.AI,other,1
2026,Abhishek Mundhra with PwC,other,1
2026,[SeaDragnoL](https://x.com/seadragnol) with [Qrious Secure](https://x.com/qriousec) and [grass](https://x.com/gr4ss341) from [Viettel Cyber Security](https://x.com/vcslab).,other,1
2026,Hwiwon Lee hwiwonl with UIUC,other,1
2026,Jongseong Kim nevul37 with UIUC,other,1
2026,Ben Faull with Microsoft,other,1
2026,Hidetake Jo with Microsoft,other,1
2026,Q5Ca with VCSLAB of Viettel Cyber Security,other,1
2026,Renzhi Li,other,1
2026,splitline with DEVCORE,other,1
2026,tuo4n8 with Verichains Cyber Force,other,1
2026,Theodor N. Engoey,other,1
2026,Jay Ladhad,other,1
2026,Thanatos Tian (HKPolyU) & PB18 & wxz with Diffract,other,1
2026,Andrey Shcherbina,other,1
2026,Lewis Lee,other,1
2026,David Driker with Checkpoint,other,1
2026,Moshe Marelus with Checkpoint,other,1
2026,Mateusz Gierblinski with Curios,other,1
2026,William Conlon with Microsoft,other,1
2026,Anand (anandsreekumar.com),other,1
2026,Thimphaching Phengphavanh,other,1
2026,0x00,other,1
2026,Jattawatt Buranasant,other,1
2026,Supawee Foitong,other,1
2026,Matthew Leibowitz,other,1
2026,Trung Nguyen with CyStack,other,1
2026,Thanatos Tian (HKPolyU) & PB18 & wgg & @2st__ with Diffract,other,1
2026,Microsoft Red Team with Microsoft,other,1
2026,seung chan kim,other,1
2026,Prayas (probear),other,1
2026,Thanatos Tian (HKPolyU) & wgg with Diffract,other,1
2026,Yeonba,other,1
2026,Dragana Damjanovic with Microsoft,other,1
2026,Philemon Favrod with Microsoft,other,1
2026,Soroush Dalili,other,1
2026,Dan Reynolds with MSRC Vulnerabilities & Mitigations,other,1
2026,Orange Tsai (@orange_8361) of DEVCORE Research Team working with TrendAI Zero Day Initiative,other,1
2026,"DongJun Kim (smlijun) with UIUC , Hwiwon Lee (hwiwonl) with UIUC , Jongseong Kim (nevul37) with UIUC",other,1
2026,Michael Maturi with Google/Mandiant,other,1
2026,Shira Hoffman,other,1
2026,"Angelboy (@scwuaptx) from DEVCORE Research Team and TwinkleStar03 (@_twinklestar03), working with DEVCORE Internship Program, working with TrendAI Zero Day Initiative",other,1
2026,odgrso with GMO Cybersecurity by Ierae Inc,other,1
2026,Bui Xuan Quang (buxu) with Ncsgroup.vn,other,1
2026,Ayato Shitomi,other,1
2026,陳宥升 (CheN..) https://github.com/samer666569,other,1
2026,Hasan Flayyih Abdullah,other,1
2026,0hmz,other,1
2026,xboy,other,1
2026,Keanu Nys with Spotit,other,1
2026,Ofek Levin Enclave with Enclave AI,other,1
2026,Sam,other,1
2026,XBREACH TEAM with https://xbreach.ai/,other,1
2026,maka with Tu Longfeng,other,1
2026,shoodagiri with GMO Cybersecurity by Ierae Inc,other,1
2026,Daniele Linguaglossa,other,1
2026,Will Dormann with Vul Labs,other,1
2026,David Carliez with DC CyberSecurity,other,1
2026,Thomas Klemenc,other,1
2026,sorte,other,1
2026,Lian Owen,other,1
2026,Bakabaka_9 with Chiyoda Moe Network,other,1
2026,Van1sher,other,1
2026,Max Toor with Microsoft,other,1
2026,Alex Plaskett with NCC Group,other,1
2026,Nguyen Duc Loi (@whoisthatguy) with VCSLab,other,1
2026,zpbrent,other,1
2026,Quac Tran,other,1
2026,Microsoft Threat Intelligence Center (MSTIC) & Microsoft Security Response Center (MSRC),other,1
2026,John Woodman,other,1
2026,ErPaciocco,other,1
2026,Marcin Wiazowski with TrendAI Zero Day Initiative,other,1
2026,JUSTWIN Team,other,1
2026,Microsoft Offensive Research and Security Engineering with Microsoft,other,1
2026,Jack Misiura with The Missing Link,other,1
2026,"Advanced Research Team, CrowdStrike with CrowdStrike",other,1
2026,xyzhellsing,other,1
2026,Manojkumar Jaganathan with Hacker Bro Technologies,other,1
2026,Jaganathan Ananthakrishnan with HackerBro Technologies,other,1
2026,Stefan Wey with UMB,other,1
2026,Tomer Nahum with Semperis,other,1
2026,0patch vulnerability research team with 0patch by ACROS Security,other,1
2026,7resp4ss and Guang Gong with 360 VRI,other,1
2026,Office Product Group Security Team,other,1
2026,0scar Zanotti Camp0,other,1
2026,Nakkouch Tarek,other,1
2026,Sai Ganesh Ramachandran with Microsoft,other,1
2026,Jonathan Lein of TrendAI Research,other,1
2026,Pedro Miguel Justo Teixeira,other,1
2026,MORSE (Microsoft Offensive Research and Security Engineering),other,1
2026,dreamy,other,1
2026,"Amol Dosanjh, Dre Cura (@dre_cura), and Nicholas Zubrisky (@NZubrisky) of TrendAI Research of Trend with https://www.zerodayinitiative.com/",other,1
2026,Hüseyin TINTAŞ with Kredi Kayıt Bürosu,other,1
2026,Suryakant Dhakane,other,1
2026,Oleh Konko with 1seal,other,1
2026,chen,other,1
2026,Kara Zaffarano,other,1
2026,Diyar Saadi,other,1
2026,Tim Zheng,other,1
2026,"Rudolf ""divVerent"" Polzer with Google LLC",other,1
2026,Matthew Selbrede,other,1
2026,PatRyk,other,1
2026,Jad Ghamloush,other,1
2026,"lin.yx with CHT Security Co., Ltd.",other,1
2026,Cristian-Iulian Papa,other,1
2026,Kitae Nahm with Microsoft,other,1
2026,xina1i of Anity Lab,other,1
2026,Andrea Allievi,other,1
2026,Hilal Asmat,other,1
2026,Microsoft Offensive Research and Security Engineering (MORSE) with Microsoft,other,1
2026,Ilan Kalenadrov with Cymulate,other,1
2026,Microsoft Threat Intelligence Center and Microsoft Security Response Center,other,1
2026,Taewoo (Tae_ω02),other,1
2026,Daniil Romanovych,other,1
2026,Active Directory team with Microsoft,other,1
2026,Ruslan Sayfiev with GMO Cybersecurity by Ierae,other,1
2026,Denis Faiustov with GMO Cybersecurity by Ierae,other,1
2026,Microsoft Offensive Research and Security Engineering,other,1
2026,Communications Security Establishment,other,1
2026,Allan Hedegaard with GPV Group A/S,other,1
2026,Andrey Markovytch,other,1
2026,Lê Trần Hải Tùng with Viettel Cyber Security,other,1
2026,Windows Authentication Platform team,other,1
2026,Kai Lu with Palo Alto Networks,other,1
2026,Ruben Enkaoua,other,1
2026,Chris Ward,other,1
2026,Jose Polo Bolano with Microsoft,other,1
2026,Ziran Lin with Microsoft,other,1
2026,Andrey Markovytch and Kas Dekel with Microsoft,other,1
2026,"Hwiwon Lee (develacker), SEC-agent team",explicit_ai,1
2026,Richard Medlin (BoDYRoTx),other,1
2026,Vimal Sindh,other,1
2026,"Kazuma Matsumoto, Security Researcher at GMO Cybersecurity by IERAE, Inc.",other,1
2026,Mose Nilsson,other,1
2026,wh1tc@Kunlun lab & devoke & Zhiniang Peng with HUST,other,1
2026,Martin Wrona (martin_jw) with Digitec Galaxus AG,other,1
2026,Alasdair Gorniak and Tobias Diehl,other,1
2026,Ezrakie,other,1
2026,Naveen,other,1
2026,Zhiniang Peng with HUST & R4nger with CyberKunLun,other,1
2026,Anonymous working with Trend Zero Day Initiative,other,1
2026,Saumyajeet Das,other,1
2026,Sergey Bliznyuk with Positive Technologies,other,1
2026,"Minjea Park & ""Jmini""",other,1
2026,Telefónica Ninja Team,other,1
2026,Alex Bernier with CrowdStrike,other,1
2026,Capsule Security with Capsule Security,other,1
2026,Moshe Bernstein with Tenable,other,1
2026,Karel Rymes,other,1
2026,Viacheslav Stratovych,other,1
2026,bufsnake,other,1
2026,Matthew Jensen,other,1
2026,Moch. Azril,other,1
2026,Hafiizh with https://www.linkedin.com/in/hafiizh-7aa6bb31/,other,1
2026,FARISSAL B,other,1
2026,Francesco Jeremy Topol with k4tedu,other,1
2026,xzyhellsing,other,1
2026,Arush Agarampur (Microsoft),other,1
2026,brahim_nah,other,1
2026,Stefan Wey with Alweys | (UMB AG),other,1
2026,Dan Reimer with Microsoft,other,1
2026,Dhiraj Mishra (@RandomDhiraj),other,1
2026,Prashant Kumar with Microsoft,other,1
2026,Deepak Bhardwaj with Microsoft,other,1
2026,Hillary Lipsig with Red Hat,other,1
2026,Christian Siegert - chrisbsd,other,1
2026,Hyeon Park (`@_p0her_`) of Korea University,other,1
2026,Levi Broderick with Microsoft,other,1
2026,Pham Quang Minh,other,1
2026,Chen Le Qi (@cplearns2h4ck) with STAR Labs SG Pte. Ltd. & Nguyn ng Nguyn (@MochiNishimiya) with STAR Labs SG Pte. Ltd.,other,1
2026,Linzishan & Anemone& Zhiniang Peng (HUST),other,1
2026,Sneha Ravichandran with Microsoft,other,1
2026,KPC of Cisco Talos with Cisco Talos,other,1
2026,Rick de Jager,other,1
2026,Nicola Stauffer working with TrendAI Zero Day Initiative,other,1
2026,Marin Duroyon,other,1
2026,Thanatos Tian & PB18 & @2st__ with Diffract,other,1
2026,dd484a5a34dd0f6d5330345ffe642dfc,other,1
2026,Pravin Choudhary,other,1
2026,Q4n with Kunlun Lab and Zhiniang Peng with HUST,other,1
2026,Michael Maturi with Google,other,1
2026,Lukas Johannes Moeller,other,1
2026,Samuel Lee with Microsoft,other,1
2026,Gal Weizman (weizmangal@gmail.com / https://x.com/weizmangal),other,1
2026,Scott Clark (DART) with Microsoft,other,1
2026,Jeremy Kingston (DART) with Microsoft,other,1
2026,"Genwei Jiang with Google Cloud, FLARE OTF",other,1
2026,Jayson Frost with Mandiant Incident Response,other,1
2026,Ken Pyle with Independent Academic & Responsible Cybersecurity Research,other,1
2026,Ravi Kumar,other,1
2026,Nick Agathos with Commonwealth Bank of Australia,other,1
2026,splitline (@_splitline_) from DEVCORE Research Team working with TrendAI Zero Day Initiative,other,1
2026,Nguyễn Đăng Nguyễn (@MochiNishimiya) with STAR Labs SG Pte. Ltd.,other,1
2026,Aman Gupta,other,1
2026,mick3y with Team SaturnX,other,1
2026,Omri Baso with XM Cyber,other,1
2026,Vandit Aruldas with Microsoft,other,1
2026,Brahim Chebli with Deloitte France’s Offensive Security Center,other,1
2026,Quan Le from Unit 515 - OPSWAT,other,1
2026,Saif Shaker,other,1
2026,Wenhan Zhou,other,1
2026,Jishnu Sudhakaran,other,1
2026,Povcfe,other,1
2026,Michael Grafnetter with SpecterOps,other,1
2026,DongJun Kim (UIUC) with UIUC,other,1
2026,Gal Azaria with Microsoft,other,1
2026,JC with Splinters.io,other,1
2026,Siva Jyoshna Poreddy,other,1
2026,Jay Ladhad with Microsoft,other,1
2026,Thanatos Tian (HKPolyu) & wgg & @2st__ with Diffract,other,1
2026,Minjea Park and Jmini,other,1
2026,Thanatos Tian (HKPolyU) & npc0vo & wgg & PB18 & @2st__ with Diffract,other,1
2026,Hank Chen with InnoEdge Labs,other,1
2026,nerty with Theori,other,1
2026,Noam Pomerantz with CyberWallGlobal LTD,other,1
2026,Jianliang Zhao & Zhiniang Peng with HUST,other,1
2026,zickzick2,other,1
2026,kaymin0128,other,1
2026,0nid with ENKI WhiteHat,other,1
2026,Hae Seong Cho (yurok),other,1
2026,XBreach.ai,other,1
2026,Ali Toni with Al-Esraa University,other,1
2026,Lydéric LEFEBVRE with Blackfield Security,other,1
2026,Noam Pomerantz,other,1
2026,Vishal Chauhan,other,1
2026,Jmini with Stealien,other,1
2026,Nils Holten,other,1
2026,Aman,other,1
2026,Divya,other,1
2026,deepsec with DARKNAVY,other,1
2026,Matthew Cox with Microsof (internal),other,1
2026,Rahul Hoysala with Cyber Info,other,1
2026,Thunder_J,other,1
2026,Anonymous with SSD Secure Disclosure,other,1
2026,Kamil Leoniak at Delphos Labs Delphos Labs,other,1
2026,Nicholas Vadasz,other,1
2026,Tomer Peled with Akamai,other,1
2026,esakis,other,1
2026,Karol Nieckarz with independent security research,other,1
2026,Thanatos Tian (HKPolyU) with Diffract & Feng Dong with HUST.,other,1
2026,Nguyễn Văn Thiện,other,1
2026,YingQi Shi with DBAPPSecurity WeBin Lab,other,1
2026,Prayas(Pro bear),other,1
2026,Xuanzhe Yu,other,1
2026,syxlox with Siemens Energy,other,1
2026,Thanatos Tian of Diffract,other,1
2026,Thanatos Tian (HKPolyU) & wgg,other,1
2026,"Zhang WangJunJie@Hillstone, He YiSheng",other,1
2026,Axel Mierczuk with Trail of Bits,other,1
2026,Maciej Domanski with Trail of Bits,other,1
2026,Thanatos Tian & wxz & @2st__ with Diffract,other,1
2026,AI's physical interface 03,other,1
2026,byzero with Kunlun Lab & Zhiniang Peng (HUST),other,1
2026,Jiayi Sun,other,1
2026,Chen Le Qi(@cplearns2h4ck) with STAR Labs SG Pte. Ltd.,other,1
2026,Jun Young Lee with Microsoft,other,1
2026,Arjun Vasudeva with MSRC Exploit Research Team,other,1
2026,Thanatos Tian & @2st__ with Diffract,other,1
2026,Donghyeon Oh with Patchpoint and Jonghoi Kim,other,1
2026,Hugo VINCENT with Synacktiv,other,1
2026,Rotce,other,1
2026,KPC with Cisco Talos,other,1
2026,[Yuval Gordon](https://x.com/yug0rd) with Akamai,other,1
2026,Lewis Lee & Anemone & Zhiniang Peng (HUST),other,1
2026,Adrian Denkiewicz at Doyensec in collaboration with Anthropic Research [Adrian Denkiewicz at Doyensec in collaboration with Claude and Anthropic Research](https://doyensec.com),explicit_ai,1
2026,Sneha Ravichandran with microsoft,other,1
2026,Hussein Alrubaye with Microsoft,other,1
2026,puponia with TAU Security,other,1
2026,Romain BENTZ with Login Sécurité,other,1
2026,Marcin Wiązowski,other,1
2026,Minjea Park with STEALIEN,other,1
2026,Zishan Lin & Anemone & Zhiniang Peng (HUST),other,1
2026,Amit Schendel with Ventris,other,1
2026,Linzishan & Anemone & Zhiniang Peng (Hust),other,1
2026,Siwei Li with Microsoft,other,1
2026,Prasanna Dabi,other,1
2026,5n1p3r0010,other,1
2026,Aniq Fakhrul Muhammad Ali,other,1
2026,Ming-Shiang Tzou (ConsoleBreak),other,1
2026,HangAn,other,1
2026,txz and yhw,other,1
2026,Chumy Tsai with CyCraft Technology,other,1
2026,oriotie,other,1
2026,Håkon Måløy,other,1
2026,CrowdStrike with CrowdStrike,other,1
2026,Aaron Esau with V12,other,1
2026,vipin kumar,other,1
2026,grass,other,1
2026,Dhiraj Mishra,other,1
2026,wxz & Thanatos Tian with Diffract,other,1
2026,Soon with Microsoft,other,1
2026,Ammar Askar,other,1
2026,Rubin Ownz,other,1
2026,vurmusum,other,1
2026,Kangjun Heo with Chungnam National University,other,1
2026,Riddhimaan Singh,other,1
2026,aprilpet,other,1
2026,Q4n with Kunlun Lab,other,1
2026,deepsleep,other,1
2026,Arun T,other,1
2026,Marcin 'Icewall' Noga with Cisco Talos,other,1
2026,Anil Lulla with Microsoft,other,1
2026,gengstah,other,1
2026,Dung Do of Calif.io,other,1
2026,Stas Lyakhov with Eclypsium,other,1
2026,Yuval Avrahami with Wiz,other,1
2026,Lior Maman with Wiz,other,1
2026,Nir Ohfeld with Wiz,other,1
2026,Giacomo Sankovic,other,1
2026,Sam Obeng,other,1
2026,Vishal Bharad,other,1
2026,Sourov Ghosh,other,1
2026,Shira Hoffman with Microsoft,other,1
2026,nicolas joly,other,1
2026,Thanatos Tian (PolyU) of Diffract,other,1
2026,R4nger with Kunlun Lab,other,1
2026,021w,other,1
2026,1nv0k3r and M00N with BeFunLab,other,1
2026,Akash Trehan,other,1
2026,s7331,other,1
2026,IceSword Lab and Vulnerability Research Institute,other,1
2026,"Jonghoi Kim, Donghyun Oh with kloy",other,1
2026,SeaDragnoL,other,1
2026,FluddSec with RunicLabs,other,1
2026,Ariel Terry,other,1
2026,chupaohong,other,1
2026,Ashmit Sharma,other,1
2026,phrolo7a,other,1
2026,Artemy Tsetsersky with Angara Security,other,1
2026,Guy Hayou with SecCreative,other,1
2026,HeeChan Kim of TeamH4C,other,1
2026,Nick Peterson with Riot Games,other,1
2026,Alfaz Hossain,other,1
2026,Ian Brandeberry with Microsoft,other,1
2026,Raymond Reskusich,other,1
2026,Bankde Eakasit with Secure D Center,other,1
2026,Maximilian Letzner with Deutsche Bahn AG,other,1
2026,Oliver Matula with DB Systel GmbH,other,1
2026,Tim Kornhuber with DB Systel GmbH,other,1
2026,Ori Lahav with Rubrik,other,1
2026,Chumy Tsai (@rm_rf_chumy) with CyCraft Technology,other,1
2026,Alon Leviev with Microsoft Offensive Research & Security Engineering (MORSE),other,1
2026,Kyeongmin Kim with KAIST Hacking Lab,other,1
2026,ʌ!ɔ⊥ojv,other,1
2026,Arnab Sengupta,other,1
2026,Jonathan Lein of TrendAI Research with https://www.zerodayinitiative.com/,other,1
2026,"Víctor A. Morales with GM Sectec, Corp.",other,1
2026,"Jan Rodríguez with GM Sectec, Corp.",other,1
2026,Tri Wanda Septian,other,1
2026,Vang3lis,other,1
2026,Antonio Cocomazzi with SentinelOne,other,1
2026,Simone Nicchi with SentinelOne,other,1
2026,Adrian Frei,other,1
2026,tibeuchen,other,1
2026,Ron Ben Yizhak with SafeBreach,other,1
2026,Vincent Yin with Microsoft,other,1
2026,Jonathan Guerin with Microsoft,other,1
2026,Daniel Weglowski,other,1
2026,K0shl,other,1
2026,Rutger Flohil with https://pampuna.nl/,other,1
2026,Bob van der Staak with Grip op Security,other,1
2026,"Jianliang Zhao & zhiniang Peng with HUST, R4nger with kunlun lab",other,1
2026,0rb1t,other,1
2026,wxz and Thanatos Tian with Diffract,other,1
2026,wxz & Thanatos Tian,other,1
2026,Anil Chandra,other,1
2026,Niklas Tomsic with Cparta Cyber Defense,other,1
2026,Abhishek Kushwaha with Zeta,other,1
2026,Jeroen Gui,other,1
2026,Codermak,other,1
2026,whoismarcel,other,1
2026,José Pedro Pereira Junior,other,1
2026,Quang Luong of Calif.io in collaboration with Codex with Calif.io,other,1
2026,GwanHyun Lee,other,1
2026,Andrew Schwartz with Huntress Labs,other,1
2026,Charlie Clark,other,1
2026,"Minjea Park , Jmini and ji9umi with Stealien",other,1
2026,Andrew Schwartz with Huntress Labs and Charlie Clark,other,1
2026,wxz,other,1
2026,Ahmad Abdillah bin Zaini,other,1
2026,Thanatos Tian (HKPolyU) with Diffract & @2st__ with Diffract,other,1
2026,"Thanatos Tian (PolyU) with Diffract, @2st___ of Diffract and Zhiniang Peng with HUST",other,1
2026,Malvarez with TeamA,other,1
2026,Puneeth,other,1
2026,Arjun with MSRC Vulnerabilities & Mitigations; Varun Goel,other,1
2026,yhw and txz,other,1
2026,rustemsignore,other,1
2026,Holly Wright with Microsoft,other,1
2026,Yizhou Feng with Microsoft,other,1
2026,Guillermo Diaz with Microsoft,other,1
2026,Dolev Taler with Varonis,other,1
2026,Maxmillian Toor with Microsoft,other,1
2026,Yogeesh Seralathan with Microsoft,other,1
2026,Erland Sommarskog with Erland Sommarskog SQL-Konsult AB,other,1
2026,Nicolas Delhaye with Airbus,other,1
2026,"Doug Rasler, Mac Sample and Ancel Johnson with Microsoft",other,1
2026,Tim Baker with dotSec,other,1
2026,Christopher Paschen with TrustedSec,other,1
2026,Zoltan Harmath with Microsoft,other,1
2026,Garrett Foster with SpecterOps,other,1
2026,Igor Kovalchuk,other,1
2026,Trend Zero Day Initiative,other,1
2026,Jonathan Birch with Microsoft,other,1
2026,XBOW,ai_affiliated,1
2026,Sagi Tzadik with Wiz,other,1
2026,Eugene Rojavski with Microsoft,other,1
2026,Moti Harmats with Microsoft,other,1
2026,Johann Rehberger with https://embracethered.com/,other,1
2026,Shrinivasan Sekar,other,1
2026,Lakshmi Vignesh S,other,1
2026,sat0rn3 & f4 & Zhiniang Peng with HUST,other,1
2026,Khaled Mohamed,other,1
2026,Bartłomiej Dach,other,1
2026,Andi Ahmeti with Permiso Security,other,1
2026,Puf,other,1
2026,DongJun Kim with Enki WhiteHat and GwanHyun Lee,other,1
2026,Erik Donker with Microsoft,other,1
2026,Sridhar Periyasamy with Microsoft,other,1
2026,Alexander Tan with SecureSAML,other,1
2026,sho odagiri with GMO CyberSecurity by ierae inc,other,1
2026,Puponia,other,1
2026,Jan Vojtesek with SentinelOne,other,1
2026,Owen McCullough,other,1
2026,Ioannis Panagiotopoulos with Microsoft,other,1
2026,Bruce Dang with Calif.io,other,1
2026,Yoshizawa,other,1
2026,Tiago Henriques with Coalition inc,other,1
2026,Aastik Gakhar,other,1
2026,Artem Shymshyrian (Xtytia0922 - V-Spot),other,1
2026,Radek Zikmund with Microsoft s.r.o.,other,1
2026,Adithya Kotian,other,1
2026,xzyhellsing (Saidina Hikam),other,1
2026,Riski Muhammad Ivan,other,1
2026,Rifat Abdul Manaf,other,1
2026,Muhammad Abdul Rehman,other,1
2026,Théo DUTEIS,other,1
2026,Adrian Denkiewicz at Doyensec in collaboration with Anthropic Research,ai_affiliated,1
2026,Len Sadowski (lytnc) and Oguz Bektas (_ozb_),other,1
2026,Puneeth Kumar Katikela,other,1
2026,Adam Hassan with Microsoft Offensive Research & Security Engineering (MORSE),other,1
2026,Ashutosh with skyhighsecurity,other,1
2026,Eli Arshin with Microsoft,other,1
2026,Robert Fitzpatrick with Microsoft,other,1
2026,Elad Luz with Oasis Security,other,1
2026,Rajesh Chada with Microsoft,other,1
2026,Cristhian Parrot with Kroll,other,1
2026,nxhoang99 and hoangha with VCSLab of Viettel Cyber Security,other,1
2026,Harun CAN with https://www.linkedin.com/in/mhcan/,other,1
2026,Damir Moldovanov,other,1
2026,ACD421 with Hollow Point Labs,other,1
2026,Sibusiso with Ironsky,other,1
2026,0xSombra,other,1
2026,Victor van der Stoep,other,1
2026,Tomasz Bojarski with https://web-safety.net/,other,1
2026,"Minjea Park , Jmini and Ji9umi with Stealien",other,1
2026,Andrew Fasano with NIST Center for AI Standards and Innovation,other,1
2026,"Minjea Park , ji9umi and Jmini with Stealien",other,1
2026,"Minjea Park, ji9umi and Jmini with Stealien",other,1
2026,N4ichimi,other,1
2026,Nhien Pham (@nhienit) with Galaxy One,other,1
