curve_id,rank,naive_height,faltings_height,log_conductor,log_discriminant,points,submitter,date
0,0,10.0478,-1.1127,2.3979,2.3979,0,David Renshaw,2026-09-23
1,12,79.3287,4.4677,67.7667,67.7667,12,David Renshaw,2026-05-27
2,2,14.1555,-0.7956,5.9636,5.9636,2,David Renshaw,2026-05-27
3,14,96.9858,5.9864,86.4842,86.4842,14,David Renshaw,2026-05-27
4,15,214.1616,15.8718,129.4395,205.9746,15,David Renshaw,2026-05-27
5,17,206.8727,14.8061,136.2101,186.2006,17,David Renshaw,2026-05-27
6,19,200.2966,14.6599,149.9856,191.0809,19,David Renshaw,2026-05-27
7,20,237.8517,17.8502,170.0877,229.8057,20,David Renshaw,2026-05-27
8,22,239.3849,17.8713,182.7249,229.2590,22,David Renshaw,2026-05-27
9,23,269.1762,20.2687,205.0608,257.1513,23,David Renshaw,2026-05-27
10,24,274.6563,20.7141,219.9266,262.3546,24,David Renshaw,2026-05-27
11,28,393.6297,30.6235,325.9045,381.2024,28,David Renshaw,2026-05-27
12,29,436.0125,34.2354,343.7201,425.4423,29,David Renshaw,2026-05-27
13,3,24.8338,0.1377,12.9723,17.3790,3,David Renshaw,2026-05-27
14,4,41.9511,1.4676,16.3970,32.7940,4,David Renshaw,2026-05-27
15,4,73.3203,4.1783,23.3415,65.8656,4,David Renshaw,2026-05-27
16,6,62.5066,3.0487,29.6758,50.5411,6,David Renshaw,2026-05-27
17,6,73.2328,3.9492,41.5089,61.4251,6,David Renshaw,2026-05-27
18,6,75.9650,4.1063,37.6030,62.3634,6,David Renshaw,2026-05-27
19,6,77.3400,4.1886,42.9122,62.8285,6,David Renshaw,2026-05-27
20,6,67.4963,3.6798,37.8271,59.8228,6,David Renshaw,2026-05-27
21,6,73.3036,3.9568,36.1742,61.5372,6,David Renshaw,2026-05-27
22,6,75.3122,4.0697,40.1904,62.1860,6,David Renshaw,2026-05-27
23,6,75.8337,4.1000,40.3607,62.3564,6,David Renshaw,2026-05-27
24,6,76.3960,4.1330,40.5450,62.5407,6,David Renshaw,2026-05-27
25,6,77.0814,4.1738,40.7703,62.7660,6,David Renshaw,2026-05-27
26,7,95.6930,5.9185,55.5406,86.0026,7,David Renshaw,2026-05-27
27,7,98.0201,6.0366,56.2572,86.7192,7,David Renshaw,2026-05-27
28,7,98.0791,6.0398,56.2759,86.7378,7,David Renshaw,2026-05-27
29,8,100.1196,6.1584,59.5446,87.5459,8,David Renshaw,2026-05-27
30,9,75.2668,4.1847,50.6174,64.9390,9,David Renshaw,2026-05-27
31,10,138.1225,9.4779,74.5614,128.8913,10,David Renshaw,2026-05-27
32,10,139.6377,9.6778,82.8195,131.7326,10,David Renshaw,2026-05-27
33,11,136.0524,9.0964,82.2689,121.9738,11,David Renshaw,2026-05-27
34,11,150.1960,10.5532,94.8705,142.2146,11,David Renshaw,2026-05-27
35,14,220.4245,16.2313,133.0583,208.9932,14,David Renshaw,2026-05-27
36,15,278.3344,21.2524,147.2324,270.8802,15,David Renshaw,2026-05-27
37,17,301.6077,23.0393,161.5687,291.1209,17,David Renshaw,2026-05-27
38,18,352.9804,27.2769,189.7569,341.5324,18,David Renshaw,2026-05-27
39,19,342.7010,26.6161,192.8469,335.2463,19,David Renshaw,2026-05-27
40,20,401.1305,31.4627,216.7897,393.1190,20,David Renshaw,2026-05-27
41,5,25.1942,0.1081,16.7625,16.7625,5,David Renshaw,2026-05-28
42,1,11.6136,-0.9965,3.6109,3.6109,1,David Renshaw,2026-05-28
43,6,35.1832,0.8126,22.3695,24.1613,6,David Renshaw,2026-05-28
44,7,39.2482,1.2447,26.6703,30.1361,7,David Renshaw,2026-05-28
45,13,279.3530,21.2021,127.9714,269.2396,13,David Renshaw,2026-05-28
46,16,150.2494,10.5784,136.2030,142.7947,16,David Renshaw,2026-05-28
47,8,46.3380,1.7639,33.1511,35.7901,8,David Renshaw,2026-05-28
48,9,50.3060,2.2491,38.0079,42.8119,9,David Renshaw,2026-05-28
49,10,61.4836,3.0269,43.7679,50.9616,10,David Renshaw,2026-05-28
50,11,61.5069,3.0412,51.2464,51.2464,11,David Renshaw,2026-05-28
51,13,190.9121,13.9776,122.9981,183.4574,13,David Renshaw,2026-05-28
52,13,201.2412,14.8383,127.6869,193.7865,13,David Renshaw,2026-05-28
53,3,17.4513,-0.5614,8.5325,8.5325,3,David Renshaw,2026-05-28
54,4,24.7291,-0.0870,12.3650,13.0581,4,David Renshaw,2026-05-28
55,5,24.3180,0.0837,16.8303,16.8303,5,David Renshaw,2026-05-29
56,6,30.3760,0.5828,22.7576,22.7576,6,David Renshaw,2026-05-29
57,7,35.7790,1.0365,28.2351,28.2351,7,David Renshaw,2026-05-29
58,8,41.8264,1.5245,33.9620,33.9620,8,David Renshaw,2026-05-29
59,9,47.9739,1.9827,39.0956,39.0956,9,David Renshaw,2026-05-29
60,10,54.3490,2.5105,44.6829,45.3760,10,David Renshaw,2026-05-29
61,13,95.8477,6.0450,87.2943,88.3929,13,David Renshaw,2026-05-29
62,17,165.3025,11.8329,155.3629,157.8478,17,David Renshaw,2026-05-29
63,18,303.3639,23.3302,149.7979,295.6025,18,David Renshaw,2026-05-29
64,16,143.6577,10.0291,136.2030,136.2030,16,David Renshaw,2026-05-29
65,25,302.3562,23.0460,229.1860,290.6253,25,David Renshaw,2026-05-29
66,26,318.5520,24.4585,247.8599,308.2164,26,David Renshaw,2026-05-29
67,27,355.2704,27.4823,287.0129,344.1578,27,David Renshaw,2026-05-29
68,15,131.7464,9.0365,122.9054,124.2917,15,David Renshaw,2026-05-29
69,2,13.5255,-0.8152,6.0707,6.0707,2,David Renshaw,2026-05-29
70,3,16.8284,-0.5324,9.3234,9.3234,3,David Renshaw,2026-05-29
71,4,24.5794,0.0861,16.6146,16.6146,4,David Renshaw,2026-05-29
72,4,20.7040,-0.2177,13.2099,13.2099,4,David Renshaw,2026-06-01
73,18,295.6438,22.6751,164.5421,287.6829,18,David Renshaw,2026-06-01
74,21,255.6932,19.3584,196.6795,247.9447,21,David Renshaw,2026-06-01
75,8,41.8518,1.5115,33.6449,33.6449,8,David Renshaw,2026-06-01
76,8,41.8380,1.5176,33.7569,33.7569,8,David Renshaw,2026-06-01
77,8,48.5559,1.7884,33.3086,34.0018,8,David Renshaw,2026-06-02
78,8,48.2589,1.7774,33.4048,34.0980,8,David Renshaw,2026-06-02
79,9,51.0665,2.1149,39.5605,39.5605,9,David Renshaw,2026-06-02
80,9,50.3274,2.0879,39.5957,39.5957,9,David Renshaw,2026-06-02
81,9,52.4936,2.1805,39.6894,39.6894,9,David Renshaw,2026-06-02
82,10,54.8048,2.5324,45.5275,45.5275,10,David Renshaw,2026-06-02
83,10,55.1108,2.5614,45.9233,45.9233,10,David Renshaw,2026-06-02
84,10,55.8399,2.5934,46.0841,46.0841,10,David Renshaw,2026-06-02
85,17,164.2055,11.7446,124.7331,156.6284,17,David Renshaw,2026-06-11
86,15,127.1318,8.6625,94.1298,119.6754,15,David Renshaw,2026-06-11
87,18,191.9574,13.8687,143.7321,180.7462,18,David Renshaw,2026-06-11
88,12,73.5905,3.9878,58.5257,61.9914,12,David Renshaw,2026-06-11
89,13,79.4125,4.5399,65.8140,69.2797,13,David Renshaw,2026-06-11
90,19,198.2683,14.4808,152.5312,188.8587,19,David Renshaw,2026-06-11
91,16,141.5874,9.8620,123.8439,134.0464,16,David Renshaw,2026-06-11
92,20,223.3165,16.4257,159.9348,210.7637,20,David Renshaw,2026-06-11
93,16,160.1517,11.3337,118.1902,151.3271,16,David Renshaw,2026-06-12
94,18,210.0198,15.2929,141.9089,196.8293,18,David Renshaw,2026-06-12
95,10,59.8396,2.8779,44.4855,49.0498,10,Andrew Sutherland,2026-06-23
96,17,160.6560,11.1696,134.4969,147.2076,17,David Renshaw,2026-06-23
97,17,163.7597,11.5666,113.2100,153.5897,17,David Renshaw,2026-06-23
98,18,190.7743,13.8642,142.5208,181.5394,18,David Renshaw,2026-06-23
99,10,60.0442,2.8655,44.5379,48.5983,10,David Renshaw,2026-06-23
100,10,62.2050,3.1147,44.5658,52.2497,10,David Renshaw,2026-06-23
101,10,57.5947,2.6471,45.1211,45.8143,10,David Renshaw,2026-06-23
102,18,195.0112,14.0578,138.9882,182.2279,18,Alexey Pozdnyakov,2026-06-23
103,14,90.6602,5.5500,76.8499,81.9375,14,David Renshaw,2026-06-24
104,16,125.3336,8.3191,107.4964,114.1810,16,David Renshaw,2026-06-24
105,12,85.3015,4.9650,62.4042,73.7301,12,David Renshaw,2026-06-24
106,13,86.8361,5.2504,69.9101,78.4572,13,David Renshaw,2026-06-24
107,5,28.1418,0.2182,16.9496,16.9496,5,David Renshaw,2026-06-24
108,5,29.7728,0.4039,17.3615,19.6640,5,David Renshaw,2026-06-24
109,5,30.4435,0.4887,17.4371,20.9028,5,David Renshaw,2026-06-24
110,5,25.4391,0.1792,17.8360,17.8360,5,David Renshaw,2026-06-24
111,5,26.7154,0.2148,17.9058,17.9058,5,David Renshaw,2026-06-24
112,6,38.2622,1.0982,22.3830,27.8761,6,David Renshaw,2026-06-24
113,6,34.8696,0.7566,22.4706,23.1638,6,David Renshaw,2026-06-24
114,6,40.7010,1.1951,22.6105,27.8254,6,David Renshaw,2026-06-24
115,6,44.7733,1.5798,22.6199,33.0171,6,David Renshaw,2026-06-24
116,6,39.0033,0.9339,22.6434,22.6434,6,David Renshaw,2026-06-24
117,6,30.6253,0.5937,22.8118,22.8118,6,David Renshaw,2026-06-24
118,6,31.9839,0.6407,22.8976,22.8976,6,David Renshaw,2026-06-24
119,6,30.7807,0.6081,22.9948,22.9948,6,David Renshaw,2026-06-24
120,7,40.4278,1.2354,27.0086,29.0881,7,David Renshaw,2026-06-24
121,7,43.1443,1.3530,27.4258,29.0352,7,David Renshaw,2026-06-24
122,7,45.9236,1.6070,27.4784,32.4342,7,David Renshaw,2026-06-24
123,7,41.1167,1.3388,27.5222,30.7803,7,David Renshaw,2026-06-24
124,7,37.5619,1.0973,28.3200,28.3200,7,David Renshaw,2026-06-24
125,7,37.7034,1.1022,27.6363,28.3294,7,David Renshaw,2026-06-24
126,7,40.3603,1.2030,27.6952,28.3883,7,David Renshaw,2026-06-24
127,7,40.5743,1.2134,28.4224,28.4224,7,David Renshaw,2026-06-24
128,7,62.3864,3.0699,30.2019,51.1521,7,David Renshaw,2026-06-24
129,8,50.8686,2.0606,33.3811,38.4563,8,David Renshaw,2026-06-24
130,8,45.1627,1.7848,33.3825,36.9089,8,David Renshaw,2026-06-24
131,8,46.8048,1.8936,33.3859,38.0494,8,David Renshaw,2026-06-24
132,9,51.5923,2.3474,38.3124,43.8013,9,David Renshaw,2026-06-24
133,9,57.0933,2.5119,38.6817,42.8864,9,David Renshaw,2026-06-24
134,9,54.2626,2.2572,38.8164,39.5096,9,David Renshaw,2026-06-24
135,9,53.5678,2.4508,38.8853,44.7260,9,David Renshaw,2026-06-24
136,11,64.4746,3.3833,52.5513,56.0776,11,David Renshaw,2026-06-24
137,11,64.2979,3.2932,53.7460,54.4391,11,David Renshaw,2026-06-24
138,11,63.6503,3.2749,53.7834,54.4765,11,David Renshaw,2026-06-24
139,11,65.2251,3.3331,53.8875,54.5806,11,David Renshaw,2026-06-24
140,17,160.5143,11.3651,127.5214,151.6795,17,David Renshaw,2026-06-24
141,16,162.1999,11.3889,101.9919,150.9939,16,Alexey Pozdnyakov,2026-06-24
142,8,55.4886,2.5144,33.1730,44.6859,8,cocoxhuang,2026-06-24
143,8,53.9302,2.2472,33.3720,39.6892,8,cocoxhuang,2026-06-24
144,9,55.1345,2.5390,38.5721,45.4515,9,cocoxhuang,2026-06-24
145,11,66.9838,3.3597,52.7373,53.4304,11,cocoxhuang,2026-06-24
146,18,182.5444,13.1378,133.4579,172.4846,18,Alexey Pozdnyakov,2026-06-24
147,18,173.8532,12.3566,141.2194,162.5695,18,Alexey Pozdnyakov,2026-06-24
148,15,149.1231,10.1032,93.4593,132.5211,15,Alexey Pozdnyakov,2026-06-24
149,5,27.1941,0.2341,17.9887,17.9887,5,Seewoo Lee,2026-06-24
150,9,54.7286,2.3121,39.7489,40.4420,9,Edgar Costa,2026-06-24
151,9,58.0898,2.6658,40.6867,45.7619,9,Edgar Costa,2026-06-24
152,9,54.2683,2.3907,40.8883,42.9677,9,Edgar Costa,2026-06-24
153,9,53.7068,2.3725,40.9622,43.0417,9,Edgar Costa,2026-06-24
154,9,57.2153,2.6751,41.1128,46.7757,9,Edgar Costa,2026-06-24
155,9,53.5787,2.3223,41.3343,42.0275,9,Edgar Costa,2026-06-24
156,9,52.2364,2.3991,42.1083,44.4109,9,Edgar Costa,2026-06-24
157,12,69.3388,3.8113,57.7645,61.2909,12,Andrew Sutherland,2026-06-24
158,13,75.7603,4.2452,64.7385,65.8371,13,Andrew Sutherland,2026-06-24
159,17,136.7901,9.4555,121.8723,129.1377,17,Edgar Costa,2026-06-25
160,19,190.3118,13.7443,146.2240,179.3903,19,cocoxhuang,2026-06-25
161,18,193.0789,13.9583,127.0670,181.7814,18,cocoxhuang,2026-06-25
162,9,74.3195,4.1996,48.6261,65.8459,9,Seewoo Lee,2026-06-25
163,17,186.7638,13.3744,129.8758,174.0811,17,Seewoo Lee,2026-06-25
164,17,182.1986,13.0151,130.9873,170.0406,17,Seewoo Lee,2026-06-25
165,17,187.3061,13.4481,132.8679,175.3266,17,Seewoo Lee,2026-06-25
166,17,181.3144,12.8239,136.8940,165.9286,17,Seewoo Lee,2026-06-25
167,16,161.1369,11.3485,114.5505,150.9773,16,Seewoo Lee,2026-06-25
168,16,185.9863,13.4868,115.1383,177.1347,16,Seewoo Lee,2026-06-25
169,16,164.2630,11.3713,118.3121,147.8718,16,Seewoo Lee,2026-06-25
170,16,156.7267,10.9592,119.1999,146.1036,16,Seewoo Lee,2026-06-25
171,16,173.1561,12.2058,120.2651,159.5613,16,Seewoo Lee,2026-06-25
172,16,171.6930,12.2267,120.6788,161.5031,16,Seewoo Lee,2026-06-25
173,16,180.5249,12.7056,120.8047,163.4355,16,Seewoo Lee,2026-06-25
174,16,179.8134,12.7946,122.4143,167.1136,16,Seewoo Lee,2026-06-25
175,16,187.5772,13.5472,125.1278,177.3188,16,Seewoo Lee,2026-06-25
176,16,167.7021,11.8259,126.2007,155.9942,16,Seewoo Lee,2026-06-25
177,16,168.9606,11.8946,127.2410,156.3705,16,Seewoo Lee,2026-06-25
178,16,193.7395,13.8641,127.7069,178.5015,16,Seewoo Lee,2026-06-25
179,16,161.6163,11.3308,127.8409,150.1921,16,Seewoo Lee,2026-06-25
180,16,172.5231,12.3057,129.1141,162.5245,16,Seewoo Lee,2026-06-25
181,16,160.9007,11.3290,132.2076,150.7438,16,Seewoo Lee,2026-06-25
182,16,217.8001,15.8767,133.9879,202.7901,16,Seewoo Lee,2026-06-25
183,16,194.7346,14.1058,134.5201,183.6512,16,Seewoo Lee,2026-06-25
184,16,198.5937,14.3199,134.5741,184.8413,16,Seewoo Lee,2026-06-25
185,16,185.3011,13.3955,135.0237,175.7996,16,Seewoo Lee,2026-06-25
186,16,174.8913,12.4617,135.6374,164.0175,16,Seewoo Lee,2026-06-25
187,17,198.6436,14.2811,140.0236,183.6579,17,Seewoo Lee,2026-06-25
188,16,189.1754,13.6454,146.3628,178.1601,16,Seewoo Lee,2026-06-25
189,17,192.7291,13.9675,147.2079,182.2720,17,Seewoo Lee,2026-06-25
190,17,195.8119,14.1493,149.7244,183.6482,17,Seewoo Lee,2026-06-25
191,16,231.1751,17.0830,155.3367,218.6822,16,Seewoo Lee,2026-06-25
192,15,156.1944,10.8724,103.0411,144.6146,15,Seewoo Lee,2026-06-25
193,15,170.0854,12.1679,104.4416,161.3466,15,Seewoo Lee,2026-06-25
194,15,143.2926,9.7552,105.9377,130.6945,15,Seewoo Lee,2026-06-25
195,14,148.2547,10.3449,91.2762,139.4798,14,Seewoo Lee,2026-06-25
196,14,134.4268,9.1303,92.5248,124.4254,14,Seewoo Lee,2026-06-25
197,14,144.2821,9.9187,94.8676,133.5837,14,Seewoo Lee,2026-06-25
198,14,157.9378,10.9754,95.1941,145.3339,14,Seewoo Lee,2026-06-25
199,15,227.9632,16.8288,182.6829,215.8064,15,Seewoo Lee,2026-06-25
200,13,136.6865,9.3477,77.8062,127.2714,13,Seewoo Lee,2026-06-25
201,13,138.0818,9.3280,79.6472,125.6604,13,Seewoo Lee,2026-06-25
202,13,142.0857,9.6722,81.9191,129.9261,13,Seewoo Lee,2026-06-25
203,13,141.7867,9.7110,83.9371,131.0955,13,Seewoo Lee,2026-06-25
204,14,209.2511,15.1799,160.9835,194.7045,14,Seewoo Lee,2026-06-25
205,13,206.8121,15.0801,167.5583,194.9908,13,Seewoo Lee,2026-06-25
206,14,215.8964,15.9179,171.8527,205.8522,14,Seewoo Lee,2026-06-25
207,15,222.4724,16.3607,172.5627,210.0550,15,Seewoo Lee,2026-06-25
208,13,215.2817,15.6797,172.7964,200.6534,13,Seewoo Lee,2026-06-25
209,13,229.0114,16.9558,176.0382,217.7841,13,Seewoo Lee,2026-06-25
210,15,206.1821,15.1685,155.7706,197.3061,15,Seewoo Lee,2026-06-25
211,15,221.1635,16.1652,156.3129,206.3998,15,Seewoo Lee,2026-06-25
212,13,214.3250,15.8427,172.7924,205.3689,13,Seewoo Lee,2026-06-25
213,16,231.7803,17.1972,175.0420,220.7913,16,Seewoo Lee,2026-06-25
214,14,155.0378,10.9858,101.0952,147.5459,14,Seewoo Lee,2026-06-25
215,18,168.7851,12.0564,146.8020,160.0219,18,RoyManami,2026-06-25
216,17,173.7084,12.1714,126.4473,157.7379,17,Edgar Costa,2026-06-25
217,16,161.7314,11.1105,118.7839,143.6244,16,Edgar Costa,2026-06-25
218,15,135.1859,9.2934,99.3287,127.0491,15,Edgar Costa,2026-06-25
219,17,169.6900,12.1823,140.1185,161.7868,17,Edgar Costa,2026-06-25
220,15,164.5873,11.5945,133.7507,153.5301,15,Edgar Costa,2026-06-25
221,14,137.7015,9.3620,89.8658,126.8213,14,Edgar Costa,2026-06-25
222,18,160.6436,11.3835,128.5324,151.9864,18,RoyManami,2026-06-25
223,18,185.2960,13.2974,130.4748,173.7163,18,Alexey Pozdnyakov,2026-06-25
224,18,203.8172,14.7857,130.6903,190.8789,18,Alexey Pozdnyakov,2026-06-25
225,19,231.7959,17.0534,150.7852,217.0935,19,Alexey Pozdnyakov,2026-06-25
226,20,230.8115,17.1249,164.5209,220.0141,20,Alexey Pozdnyakov,2026-06-25
227,17,160.0641,11.2834,128.7202,150.3853,17,Alexey Pozdnyakov,2026-06-25
228,17,156.8365,10.9308,130.9759,145.3706,17,Alexey Pozdnyakov,2026-06-25
229,17,151.9602,10.5826,120.8654,141.7761,17,Alexey Pozdnyakov,2026-06-25
230,17,155.5433,10.8189,133.0019,143.9839,17,Alexey Pozdnyakov,2026-06-25
231,17,159.2932,11.1753,135.7563,148.7184,17,Alexey Pozdnyakov,2026-06-25
232,17,146.4671,10.1515,124.9867,136.8271,17,Alexey Pozdnyakov,2026-06-25
233,18,188.9545,13.4743,149.3205,173.9859,18,Alexey Pozdnyakov,2026-06-25
234,19,180.4570,12.7393,142.9539,164.6623,19,RoyManami,2026-06-26
235,15,120.6418,7.9761,96.3379,110.5171,15,RoyManami,2026-06-26
236,16,167.7558,12.0132,125.1853,159.7162,16,Seewoo Lee,2026-06-26
237,15,137.6757,9.4469,112.3023,128.5873,15,Seewoo Lee,2026-06-26
238,15,166.4143,11.6251,121.9957,152.2947,15,Seewoo Lee,2026-06-26
239,15,145.2749,9.7861,109.8175,128.7909,15,Seewoo Lee,2026-06-26
240,19,166.8295,11.8074,146.5465,156.3436,19,David Renshaw,2026-06-27
241,18,159.9746,11.1400,137.3374,147.2392,18,David Renshaw,2026-06-27
242,18,194.6665,14.1373,153.4965,184.3945,18,Edgar Costa,2026-06-29
243,20,218.2916,16.1469,163.6986,208.8530,20,David Renshaw,2026-07-02
244,14,85.1893,5.1313,73.6610,77.1267,14,Andrew Sutherland,2026-07-06
245,20,207.8886,15.1332,150.6689,195.1642,20,David Renshaw,2026-07-07
246,7,66.0389,3.0786,36.8855,45.7212,7,Warricker-hash,2026-07-18
247,7,71.5991,3.4954,38.5241,49.2994,7,Warricker-hash,2026-07-18
248,7,78.4386,3.9126,40.2309,48.1740,7,Warricker-hash,2026-07-18
249,7,79.8472,4.0983,45.3000,53.4491,7,Warricker-hash,2026-07-18
250,7,75.7502,3.7982,41.8870,51.4440,7,Warricker-hash,2026-07-18
251,5,28.6439,0.4312,19.4008,20.7871,5,Warricker-hash,2026-07-19
252,6,55.2765,2.2428,27.8614,37.2948,6,Warricker-hash,2026-07-19
253,7,43.6426,1.7052,34.8019,36.1882,7,Warricker-hash,2026-07-26
254,7,45.1815,1.8334,34.1433,37.7268,7,Warricker-hash,2026-07-26
255,7,46.0657,1.9071,34.4839,38.6110,7,Warricker-hash,2026-07-26
256,7,43.9204,1.7283,35.7726,36.4657,7,Warricker-hash,2026-07-28
257,7,47.5503,2.0308,36.7634,40.0956,7,Warricker-hash,2026-07-28
258,8,42.1057,1.5647,34.5828,34.5828,8,David Renshaw,2026-07-29
259,8,42.2265,1.5733,33.8499,34.5431,8,David Renshaw,2026-07-29
260,8,42.2891,1.5628,33.6452,34.3384,8,David Renshaw,2026-07-29
261,8,42.9789,1.6368,34.7483,35.4414,8,David Renshaw,2026-07-29
262,20,207.2930,15.1523,154.6050,196.2131,20,David Renshaw,2026-07-29
263,8,58.5546,2.9477,47.7667,51.0989,8,Warricker-hash,2026-07-31
264,8,58.9739,2.9827,48.1870,51.5192,8,Warricker-hash,2026-07-31
265,7,44.3437,1.7644,36.2069,36.9000,7,Warricker-hash,2026-08-08
266,7,43.5843,1.7002,32.6636,36.1293,7,Warricker-hash,2026-08-10
267,6,35.0276,0.9870,24.1043,27.5700,6,Warricker-hash,2026-08-11
268,5,26.4170,0.2689,18.9491,18.9491,5,Warricker-hash,2026-08-12
269,8,55.5703,2.6991,47.4224,48.1156,8,Warricker-hash,2026-08-13
270,4,23.0143,-0.0173,14.2331,15.6194,4,Warricker-hash,2026-08-14
271,4,21.0451,-0.1885,13.5894,13.5894,4,Warricker-hash,2026-08-18
272,6,69.1344,3.8189,38.1021,61.6797,6,sorinmg,2026-08-18
273,30,442.0854,34.7705,339.3479,432.1249,30,ranksunbounded,2026-08-20
274,2,29.9798,0.5700,21.4710,22.5696,2,César Acebes,2026-08-20
275,20,200.2833,14.5722,162.6383,189.2942,20,David Renshaw,2026-08-20
276,15,118.7702,7.8218,100.5253,108.6915,15,Kameron Bettridge (Clovis Mint),2026-08-21
277,6,72.2810,3.9853,44.7939,62.9388,6,Daksh Shami,2026-08-21
278,7,83.7496,4.9506,56.0575,74.6143,7,Daksh Shami,2026-08-21
279,7,96.6018,6.1181,68.1241,89.1429,7,Daksh Shami,2026-08-21
280,19,199.2905,14.4941,141.1643,188.3974,19,André Röhrig,2026-08-22
281,19,207.9214,15.1326,159.0720,195.1096,19,7fff-zip,2026-08-22
282,20,238.6023,17.8244,185.1653,228.8478,20,7fff-zip,2026-08-22
283,7,53.1423,2.4386,32.9064,44.6912,7,Warricker-hash,2026-08-22
284,9,79.0654,4.5395,49.1378,69.5223,9,Warricker-hash,2026-08-22
285,21,212.1831,15.4685,173.2515,198.8698,21,7fff-zip,2026-08-22
286,21,226.6271,16.8918,177.8806,218.1521,21,7fff-zip,2026-08-22
287,2,173.6030,11.8197,72.3346,141.8966,2,sorinmg,2026-08-22
288,1,557.9224,42.9581,183.4892,370.5620,1,sorinmg,2026-08-22
289,1,1008.2399,82.0776,,1000.7852,1,sorinmg,2026-08-22
290,19,192.2896,13.9250,151.4138,181.7078,19,7fff-zip,2026-08-23
291,19,229.2767,16.8462,165.7527,214.6547,19,7fff-zip,2026-08-23
292,19,189.9062,13.5447,154.3556,174.6678,19,7fff-zip,2026-08-23
293,19,224.1729,16.4206,170.6661,209.5430,19,7fff-zip,2026-08-23
294,19,202.3570,14.6330,150.4468,188.5911,19,7fff-zip,2026-08-23
295,19,227.4116,16.8210,167.1149,216.1496,19,7fff-zip,2026-08-23
296,19,215.4188,15.8759,158.6030,205.3297,19,7fff-zip,2026-08-23
297,19,253.4461,19.0054,174.1675,242.5165,19,7fff-zip,2026-08-23
298,2,124.0472,8.3949,108.8501,116.5925,2,7fff-zip,2026-08-23
299,2,124.0472,8.3949,104.4557,116.5925,2,7fff-zip,2026-08-23
300,9,71.9940,3.8917,45.9112,61.2261,9,Warricker-hash,2026-08-23
301,10,81.3533,4.7607,68.9403,72.4060,10,Warricker-hash,2026-08-23
302,31,468.2771,36.7425,375.2224,453.0469,31,Ava Howell,2026-08-23
303,16,164.6820,11.7137,137.3908,155.8713,16,C. R. Hill,2026-08-23
304,22,241.6470,17.9564,188.1201,229.1736,22,7fff-zip,2026-08-23
305,15,138.3381,9.5858,122.9054,130.8834,15,7fff-zip,2026-08-24
306,15,276.0439,20.9058,147.2324,265.4894,15,7fff-zip,2026-08-24
307,18,302.9047,22.9836,149.7979,288.3335,18,7fff-zip,2026-08-24
308,17,171.8942,12.3822,155.3629,164.4395,17,7fff-zip,2026-08-24
309,17,295.8248,22.6927,161.5687,287.9075,17,7fff-zip,2026-08-24
310,18,303.6235,23.0216,164.5421,288.4018,18,7fff-zip,2026-08-24
311,18,354.7536,27.6235,189.7569,347.1735,18,7fff-zip,2026-08-24
312,19,348.8325,26.9627,192.8469,338.0878,19,7fff-zip,2026-08-24
313,20,400.8156,31.1161,216.7897,385.4447,20,7fff-zip,2026-08-24
314,18,182.3801,12.9079,129.3222,166.8477,18,C. R. Hill,2026-08-24
315,10,80.1061,4.5744,56.0633,69.4880,10,Warricker-hash,2026-08-24
316,17,198.6342,14.2954,150.9222,184.0923,17,Jack Cheng,2026-08-24
317,16,161.0634,11.2922,130.2869,149.8079,16,Jack Cheng,2026-08-24
318,15,339.0626,26.3106,145.1590,331.5283,15,Jack Cheng,2026-08-24
319,15,406.5294,31.7529,183.5264,395.3896,15,Jack Cheng,2026-08-24
320,19,222.5941,16.4561,159.5435,212.1339,19,7fff-zip,2026-08-24
321,19,235.4365,17.4991,156.9496,224.3849,19,7fff-zip,2026-08-24
322,19,197.6921,14.4418,144.5994,188.4552,19,7fff-zip,2026-08-24
323,19,216.8187,16.0148,159.5899,207.1931,19,7fff-zip,2026-08-24
324,18,184.3223,13.2062,141.6465,172.5050,18,7fff-zip,2026-08-24
325,13,412.3064,32.2786,157.8269,402.1229,13,Jack Cheng,2026-08-24
326,11,91.7553,5.7073,68.2886,84.1811,11,Warricker-hash,2026-08-24
327,20,256.2774,19.3479,175.6948,247.4892,20,7fff-zip,2026-08-24
328,20,234.3228,17.2945,176.4747,220.4937,20,7fff-zip,2026-08-24
329,20,227.2718,16.7059,174.4566,213.4138,20,7fff-zip,2026-08-24
330,19,216.6623,15.8578,156.3028,203.7681,19,7fff-zip,2026-08-24
331,19,207.0749,15.2432,153.3039,198.2049,19,7fff-zip,2026-08-24
332,19,211.5519,15.3467,154.3685,196.2602,19,7fff-zip,2026-08-24
333,19,207.6435,15.0848,156.8530,194.1836,19,7fff-zip,2026-08-24
334,19,207.1234,15.1810,160.4143,196.9605,19,7fff-zip,2026-08-24
335,19,212.3338,15.6402,162.1415,202.6909,19,7fff-zip,2026-08-24
336,19,227.0809,16.7755,156.4186,215.4059,19,7fff-zip,2026-08-24
337,19,234.1140,17.5584,162.6300,226.3364,19,7fff-zip,2026-08-24
338,19,218.3839,16.0093,160.9032,205.6975,19,7fff-zip,2026-08-24
339,19,216.7174,15.8659,172.9076,203.9151,19,7fff-zip,2026-08-24
340,20,202.6211,14.7200,169.5107,190.5352,20,7fff-zip,2026-08-24
341,19,201.5040,14.5611,156.8813,187.7145,19,7fff-zip,2026-08-24
342,19,219.8388,16.0778,175.9358,205.7390,19,7fff-zip,2026-08-24
343,19,230.1498,16.7919,176.6246,211.2963,19,7fff-zip,2026-08-24
344,11,117.5546,7.6875,71.6162,106.7652,11,Daksh Shami,2026-08-24
345,19,195.9519,14.2974,161.6248,186.7264,19,C. R. Hill,2026-08-25
346,19,220.3781,16.2442,158.6549,209.3311,19,C. R. Hill,2026-08-25
347,19,204.3002,14.8349,149.3392,191.5938,19,C. R. Hill,2026-08-25
348,8,62.8072,3.1234,37.8640,51.9850,8,Warricker-hash,2026-08-25
349,10,86.1645,5.1085,57.2527,76.1634,10,Warricker-hash,2026-08-25
350,7,60.8786,2.7882,32.0884,45.5131,7,Warricker-hash,2026-08-25
351,25,297.5914,22.7397,225.7217,287.8270,25,wgxli,2026-08-25
352,7,49.5128,2.1075,32.7737,40.5693,7,Warricker-hash,2026-08-25
353,9,64.8671,3.2958,47.4404,54.0605,9,Warricker-hash,2026-08-25
354,8,74.6606,4.0126,39.3387,61.4591,8,Warricker-hash,2026-08-25
355,20,256.1835,19.2025,173.4641,244.5529,20,7fff-zip,2026-08-25
356,29,394.2398,30.7273,317.8863,383.0718,29,wgxli,2026-08-25
357,8,53.8125,2.4624,38.5896,44.7758,8,Warricker-hash,2026-08-25
358,9,65.8563,3.3889,49.3088,55.2749,9,Warricker-hash,2026-08-25
359,10,70.3645,3.8122,52.2064,60.7781,10,Warricker-hash,2026-08-25
360,9,69.6541,3.7684,47.9463,60.3708,9,Warricker-hash,2026-08-25
361,8,71.2865,3.8458,38.9793,60.7994,8,Warricker-hash,2026-08-25
362,7,57.8195,2.7392,31.3230,47.6597,7,Warricker-hash,2026-08-25
363,27,335.8302,25.9754,265.1651,327.0415,27,wgxli,2026-08-25
364,28,378.5495,29.4116,307.8139,367.1966,28,wgxli,2026-08-25
365,8,60.9970,2.8991,38.3366,48.4461,8,Warricker-hash,2026-08-26
366,9,62.0426,3.1959,45.4324,53.8680,9,Warricker-hash,2026-08-26
367,8,65.2385,3.4216,40.5508,56.3641,8,Warricker-hash,2026-08-26
368,8,60.2021,2.9639,40.1727,50.5854,8,Warricker-hash,2026-08-26
369,8,55.7147,2.5685,39.1523,45.6626,8,Warricker-hash,2026-08-26
370,10,65.1263,3.4213,53.5321,56.4225,10,Warricker-hash,2026-08-26
371,10,73.3014,4.1231,52.7160,64.9328,10,Warricker-hash,2026-08-26
372,8,50.8290,2.2755,39.8048,42.8959,8,Warricker-hash,2026-08-26
373,7,62.3624,3.0480,31.3986,50.6647,7,Warricker-hash,2026-08-26
374,1,1221.5173,99.8614,610.7587,1214.0626,1,sorinmg,2026-08-26
375,18,203.1230,14.7730,132.4816,191.3066,18,C. R. Hill,2026-08-26
376,22,240.6759,17.8487,170.9602,227.5144,22,wgxli,2026-08-26
377,23,272.2957,20.4886,192.3572,259.2655,23,wgxli,2026-08-26
378,24,285.1012,21.5640,214.6983,272.2834,24,wgxli,2026-08-26
379,16,210.6548,15.4796,183.8253,200.5797,16,C. R. Hill,2026-08-27
380,18,182.7633,13.2182,151.6078,173.9104,18,C. R. Hill,2026-08-27
381,19,212.2196,15.5461,165.1512,200.7540,19,y011d4,2026-08-27
382,18,208.7820,15.2708,149.7835,197.5714,18,y011d4,2026-08-27
383,18,214.0594,15.7292,152.0516,203.2629,18,y011d4,2026-08-27
384,18,211.0497,15.5850,166.7629,202.4104,18,y011d4,2026-08-27
385,29,443.4928,34.7486,345.6488,430.2919,29,wgxli,2026-08-27
386,20,241.5877,18.0847,182.8303,232.0610,20,y011d4,2026-08-27
387,21,253.4109,18.8999,184.4884,239.9820,21,y011d4,2026-08-27
388,19,228.2150,16.8642,162.6085,216.4022,19,y011d4,2026-08-27
389,24,281.4729,21.4222,211.8222,272.2339,24,wgxli,2026-08-27
390,26,305.6218,23.4349,248.0402,296.3876,26,wgxli,2026-08-27
391,28,401.2747,31.3325,300.4308,390.5279,28,wgxli,2026-08-27
392,9,73.5867,3.8375,46.2018,57.9207,9,Warricker-hash,2026-08-27
393,26,324.4944,25.0389,246.5552,315.8588,26,wgxli,2026-08-27
394,21,236.4610,17.5449,166.2521,224.4938,21,David Renshaw,2026-08-27
395,28,385.9884,30.0530,297.5073,375.1123,28,wgxli,2026-08-28
396,25,293.3922,22.5141,238.9807,285.8791,25,Rayan Hatout,2026-08-28
397,22,237.3840,17.7892,191.7142,228.9274,22,Rayan Hatout,2026-08-28
398,30,413.0256,32.2529,304.9835,400.9206,30,NDElkies,2026-08-28
399,29,412.6105,32.2721,306.0042,401.7474,29,NDElkies,2026-08-28
400,28,367.0536,28.3938,274.4930,354.2483,28,NDElkies,2026-08-28
401,27,315.4029,24.1326,258.7580,303.6576,27,NDElkies,2026-08-28
402,27,350.8168,26.9352,247.2408,334.9971,27,NDElkies,2026-08-28
403,28,389.3339,30.2210,313.9863,375.7477,28,NDElkies,2026-08-28
404,27,372.7876,29.0013,309.0261,362.9291,27,NDElkies,2026-08-28
405,18,185.8890,13.4119,143.6370,175.7444,18,Bhavik Mehta,2026-08-28
406,18,186.5472,13.3984,146.0354,174.8877,18,Bhavik Mehta,2026-08-28
407,18,181.3484,12.9666,151.0981,169.7260,18,Bhavik Mehta,2026-08-28
408,18,194.3921,14.1461,152.6235,184.7697,18,Bhavik Mehta,2026-08-28
409,18,195.6918,14.2741,159.4714,186.4361,18,Bhavik Mehta,2026-08-28
410,21,237.5910,17.5956,184.1226,224.5336,21,7fff-zip,2026-08-28
411,17,243.4052,18.2269,179.2413,233.6947,17,C. R. Hill,2026-08-28
412,21,236.2289,17.6549,178.4296,227.0485,21,7fff-zip,2026-08-29
413,24,265.7361,19.9486,209.8717,252.8786,24,Rayan Hatout,2026-08-29
414,25,319.8451,24.6590,244.5905,311.3075,25,7fff-zip,2026-08-29
415,15,112.6817,7.1721,90.2844,99.2432,15,Rayan Hatout,2026-08-29
416,27,401.5394,31.3616,325.3627,390.9395,27,7fff-zip,2026-08-29
417,26,336.2661,26.0078,276.9120,327.4014,26,7fff-zip,2026-08-29
418,21,363.5456,28.2759,287.5774,354.5819,21,7fff-zip,2026-08-29
419,20,228.4463,16.8921,158.4613,216.8408,20,Bhavik Mehta,2026-08-29
420,20,234.5672,17.4893,160.2724,224.8496,20,Bhavik Mehta,2026-08-29
421,20,225.5087,16.6393,165.7732,213.7137,20,Bhavik Mehta,2026-08-29
422,19,204.1931,14.8900,143.3199,193.0191,19,Bhavik Mehta,2026-08-29
423,28,401.5127,31.3561,299.3729,390.8413,28,7fff-zip,2026-08-29
424,1,11.2696,-1.0044,3.7612,3.7612,1,NDElkies,2026-08-29
425,1,11.3875,-0.9885,3.9703,3.9703,1,NDElkies,2026-08-29
426,4,24.4575,-0.0950,13.1244,13.1244,4,NDElkies,2026-08-29
427,21,228.9558,17.0664,170.2741,220.1121,21,Bhavik Mehta,2026-08-30
428,21,249.2340,18.6294,178.7953,237.7442,21,Bhavik Mehta,2026-08-30
429,20,222.6639,16.4161,160.0705,211.1939,20,Bhavik Mehta,2026-08-30
430,20,253.5557,19.0233,160.5642,242.8183,20,Bhavik Mehta,2026-08-30
431,20,230.0804,17.0145,166.6041,218.1482,20,Bhavik Mehta,2026-08-30
432,21,254.2868,19.0411,180.3053,242.5776,21,Bhavik Mehta,2026-08-30
433,22,240.5752,17.9699,188.6805,230.4484,22,Bhavik Mehta,2026-08-30
434,21,253.9257,18.9958,181.7211,241.8513,21,Bhavik Mehta,2026-08-30
435,20,258.1845,19.3887,198.2299,247.0023,20,Bhavik Mehta,2026-08-30
436,21,252.9208,19.0000,181.4976,242.8092,21,Bhavik Mehta,2026-08-30
437,20,248.6269,18.4866,185.2356,234.8003,20,Bhavik Mehta,2026-08-30
438,20,249.4172,18.6189,185.0099,237.3134,20,Bhavik Mehta,2026-08-30
439,21,253.5659,19.1562,194.9167,245.4533,21,Bhavik Mehta,2026-08-30
440,20,256.4404,19.3561,179.0685,247.5839,20,Nikita-Shulga,2026-08-30
441,23,343.2309,26.4619,266.6456,331.7287,23,Nikita-Shulga,2026-08-30
442,19,475.3835,37.3816,387.9820,461.5165,19,Nikita-Shulga,2026-08-30
443,19,568.8780,45.3275,515.2168,558.7193,19,Nikita-Shulga,2026-08-30
444,6,30.5269,0.5860,22.6338,22.6338,6,Andrew Sutherland,2026-08-30
445,20,253.0979,18.8621,166.8975,239.3504,20,Bhavik Mehta,2026-08-30
446,20,240.4534,17.8348,184.8163,227.4143,20,Bhavik Mehta,2026-08-30
447,20,245.9071,18.3489,176.5114,234.3423,20,Bhavik Mehta,2026-08-30
448,20,252.5017,18.8774,174.4161,240.4325,20,Bhavik Mehta,2026-08-30
449,20,230.3312,17.2218,168.1936,222.1888,20,Bhavik Mehta,2026-08-30
450,20,241.6646,18.1713,186.3914,233.6093,20,Bhavik Mehta,2026-08-30
451,20,233.3387,17.3790,175.6767,223.4474,20,Bhavik Mehta,2026-08-30
452,20,251.7210,18.9265,180.4647,242.1578,20,Bhavik Mehta,2026-08-30
453,20,239.4084,17.8834,189.0808,229.4898,20,Bhavik Mehta,2026-08-30
454,20,233.4772,17.2311,169.6692,219.8403,20,Bhavik Mehta,2026-08-30
455,20,251.3720,18.8456,174.8963,240.7268,20,Bhavik Mehta,2026-08-30
456,20,240.1312,17.9867,177.6817,231.0519,20,Bhavik Mehta,2026-08-30
457,21,256.4174,19.2110,195.0237,244.5249,21,Bhavik Mehta,2026-08-30
458,21,249.1653,18.5694,184.4501,236.3510,21,Bhavik Mehta,2026-08-30
459,20,262.2832,19.7229,192.2350,250.9330,20,Bhavik Mehta,2026-08-30
460,10,95.1902,5.8193,57.3780,84.3029,10,Warricker-hash,2026-08-30
461,8,58.1808,2.7739,39.9593,48.1255,8,Warricker-hash,2026-08-30
462,20,244.8592,18.4180,177.9187,236.4614,20,Bhavik Mehta,2026-08-30
463,20,244.2011,18.2762,171.2934,234.1475,20,Bhavik Mehta,2026-08-30
464,20,270.9931,20.4345,183.3974,259.3102,20,Bhavik Mehta,2026-08-30
465,20,239.8040,17.8741,172.0999,228.9970,20,Bhavik Mehta,2026-08-30
466,15,116.5594,7.5027,84.1040,103.3196,15,Rayan Hatout,2026-08-31
467,17,157.7463,11.0891,108.6798,148.0601,17,Rayan Hatout,2026-08-31
468,10,82.3613,4.5978,52.9983,67.5788,10,benvchurch,2026-08-31
469,8,61.1554,3.0261,37.7186,51.1772,8,Warricker-hash,2026-08-31
470,10,91.1779,5.5495,57.3167,81.6476,10,Warricker-hash,2026-08-31
471,14,136.1697,9.0899,99.9766,121.6254,14,Alexandar Slavov,2026-08-31
472,10,80.4721,4.6823,56.3264,71.4297,10,Warricker-hash,2026-08-31
473,9,76.7531,4.3830,48.0498,67.9128,9,Warricker-hash,2026-08-31
474,10,91.1209,5.5077,56.3376,80.8235,10,Warricker-hash,2026-08-31
475,12,68.0212,3.6956,59.9367,59.9367,12,NDElkies,2026-09-01
476,12,70.5019,3.7427,59.1884,59.1884,12,NDElkies,2026-09-01
477,13,77.1739,4.4938,69.6271,69.6271,13,NDElkies,2026-09-01
478,23,275.1695,20.9207,207.5406,266.3544,23,Alexandar Slavov,2026-09-01
479,9,68.9116,3.5996,45.3318,57.3509,9,Warricker-hash,2026-09-01
480,8,69.7130,3.6291,37.9483,57.2522,8,Warricker-hash,2026-09-01
481,18,373.2342,29.0931,197.4025,364.4582,18,Matthias Breddin,2026-09-01
482,16,382.9895,29.8149,220.6820,372.3712,16,Matthias Breddin,2026-09-01
483,16,380.6886,29.5489,209.1876,368.3575,16,Matthias Breddin,2026-09-01
484,16,395.1979,30.8287,211.0424,384.5018,16,Matthias Breddin,2026-09-01
485,16,376.8218,29.2507,224.8477,365.0710,16,Matthias Breddin,2026-09-01
486,16,362.7650,28.0795,202.1917,351.0198,16,Matthias Breddin,2026-09-01
487,16,332.8849,25.7932,172.8367,325.2941,16,Matthias Breddin,2026-09-01
488,16,336.8692,26.0024,183.4364,326.8944,16,Matthias Breddin,2026-09-01
489,16,361.9566,27.9914,209.8532,349.7112,16,Matthias Breddin,2026-09-01
490,16,369.6692,28.6374,215.4627,357.5035,16,Matthias Breddin,2026-09-01
491,14,119.5343,7.7024,98.0874,104.9544,14,7fff-zip,2026-09-02
492,8,63.9621,3.3142,40.1684,55.0372,8,Warricker-hash,2026-09-02
493,8,52.1117,2.3993,39.4045,44.6085,8,Warricker-hash,2026-09-02
494,9,72.7818,4.0961,50.3020,64.7682,9,Warricker-hash,2026-09-02
495,8,58.3252,2.8831,39.9669,50.1564,8,Warricker-hash,2026-09-02
496,8,62.0981,3.2273,40.4107,54.4994,8,Warricker-hash,2026-09-02
497,9,81.6795,4.7169,47.7227,71.2987,9,Warricker-hash,2026-09-02
498,23,247.8445,18.5874,193.9362,237.9576,23,Rayan Hatout,2026-09-02
499,20,199.3941,14.4981,159.0653,188.3989,20,Rayan Hatout,2026-09-02
500,9,81.4983,4.7820,48.7755,72.7254,9,Warricker-hash,2026-09-02
501,9,67.2471,3.5488,46.2240,57.5720,9,Warricker-hash,2026-09-02
502,8,70.6881,3.8869,39.7604,62.0239,8,Warricker-hash,2026-09-02
503,18,456.8288,35.8374,253.2615,443.0175,18,Matthias Breddin,2026-09-02
504,18,392.2379,30.4962,216.5412,379.5263,18,Matthias Breddin,2026-09-02
505,18,325.2088,25.0235,191.2518,315.0877,18,Matthias Breddin,2026-09-02
506,18,339.1388,26.1502,196.9699,328.2927,18,Matthias Breddin,2026-09-02
507,17,411.7721,32.1179,229.3992,398.9037,17,Matthias Breddin,2026-09-02
508,17,334.4180,25.6393,187.5477,320.6841,17,Matthias Breddin,2026-09-02
509,17,334.4431,25.7568,194.5220,323.5507,17,Matthias Breddin,2026-09-02
510,17,377.3931,29.1745,202.2719,362.3354,17,Matthias Breddin,2026-09-02
511,17,330.2653,25.3888,171.7045,318.9292,17,Matthias Breddin,2026-09-02
512,17,352.3560,27.2097,190.4874,340.5546,17,Matthias Breddin,2026-09-02
513,17,321.9912,24.8095,182.9681,312.9339,17,Matthias Breddin,2026-09-02
514,17,329.2964,25.3081,177.0531,317.9636,17,Matthias Breddin,2026-09-02
515,17,344.4959,26.6121,190.7791,333.9837,17,Matthias Breddin,2026-09-02
516,17,386.1209,30.0177,212.8715,374.1824,17,Matthias Breddin,2026-09-02
517,17,368.5366,28.4553,182.4052,354.0343,17,Matthias Breddin,2026-09-02
518,17,362.8452,28.1140,177.5797,351.7387,17,Matthias Breddin,2026-09-02
519,17,297.4517,22.8261,163.8531,289.4963,17,Matthias Breddin,2026-09-02
520,17,335.6829,25.9234,198.4450,326.1046,17,Matthias Breddin,2026-09-02
521,17,374.9449,29.2560,221.5898,366.5501,17,Matthias Breddin,2026-09-02
522,17,377.5897,29.3491,212.1187,366.6256,17,Matthias Breddin,2026-09-02
523,17,349.8113,27.1453,186.1125,341.0772,17,Matthias Breddin,2026-09-02
524,17,393.6897,30.6609,229.7607,382.0469,17,Matthias Breddin,2026-09-02
525,17,341.4029,26.2830,196.1694,329.2660,17,Matthias Breddin,2026-09-02
526,17,320.3462,24.7548,172.5848,312.9017,17,Matthias Breddin,2026-09-02
527,16,390.6941,30.4434,204.0971,379.7801,16,Matthias Breddin,2026-09-02
528,16,340.2356,26.3251,193.1940,331.0879,16,Matthias Breddin,2026-09-02
529,9,75.2880,4.2706,48.3395,66.6310,9,Warricker-hash,2026-09-02
530,7,59.3081,2.7251,30.9765,45.8906,7,Warricker-hash,2026-09-02
531,28,371.9181,28.7894,307.1559,358.8591,28,Mundoamundo,2026-09-02
532,20,213.7994,15.6371,148.7895,201.3588,20,wgxli,2026-09-02
533,20,198.8317,14.4942,164.3638,188.7544,20,David Renshaw,2026-09-02
534,28,423.6767,33.0615,343.1892,409.4960,28,Mundoamundo,2026-09-02
535,28,432.7023,33.9026,351.9243,420.8393,28,Mundoamundo,2026-09-02
536,28,400.6306,31.2223,316.6536,388.5845,28,Mundoamundo,2026-09-02
537,27,379.6803,29.6531,307.0716,371.2835,27,Mundoamundo,2026-09-02
538,22,236.4859,17.6809,187.7670,227.3938,22,wgxli,2026-09-02
539,23,266.0893,19.9254,191.0656,251.7997,23,wgxli,2026-09-02
540,25,287.1242,21.9754,243.2822,279.4431,25,wgxli,2026-09-02
541,25,297.0380,22.6833,225.1700,287.0677,25,wgxli,2026-09-02
542,26,313.7126,24.0667,216.7693,303.6159,26,wgxli,2026-09-02
543,29,404.5830,31.6510,331.5465,394.7393,29,Mundoamundo,2026-09-02
544,28,406.0201,31.7261,345.5279,395.2332,28,Mundoamundo,2026-09-02
545,28,394.4522,30.7237,322.5442,382.7946,28,Mundoamundo,2026-09-02
546,25,331.1746,25.4260,244.1590,318.9231,25,7fff-zip,2026-09-03
547,9,64.9684,3.3013,46.3646,54.0913,9,Warricker-hash,2026-09-03
548,24,268.0138,20.2909,199.3079,258.5645,24,wgxli,2026-09-03
549,7,53.1255,2.3798,30.9032,43.6042,7,Warricker-hash,2026-09-03
550,8,77.0565,4.2873,41.0626,65.7056,8,Warricker-hash,2026-09-03
551,8,60.0617,2.9992,41.1760,51.3571,8,Warricker-hash,2026-09-03
552,11,60.7720,3.1044,52.8442,52.8442,11,NDElkies,2026-09-03
553,10,75.5442,4.1453,57.5836,63.8180,10,Warricker-hash,2026-09-03
554,8,71.2563,3.8144,40.4244,60.1384,8,Warricker-hash,2026-09-03
555,10,85.5295,5.0951,57.5096,76.2972,10,Warricker-hash,2026-09-03
556,12,68.5134,3.6819,59.3970,59.3970,12,NDElkies,2026-09-03
557,8,65.9414,3.4618,40.7332,56.7130,8,Warricker-hash,2026-09-04
558,7,56.5002,2.5941,31.3748,45.5958,7,Warricker-hash,2026-09-04
559,8,64.6915,3.2894,41.2618,54.0636,8,Warricker-hash,2026-09-04
560,9,82.5360,4.7629,48.8746,71.6117,9,Warricker-hash,2026-09-04
561,7,60.2449,2.9620,32.7923,50.5039,7,Warricker-hash,2026-09-04
562,10,83.5471,4.8086,57.0951,71.7352,10,Warricker-hash,2026-09-04
563,9,83.1320,4.6822,47.4134,68.9353,9,Warricker-hash,2026-09-04
564,10,80.4713,4.5878,54.2479,69.4805,10,Warricker-hash,2026-09-04
565,9,70.8406,3.7959,44.1705,60.0779,9,Warricker-hash,2026-09-04
566,22,236.1352,17.6319,183.8859,226.6385,22,Jason Ma,2026-09-04
567,20,193.4794,14.0461,170.0788,183.3594,20,Jason Ma,2026-09-04
568,1,3004.4969,248.4430,2997.0422,2997.0422,1,rococo,2026-09-04
569,9,71.2491,3.8903,48.0095,61.7321,9,Warricker-hash,2026-09-04
570,8,78.0365,4.3233,40.7148,65.5915,8,Warricker-hash,2026-09-04
571,7,50.1265,2.0606,31.6344,39.1708,7,Warricker-hash,2026-09-04
572,10,86.4787,5.1654,55.8168,77.0770,10,Warricker-hash,2026-09-04
573,9,77.7481,4.4633,46.6707,68.8288,9,Warricker-hash,2026-09-04
574,23,238.0709,17.6962,206.5273,226.5086,23,Jason Ma,2026-09-04
575,22,230.4084,17.0444,173.4956,218.5370,22,Jason Ma,2026-09-04
576,20,186.7890,13.4328,144.0648,175.4598,20,Jason Ma,2026-09-04
577,21,208.4570,15.3257,160.5938,198.9851,21,Jason Ma,2026-09-04
578,21,177.5917,12.7822,149.7719,168.6469,21,wgxli,2026-09-04
579,29,421.5330,33.1308,339.2382,412.9561,29,Mundoamundo,2026-09-04
580,28,418.5309,32.8101,342.0776,408.6210,28,Mundoamundo,2026-09-04
581,28,415.6805,32.4392,337.7171,402.6973,28,Mundoamundo,2026-09-04
582,30,448.5709,35.2452,363.2099,437.1798,30,wgxli,2026-09-04
583,24,290.2798,22.1558,213.2443,281.0130,24,FNacc,2026-09-04
584,6,43.3661,1.6616,24.5829,35.5690,6,Warricker-hash,2026-09-05
585,27,369.3957,28.6687,281.2747,358.4853,27,FNacc,2026-09-05
586,4,31.5747,0.5407,13.5592,21.1839,4,Warricker-hash,2026-09-05
587,14,83.1606,4.9874,74.9841,75.6773,14,Michael Rubinstein,2026-09-05
588,13,75.1374,4.2975,67.2179,67.2179,13,Michael Rubinstein,2026-09-05
589,9,47.8637,2.0322,39.9960,39.9960,9,Michael Rubinstein,2026-09-05
590,14,84.9980,5.0723,75.5079,76.2011,14,Michael Rubinstein,2026-09-05
591,13,75.3061,4.3154,67.4597,67.4597,13,Michael Rubinstein,2026-09-05
592,14,85.6165,5.0234,74.0779,74.7711,14,Michael Rubinstein,2026-09-05
593,14,85.4246,5.0404,74.5988,75.2919,14,Michael Rubinstein,2026-09-05
594,7,58.7938,2.7767,32.2935,47.6982,7,Warricker-hash,2026-09-06
595,10,83.1053,4.7954,56.6332,71.8467,10,Warricker-hash,2026-09-06
596,7,59.5328,2.7584,32.2617,46.5033,7,Warricker-hash,2026-09-06
597,8,67.1808,3.4065,41.4908,54.4283,8,Warricker-hash,2026-09-06
598,19,231.2485,17.0906,140.8643,218.7953,19,wgxli,2026-09-06
599,23,271.2173,20.4633,201.4628,259.7731,23,Bhavik Mehta,2026-09-06
600,23,277.0586,20.9111,205.7543,264.6786,23,Bhavik Mehta,2026-09-06
601,23,285.4959,21.7215,206.5987,275.5384,23,Bhavik Mehta,2026-09-06
602,23,291.8064,22.2096,221.3281,281.0428,23,Bhavik Mehta,2026-09-06
603,23,292.6332,22.2491,223.8728,281.2160,23,Bhavik Mehta,2026-09-06
604,23,293.7843,22.4058,220.6520,283.6827,23,Bhavik Mehta,2026-09-06
605,23,298.1918,22.6192,218.1898,284.4237,23,Bhavik Mehta,2026-09-06
606,23,299.8164,22.9032,206.2092,289.6065,23,Bhavik Mehta,2026-09-06
607,23,301.1834,22.8984,231.3851,288.2168,23,Bhavik Mehta,2026-09-06
608,23,301.6578,23.1871,219.2702,293.8821,23,Bhavik Mehta,2026-09-06
609,23,303.1544,23.1612,208.6481,292.5193,23,Bhavik Mehta,2026-09-06
610,23,324.8529,24.8206,227.2335,310.5141,23,Bhavik Mehta,2026-09-06
611,23,318.5829,24.4321,242.9536,307.6240,23,Bhavik Mehta,2026-09-06
612,24,326.7511,25.1011,233.7323,315.5306,24,Bhavik Mehta,2026-09-06
613,28,343.4925,26.5466,261.4233,333.3591,28,wgxli,2026-09-06
614,27,350.5006,27.1430,242.8004,340.6197,27,wgxli,2026-09-06
615,28,373.4208,29.1841,299.9755,365.9234,28,Mundoamundo,2026-09-06
616,28,429.9885,33.7006,334.1567,418.6904,28,Mundoamundo,2026-09-06
617,28,385.3407,30.0208,329.6536,374.9415,28,Mundoamundo,2026-09-06
618,28,411.1806,32.0775,307.9671,398.5377,28,Mundoamundo,2026-09-06
619,28,420.1885,32.9177,318.9773,409.6390,28,Mundoamundo,2026-09-06
620,28,423.4473,33.1332,342.0170,411.6274,28,Mundoamundo,2026-09-06
621,20,249.9141,18.4105,170.4990,229.9602,20,7fff-zip,2026-09-06
622,25,284.4173,21.4757,206.8334,270.7700,25,wgxli,2026-09-07
623,24,273.8662,20.7355,198.0639,263.5489,24,wgxli,2026-09-07
624,23,249.6565,18.7586,177.4256,240.1588,23,wgxli,2026-09-07
625,22,209.6794,15.2612,164.2482,196.4006,22,wgxli,2026-09-07
626,22,234.4657,17.5587,174.4258,226.1895,22,Roy van Rijn,2026-09-07
627,27,356.6227,27.4712,295.6686,342.3726,27,Roy van Rijn,2026-09-07
628,27,350.8540,27.0467,282.7501,338.1216,27,Roy van Rijn,2026-09-07
629,27,359.1716,27.8456,283.6244,348.8809,27,Roy van Rijn,2026-09-07
630,27,340.9720,26.3656,275.8416,331.4229,27,Roy van Rijn,2026-09-07
631,20,195.5797,14.2875,139.0173,186.7502,20,wgxli,2026-09-07
632,10,184.6728,13.4586,69.3294,177.3199,10,Maksym Voznyy,2026-09-07
633,28,403.1650,31.5527,320.9234,393.7005,28,7fff-zip,2026-09-07
634,28,443.7124,34.7503,368.2068,430.0665,28,7fff-zip,2026-09-07
635,28,383.7139,29.8872,306.3032,373.3481,28,7fff-zip,2026-09-07
636,28,425.5742,33.3866,344.9883,415.4375,28,7fff-zip,2026-09-07
637,19,218.4632,15.9379,139.8484,203.6320,19,7fff-zip,2026-09-08
638,28,435.6251,34.2948,348.6861,426.8960,28,7fff-zip,2026-09-08
639,14,165.2945,11.8322,148.0591,157.8398,14,Maksym Voznyy,2026-09-08
640,9,72.3519,3.9585,46.8785,62.3612,9,Warricker-hash,2026-09-08
641,8,68.3445,3.6202,40.8720,58.2765,8,Warricker-hash,2026-09-08
642,1,14.3464,-0.8365,4.0431,5.1417,1,David Renshaw,2026-09-08
643,1,12.8627,-0.9022,4.0604,4.7536,1,David Renshaw,2026-09-08
644,18,172.1593,12.2765,125.5999,162.1844,18,David Renshaw,2026-09-08
645,1,13.8334,-0.9055,4.1109,4.1109,1,David Renshaw,2026-09-08
646,1,11.6755,-0.9616,4.1744,4.1744,1,David Renshaw,2026-09-08
647,1,15.7568,-0.6150,4.1744,8.3488,1,David Renshaw,2026-09-08
648,1,13.6930,-0.7867,4.3438,6.2897,1,David Renshaw,2026-09-08
649,1,13.7241,-0.8950,4.3694,4.3694,1,David Renshaw,2026-09-08
650,2,15.9099,-0.7004,6.1003,6.7935,2,David Renshaw,2026-09-08
651,2,19.7445,-0.5717,6.3333,6.3333,2,David Renshaw,2026-09-08
652,2,16.1167,-0.7175,6.3474,6.3474,2,David Renshaw,2026-09-08
653,2,15.9318,-0.7177,6.4661,6.4661,2,David Renshaw,2026-09-08
654,2,19.3315,-0.5181,6.4846,8.0941,2,David Renshaw,2026-09-08
655,2,18.1283,-0.4664,6.4983,9.9640,2,David Renshaw,2026-09-08
656,2,15.0781,-0.6857,6.5236,7.6222,2,David Renshaw,2026-09-08
657,2,19.1505,-0.5061,6.5610,8.5069,2,David Renshaw,2026-09-08
658,1,17.5945,-0.7385,4.5109,4.5109,1,NDElkies,2026-09-08
659,3,19.9663,-0.4030,9.3624,10.0555,3,David Renshaw,2026-09-08
660,3,18.6197,-0.4187,9.4156,10.5143,3,David Renshaw,2026-09-08
661,3,21.0973,-0.2884,9.5300,11.6094,3,David Renshaw,2026-09-08
662,3,17.1883,-0.5098,9.7298,9.7298,3,David Renshaw,2026-09-08
663,3,18.5276,-0.4611,9.8035,9.8035,3,David Renshaw,2026-09-08
664,4,27.5399,0.0483,13.3088,13.3088,4,David Renshaw,2026-09-08
665,4,22.3606,-0.1452,13.6073,13.6073,4,David Renshaw,2026-09-08
666,4,23.2903,-0.1102,13.6963,13.6963,4,David Renshaw,2026-09-08
667,4,24.2760,-0.0731,13.7676,13.7676,4,David Renshaw,2026-09-08
668,4,21.9646,-0.1459,13.8155,13.8155,4,David Renshaw,2026-09-08
669,5,28.1176,0.2922,18.5256,18.5256,5,David Renshaw,2026-09-08
670,5,26.2997,0.2380,18.5789,18.5789,5,David Renshaw,2026-09-08
671,5,29.6200,0.3501,18.6267,18.6267,5,David Renshaw,2026-09-08
672,5,26.5785,0.2605,18.7459,18.7459,5,David Renshaw,2026-09-08
673,3,20.5280,-0.3609,9.8289,10.5220,3,David Renshaw,2026-09-08
674,3,23.4673,-0.0149,9.9469,15.3586,3,David Renshaw,2026-09-08
675,4,21.7202,-0.1468,13.9370,13.9370,4,David Renshaw,2026-09-08
676,5,25.5077,0.1831,18.0268,18.0268,5,David Renshaw,2026-09-08
677,5,28.7765,0.2952,18.1213,18.1213,5,David Renshaw,2026-09-08
678,5,30.0014,0.3490,18.2535,18.2535,5,David Renshaw,2026-09-08
679,3,26.5820,0.0536,9.8387,14.5836,3,David Renshaw,2026-09-08
680,5,30.6768,0.3871,18.4881,18.4881,5,David Renshaw,2026-09-08
681,12,90.2244,5.4807,60.5093,80.9045,12,NDElkies,2026-09-08
682,16,153.2408,10.4952,100.1215,138.1830,16,7fff-zip,2026-09-08
683,16,133.1893,9.1660,98.0739,125.7125,16,7fff-zip,2026-09-09
684,30,450.8376,35.5475,347.8646,441.8218,30,wgxli,2026-09-09
685,14,82.3719,4.8632,73.0269,73.7201,14,Michael Rubinstein,2026-09-09
686,11,67.5990,3.4373,51.2773,54.7431,11,NDElkies,2026-09-09
687,11,63.8335,3.3099,51.3131,55.0266,11,NDElkies,2026-09-09
688,25,299.8044,22.9247,228.2365,290.0519,25,FNacc,2026-09-09
689,28,345.8225,26.8213,269.8300,337.2408,28,FNacc,2026-09-10
690,26,321.4645,24.7196,233.5324,311.5084,26,FNacc,2026-09-10
691,25,275.7125,21.0284,219.7480,267.9935,25,FNacc,2026-09-10
692,29,380.1169,29.6539,300.1252,371.0704,29,wgxli,2026-09-10
693,29,407.5727,31.8675,302.5561,397.0461,29,wgxli,2026-09-10
694,19,178.5746,12.8125,151.2941,168.6263,19,David Renshaw,2026-09-10
695,19,207.1145,15.2632,142.7114,198.5482,19,David Renshaw,2026-09-10
696,18,170.3545,11.9685,139.8060,156.6539,18,David Renshaw,2026-09-10
697,18,169.0857,12.0937,139.2393,160.5123,18,David Renshaw,2026-09-10
698,18,174.5798,12.4664,129.4381,164.3608,18,David Renshaw,2026-09-10
699,17,146.0062,9.9882,119.1997,133.5788,17,David Renshaw,2026-09-10
700,17,147.3934,10.1580,125.0738,136.2531,17,David Renshaw,2026-09-10
701,17,148.3304,10.2935,113.2989,138.4095,17,David Renshaw,2026-09-10
702,17,158.4066,11.1253,113.7587,148.3368,17,David Renshaw,2026-09-10
703,17,153.6839,10.6756,116.1589,142.3896,17,David Renshaw,2026-09-10
704,16,132.1233,8.7861,110.7219,118.5184,16,David Renshaw,2026-09-10
705,16,132.4043,9.0400,108.8384,123.8868,16,David Renshaw,2026-09-10
706,16,133.1626,9.0690,105.6802,124.0153,16,David Renshaw,2026-09-10
707,16,134.5478,9.1128,109.6879,123.9582,16,David Renshaw,2026-09-10
708,16,157.3416,11.1053,104.0322,148.6262,16,David Renshaw,2026-09-10
709,16,154.9379,10.8779,104.3880,145.6824,16,David Renshaw,2026-09-10
710,15,114.3552,7.4505,96.4104,104.2060,15,David Renshaw,2026-09-10
711,15,131.4443,8.9468,91.4763,122.6877,15,David Renshaw,2026-09-10
712,15,122.1682,8.0026,100.5541,109.7649,15,David Renshaw,2026-09-10
713,15,141.8493,9.6533,94.0680,129.7066,15,David Renshaw,2026-09-10
714,14,83.0483,4.9701,75.2796,75.2796,14,Michael Rubinstein,2026-09-11
715,30,420.7258,32.8659,333.1347,407.9039,30,7fff-zip,2026-09-11
716,26,315.7484,24.1683,235.2761,304.1630,26,FNacc,2026-09-11
717,30,421.3286,33.1218,347.8166,412.8965,30,7fff-zip,2026-09-11
718,19,216.2273,15.8331,136.0857,203.6289,19,wgxli,2026-09-12
719,29,450.6060,35.3160,331.0405,436.7175,29,7fff-zip,2026-09-12
720,24,257.0977,19.4279,198.6533,248.5631,24,FNacc,2026-09-12
721,25,288.3980,21.8964,219.5620,276.9808,25,FNacc,2026-09-12
722,28,368.8274,28.7482,296.8050,360.4210,28,FNacc,2026-09-12
723,28,383.0500,29.8679,293.1242,373.4335,28,FNacc,2026-09-12
724,31,465.4469,36.6035,386.8387,452.9020,31,wgxli,2026-09-13
725,27,342.6995,26.5374,244.8089,333.6831,27,FNacc,2026-09-13
726,28,361.7246,28.0853,262.5541,351.9834,28,FNacc,2026-09-13
727,26,293.2541,22.4174,229.5428,284.2742,26,David Renshaw,2026-09-13
728,29,367.0342,28.5430,275.3249,357.6121,29,wgxli,2026-09-14
729,28,340.8368,26.3609,254.7251,331.4347,28,wgxli,2026-09-14
730,15,128.5223,8.6824,94.6873,119.3755,15,y011d4,2026-09-15
731,29,384.8643,29.9492,301.7030,373.7685,29,FNacc,2026-09-15
732,18,176.5712,12.7042,144.4694,167.7550,18,y011d4,2026-09-15
733,20,202.5388,14.8456,159.5010,193.3234,20,Valery Asiryan,2026-09-16
734,18,187.8235,13.4454,130.8056,174.6902,18,Valery Asiryan,2026-09-16
735,20,233.2879,17.2785,152.5669,221.2757,20,Valery Asiryan,2026-09-16
736,19,210.5220,15.3089,144.4246,196.6318,19,Valery Asiryan,2026-09-16
737,18,221.9244,16.2653,132.9958,208.2043,18,Valery Asiryan,2026-09-16
738,21,221.2598,16.3161,166.2778,210.1731,21,Valery Asiryan,2026-09-16
739,22,248.3111,18.6523,186.4929,238.9464,22,Valery Asiryan,2026-09-16
740,23,262.1948,19.6984,219.3763,250.4461,23,Valery Asiryan,2026-09-16
741,23,269.9192,20.2896,212.8856,256.8628,23,Valery Asiryan,2026-09-16
742,21,263.1300,19.6185,172.1464,247.0093,21,Valery Asiryan,2026-09-16
743,21,247.3739,18.4546,169.6003,235.4138,21,Valery Asiryan,2026-09-16
744,22,261.5499,19.5752,186.8179,248.0416,22,Valery Asiryan,2026-09-16
745,23,268.7009,20.2362,216.3653,256.8441,23,Valery Asiryan,2026-09-16
746,23,261.3348,19.7486,205.3804,252.1849,23,Valery Asiryan,2026-09-16
747,23,246.3210,18.4855,202.4024,236.9362,23,Valery Asiryan,2026-09-16
748,25,299.6238,22.8801,251.2976,289.2659,25,Valery Asiryan,2026-09-16
749,25,292.2707,22.2299,246.9495,281.0984,25,Valery Asiryan,2026-09-16
750,24,271.6843,20.6745,229.1090,263.7304,24,Valery Asiryan,2026-09-16
751,31,436.4141,34.2260,360.7669,424.8794,31,ranksunbounded,2026-09-17
752,31,423.3490,33.2634,329.4359,414.4593,31,wgxli,2026-09-17
753,14,135.0041,9.0085,82.2242,120.9099,14,Valery Asiryan,2026-09-18
754,18,189.1543,13.6622,127.0643,178.5459,18,Valery Asiryan,2026-09-18
755,17,183.0950,13.1459,120.7150,172.2388,17,Valery Asiryan,2026-09-18
756,17,209.1210,15.2011,123.5400,195.4772,17,Valery Asiryan,2026-09-18
757,15,165.0635,11.6730,97.8251,154.8367,15,Valery Asiryan,2026-09-18
758,20,223.4635,16.3595,155.1399,208.7766,20,Valery Asiryan,2026-09-18
759,14,89.0552,5.3282,72.3032,78.6021,14,Michael Rubinstein,2026-09-18
760,10,64.4658,3.2549,44.4797,53.4906,10,Michael Rubinstein,2026-09-18
761,12,76.6019,4.1161,58.3341,61.7681,12,Michael Rubinstein,2026-09-18
762,12,72.1767,3.9862,58.4157,63.0406,12,Michael Rubinstein,2026-09-18
763,13,79.9910,4.6074,65.4931,70.2638,13,Michael Rubinstein,2026-09-18
764,6,33.5255,0.7138,22.6541,23.3472,6,Michael Rubinstein,2026-09-18
765,6,39.2166,1.2749,22.6985,30.7075,6,Michael Rubinstein,2026-09-18
766,7,40.4851,1.3165,27.5237,30.7818,7,Michael Rubinstein,2026-09-18
767,7,46.2014,1.7033,27.6531,34.5528,7,Michael Rubinstein,2026-09-18
768,7,40.0269,1.3619,27.7030,31.8619,7,Michael Rubinstein,2026-09-18
769,8,49.5657,2.1355,33.3995,41.0242,8,Michael Rubinstein,2026-09-18
770,8,47.0551,1.8558,33.4116,37.1728,8,Michael Rubinstein,2026-09-18
771,9,56.7032,2.4805,39.0600,42.5258,9,Michael Rubinstein,2026-09-18
772,9,56.2597,2.6175,39.1930,46.2697,9,Michael Rubinstein,2026-09-18
773,9,52.9702,2.3040,39.2048,42.1493,9,Michael Rubinstein,2026-09-18
774,10,63.0264,3.1463,45.2227,52.2993,10,Michael Rubinstein,2026-09-18
775,10,56.7682,2.6209,45.2686,45.9618,10,Michael Rubinstein,2026-09-18
776,10,56.6931,2.7281,45.3361,48.1694,10,Michael Rubinstein,2026-09-18
777,11,66.8137,3.4589,51.4778,56.0211,11,Michael Rubinstein,2026-09-18
778,11,76.8094,4.2600,51.6518,65.3005,11,Michael Rubinstein,2026-09-18
779,11,77.6249,4.4334,51.8022,68.3563,11,Michael Rubinstein,2026-09-18
780,11,65.8734,3.3893,51.8104,55.2761,11,Michael Rubinstein,2026-09-18
781,11,68.8709,3.6168,52.0038,57.7845,11,Michael Rubinstein,2026-09-18
782,11,68.0192,3.6300,52.1249,58.6944,11,Michael Rubinstein,2026-09-18
783,11,66.3239,3.5504,52.2456,58.1093,11,Michael Rubinstein,2026-09-18
784,12,74.8201,4.0454,58.5424,62.1259,12,Michael Rubinstein,2026-09-18
785,12,69.8606,3.7223,58.5873,59.2804,12,Michael Rubinstein,2026-09-18
786,12,84.8842,4.8873,58.7164,72.2706,12,Michael Rubinstein,2026-09-18
787,12,73.8498,4.0573,58.7593,63.3237,12,Michael Rubinstein,2026-09-18
788,12,75.6536,4.0942,58.7859,62.4235,12,Michael Rubinstein,2026-09-18
789,12,75.5626,4.1634,59.1205,64.2204,12,Michael Rubinstein,2026-09-18
790,13,81.5285,4.8515,66.2010,73.8958,13,Michael Rubinstein,2026-09-18
791,13,77.8590,4.5231,66.4519,69.9176,13,Michael Rubinstein,2026-09-18
792,13,82.7714,4.8896,66.5585,73.9945,13,Michael Rubinstein,2026-09-18
793,13,77.9950,4.5107,66.6187,69.5632,13,Michael Rubinstein,2026-09-18
794,13,77.8780,4.3627,66.6807,66.6807,13,Michael Rubinstein,2026-09-18
795,13,83.7712,4.8766,66.7249,73.0845,13,Michael Rubinstein,2026-09-18
796,13,77.9385,4.4574,66.8157,68.6074,13,Michael Rubinstein,2026-09-18
797,14,87.0582,5.2331,74.5871,78.0528,14,Michael Rubinstein,2026-09-18
798,14,91.7482,5.4306,74.9245,78.3902,14,Michael Rubinstein,2026-09-18
799,14,91.7174,5.5790,74.9831,81.8625,14,Michael Rubinstein,2026-09-18
800,14,89.2714,5.2633,75.1269,76.9186,14,Michael Rubinstein,2026-09-18
801,1,18.7517,-0.4867,4.8122,9.2066,1,David Renshaw,2026-09-18
802,20,374.0305,28.9748,208.2288,361.2137,20,wgxli,2026-09-18
803,13,384.2936,29.8801,154.6479,372.7013,13,wgxli,2026-09-18
804,3,43.4488,1.5093,13.4100,32.6008,3,NDElkies,2026-09-19
805,7,126.1145,7.8979,52.2055,96.5861,7,benvchurch,2026-09-19
806,5,43.9905,1.7163,22.9590,36.2390,5,benvchurch,2026-09-19
807,26,332.4811,25.5654,254.1866,320.9578,26,hdeping,2026-09-20
808,29,406.9922,31.8140,346.4006,396.3555,29,FNacc,2026-09-20
809,29,397.3949,30.7958,304.5570,380.9014,29,FNacc,2026-09-20
810,25,299.8488,22.7674,242.0924,286.3578,25,hdeping,2026-09-21
811,15,96.4519,6.0415,81.5655,87.9320,15,Michael Rubinstein,2026-09-21
812,15,92.1822,5.6380,82.0533,82.7464,15,Michael Rubinstein,2026-09-21
813,26,338.0648,25.9655,278.4010,324.9323,26,hdeping,2026-09-21
814,27,341.0908,26.2856,268.8937,329.6339,27,7fff-zip,2026-09-21
815,26,306.3849,23.3594,242.5086,294.1155,26,thomas,2026-09-21
816,29,402.6679,31.3725,327.2736,390.1378,29,7fff-zip,2026-09-21
817,29,389.0860,30.3264,291.9646,378.5477,29,thomas,2026-09-21
818,29,381.7058,29.8225,295.7316,373.3194,29,thomas,2026-09-21
819,30,390.2458,30.3893,324.7789,378.9582,30,thomas,2026-09-22
820,16,144.3073,9.8550,120.2407,132.0890,16,y011d4,2026-09-22
821,4,68.6340,3.7830,21.7094,61.1012,4,y011d4,2026-09-22
822,4,76.8674,4.4735,24.4066,69.4062,4,y011d4,2026-09-22
823,4,77.4574,4.0691,20.9736,58.6658,4,y011d4,2026-09-22
824,4,152.6133,10.5755,33.9803,141.0691,4,y011d4,2026-09-22
825,3,131.7934,9.0328,29.3153,124.0355,3,y011d4,2026-09-22
826,3,148.0417,9.8645,31.6167,125.6929,3,y011d4,2026-09-22
827,29,368.5079,28.6427,295.7601,358.6211,29,thomas,2026-09-22
828,4,83.2498,4.9957,24.9773,75.6282,4,y011d4,2026-09-22
829,4,88.0606,5.3860,25.4721,80.2621,4,y011d4,2026-09-22
830,4,93.1181,5.7580,23.1693,84.4530,4,y011d4,2026-09-22
831,3,105.8433,6.8586,23.2291,97.8872,3,y011d4,2026-09-22
832,3,135.0767,9.2001,30.6350,125.3782,3,y011d4,2026-09-22
833,3,135.9405,9.2827,30.4690,126.4508,3,y011d4,2026-09-22
834,3,35.3214,1.0116,13.2397,27.8656,3,y011d4,2026-09-22
835,3,36.7933,1.1089,15.8423,28.9121,3,y011d4,2026-09-22
836,3,37.0352,1.0967,13.1967,28.5905,3,y011d4,2026-09-22
837,4,37.3879,0.8802,15.8812,23.4740,4,y011d4,2026-09-22
838,4,39.3102,0.9894,18.4988,23.9015,4,y011d4,2026-09-22
839,4,39.4257,0.9826,18.3181,23.4998,4,y011d4,2026-09-22
840,4,43.5347,1.6785,18.9154,35.8979,4,y011d4,2026-09-22
841,4,43.7579,1.6976,19.0313,36.1311,4,y011d4,2026-09-22
842,4,68.6446,3.7697,24.1377,60.9822,4,y011d4,2026-09-22
843,3,73.6479,3.8988,19.1986,59.6471,3,y011d4,2026-09-22
844,3,87.0902,5.2982,19.8059,79.2592,3,y011d4,2026-09-22
845,31,438.7772,34.3636,348.2845,425.7845,31,wgxli,2026-09-22
846,31,405.0380,31.6366,340.2896,394.0812,31,wgxli,2026-09-22
847,29,360.0142,27.9863,288.2362,351.1105,29,thomas,2026-09-22
848,31,412.5939,32.2073,333.0754,400.2521,31,wgxli,2026-09-22
849,4,56.3996,2.7577,18.2807,48.9311,4,y011d4,2026-09-23
850,4,57.2715,2.7656,17.9298,48.5467,4,y011d4,2026-09-23
851,4,68.7721,3.7634,22.7666,60.7851,4,y011d4,2026-09-23
852,2,70.4806,3.6970,14.2040,58.1199,2,y011d4,2026-09-23
853,2,78.7940,4.0436,14.2040,54.0812,2,y011d4,2026-09-23
854,2,85.7584,5.1930,16.7555,77.9395,2,y011d4,2026-09-23
855,2,60.7072,3.0712,14.5292,52.3449,2,y011d4,2026-09-23
856,2,63.4704,3.3326,13.9049,55.6916,2,y011d4,2026-09-23
857,29,371.9842,28.7936,303.1519,358.8902,29,thomas,2026-09-23
858,0,38.5071,0.4967,2.3979,2.3979,0,David Renshaw,2026-09-23
859,0,19.8078,-0.3080,2.3979,11.9895,0,David Renshaw,2026-09-23
860,0,35.3503,0.4131,2.6391,10.1301,0,David Renshaw,2026-09-23
861,0,27.0359,0.0665,2.6391,14.4226,0,David Renshaw,2026-09-23
862,0,22.3240,-0.1362,2.6391,13.7549,0,David Renshaw,2026-09-23
863,0,18.6737,-0.6855,2.6391,4.5850,0,David Renshaw,2026-09-23
864,0,11.0668,-1.0321,2.6391,3.3322,0,David Renshaw,2026-09-23
865,0,17.1475,-0.4828,2.6391,9.9966,0,David Renshaw,2026-09-23
866,0,34.6472,0.2909,2.7081,6.0039,0,David Renshaw,2026-09-23
867,0,10.1628,-1.0954,2.7081,2.7081,0,David Renshaw,2026-09-23
868,0,10.4895,-1.0698,2.8332,2.8332,0,David Renshaw,2026-09-23
869,0,10.3972,-1.0652,2.9444,2.9444,0,David Renshaw,2026-09-23
870,0,10.7506,-1.0465,3.2958,3.2958,0,David Renshaw,2026-09-23
871,0,10.3970,-1.0442,3.2581,3.2581,0,David Renshaw,2026-09-23
872,0,10.9192,-1.0115,3.6636,3.6636,0,David Renshaw,2026-09-23
873,0,32.5399,0.7547,5.3471,24.6636,0,NDElkies,2026-09-23
874,0,10.8233,-0.9919,3.1781,3.8712,0,David Renshaw,2026-09-23
875,0,10.8233,-0.9919,3.8712,3.8712,0,David Renshaw,2026-09-23
876,0,24.7605,-0.4023,2.7081,2.7081,0,David Renshaw,2026-09-23
877,0,25.1359,-0.3766,2.8332,2.8332,0,David Renshaw,2026-09-23
878,0,31.5502,0.0334,2.9444,2.9444,0,David Renshaw,2026-09-23
879,0,28.3891,0.4203,4.4998,20.8364,0,NDElkies,2026-09-23
880,0,18.5276,-0.4023,2.7081,10.8322,0,David Renshaw,2026-09-23
881,0,26.3299,-0.0557,2.7081,12.0078,0,David Renshaw,2026-09-23
882,0,16.4544,-0.7489,2.7081,5.4161,0,David Renshaw,2026-09-23
883,0,22.2779,-0.0557,2.7081,15.0727,0,David Renshaw,2026-09-23
884,0,26.9756,0.2909,2.7081,19.1872,0,David Renshaw,2026-09-23
885,0,18.7878,-0.3766,2.8332,11.3329,0,David Renshaw,2026-09-23
886,0,16.8284,-0.7232,2.8332,5.6664,0,David Renshaw,2026-09-23
887,0,18.4382,-0.5159,2.9444,8.8333,0,David Renshaw,2026-09-23
888,0,15.5396,-0.5834,2.9957,8.7641,0,David Renshaw,2026-09-23
889,0,12.4766,-0.9300,2.9957,4.3820,0,David Renshaw,2026-09-23
890,0,17.3422,-0.4972,3.2958,9.8875,0,NDElkies,2026-09-23
891,0,23.2260,-0.0341,2.9957,15.2018,0,David Renshaw,2026-09-23
892,0,22.7786,-0.3806,2.9957,7.6009,0,David Renshaw,2026-09-23
893,0,15.7881,-0.6189,3.0445,8.2863,0,David Renshaw,2026-09-23
894,0,23.2903,-0.2724,3.0445,9.9809,0,David Renshaw,2026-09-23
895,0,22.6059,-0.2724,3.0445,10.7348,0,David Renshaw,2026-09-23
896,0,11.5504,-0.9655,3.0445,4.1431,0,David Renshaw,2026-09-23
897,0,31.6069,0.0742,3.0445,4.9904,0,David Renshaw,2026-09-23
898,0,24.2566,0.0742,3.0445,16.6659,0,David Renshaw,2026-09-23
899,0,16.0126,-0.6454,3.1781,7.7424,0,David Renshaw,2026-09-23
900,0,21.1891,-0.2988,3.1781,11.3259,0,David Renshaw,2026-09-23
901,0,24.1058,-0.2988,3.1781,8.0301,0,David Renshaw,2026-09-23
902,0,29.4681,0.0478,3.1781,9.8218,0,David Renshaw,2026-09-23
903,0,17.5190,-0.4949,3.2581,9.7743,0,David Renshaw,2026-09-23
904,0,30.0042,0.0544,3.2581,8.8033,0,David Renshaw,2026-09-23
905,0,15.4294,-0.6832,3.2581,7.4170,0,David Renshaw,2026-09-23
906,0,27.8786,0.2898,3.2581,18.6478,0,David Renshaw,2026-09-23
907,0,28.4090,0.0521,3.2958,12.0847,0,David Renshaw,2026-09-23
908,0,21.8173,-0.4972,3.2958,5.4931,0,David Renshaw,2026-09-23
909,0,15.0318,-0.6783,3.4012,7.6779,0,David Renshaw,2026-09-23
910,0,20.3703,-0.3317,3.4012,11.1968,0,David Renshaw,2026-09-23
911,0,24.2950,0.0149,3.4012,15.4859,0,David Renshaw,2026-09-23
912,0,28.6079,0.0149,3.4012,10.4267,0,David Renshaw,2026-09-23
913,0,29.0427,0.2176,3.4012,16.0127,0,David Renshaw,2026-09-23
914,0,15.7725,-0.6174,3.4657,8.3178,0,David Renshaw,2026-09-23
915,0,11.6136,-0.9640,3.4657,4.1589,0,David Renshaw,2026-09-23
916,0,18.8073,-0.6174,3.4657,6.2383,0,David Renshaw,2026-09-23
917,0,18.9461,-0.3592,3.4965,11.3875,0,David Renshaw,2026-09-23
918,0,26.5751,-0.0126,3.4965,12.8874,0,David Renshaw,2026-09-23
919,0,14.9302,-0.7164,3.5264,6.9921,0,David Renshaw,2026-09-23
920,0,22.8987,-0.3698,3.5264,7.7459,0,David Renshaw,2026-09-23
921,0,18.0921,-0.4218,3.5553,10.6660,0,David Renshaw,2026-09-23
922,0,26.3369,0.1275,3.5553,16.4309,0,David Renshaw,2026-09-23
923,0,12.6842,-0.9712,3.5553,3.5553,0,David Renshaw,2026-09-23
924,0,13.5231,-0.8154,3.5835,6.0684,0,David Renshaw,2026-09-23
925,0,21.0633,-0.3272,3.6109,10.8328,0,David Renshaw,2026-09-23
926,0,34.2200,0.2221,3.6109,3.6109,0,David Renshaw,2026-09-23
927,0,15.2255,-0.8765,3.6109,3.6109,0,David Renshaw,2026-09-23
928,0,29.1297,0.4852,3.6376,21.6594,0,David Renshaw,2026-09-23
929,0,19.8408,-0.6134,3.6376,5.0239,0,David Renshaw,2026-09-23
930,0,13.8649,-0.7869,3.6376,6.4102,0,David Renshaw,2026-09-23
931,0,24.5632,0.0178,3.6376,15.4153,0,David Renshaw,2026-09-23
932,0,16.1397,-0.6649,3.6636,7.3271,0,David Renshaw,2026-09-23
933,0,17.4513,-0.5488,3.6889,8.7641,0,David Renshaw,2026-09-23
934,0,13.6930,-0.8954,3.6889,4.3820,0,David Renshaw,2026-09-23
935,0,17.3725,-0.5040,3.7377,9.6883,0,David Renshaw,2026-09-23
936,0,24.9068,-0.1575,3.7377,11.0589,0,David Renshaw,2026-09-23
937,0,25.5474,0.1891,3.7377,17.9588,0,David Renshaw,2026-09-23
938,0,33.2239,0.1891,3.7377,5.5294,0,David Renshaw,2026-09-23
939,0,16.0126,-0.6454,3.8712,7.7424,0,David Renshaw,2026-09-23
940,0,21.1891,-0.2988,3.8712,11.3259,0,David Renshaw,2026-09-23
941,0,23.8498,0.0478,3.8712,16.4135,0,David Renshaw,2026-09-23
942,0,15.3041,-0.7261,3.9120,6.6846,0,David Renshaw,2026-09-23
943,0,20.8839,-0.1768,3.9120,13.6161,0,David Renshaw,2026-09-23
944,0,13.5416,-0.8085,3.9318,6.1291,0,David Renshaw,2026-09-23
945,0,15.1170,-0.8645,3.9890,3.9890,0,David Renshaw,2026-09-23
946,0,12.4294,-0.8645,3.9890,5.3753,0,David Renshaw,2026-09-23
947,0,20.0273,-0.3152,3.9890,11.7314,0,David Renshaw,2026-09-23
948,0,15.9099,-0.6322,4.0073,8.0147,0,David Renshaw,2026-09-23
949,0,10.9907,-0.9788,4.0073,4.0073,0,David Renshaw,2026-09-23
950,0,14.9094,-0.6952,4.0254,7.4911,0,David Renshaw,2026-09-23
951,0,17.2386,-0.5916,4.0431,8.0861,0,David Renshaw,2026-09-23
952,0,12.8714,-0.9382,4.0431,4.0431,0,David Renshaw,2026-09-23
953,0,20.8163,-0.1533,4.0431,13.9306,0,David Renshaw,2026-09-23
954,0,17.4442,-0.4576,4.0604,10.2988,0,David Renshaw,2026-09-23
955,0,13.7024,-0.8012,4.1271,6.2066,0,David Renshaw,2026-09-23
956,0,20.7022,-0.4547,4.1271,8.2543,0,David Renshaw,2026-09-23
957,0,29.0171,-0.1081,4.1271,4.1271,0,David Renshaw,2026-09-23
958,0,15.7725,-0.6174,4.1589,8.3178,0,David Renshaw,2026-09-23
959,0,11.6136,-0.9640,4.1589,4.1589,0,David Renshaw,2026-09-23
960,0,16.7392,-0.6594,4.1897,7.0800,0,David Renshaw,2026-09-23
961,0,13.7241,-0.7881,4.1897,6.2691,0,David Renshaw,2026-09-23
962,0,29.2047,-0.0950,4.1897,4.1897,0,David Renshaw,2026-09-23
963,0,23.0350,-0.0569,4.1897,14.8224,0,David Renshaw,2026-09-23
964,0,26.1481,0.2897,4.1897,19.2476,0,David Renshaw,2026-09-23
965,0,19.1511,-0.6753,4.2047,4.2047,0,David Renshaw,2026-09-23
966,0,12.8302,-0.8740,4.2341,5.3327,0,David Renshaw,2026-09-23
967,0,15.0599,-0.6542,4.2485,7.9374,0,David Renshaw,2026-09-23
968,0,12.1292,-0.9440,4.2905,4.2905,0,David Renshaw,2026-09-23
969,0,16.1167,-0.5931,4.3175,8.7119,0,David Renshaw,2026-09-23
970,0,13.6930,-0.8954,4.3820,4.3820,0,David Renshaw,2026-09-23
971,0,12.4766,-0.9300,4.3820,4.3820,0,David Renshaw,2026-09-23
972,1,11.5504,-0.9439,4.4188,4.4188,1,David Renshaw,2026-09-23
973,0,17.3050,-0.4811,4.4308,9.9602,0,David Renshaw,2026-09-23
974,1,12.5115,-0.9269,4.4886,4.4886,1,David Renshaw,2026-09-23
975,0,12.8714,-0.9135,4.4886,4.4886,0,David Renshaw,2026-09-23
976,0,16.8936,-0.5184,4.4998,9.5104,0,David Renshaw,2026-09-23
977,0,17.9926,-0.5184,4.4998,9.0642,0,David Renshaw,2026-09-23
978,0,26.1624,-0.1718,4.4998,8.5942,0,David Renshaw,2026-09-23
979,0,35.6344,0.7669,4.4998,22.6044,0,David Renshaw,2026-09-23
980,1,11.6136,-0.9363,4.5109,4.5109,1,David Renshaw,2026-09-23
981,0,13.1461,-0.8193,4.5218,5.9081,0,David Renshaw,2026-09-23
982,0,12.6807,-0.8840,4.5433,5.2364,0,David Renshaw,2026-09-23
983,0,14.1555,-0.7728,4.5643,6.3561,0,David Renshaw,2026-09-23
984,0,14.1555,-0.7728,4.5643,6.3561,0,David Renshaw,2026-09-23
985,1,12.4766,-0.9164,4.6151,4.6151,1,David Renshaw,2026-09-23
986,0,22.1945,-0.1926,4.6250,12.7728,0,David Renshaw,2026-09-23
987,0,25.8227,0.1539,4.6250,17.2279,0,David Renshaw,2026-09-23
988,0,13.3516,-0.8132,4.6634,6.0497,0,David Renshaw,2026-09-23
989,0,21.3060,-0.1596,4.7005,13.9108,0,David Renshaw,2026-09-23
990,0,13.6854,-0.8071,4.7005,6.0868,0,David Renshaw,2026-09-23
991,0,21.3312,-0.3097,4.7707,11.0090,0,David Renshaw,2026-09-23
992,0,20.6504,-0.2131,4.7875,13.1585,0,David Renshaw,2026-09-23
993,1,12.0995,-0.9162,4.8122,4.8122,1,David Renshaw,2026-09-23
994,1,12.1735,-0.9110,4.8752,4.8752,1,David Renshaw,2026-09-23
995,0,14.8885,-0.6381,4.9273,8.1053,0,David Renshaw,2026-09-23
996,1,12.4766,-0.8965,4.9488,4.9488,1,David Renshaw,2026-09-23
997,0,24.7518,0.1194,5.0106,17.2528,0,David Renshaw,2026-09-23
998,0,31.7707,0.4660,5.0106,19.2802,0,David Renshaw,2026-09-23
999,1,18.4197,-0.3562,5.0434,11.4812,1,David Renshaw,2026-09-23
1000,0,23.3643,0.0047,5.1591,15.9096,0,David Renshaw,2026-09-23
1001,0,19.7336,-0.2784,5.2257,12.3928,0,David Renshaw,2026-09-23
1002,1,21.1478,-0.5400,5.2417,5.2417,1,David Renshaw,2026-09-23
1003,0,25.8489,0.1497,5.2730,17.1377,0,David Renshaw,2026-09-23
1004,0,30.3752,0.4963,5.2730,21.0920,0,David Renshaw,2026-09-23
1005,0,12.7880,-0.8119,5.3279,6.0210,0,David Renshaw,2026-09-23
1006,0,29.2804,0.3031,5.3471,17.8613,0,David Renshaw,2026-09-23
1007,0,30.6898,0.6064,5.3471,22.9127,0,David Renshaw,2026-09-23
1008,0,34.2977,0.9530,5.3471,27.1816,0,David Renshaw,2026-09-23
1009,0,24.3600,0.0436,5.3471,15.9723,0,David Renshaw,2026-09-23
1010,0,27.6546,0.4081,5.3471,20.6496,0,David Renshaw,2026-09-23
1011,0,40.4750,1.1013,5.3471,25.5152,0,David Renshaw,2026-09-23
1012,1,14.5561,-0.6806,5.3891,7.5863,1,David Renshaw,2026-09-23
1013,0,22.6059,-0.0704,5.4424,14.7767,0,David Renshaw,2026-09-23
1014,0,28.4277,0.4460,5.5530,21.1555,0,David Renshaw,2026-09-23
1015,0,26.5340,0.1345,5.6836,16.4341,0,David Renshaw,2026-09-23
1016,1,12.4806,-0.8393,5.6937,5.6937,1,David Renshaw,2026-09-23
1017,0,24.5669,0.0069,5.7991,15.1817,0,David Renshaw,2026-09-23
1018,0,40.3849,1.2288,5.8171,28.9726,0,David Renshaw,2026-09-23
1019,0,20.5413,-0.2306,5.9026,13.0697,0,David Renshaw,2026-09-23
1020,0,24.1377,0.0709,5.9661,16.5375,0,David Renshaw,2026-09-23
1021,1,29.7981,0.1945,6.0615,14.3201,1,David Renshaw,2026-09-23
1022,1,17.1511,-0.5098,6.1738,9.5750,1,David Renshaw,2026-09-23
1023,0,17.1511,-0.5098,6.1738,9.5750,0,David Renshaw,2026-09-23
1024,0,32.0812,0.7601,6.1944,24.8619,0,David Renshaw,2026-09-23
1025,0,36.1756,1.0736,6.3026,28.7286,0,David Renshaw,2026-09-23
1026,0,40.5470,1.4575,6.3456,33.2921,0,David Renshaw,2026-09-23
1027,0,45.7670,1.8041,6.3456,36.9564,0,David Renshaw,2026-09-23
1028,1,41.2254,1.3978,6.3526,31.8910,1,David Renshaw,2026-09-23
1029,0,41.9094,1.4018,6.4457,31.5073,0,David Renshaw,2026-09-23
1030,0,48.1952,1.7050,6.4457,32.0010,0,David Renshaw,2026-09-23
1031,0,33.8729,0.6715,6.5191,22.1217,0,David Renshaw,2026-09-23
1032,0,29.9199,0.4599,6.5367,20.6884,0,David Renshaw,2026-09-23
1033,0,45.0928,1.5394,6.5709,31.6468,0,David Renshaw,2026-09-23
1034,0,32.2501,0.7455,6.5709,24.7968,0,David Renshaw,2026-09-23
1035,0,46.2102,1.7135,6.6359,34.7808,0,David Renshaw,2026-09-23
1036,0,58.3226,2.6358,6.7546,44.7127,0,David Renshaw,2026-09-23
1037,0,36.8358,1.1349,6.7685,29.3321,0,David Renshaw,2026-09-23
1038,0,43.6455,1.4815,6.7685,31.7878,0,David Renshaw,2026-09-23
1039,0,36.2619,1.0353,6.8352,27.8710,0,David Renshaw,2026-09-23
1040,1,40.9599,1.0694,6.8732,23.6726,1,David Renshaw,2026-09-23
1041,0,37.0985,0.8653,7.1148,23.4389,0,David Renshaw,2026-09-23
1042,0,34.8421,0.9823,7.1148,27.5220,0,David Renshaw,2026-09-23
1043,1,40.0197,1.4377,7.3011,33.0034,1,David Renshaw,2026-09-23
1044,1,37.0403,0.9476,7.3486,25.5745,1,David Renshaw,2026-09-23
1045,0,45.2754,1.8763,7.5443,38.2924,0,David Renshaw,2026-09-23
1046,0,39.3723,1.0776,7.6544,26.3220,0,David Renshaw,2026-09-23
1047,1,49.3138,1.9364,7.7450,37.0324,1,David Renshaw,2026-09-23
1048,0,40.6079,1.1354,7.7450,26.3222,0,David Renshaw,2026-09-23
1049,0,37.9109,1.2265,7.7450,30.4407,0,David Renshaw,2026-09-23
1050,0,42.0793,1.3453,7.9121,30.0863,0,David Renshaw,2026-09-23
1051,0,43.5071,1.6919,7.9121,36.0206,0,David Renshaw,2026-09-23
1052,0,44.7058,1.4420,7.9121,29.3885,0,David Renshaw,2026-09-23
1053,0,51.2355,1.9353,8.1803,34.2782,0,David Renshaw,2026-09-23
1054,1,42.7247,1.5828,8.3640,34.4918,1,David Renshaw,2026-09-23
1055,1,50.8072,1.9294,8.3640,34.8282,1,David Renshaw,2026-09-23
1056,0,36.4363,1.0927,8.5192,28.9264,0,David Renshaw,2026-09-23
1057,1,42.5434,1.5323,8.7435,33.7050,1,David Renshaw,2026-09-23
1058,1,50.6975,1.8788,8.7435,33.3399,1,David Renshaw,2026-09-23
1059,0,37.5980,1.1910,8.7811,30.1409,0,David Renshaw,2026-09-23
1060,1,55.2804,2.5317,8.7994,45.2055,1,David Renshaw,2026-09-23
1061,0,38.3047,1.1659,8.8084,29.2156,0,David Renshaw,2026-09-23
1062,0,48.3824,1.7993,8.8453,34.5476,0,David Renshaw,2026-09-23
1063,0,62.1054,2.8872,9.0107,46.6409,0,David Renshaw,2026-09-23
1064,0,50.8997,1.9599,9.2331,35.6330,0,David Renshaw,2026-09-23
1065,0,50.5559,2.2064,9.3544,41.8048,0,David Renshaw,2026-09-23
1066,1,63.7568,2.9723,9.6684,46.5792,1,David Renshaw,2026-09-23
1067,0,54.2145,2.4293,9.7796,43.8572,0,David Renshaw,2026-09-23
1068,1,52.3058,2.3012,10.3100,42.5964,1,David Renshaw,2026-09-23
1069,1,56.9087,2.4475,10.4888,41.2368,1,David Renshaw,2026-09-23
1070,0,59.5488,2.7796,10.7453,47.0276,0,David Renshaw,2026-09-23
1071,1,51.6250,2.3585,11.0185,44.1169,1,David Renshaw,2026-09-23
1072,0,68.4439,3.5554,11.0476,56.7626,0,David Renshaw,2026-09-23
1073,1,64.7614,3.3010,11.3158,54.2504,1,David Renshaw,2026-09-23
1074,0,54.5110,2.4720,11.4394,44.5378,0,David Renshaw,2026-09-23
1075,1,80.8932,4.2980,11.5062,59.8145,1,David Renshaw,2026-09-23
1076,0,76.2517,4.0683,11.6143,60.8564,0,David Renshaw,2026-09-23
1077,0,71.5538,3.5746,11.6768,52.6636,0,David Renshaw,2026-09-23
1078,0,66.6350,3.5566,11.7438,58.1115,0,David Renshaw,2026-09-23
1079,1,72.5955,4.0338,12.4280,63.6732,1,David Renshaw,2026-09-23
1080,1,88.5254,5.0278,12.4947,71.0496,1,David Renshaw,2026-09-23
1081,1,63.4644,3.2568,12.5215,54.2413,1,David Renshaw,2026-09-23
1082,1,73.0617,3.6424,12.5356,51.8575,1,David Renshaw,2026-09-23
1083,2,21.3100,-0.3032,6.9921,11.1510,2,NDElkies,2026-09-23
1084,10,294.2228,21.8323,110.9586,259.9361,10,C. R. Hill,2026-09-23
1085,10,168.0262,11.8751,66.5764,156.8314,10,dujella,2026-09-23
1086,11,207.2924,15.2861,94.9358,198.8713,11,dujella,2026-09-23
1087,3,144.2229,9.7871,27.5600,130.4168,3,dujella,2026-09-23
1088,5,177.3709,12.7515,39.4729,168.1935,5,dujella,2026-09-23
1089,7,161.6990,11.2653,46.0913,148.4867,7,dujella,2026-09-23
1090,4,243.6632,18.2977,50.2384,234.8932,4,dujella,2026-09-23
1091,3,161.0392,10.7803,28.7007,129.8095,3,dujella,2026-09-23
1092,3,105.6742,6.3647,21.3176,84.6639,3,dujella,2026-09-23
1093,5,194.5760,14.0852,42.8292,183.3292,5,dujella,2026-09-23
1094,5,181.4609,12.6851,40.4349,160.6516,5,dujella,2026-09-23
1095,8,222.0355,16.5068,62.4491,213.4738,8,dujella,2026-09-23
1096,6,145.6322,9.7614,42.6676,127.2509,6,dujella,2026-09-23
1097,6,137.6202,9.3768,42.0057,127.2080,6,dujella,2026-09-23
1098,11,249.8632,18.7904,91.3398,240.6685,11,dujella,2026-09-23
1099,8,98.8216,5.9550,43.6078,83.6061,8,dujella,2026-09-23
1100,16,253.0311,19.1653,139.0954,245.7185,16,dujella,2026-09-23
1101,17,302.3928,22.9067,151.2444,286.7891,17,dujella,2026-09-23
1102,3,188.6414,13.4010,36.3926,172.1923,3,dujella,2026-09-23
1103,3,191.8942,14.0499,36.8732,184.4453,3,dujella,2026-09-23
1104,3,227.8559,16.5613,36.8014,207.4554,3,dujella,2026-09-23
1105,4,326.9226,25.2290,61.1432,318.0237,4,dujella,2026-09-23
1106,6,285.8517,21.5890,63.2023,272.0325,6,dujella,2026-09-23
1107,9,265.7378,19.6493,79.1430,242.3268,9,dujella,2026-09-23
1108,8,207.6177,15.0841,62.2905,194.1975,8,dujella,2026-09-23
1109,8,217.5841,15.7920,62.4220,200.4313,8,dujella,2026-09-23
1110,1,17.5108,-0.4622,4.7622,10.2552,1,David Renshaw,2026-09-23
1111,6,138.0531,9.5470,41.3326,130.1696,6,dujella,2026-09-23
1112,6,134.6380,9.1844,41.4115,125.3455,6,dujella,2026-09-23
1113,2,39.6948,1.2360,9.5999,29.6833,2,David Renshaw,2026-09-23
1114,12,326.0479,24.7494,115.9604,305.8695,12,dujella,2026-09-23
1115,3,63.9342,2.8181,13.9041,39.8502,3,David Renshaw,2026-09-23
1116,4,225.2472,16.4442,47.1029,208.5566,4,dujella,2026-09-23
1117,4,214.1661,15.3243,37.3332,189.4392,4,dujella,2026-09-23
1118,2,90.1438,5.2598,17.4215,75.7563,2,David Renshaw,2026-09-23
1119,6,300.9035,22.7636,70.5080,284.6950,6,dujella,2026-09-23
1120,7,187.7137,13.1353,52.5230,163.7344,7,dujella,2026-09-23
1121,7,160.8497,11.2712,48.1108,149.5199,7,dujella,2026-09-23
1122,8,194.2425,14.1553,61.3243,185.0485,8,dujella,2026-09-23
1123,7,164.2477,11.7450,50.7184,156.7930,7,dujella,2026-09-23
1124,7,161.1374,11.2818,49.9304,149.5018,7,dujella,2026-09-23
1125,12,317.7715,24.4028,115.9604,307.6419,12,dujella,2026-09-23
1126,2,16.9784,-0.4889,7.9349,9.8808,2,David Renshaw,2026-09-23
1127,2,18.2122,-0.5457,7.2745,8.3731,2,David Renshaw,2026-09-23
1128,2,23.4103,-0.3417,7.8099,7.8099,2,David Renshaw,2026-09-23
1129,3,22.8636,-0.0281,11.6435,15.3811,3,David Renshaw,2026-09-23
1130,3,26.2282,0.0433,10.9929,14.6818,3,David Renshaw,2026-09-23
1131,3,31.7971,0.2377,11.2930,11.9861,3,David Renshaw,2026-09-23
1132,4,36.6189,1.1210,16.3970,29.2684,4,David Renshaw,2026-09-23
1133,6,55.6326,2.7022,29.6758,48.1430,6,David Renshaw,2026-09-23
1134,7,90.1228,5.5719,55.5406,82.6986,7,David Renshaw,2026-09-23
1135,7,152.7843,10.5722,46.0913,140.8262,7,David Renshaw,2026-09-23
1136,8,212.4498,15.7773,62.2905,205.0572,8,David Renshaw,2026-09-23
1137,10,161.6502,11.5286,66.5764,154.1952,10,David Renshaw,2026-09-23
1138,1,22.7314,-0.1156,4.7622,13.9188,1,David Renshaw,2026-09-23
1139,2,24.4025,0.0584,8.1062,16.2124,2,David Renshaw,2026-09-23
1140,2,31.7159,0.6958,7.6848,24.0045,2,David Renshaw,2026-09-23
1141,3,39.2769,1.1237,13.0902,27.5666,3,David Renshaw,2026-09-23
1142,3,44.3473,1.7635,12.0721,36.8873,3,David Renshaw,2026-09-23
1143,5,186.0381,13.3008,39.4729,173.0141,5,David Renshaw,2026-09-23
1144,6,138.4184,9.5309,41.4115,129.7152,6,David Renshaw,2026-09-23
1145,6,145.9923,9.8936,41.3326,131.0094,6,David Renshaw,2026-09-23
1146,7,154.2324,10.9188,46.0913,146.7419,7,David Renshaw,2026-09-23
1147,8,208.3941,15.4307,62.2905,200.8777,8,David Renshaw,2026-09-23
1148,1,14.6318,-0.7718,4.8203,6.2066,1,David Renshaw,2026-09-23
1149,2,20.9763,-0.1724,8.3885,13.6666,2,David Renshaw,2026-09-23
1150,2,24.5537,-0.1334,7.5294,12.1144,2,David Renshaw,2026-09-23
1151,2,33.2886,0.2464,8.3243,8.3243,2,David Renshaw,2026-09-23
1152,3,28.8558,0.5245,12.6401,22.0592,3,David Renshaw,2026-09-23
1153,3,35.5033,0.6790,12.6471,20.3044,3,David Renshaw,2026-09-23
1154,3,36.1090,0.7249,12.2113,20.7681,3,David Renshaw,2026-09-23
1155,1,20.8438,-0.4983,5.3230,6.9324,1,David Renshaw,2026-09-23
1156,2,24.5735,0.0997,8.5762,16.9642,2,David Renshaw,2026-09-23
1157,2,31.2151,0.3492,7.6848,16.8306,2,David Renshaw,2026-09-23
1158,2,55.7316,1.8483,10.4671,13.0320,2,David Renshaw,2026-09-23
1159,3,39.6261,1.4136,13.0946,32.7208,3,David Renshaw,2026-09-23
1160,3,54.9695,2.5079,12.2892,44.9371,3,David Renshaw,2026-09-23
1161,3,72.2520,3.1647,13.9041,24.0840,3,David Renshaw,2026-09-23
1162,6,129.2512,8.8378,41.4115,121.8753,6,David Renshaw,2026-09-23
1163,6,133.1549,9.2005,41.3326,126.1581,6,David Renshaw,2026-09-23
1164,7,162.7013,11.6119,46.0913,155.1246,7,David Renshaw,2026-09-23
1165,7,170.0154,11.6119,46.0913,143.5936,7,David Renshaw,2026-09-23
1166,8,207.6166,14.7375,62.2905,180.7784,8,David Renshaw,2026-09-23
1167,1,27.1980,0.2398,6.7334,18.0720,1,David Renshaw,2026-09-23
1168,1,31.6081,0.4208,5.8171,18.2986,1,David Renshaw,2026-09-23
1169,2,38.5467,1.2158,10.6334,29.9801,2,David Renshaw,2026-09-23
1170,2,47.4138,1.5017,10.4671,26.0640,2,David Renshaw,2026-09-23
1171,2,34.7204,0.9497,9.5383,27.2094,2,David Renshaw,2026-09-23
1172,2,34.9192,0.6722,8.5758,20.9400,2,David Renshaw,2026-09-23
1173,9,179.0664,12.7070,66.8418,165.7054,9,dujella,2026-09-23
1174,1,22.0592,-0.3189,4.8675,10.1659,1,David Renshaw,2026-09-23
1175,2,35.0294,0.9860,9.5908,27.5516,2,David Renshaw,2026-09-23
1176,2,47.6372,1.3841,9.8387,19.6034,2,David Renshaw,2026-09-23
1177,5,172.9731,12.4049,39.4729,164.1675,5,David Renshaw,2026-09-23
1178,7,154.3881,10.9246,48.1108,146.7788,7,David Renshaw,2026-09-23
1179,2,75.7517,3.8239,12.7847,52.6562,2,David Renshaw,2026-09-23
1180,1,37.8854,1.2146,7.4872,30.4083,1,David Renshaw,2026-09-23
1181,2,61.2124,2.6919,12.6394,41.5157,2,David Renshaw,2026-09-23
1182,2,67.8781,3.1141,12.4431,42.1648,2,David Renshaw,2026-09-23
1183,3,136.7018,9.4405,27.5600,129.0258,3,David Renshaw,2026-09-23
1184,3,152.7216,10.4337,28.7007,137.1066,3,David Renshaw,2026-09-23
1185,3,49.3174,2.0763,15.0850,40.0849,3,David Renshaw,2026-09-23
1186,3,51.9460,2.3513,14.6336,43.7728,3,David Renshaw,2026-09-23
1187,2,61.3590,3.0762,13.1482,52.0575,2,David Renshaw,2026-09-23
1188,2,58.9227,2.9680,13.4326,51.4571,2,David Renshaw,2026-09-23
1189,3,86.8884,5.0761,20.4743,74.8156,3,David Renshaw,2026-09-23
1190,2,105.0044,6.6211,18.9475,93.7595,2,David Renshaw,2026-09-23
1191,2,79.5139,4.6840,16.4581,72.0573,2,David Renshaw,2026-09-23
1192,3,52.3277,2.3966,14.8800,44.3295,3,David Renshaw,2026-09-23
1193,3,55.7494,2.2344,14.6603,35.9669,3,David Renshaw,2026-09-23
1194,12,247.7284,18.5079,111.8225,236.3310,12,dujella,2026-09-23
1195,11,186.2927,13.1978,77.1940,169.5954,11,dujella,2026-09-23
1196,10,164.3337,11.3143,67.3897,145.7481,10,dujella,2026-09-23
1197,9,144.7745,9.7718,58.0642,129.1684,9,dujella,2026-09-23
1198,15,220.2065,16.0603,117.0579,204.6780,15,dujella,2026-09-23
1199,14,179.3825,13.0062,100.4022,171.9277,14,dujella,2026-09-23
1200,11,202.1214,14.9395,94.9358,195.0566,11,dujella,2026-09-23
1201,12,334.3657,25.0960,115.9604,294.0088,12,dujella,2026-09-23
1202,11,175.2235,12.4178,79.1361,162.6667,11,NDElkies,2026-09-24
1203,10,140.7038,9.7451,60.8753,132.4257,10,NDElkies,2026-09-24
1204,9,135.1062,9.1445,53.1609,124.1948,9,NDElkies,2026-09-24
1205,8,99.8035,6.2784,41.0830,90.4522,8,NDElkies,2026-09-24
1206,7,86.8655,5.2266,34.9113,78.0112,7,NDElkies,2026-09-24
1207,8,99.7372,5.9318,41.0830,81.1717,8,David Renshaw,2026-09-24
1208,9,128.9619,8.7980,53.1609,121.2224,9,David Renshaw,2026-09-24
1209,12,133.0888,8.9145,78.5777,120.7292,12,David Renshaw,2026-09-24
1210,4,70.0813,3.8688,21.6242,62.0239,4,David Renshaw,2026-09-24
1211,6,50.6312,2.2574,24.5292,42.6717,6,Michael Rubinstein,2026-09-24
1212,7,67.8230,3.3830,32.2356,52.9445,7,Michael Rubinstein,2026-09-24
1213,4,139.4128,9.4122,29.8820,126.3079,4,David Renshaw,2026-09-24
1214,6,340.9547,26.4529,81.3250,333.1103,6,dujella,2026-09-24
1215,9,245.5992,18.5244,76.4801,238.1396,9,dujella,2026-09-24
1216,9,221.3415,16.5019,69.8355,213.8433,9,dujella,2026-09-24
1217,5,66.6657,3.6132,27.0047,59.2105,5,David Renshaw,2026-09-24
1218,13,84.7477,4.8722,66.5491,72.0422,13,Michael Rubinstein,2026-09-24
1219,13,91.8649,5.4870,66.6426,79.7004,13,Michael Rubinstein,2026-09-24
1220,13,86.7164,4.9812,66.6658,72.5295,13,Michael Rubinstein,2026-09-24
1221,14,84.2772,5.0320,73.7265,75.8059,14,Michael Rubinstein,2026-09-24
1222,14,91.9489,5.5283,74.1859,80.5961,14,Michael Rubinstein,2026-09-24
1223,14,87.9508,5.1966,74.3310,76.6336,14,Michael Rubinstein,2026-09-24
1224,14,86.5937,5.1522,72.9275,76.7562,14,Michael Rubinstein,2026-09-24
1225,15,97.5799,6.1821,85.6396,89.8292,15,Michael Rubinstein,2026-09-24
1226,15,95.5504,5.8213,83.3418,84.0350,15,Michael Rubinstein,2026-09-24
1227,15,97.4542,6.0929,85.9961,88.2986,15,Michael Rubinstein,2026-09-24
1228,15,95.3055,5.9630,86.4105,87.1036,15,Michael Rubinstein,2026-09-24
1229,15,98.2949,6.1128,84.7573,88.1585,15,Michael Rubinstein,2026-09-24
1230,15,96.9845,6.0187,84.8561,87.1587,15,Michael Rubinstein,2026-09-24
1231,15,95.5511,5.9265,84.8823,86.2686,15,Michael Rubinstein,2026-09-24
1232,5,29.3713,0.4506,17.9438,20.8342,5,Michael Rubinstein,2026-09-24
1233,6,50.4748,2.2042,27.8040,41.8065,6,Michael Rubinstein,2026-09-24
1234,6,62.1888,3.2215,27.8080,54.3285,6,Michael Rubinstein,2026-09-24
1235,6,53.2304,2.4996,25.5219,45.7015,6,Michael Rubinstein,2026-09-24
1236,6,45.5728,1.7703,25.7112,36.4343,6,Michael Rubinstein,2026-09-24
1237,6,49.1095,2.1502,26.5593,41.6541,6,Michael Rubinstein,2026-09-24
1238,6,69.7514,3.7047,26.5708,58.9811,6,Michael Rubinstein,2026-09-24
1239,6,56.2606,2.4368,27.0200,41.8903,6,Michael Rubinstein,2026-09-24
1240,6,56.7647,2.7834,27.0200,49.0571,6,Michael Rubinstein,2026-09-24
1241,6,57.5167,2.7268,27.3804,47.6188,6,Michael Rubinstein,2026-09-24
1242,7,59.7833,3.0100,33.9985,51.7143,7,Michael Rubinstein,2026-09-24
1243,7,68.7528,3.7333,34.0737,60.1909,7,Michael Rubinstein,2026-09-24
1244,7,68.3329,3.7296,32.2356,60.3978,7,Michael Rubinstein,2026-09-24
1245,11,195.4030,14.1898,85.0869,184.9356,11,dujella,2026-09-24
1246,9,90.1590,5.5032,45.7309,81.3431,9,jesper-petersen,2026-09-24
1247,5,103.9333,6.1697,30.1209,80.7134,5,hdeping,2026-09-24
1248,5,94.8383,5.6834,29.5253,81.3530,5,hdeping,2026-09-24
1249,5,41.6369,1.5283,21.0340,34.0222,5,jesper-petersen,2026-09-24
1250,4,87.7485,5.0603,24.5000,73.3631,4,hdeping,2026-09-24
1251,3,118.1277,7.5099,36.1141,101.1776,3,hdeping,2026-09-24
1252,4,103.8235,6.3075,28.4499,86.5169,4,hdeping,2026-09-24
1253,4,89.5739,5.3284,25.4881,78.1739,4,hdeping,2026-09-24
1254,4,82.5611,4.4089,23.0139,60.2644,4,hdeping,2026-09-24
1255,4,100.8119,6.0415,29.9191,82.9767,4,hdeping,2026-09-24
1256,4,127.0199,8.0939,37.7371,103.8154,4,hdeping,2026-09-24
1257,4,128.7841,8.3193,37.9360,108.9488,4,hdeping,2026-09-24
1258,4,94.2079,5.4082,26.4383,73.1554,4,hdeping,2026-09-24
1259,4,102.8831,6.0929,29.7060,80.1568,4,hdeping,2026-09-24
1260,4,101.1539,6.4981,28.2762,93.7036,4,hdeping,2026-09-24
1261,3,106.0028,6.3319,28.2305,82.3012,3,hdeping,2026-09-24
1262,7,162.2662,10.8655,46.3911,129.9515,7,hdeping,2026-09-24
1263,7,161.9432,11.3021,47.1559,149.1578,7,hdeping,2026-09-24
1264,7,165.0095,11.3909,51.4253,147.1629,7,hdeping,2026-09-24
1265,7,159.3098,10.8850,49.8448,140.3215,7,hdeping,2026-09-24
1266,7,163.1986,11.1067,49.1689,139.8978,7,hdeping,2026-09-24
1267,5,48.7463,1.7957,20.7715,33.9391,5,Michael Rubinstein,2026-09-24
1268,5,49.1575,2.1423,20.7715,41.3279,5,Michael Rubinstein,2026-09-24
1269,5,49.9847,2.2299,20.8612,42.4688,5,Michael Rubinstein,2026-09-24
1270,5,51.6380,2.3080,21.1715,43.1360,5,Michael Rubinstein,2026-09-24
1271,5,59.7141,2.6546,21.1715,43.1812,5,Michael Rubinstein,2026-09-24
1272,5,40.6594,1.3443,19.2627,31.2036,5,Michael Rubinstein,2026-09-24
1273,5,51.3111,2.2517,20.1886,42.2587,5,Michael Rubinstein,2026-09-24
1274,5,59.4998,2.5983,20.1886,41.6468,5,Michael Rubinstein,2026-09-24
1275,5,50.8827,2.2451,20.3271,42.3387,5,Michael Rubinstein,2026-09-24
1276,5,59.0390,2.5917,20.3271,42.2850,5,Michael Rubinstein,2026-09-24
1277,5,66.5196,3.6024,24.1683,58.9132,5,Michael Rubinstein,2026-09-24
1278,5,65.2213,3.4240,24.3646,56.3865,5,Michael Rubinstein,2026-09-24
1279,5,64.9725,3.3355,24.4128,54.8171,5,Michael Rubinstein,2026-09-24
1280,5,70.2231,3.8521,24.6031,61.5951,5,Michael Rubinstein,2026-09-24
1281,5,69.5742,3.8308,24.8764,61.5251,5,Michael Rubinstein,2026-09-24
1282,5,77.6783,4.1934,24.9119,62.4725,5,Michael Rubinstein,2026-09-24
1283,5,63.5242,3.3198,24.9703,55.3566,5,Michael Rubinstein,2026-09-24
1284,5,72.5337,3.8994,25.1642,60.9250,5,Michael Rubinstein,2026-09-24
1285,5,69.5025,3.7913,25.2369,60.8598,5,Michael Rubinstein,2026-09-24
1286,5,60.2369,3.0839,25.2590,52.7151,5,Michael Rubinstein,2026-09-24
1287,5,71.2319,3.9910,25.4146,63.6888,5,Michael Rubinstein,2026-09-24
1288,5,75.3736,4.3200,25.6245,67.4251,5,Michael Rubinstein,2026-09-24
1289,5,68.9023,3.5982,25.7419,57.3262,5,Michael Rubinstein,2026-09-24
1290,5,65.9216,3.5487,25.8750,58.3831,5,Michael Rubinstein,2026-09-24
1291,5,62.6567,3.0696,23.8326,50.8929,5,Michael Rubinstein,2026-09-24
1292,5,63.7168,3.3105,24.4465,55.1382,5,Michael Rubinstein,2026-09-24
1293,5,70.8322,3.7819,24.5513,59.7780,5,Michael Rubinstein,2026-09-24
1294,5,73.6205,3.6455,25.1074,50.4868,5,Michael Rubinstein,2026-09-24
1295,5,66.3331,3.3410,22.8403,53.7132,5,Michael Rubinstein,2026-09-24
1296,5,66.9915,3.5412,25.2286,57.5848,5,Michael Rubinstein,2026-09-24
1297,6,60.2462,2.9057,25.6535,49.3238,6,Michael Rubinstein,2026-09-24
1298,6,50.2925,1.9109,24.5292,35.0749,6,Michael Rubinstein,2026-09-24
1299,6,54.4217,2.3687,25.0257,42.3046,6,Michael Rubinstein,2026-09-24
1300,6,55.8930,2.7153,25.0257,48.4173,6,Michael Rubinstein,2026-09-24
1301,6,57.3459,2.4573,25.1399,40.8171,6,Michael Rubinstein,2026-09-24
1302,6,57.5880,2.8039,25.1399,49.0877,6,Michael Rubinstein,2026-09-24
1303,6,57.8088,2.6830,25.2034,46.4462,6,Michael Rubinstein,2026-09-24
1304,6,84.1558,5.0706,30.0250,76.5249,6,Michael Rubinstein,2026-09-24
1305,6,79.3730,4.6261,30.0591,70.9503,6,Michael Rubinstein,2026-09-24
1306,6,77.3692,4.2848,30.3693,65.3438,6,Michael Rubinstein,2026-09-24
1307,6,79.1789,4.5848,30.4054,70.3006,6,Michael Rubinstein,2026-09-24
1308,6,77.7991,4.5477,30.4401,70.2812,6,Michael Rubinstein,2026-09-24
1309,6,78.1164,4.2718,30.4574,64.1337,6,Michael Rubinstein,2026-09-24
1310,6,75.9207,4.2107,30.6941,64.9717,6,Michael Rubinstein,2026-09-24
1311,6,78.1937,4.5735,30.7797,70.5590,6,Michael Rubinstein,2026-09-24
1312,6,72.9628,4.1084,30.8061,64.8311,6,Michael Rubinstein,2026-09-24
1313,6,75.9988,4.3994,29.0623,68.5106,6,Michael Rubinstein,2026-09-24
1314,6,72.5510,3.7339,30.2033,56.3336,6,Michael Rubinstein,2026-09-24
1315,6,77.9856,4.1604,30.4229,60.8872,6,Michael Rubinstein,2026-09-24
1316,6,97.2854,5.7152,30.4423,78.2553,6,Michael Rubinstein,2026-09-24
1317,6,77.0513,4.1909,30.5964,63.2873,6,Michael Rubinstein,2026-09-24
1318,6,79.0976,4.6179,30.6839,70.9986,6,Michael Rubinstein,2026-09-24
1319,6,89.2026,5.3978,30.6877,79.9044,6,Michael Rubinstein,2026-09-24
1320,6,79.4316,4.3841,29.4225,65.5243,6,Michael Rubinstein,2026-09-24
1321,6,80.5817,4.3146,29.5988,61.2229,6,Michael Rubinstein,2026-09-24
1322,6,78.8151,4.1914,29.6070,60.3648,6,Michael Rubinstein,2026-09-24
1323,6,73.9366,3.9587,29.6548,60.9066,6,Michael Rubinstein,2026-09-24
1324,7,63.0146,3.3089,30.7391,55.5599,7,Michael Rubinstein,2026-09-24
1325,7,69.2854,3.6555,30.7391,58.2854,7,Michael Rubinstein,2026-09-24
1326,7,67.2830,3.2625,30.8262,49.9781,7,Michael Rubinstein,2026-09-24
1327,7,67.4064,3.6091,30.8262,58.6264,7,Michael Rubinstein,2026-09-24
1328,7,69.3855,3.5343,31.3856,55.1219,7,Michael Rubinstein,2026-09-24
1329,7,70.0470,3.8809,31.3856,62.2726,7,Michael Rubinstein,2026-09-24
1330,7,78.5710,4.4579,31.5090,68.1896,7,Michael Rubinstein,2026-09-24
1331,7,58.2256,2.5929,31.5261,43.6329,7,Michael Rubinstein,2026-09-24
1332,7,58.8019,2.9395,31.5261,50.9454,7,Michael Rubinstein,2026-09-24
1333,7,68.2807,3.4315,31.6271,53.7071,7,Michael Rubinstein,2026-09-24
1334,7,68.8616,3.7781,31.6271,61.0101,7,Michael Rubinstein,2026-09-24
1335,7,93.8749,5.6827,36.8603,82.3786,7,Michael Rubinstein,2026-09-24
1336,7,96.6388,5.7201,37.4655,79.7203,7,Michael Rubinstein,2026-09-24
1337,7,95.6922,5.7508,37.7456,82.1045,7,Michael Rubinstein,2026-09-24
1338,7,89.3745,5.2730,37.9672,77.0515,7,Michael Rubinstein,2026-09-24
1339,7,87.6490,5.3617,38.0562,80.1943,7,Michael Rubinstein,2026-09-24
1340,7,98.2715,5.8980,38.0575,82.7122,7,Michael Rubinstein,2026-09-24
1341,7,98.8305,6.0398,38.3798,85.9712,7,Michael Rubinstein,2026-09-24
1342,7,105.6466,6.3637,38.3990,84.6879,7,Michael Rubinstein,2026-09-24
1343,7,98.4405,6.0209,38.4315,85.9263,7,Michael Rubinstein,2026-09-24
1344,7,86.2777,5.2202,38.5105,78.2534,7,Michael Rubinstein,2026-09-24
1345,8,69.2228,3.8057,37.8827,61.2447,8,Michael Rubinstein,2026-09-24
1346,8,77.2107,4.1522,37.8827,61.9376,8,Michael Rubinstein,2026-09-24
1347,8,75.7010,4.0259,37.9140,60.4121,8,Michael Rubinstein,2026-09-24
1348,8,72.6172,3.9920,37.9801,62.8570,8,Michael Rubinstein,2026-09-24
1349,8,76.7346,4.1127,38.3028,61.4651,8,Michael Rubinstein,2026-09-24
1350,8,72.0948,3.9100,38.7155,61.5395,8,Michael Rubinstein,2026-09-24
1351,8,75.7301,4.0010,36.4383,59.5808,8,Michael Rubinstein,2026-09-24
1352,8,76.4127,4.2900,38.8940,66.2814,8,Michael Rubinstein,2026-09-24
1353,8,75.6826,3.9878,39.0508,59.2346,8,Michael Rubinstein,2026-09-24
1354,8,77.2152,4.0575,39.0639,58.7439,8,Michael Rubinstein,2026-09-24
1355,8,114.7586,7.1603,48.6023,95.3080,8,Michael Rubinstein,2026-09-24
1356,8,111.3067,7.0616,44.3715,97.9773,8,Michael Rubinstein,2026-09-24
1357,8,113.7867,7.0494,47.2305,93.1343,8,Michael Rubinstein,2026-09-24
1358,8,120.3759,7.6019,51.9713,99.8656,8,Michael Rubinstein,2026-09-24
1359,8,137.7898,8.7585,52.1902,100.8216,8,Michael Rubinstein,2026-09-24
1360,8,129.9129,8.4038,54.5204,109.6927,8,Michael Rubinstein,2026-09-24
1361,8,104.5462,6.4951,45.4294,91.1328,8,Michael Rubinstein,2026-09-24
1362,8,106.8832,6.6500,47.9534,92.3577,8,Michael Rubinstein,2026-09-24
1363,8,110.6128,6.9534,50.4358,95.8705,8,Michael Rubinstein,2026-09-24
1364,9,81.6453,4.8393,48.4636,73.6396,9,Michael Rubinstein,2026-09-24
1365,9,85.7235,5.2030,48.6323,78.1225,9,Michael Rubinstein,2026-09-24
1366,9,83.4596,5.0069,48.7285,75.7343,9,Michael Rubinstein,2026-09-24
1367,9,81.1307,4.7935,48.7868,73.0758,9,Michael Rubinstein,2026-09-24
1368,9,83.5143,5.0209,48.8513,75.9454,9,Michael Rubinstein,2026-09-24
1369,9,83.7118,5.0300,48.9151,76.0202,9,Michael Rubinstein,2026-09-24
1370,9,83.8946,5.0395,49.3897,76.1072,9,Michael Rubinstein,2026-09-24
1371,9,81.5979,4.8584,47.2603,73.9825,9,Michael Rubinstein,2026-09-24
1372,9,81.6111,4.8684,48.0442,74.1437,9,Michael Rubinstein,2026-09-24
1373,4,36.4423,0.8038,15.2984,22.5928,4,jesper-petersen,2026-09-24
1374,10,137.5501,9.3986,60.8753,127.6988,10,jesper-petersen,2026-09-24
1375,11,183.5387,12.7644,79.1361,158.4304,11,jesper-petersen,2026-09-24
1376,5,194.5627,13.7386,42.8292,172.0950,5,jesper-petersen,2026-09-24
1377,5,194.5627,13.3920,42.8292,149.6273,5,jesper-petersen,2026-09-24
1378,4,322.8785,24.8824,61.1432,313.8010,4,jesper-petersen,2026-09-24
1379,13,377.6518,29.5335,154.6479,370.1029,13,jesper-petersen,2026-09-24
1380,12,130.3749,8.8897,70.2528,122.1893,12,NDElkies,2026-09-24
1381,11,107.8444,6.8539,60.1658,96.5155,11,NDElkies,2026-09-24
1382,10,96.8264,5.8742,51.0562,84.0037,10,NDElkies,2026-09-24
1383,9,85.5625,4.8974,43.2368,71.7206,9,NDElkies,2026-09-24
1384,11,116.1499,7.2005,60.1658,93.5160,11,jesper-petersen,2026-09-24
1385,29,383.2104,29.7194,301.9339,369.8607,29,Ritik Jain,2026-09-24
1386,28,378.1438,29.4019,293.8139,367.3261,28,Ritik Jain,2026-09-24
1387,28,366.3591,28.4029,304.7826,355.1695,28,Ritik Jain,2026-09-24
1388,29,366.2454,28.3755,303.3116,354.6436,29,Ritik Jain,2026-09-24
1389,28,347.0361,26.7108,276.1704,333.8414,28,Ritik Jain,2026-09-24
1390,28,364.8203,28.2514,286.7302,353.0926,28,Ritik Jain,2026-09-24
1391,28,358.4001,27.7624,272.8852,347.7070,28,Ritik Jain,2026-09-24
1392,29,363.9562,28.1632,296.9511,351.8394,29,Ritik Jain,2026-09-24
1393,28,329.8000,25.2520,257.1959,315.9995,28,Ritik Jain,2026-09-24
1394,28,362.4157,28.0523,299.1557,350.7154,28,Ritik Jain,2026-09-24
1395,10,152.0360,10.4252,61.7724,137.8665,10,NDElkies,2026-09-24
1396,2,113.6525,7.1019,16.6825,95.4715,2,Michael Rubinstein,2026-09-24
1397,2,121.9703,7.4485,16.6825,85.6081,2,Michael Rubinstein,2026-09-24
1398,2,89.2927,5.5395,16.7555,82.2230,2,Michael Rubinstein,2026-09-24
1399,2,102.7864,6.4624,16.9452,92.1198,2,Michael Rubinstein,2026-09-24
1400,2,111.0871,6.8090,16.9452,89.7891,2,Michael Rubinstein,2026-09-24
1401,2,93.0617,5.5431,14.7495,79.7837,2,Michael Rubinstein,2026-09-24
1402,2,94.0396,5.8897,14.7495,86.4535,2,Michael Rubinstein,2026-09-24
1403,2,131.6761,8.2815,18.4529,97.0310,2,Michael Rubinstein,2026-09-24
1404,2,112.5479,7.4461,18.4595,105.0744,2,Michael Rubinstein,2026-09-24
1405,2,115.5232,7.7154,21.6872,108.3267,2,Michael Rubinstein,2026-09-24
1406,2,116.5249,7.0647,19.5657,84.9138,2,Michael Rubinstein,2026-09-24
1407,2,121.1351,7.4633,22.0503,90.4222,2,Michael Rubinstein,2026-09-24
1408,2,133.2468,8.6928,19.8099,113.4718,2,Michael Rubinstein,2026-09-24
1409,2,129.5527,8.3967,22.5084,110.2394,2,Michael Rubinstein,2026-09-24
1410,2,142.6804,9.9496,20.4571,135.2379,2,Michael Rubinstein,2026-09-24
1411,2,24.1521,0.0434,6.9921,16.0636,2,Michael Rubinstein,2026-09-24
1412,2,20.8852,-0.1991,7.2745,13.4503,2,Michael Rubinstein,2026-09-24
1413,2,17.8597,-0.5274,7.3297,8.9392,2,Michael Rubinstein,2026-09-24
1414,2,22.1050,-0.1809,7.3297,13.0501,2,Michael Rubinstein,2026-09-24
1415,2,27.7258,0.1259,7.3871,15.1598,2,Michael Rubinstein,2026-09-24
1416,2,28.9914,0.4725,7.3871,21.4864,2,Michael Rubinstein,2026-09-24
1417,2,21.1711,-0.2350,7.4651,12.5527,2,Michael Rubinstein,2026-09-24
1418,2,25.8271,0.1116,7.4651,16.4342,2,Michael Rubinstein,2026-09-24
1419,2,31.1780,0.3043,7.7690,15.5379,2,Michael Rubinstein,2026-09-24
1420,2,29.4890,0.3002,7.8883,17.5924,2,Michael Rubinstein,2026-09-24
1421,2,33.5181,0.7957,8.3243,24.9730,2,Michael Rubinstein,2026-09-24
1422,2,37.2570,0.7333,8.3791,18.9912,2,Michael Rubinstein,2026-09-24
1423,2,40.1430,0.9698,8.4457,21.7306,2,Michael Rubinstein,2026-09-24
1424,2,29.9414,0.1002,8.5991,10.7964,2,Michael Rubinstein,2026-09-24
1425,2,33.8889,0.8815,8.6680,26.4095,2,Michael Rubinstein,2026-09-24
1426,2,32.7579,0.7989,8.0907,25.3136,2,Michael Rubinstein,2026-09-24
1427,2,37.3685,0.7942,8.2060,20.8928,2,Michael Rubinstein,2026-09-24
1428,2,31.4468,0.7235,8.5399,24.4587,2,Michael Rubinstein,2026-09-24
1429,2,27.6880,0.3632,8.8345,20.1653,2,Michael Rubinstein,2026-09-24
1430,2,38.8665,0.9091,8.8730,22.0610,2,Michael Rubinstein,2026-09-24
1431,2,27.3704,0.3317,8.9660,19.6254,2,Michael Rubinstein,2026-09-24
1432,2,37.2620,0.9847,9.1136,26.2152,2,Michael Rubinstein,2026-09-24
1433,2,35.5813,1.0505,9.1670,28.3454,2,Michael Rubinstein,2026-09-24
1434,2,44.1847,1.3137,9.3780,26.0322,2,Michael Rubinstein,2026-09-24
1435,2,38.9354,0.9211,9.7961,22.3380,2,Michael Rubinstein,2026-09-24
1436,2,36.6914,1.1147,9.9056,29.2012,2,Michael Rubinstein,2026-09-24
1437,2,49.8758,1.7242,10.0366,29.2532,2,Michael Rubinstein,2026-09-24
1438,2,53.4403,2.4564,10.3664,44.8634,2,Michael Rubinstein,2026-09-24
1439,2,42.9001,1.2225,10.6584,25.3127,2,Michael Rubinstein,2026-09-24
1440,2,52.4564,2.2790,10.6684,42.0258,2,Michael Rubinstein,2026-09-24
1441,2,39.5546,1.1855,10.7117,28.7278,2,Michael Rubinstein,2026-09-24
1442,2,42.4464,1.3325,9.5908,29.3632,2,Michael Rubinstein,2026-09-24
1443,2,41.1369,0.9926,9.6173,20.3772,2,Michael Rubinstein,2026-09-24
1444,2,41.1680,1.3392,9.6173,30.7578,2,Michael Rubinstein,2026-09-24
1445,2,43.0883,1.2538,9.7774,26.0409,2,Michael Rubinstein,2026-09-24
1446,2,43.2283,1.6003,9.7774,34.5598,2,Michael Rubinstein,2026-09-24
1447,2,41.0248,1.1635,9.7948,26.5490,2,Michael Rubinstein,2026-09-24
1448,2,41.6303,1.5101,9.7948,33.8040,2,Michael Rubinstein,2026-09-24
1449,2,39.3203,1.0375,9.8387,25.3025,2,Michael Rubinstein,2026-09-24
1450,2,140.5347,9.2402,23.8033,118.2432,2,Michael Rubinstein,2026-09-24
1451,2,162.4706,10.8828,28.4891,130.1708,2,Michael Rubinstein,2026-09-24
1452,2,146.9987,10.3120,26.2772,139.4425,2,Michael Rubinstein,2026-09-24
1453,2,181.4453,12.6501,33.3875,159.1867,2,Michael Rubinstein,2026-09-24
1454,2,163.2067,11.0852,33.4457,138.8510,2,Michael Rubinstein,2026-09-24
1455,2,119.1849,7.7738,24.2850,107.2633,2,Michael Rubinstein,2026-09-24
1456,2,166.8029,11.3419,33.5871,140.2570,2,Michael Rubinstein,2026-09-25
1457,2,148.7822,10.2424,31.5741,136.9124,2,Michael Rubinstein,2026-09-25
1458,2,137.2198,9.4256,29.3859,128.4171,2,Michael Rubinstein,2026-09-25
1459,2,68.1270,3.4578,14.5580,54.6506,2,Michael Rubinstein,2026-09-25
1460,2,68.6947,3.7785,15.2105,61.1275,2,Michael Rubinstein,2026-09-25
1461,2,68.3965,3.5896,15.3241,57.5825,2,Michael Rubinstein,2026-09-25
1462,2,77.5043,4.3709,15.3877,67.1726,2,Michael Rubinstein,2026-09-25
1463,2,82.0283,4.8936,15.8354,74.5744,2,Michael Rubinstein,2026-09-25
1464,2,66.8385,3.4757,13.6125,56.3715,2,Michael Rubinstein,2026-09-25
1465,2,77.2376,4.3810,13.6511,67.5707,2,Michael Rubinstein,2026-09-25
1466,2,85.1207,5.0270,13.8237,75.2193,2,Michael Rubinstein,2026-09-25
1467,2,69.3012,3.8418,14.1012,61.9242,2,Michael Rubinstein,2026-09-25
1468,2,67.7971,3.7214,14.4066,60.3856,2,Michael Rubinstein,2026-09-25
1469,2,74.3197,4.0782,14.7741,63.3906,2,Michael Rubinstein,2026-09-25
1470,2,60.6765,3.1141,13.1286,53.2219,2,Michael Rubinstein,2026-09-25
1471,2,65.9103,3.3160,13.3985,53.5458,2,Michael Rubinstein,2026-09-25
1472,2,62.9485,3.2822,13.7051,55.0384,2,Michael Rubinstein,2026-09-25
1473,2,118.5867,7.9131,20.7923,110.5021,2,Michael Rubinstein,2026-09-25
1474,2,114.3528,6.9278,20.8853,85.4107,2,Michael Rubinstein,2026-09-25
1475,2,97.5120,6.1196,18.6762,88.7999,2,Michael Rubinstein,2026-09-25
1476,2,116.0932,7.7543,21.1813,108.8515,2,Michael Rubinstein,2026-09-25
1477,2,97.3503,5.5864,18.9832,72.4638,2,Michael Rubinstein,2026-09-25
1478,2,105.8853,6.2767,19.8312,79.9313,2,Michael Rubinstein,2026-09-25
1479,2,101.8855,5.9432,17.7804,75.9252,2,Michael Rubinstein,2026-09-25
1480,2,102.2001,6.5604,20.4948,94.4276,2,Michael Rubinstein,2026-09-25
1481,2,95.0251,5.9764,20.5730,87.5703,2,Michael Rubinstein,2026-09-25
1482,3,143.8787,10.0207,30.7300,135.8619,3,Michael Rubinstein,2026-09-25
1483,3,151.7442,10.3673,30.7300,136.5908,3,Michael Rubinstein,2026-09-25
1484,3,159.8374,11.2561,31.0352,149.9907,3,Michael Rubinstein,2026-09-25
1485,3,168.1158,11.6026,31.0352,148.5037,3,Michael Rubinstein,2026-09-25
1486,3,155.4393,10.6574,28.7653,139.7375,3,Michael Rubinstein,2026-09-25
1487,3,163.7569,11.0040,28.7653,132.3536,3,Michael Rubinstein,2026-09-25
1488,3,144.2862,9.9178,28.8756,133.5614,3,Michael Rubinstein,2026-09-25
1489,3,152.5815,10.2644,28.8756,131.1757,3,Michael Rubinstein,2026-09-25
1490,3,209.2241,15.4931,39.1448,201.7575,3,Michael Rubinstein,2026-09-25
1491,3,222.6314,16.3585,44.0789,209.8221,3,Michael Rubinstein,2026-09-25
1492,3,225.4822,16.8364,41.9409,217.6590,3,Michael Rubinstein,2026-09-25
1493,3,239.7395,17.8227,38.7133,227.8816,3,Michael Rubinstein,2026-09-25
1494,3,226.3260,16.8791,39.0720,218.0261,3,Michael Rubinstein,2026-09-25
1495,3,27.9346,0.3899,10.9929,20.3763,3,Michael Rubinstein,2026-09-25
1496,3,26.5507,0.2463,11.0248,18.5159,3,Michael Rubinstein,2026-09-25
1497,3,29.6960,0.5929,11.0248,22.8762,3,Michael Rubinstein,2026-09-25
1498,4,135.9520,9.2989,32.2944,126.7566,4,hdeping,2026-09-25
1499,1,245.3892,17.8994,46.7603,219.3021,1,hdeping,2026-09-25
1500,3,27.9798,0.2559,11.0895,17.8886,3,Michael Rubinstein,2026-09-25
1501,1,315.6511,24.0298,62.7328,300.6074,1,hdeping,2026-09-25
1502,1,275.2441,20.4841,51.8125,253.7448,1,hdeping,2026-09-25
1503,2,284.3808,21.6369,50.6181,274.5785,2,hdeping,2026-09-25
1504,2,270.2048,20.5205,52.4134,261.6346,2,hdeping,2026-09-25
1505,4,68.5420,3.7802,27.5235,61.0884,4,hdeping,2026-09-25
1506,3,30.5212,0.6025,11.0895,23.0748,3,Michael Rubinstein,2026-09-25
1507,4,56.6425,2.6100,18.6425,45.8220,4,hdeping,2026-09-25
1508,4,57.8071,2.8842,19.8129,50.3310,4,hdeping,2026-09-25
1509,4,55.3301,2.6651,18.9395,47.7707,4,hdeping,2026-09-25
1510,4,58.0635,2.8910,21.4375,50.4632,4,hdeping,2026-09-25
1511,4,66.4335,3.5939,23.4421,58.9784,4,hdeping,2026-09-25
1512,4,56.9307,2.8019,18.3205,49.4757,4,hdeping,2026-09-25
1513,3,28.9576,0.4687,11.1558,21.2932,3,Michael Rubinstein,2026-09-25
1514,3,35.2766,0.8153,11.1558,24.1410,3,Michael Rubinstein,2026-09-25
1515,3,31.8467,0.5843,11.2930,21.8928,3,Michael Rubinstein,2026-09-25
1516,3,34.5136,0.9222,12.2860,26.7858,3,Michael Rubinstein,2026-09-25
1517,3,48.2300,1.6972,12.3902,31.6871,3,Michael Rubinstein,2026-09-25
1518,3,45.3298,1.3513,12.4316,24.9522,3,Michael Rubinstein,2026-09-25
1519,3,46.4675,1.8060,12.5507,36.5822,3,Michael Rubinstein,2026-09-25
1520,3,43.2107,1.2054,12.5673,24.0440,3,Michael Rubinstein,2026-09-25
1521,3,47.2718,1.6802,12.5797,32.6810,3,Michael Rubinstein,2026-09-25
1522,3,41.4164,1.5080,12.6366,33.9139,3,Michael Rubinstein,2026-09-25
1523,3,48.8212,2.1287,12.5412,41.3846,3,Michael Rubinstein,2026-09-25
1524,3,46.9569,1.9710,12.7512,39.5032,3,Michael Rubinstein,2026-09-25
1525,3,44.0891,1.7455,13.0325,36.6752,3,Michael Rubinstein,2026-09-25
1526,3,51.2886,1.8971,13.1288,32.8219,3,Michael Rubinstein,2026-09-25
1527,3,42.0246,1.5600,13.2222,34.5710,3,Michael Rubinstein,2026-09-25
1528,3,45.2108,1.6074,13.3187,33.2437,3,Michael Rubinstein,2026-09-25
1529,3,50.4451,2.2863,13.3287,43.2317,3,Michael Rubinstein,2026-09-25
1530,3,48.6680,2.1133,13.4364,41.2133,3,Michael Rubinstein,2026-09-25
1531,3,61.8933,3.2274,16.3479,54.4563,3,Michael Rubinstein,2026-09-25
1532,3,54.7418,2.4358,16.3781,43.5744,3,Michael Rubinstein,2026-09-25
1533,3,55.8567,2.7087,14.1245,48.2919,3,Michael Rubinstein,2026-09-25
1534,3,59.2783,2.5906,14.3458,41.8045,3,Michael Rubinstein,2026-09-25
1535,3,61.6885,3.1375,15.4486,52.9984,3,Michael Rubinstein,2026-09-25
1536,3,68.8376,3.1388,15.6063,40.1231,3,Michael Rubinstein,2026-09-25
1537,3,55.5916,2.6088,15.6173,46.5458,3,Michael Rubinstein,2026-09-25
1538,3,57.2058,2.8213,16.0504,49.6440,3,Michael Rubinstein,2026-09-25
1539,3,55.7997,2.5810,14.6603,45.8594,3,Michael Rubinstein,2026-09-25
1540,3,60.3246,2.7431,14.8800,44.9926,3,Michael Rubinstein,2026-09-25
1541,3,69.3191,3.7803,14.9443,60.7537,3,Michael Rubinstein,2026-09-25
1542,3,77.4792,4.1268,14.9443,60.6746,3,Michael Rubinstein,2026-09-25
1543,3,56.4615,2.3328,15.6644,38.1638,3,Michael Rubinstein,2026-09-25
1544,3,56.5371,2.6794,15.6644,47.3101,3,Michael Rubinstein,2026-09-25
1545,3,76.8783,4.2388,15.7972,64.7283,3,Michael Rubinstein,2026-09-25
1546,3,78.2173,4.5853,15.7972,70.7460,3,Michael Rubinstein,2026-09-25
1547,3,103.1296,6.4610,23.1283,91.7957,3,Michael Rubinstein,2026-09-25
1548,3,156.7860,10.6692,32.9007,137.5877,3,Michael Rubinstein,2026-09-25
1549,3,162.5815,11.3023,32.9611,148.3655,3,Michael Rubinstein,2026-09-25
1550,3,100.8804,5.9641,21.7077,79.8219,3,Michael Rubinstein,2026-09-25
1551,3,160.9291,11.4763,33.3346,153.4301,3,Michael Rubinstein,2026-09-25
1552,3,147.9189,10.3910,33.9001,140.4018,3,Michael Rubinstein,2026-09-25
1553,3,167.7769,11.9704,32.0465,158.9446,3,Michael Rubinstein,2026-09-25
1554,3,109.0133,6.7777,23.1422,92.9663,3,Michael Rubinstein,2026-09-25
1555,3,107.1927,6.8744,21.9657,97.4684,3,Michael Rubinstein,2026-09-25
1556,11,72.3672,3.9337,52.1772,61.8338,11,Michael Rubinstein,2026-09-25
1557,3,122.6509,8.0289,22.3758,109.8955,3,Michael Rubinstein,2026-09-25
1558,3,105.7915,6.7880,22.4659,96.6416,3,Michael Rubinstein,2026-09-25
1559,3,104.5037,6.6860,22.5972,95.4818,3,Michael Rubinstein,2026-09-25
1560,3,97.3607,5.9059,20.3405,84.2048,3,Michael Rubinstein,2026-09-25
1561,3,93.7792,5.8095,22.7444,85.0854,3,Michael Rubinstein,2026-09-25
1562,3,100.8380,6.1490,20.6031,86.3930,3,Michael Rubinstein,2026-09-25
1563,3,107.3082,7.0596,22.9452,100.4825,3,Michael Rubinstein,2026-09-25
1564,3,102.2998,6.5719,20.9402,94.5901,3,Michael Rubinstein,2026-09-25
1565,3,111.3898,7.3666,21.2659,104.1377,3,Michael Rubinstein,2026-09-25
1566,3,99.3992,6.3546,21.6132,92.0686,3,Michael Rubinstein,2026-09-25
1567,3,89.8261,5.4907,21.6849,81.3314,3,Michael Rubinstein,2026-09-25
1568,3,92.6973,5.8129,20.3245,85.5446,3,Michael Rubinstein,2026-09-25
1569,3,89.2381,5.4914,20.3326,81.6924,3,Michael Rubinstein,2026-09-25
1570,3,106.8890,6.5328,20.5964,88.5082,3,Michael Rubinstein,2026-09-25
1571,3,91.4708,5.6619,20.6423,83.5307,3,Michael Rubinstein,2026-09-25
1572,3,104.5272,6.3161,20.7141,85.4002,3,Michael Rubinstein,2026-09-25
1573,3,143.5920,10.0770,29.9636,136.6801,3,Michael Rubinstein,2026-09-25
1574,3,172.1729,11.9410,32.7200,152.5695,3,Michael Rubinstein,2026-09-25
1575,3,147.4120,10.0750,30.5336,134.2058,3,Michael Rubinstein,2026-09-25
1576,3,167.2922,11.9986,31.3998,159.8181,3,Michael Rubinstein,2026-09-25
1577,3,121.6470,7.9512,24.8920,109.0431,3,Michael Rubinstein,2026-09-25
1578,3,150.9233,10.2598,29.5038,134.5372,3,Michael Rubinstein,2026-09-25
1579,3,173.1958,12.2253,31.8588,160.0345,3,Michael Rubinstein,2026-09-25
1580,3,131.9855,8.6699,22.7201,115.2114,3,Michael Rubinstein,2026-09-25
1581,4,37.2253,1.1503,15.2984,29.5408,4,Michael Rubinstein,2026-09-25
1582,4,40.5105,1.2078,15.3404,28.3535,4,Michael Rubinstein,2026-09-25
1583,4,28.7679,0.4700,15.4946,21.4505,4,Michael Rubinstein,2026-09-25
1584,4,34.0487,0.8165,15.4946,25.0334,4,Michael Rubinstein,2026-09-25
1585,4,32.7076,0.5518,15.6717,20.4079,4,Michael Rubinstein,2026-09-25
1586,4,32.2925,0.7546,15.8225,24.7605,4,Michael Rubinstein,2026-09-25
1587,4,36.3218,1.1012,15.8225,28.9453,4,Michael Rubinstein,2026-09-25
1588,4,47.0334,1.4707,15.8434,25.7127,4,Michael Rubinstein,2026-09-25
1589,4,36.7804,0.8683,15.8715,23.9035,4,Michael Rubinstein,2026-09-25
1590,4,54.0743,2.0540,16.2387,32.6058,4,Michael Rubinstein,2026-09-25
1591,4,45.9173,1.8702,16.5827,38.1459,4,Michael Rubinstein,2026-09-25
1592,4,42.4698,1.4017,16.5921,31.0378,4,Michael Rubinstein,2026-09-25
1593,4,44.2051,1.7204,16.7797,36.2188,4,Michael Rubinstein,2026-09-25
1594,4,56.3256,2.5340,17.2838,44.3695,4,Michael Rubinstein,2026-09-25
1595,4,46.8705,1.8538,17.3682,37.2727,4,Michael Rubinstein,2026-09-25
1596,4,49.2832,1.9558,17.3815,37.5322,4,Michael Rubinstein,2026-09-25
1597,4,43.0911,1.6165,17.3896,34.9767,4,Michael Rubinstein,2026-09-25
1598,4,46.1739,1.5857,17.4553,31.4950,4,Michael Rubinstein,2026-09-25
1599,4,49.6937,1.9192,17.6260,36.1490,4,Michael Rubinstein,2026-09-25
1600,4,76.4232,4.1071,20.8491,61.7646,4,Michael Rubinstein,2026-09-25
1601,4,57.8482,2.8777,17.7366,50.3558,4,Michael Rubinstein,2026-09-25
1602,4,73.3934,3.9181,20.6322,60.4832,4,Michael Rubinstein,2026-09-25
1603,4,83.5024,5.0086,25.4968,75.8542,4,Michael Rubinstein,2026-09-25
1604,4,91.9347,5.4375,25.8428,78.3425,4,Michael Rubinstein,2026-09-25
1605,4,71.5624,3.7766,21.6133,58.9382,4,Michael Rubinstein,2026-09-25
1606,4,90.6484,5.2320,24.6729,74.1016,4,Michael Rubinstein,2026-09-25
1607,4,77.5392,4.4157,20.9736,68.0636,4,Michael Rubinstein,2026-09-25
1608,4,83.9749,4.9630,20.9989,74.7150,4,Michael Rubinstein,2026-09-25
1609,4,72.6620,4.1296,21.7094,65.2863,4,Michael Rubinstein,2026-09-25
1610,4,86.1334,5.0638,22.0145,75.2352,4,Michael Rubinstein,2026-09-25
1611,4,79.1457,4.6177,22.0877,70.9097,4,Michael Rubinstein,2026-09-25
1612,4,87.4127,5.1206,22.1464,75.3603,4,Michael Rubinstein,2026-09-25
1613,4,65.3550,3.4116,19.9753,56.0777,4,Michael Rubinstein,2026-09-25
1614,4,73.6011,3.7581,19.9753,55.1947,4,Michael Rubinstein,2026-09-25
1615,4,199.7281,14.6816,43.8124,191.7594,4,Michael Rubinstein,2026-09-25
1616,4,187.3628,13.0209,42.1018,158.9307,4,Michael Rubinstein,2026-09-25
1617,4,169.0468,12.1540,35.5690,161.5685,4,Michael Rubinstein,2026-09-25
1618,4,180.4756,13.0509,42.7934,172.0455,4,Michael Rubinstein,2026-09-25
1619,4,141.5726,9.6974,31.5861,130.9661,4,Michael Rubinstein,2026-09-25
1620,4,184.8993,13.4100,40.8444,176.2980,4,Michael Rubinstein,2026-09-25
1621,4,201.6940,14.5366,43.2295,186.7475,4,Michael Rubinstein,2026-09-25
1622,4,186.6456,13.5138,41.0715,177.2660,4,Michael Rubinstein,2026-09-25
1623,4,158.5255,11.2001,36.5858,149.7052,4,Michael Rubinstein,2026-09-25
1624,4,194.5302,14.1094,43.5493,183.8997,4,Michael Rubinstein,2026-09-25
1625,4,157.7936,11.2337,35.4027,150.5424,4,Michael Rubinstein,2026-09-25
1626,4,148.7633,10.3391,30.8005,139.0349,4,Michael Rubinstein,2026-09-25
1627,4,136.6846,9.4757,30.8111,129.5014,4,Michael Rubinstein,2026-09-25
1628,4,185.7083,13.3661,43.2681,174.9070,4,Michael Rubinstein,2026-09-25
1629,4,164.1672,11.6397,38.8369,154.7907,4,Michael Rubinstein,2026-09-25
1630,4,181.0841,13.1318,38.9620,173.1804,4,Michael Rubinstein,2026-09-25
1631,4,141.0045,9.6465,29.8044,130.3200,4,Michael Rubinstein,2026-09-25
1632,4,204.8916,15.1139,50.6407,197.0396,4,Michael Rubinstein,2026-09-25
1633,4,142.4636,9.9255,35.0236,134.8877,4,Michael Rubinstein,2026-09-25
1634,4,142.1639,9.9154,32.8649,134.7119,4,Michael Rubinstein,2026-09-25
1635,4,146.0033,10.0047,32.9214,133.9864,4,Michael Rubinstein,2026-09-25
1636,4,155.5866,10.7360,35.2820,141.8359,4,Michael Rubinstein,2026-09-25
1637,4,144.7450,9.9986,33.7135,134.9162,4,Michael Rubinstein,2026-09-25
1638,4,149.6151,10.4988,33.7834,141.5304,4,Michael Rubinstein,2026-09-25
1639,4,156.0496,11.0759,33.8525,148.7234,4,Michael Rubinstein,2026-09-25
1640,4,139.4849,9.5996,33.9708,130.4344,4,Michael Rubinstein,2026-09-25
1641,4,128.9649,8.6578,29.6384,118.6001,4,Michael Rubinstein,2026-09-25
1642,5,73.1108,4.1504,25.3323,65.6487,5,Michael Rubinstein,2026-09-25
1643,9,144.6954,10.1156,69.1697,137.2407,9,NDElkies,2026-09-25
1644,5,76.6268,4.1378,25.6962,62.3635,5,Michael Rubinstein,2026-09-25
1645,5,79.2522,4.4087,26.0868,66.4043,5,Michael Rubinstein,2026-09-25
1646,5,78.8627,4.6297,26.2002,71.4065,5,Michael Rubinstein,2026-09-25
1647,9,123.3709,8.2674,56.2417,114.5240,9,NDElkies,2026-09-25
1648,5,71.8591,3.9515,26.3132,62.5413,5,Michael Rubinstein,2026-09-25
1649,5,74.1107,4.1836,26.3386,65.6173,5,Michael Rubinstein,2026-09-25
1650,5,77.3962,4.2647,26.4891,64.8190,5,Michael Rubinstein,2026-09-25
1651,5,84.8546,5.0355,26.6630,75.5791,5,Michael Rubinstein,2026-09-25
1652,5,68.7842,3.7916,24.4470,61.3421,5,Michael Rubinstein,2026-09-25
1653,5,78.0608,4.2137,25.1575,62.4974,5,Michael Rubinstein,2026-09-25
1654,8,106.0661,6.4564,43.5391,87.3943,8,NDElkies,2026-09-25
1655,5,121.4246,7.8685,34.6393,107.0920,5,Michael Rubinstein,2026-09-25
1656,5,109.7963,6.8299,32.3463,93.3249,5,Michael Rubinstein,2026-09-25
1657,5,96.6221,6.1158,30.0538,89.2181,5,Michael Rubinstein,2026-09-25
1658,5,121.1782,7.7306,35.2707,103.0546,5,Michael Rubinstein,2026-09-25
1659,5,127.4043,8.2301,35.3241,108.5664,5,Michael Rubinstein,2026-09-25
1660,5,105.2908,6.7980,31.2018,97.0823,5,Michael Rubinstein,2026-09-25
1661,7,85.0812,4.7221,35.8147,66.9404,7,NDElkies,2026-09-25
1662,5,101.3053,6.4509,31.5312,92.8771,5,Michael Rubinstein,2026-09-25
1663,5,108.9300,6.9411,31.6067,97.5255,5,Michael Rubinstein,2026-09-25
1664,5,126.1419,8.5074,32.1540,117.4292,5,Michael Rubinstein,2026-09-25
1665,5,118.8234,7.8384,34.5093,108.9937,5,Michael Rubinstein,2026-09-25
1666,5,97.8644,6.1503,30.4527,89.1405,5,Michael Rubinstein,2026-09-25
1667,5,97.5157,6.1909,31.3306,90.0003,5,Michael Rubinstein,2026-09-25
1668,6,80.3840,4.4398,29.0978,65.8012,6,NDElkies,2026-09-25
1669,5,99.4434,6.1364,31.3841,87.7054,5,Michael Rubinstein,2026-09-25
1670,5,98.2666,6.1970,31.5480,89.7818,5,Michael Rubinstein,2026-09-25
1671,5,104.0044,6.7243,31.5721,96.3681,5,Michael Rubinstein,2026-09-25
1672,5,103.7766,6.5069,29.3214,92.2595,5,Michael Rubinstein,2026-09-25
1673,5,100.5529,6.3396,31.6789,91.1766,5,Michael Rubinstein,2026-09-25
1674,5,102.4479,6.5576,29.4411,94.1780,5,Michael Rubinstein,2026-09-25
1675,27,289.7687,21.9851,235.0135,277.7519,27,Ritik Jain,2026-09-25
1676,27,325.0301,24.8953,243.3042,312.3120,27,Ritik Jain,2026-09-25
1677,27,328.4586,25.1945,260.2058,316.0821,27,Ritik Jain,2026-09-25
1678,27,329.0696,25.3860,261.5123,319.7799,27,Ritik Jain,2026-09-25
1679,27,329.4243,25.3074,268.2885,317.8251,27,Ritik Jain,2026-09-25
1680,27,331.8630,25.5433,265.4511,321.0029,27,Ritik Jain,2026-09-25
1681,27,332.7276,25.7106,262.0762,323.7895,27,Ritik Jain,2026-09-25
1682,27,333.7062,25.6241,257.0122,321.1371,27,Ritik Jain,2026-09-25
1683,27,333.6726,25.6422,259.5188,321.6175,27,Ritik Jain,2026-09-25
1684,4,81.3674,4.5469,22.5533,67.5012,4,Michael Rubinstein,2026-09-25
1685,5,68.7105,3.7782,22.1841,61.1089,5,Michael Rubinstein,2026-09-25
1686,5,105.0211,6.4156,29.0212,87.9999,5,Michael Rubinstein,2026-09-25
1687,6,84.9265,5.1177,29.9011,77.0928,6,Michael Rubinstein,2026-09-25
1688,6,120.9089,8.1289,36.4714,113.3259,6,Michael Rubinstein,2026-09-25
1689,5,77.1245,4.4849,23.6490,69.6667,5,Michael Rubinstein,2026-09-25
1690,6,91.8019,5.6536,31.1369,83.2329,6,Michael Rubinstein,2026-09-25
1691,6,119.8668,7.8050,37.7334,107.3172,6,Michael Rubinstein,2026-09-25
1692,4,63.5865,2.9206,17.9539,45.0688,4,Michael Rubinstein,2026-09-25
1693,4,83.1721,4.7274,22.8916,70.1182,4,Michael Rubinstein,2026-09-25
1694,4,79.5207,4.6715,24.4120,71.6730,4,Michael Rubinstein,2026-09-25
1695,5,70.0556,3.6894,23.8943,58.3651,5,Michael Rubinstein,2026-09-25
1696,5,114.0936,7.0248,30.7981,91.2637,5,Michael Rubinstein,2026-09-25
1697,6,81.0734,4.8140,31.1396,73.6141,6,Michael Rubinstein,2026-09-25
1698,6,142.9582,9.5755,38.4523,125.8839,6,Michael Rubinstein,2026-09-25
1699,4,57.8232,2.7484,18.0226,47.8447,4,Michael Rubinstein,2026-09-25
1700,5,79.3825,4.4289,24.3371,66.7731,5,Michael Rubinstein,2026-09-25
1701,6,87.9756,5.3227,31.6631,79.2206,6,Michael Rubinstein,2026-09-25
1702,6,141.5519,9.4606,38.7472,124.5566,6,Michael Rubinstein,2026-09-25
1703,4,85.4549,4.8447,23.0564,70.3475,4,Michael Rubinstein,2026-09-25
1704,6,94.1466,5.8992,32.1424,86.5742,6,Michael Rubinstein,2026-09-25
1705,6,142.0052,9.7527,39.2129,131.8132,6,Michael Rubinstein,2026-09-25
1706,4,91.3240,5.5402,23.3607,81.3591,4,Michael Rubinstein,2026-09-25
1707,5,76.6855,4.2945,24.5937,66.1714,5,Michael Rubinstein,2026-09-25
1708,6,83.7843,5.0398,32.2761,76.3280,6,Michael Rubinstein,2026-09-25
1709,6,149.2256,10.1693,41.2571,134.4274,6,Michael Rubinstein,2026-09-25
1710,4,59.8765,2.8220,18.3960,47.7277,4,Michael Rubinstein,2026-09-25
1711,4,88.1970,5.1770,24.3024,75.9261,4,Michael Rubinstein,2026-09-25
1712,5,82.2705,4.8242,25.0353,73.0746,5,Michael Rubinstein,2026-09-25
1713,5,119.9450,7.7158,31.7967,104.7444,5,Michael Rubinstein,2026-09-25
1714,6,82.7793,4.9061,32.3666,74.3345,6,Michael Rubinstein,2026-09-25
1715,6,142.6832,9.8382,41.4078,133.0847,6,Michael Rubinstein,2026-09-25
1716,5,72.9495,3.8578,25.0764,59.4221,5,Michael Rubinstein,2026-09-25
1717,5,127.0785,7.9720,32.1212,97.1802,5,Michael Rubinstein,2026-09-25
1718,6,92.0657,5.7285,33.7711,84.5556,6,Michael Rubinstein,2026-09-25
1719,6,144.6803,9.6816,41.4462,126.2799,6,Michael Rubinstein,2026-09-25
1720,4,64.9861,3.4593,18.6483,57.1232,4,Michael Rubinstein,2026-09-25
1721,5,130.0160,8.7735,32.1341,120.2344,5,Michael Rubinstein,2026-09-25
1722,6,106.2553,6.5682,34.1323,90.8467,6,Michael Rubinstein,2026-09-25
1723,6,134.0591,9.0872,41.6698,123.7983,6,Michael Rubinstein,2026-09-25
1724,4,66.8903,3.2974,18.6986,51.7743,4,Michael Rubinstein,2026-09-25
1725,4,89.6349,5.3023,24.7433,77.4960,4,Michael Rubinstein,2026-09-25
1726,5,75.8307,4.0114,25.1601,59.7493,5,Michael Rubinstein,2026-09-25
1727,6,103.2385,6.6610,34.7375,95.7776,6,Michael Rubinstein,2026-09-25
1728,6,147.5262,10.2024,41.6885,137.1168,6,Michael Rubinstein,2026-09-25
1729,1,54.4585,2.4530,10.3957,44.1811,1,hdeping,2026-09-25
1730,1,57.7807,2.7139,11.8559,47.1551,1,hdeping,2026-09-25
1731,1,60.0322,3.0604,11.8559,52.5778,1,hdeping,2026-09-25
1732,1,60.4753,2.9563,10.2877,50.2279,1,hdeping,2026-09-25
1733,1,60.5503,2.7719,11.4586,45.5194,1,hdeping,2026-09-25
1734,1,60.9203,3.1184,11.4586,53.0216,1,hdeping,2026-09-25
1735,0,85.2872,4.8654,15.9437,71.1918,0,hdeping,2026-09-25
1736,0,90.9510,5.5456,16.4411,81.6943,0,hdeping,2026-09-25
1737,0,95.3385,6.0084,16.6702,87.8062,0,hdeping,2026-09-25
1738,0,96.2721,5.9665,17.9341,86.5755,0,hdeping,2026-09-25
1739,0,98.2609,5.7942,16.1186,79.1452,0,hdeping,2026-09-25
1740,0,99.4228,5.9644,16.1317,82.9174,0,hdeping,2026-09-25
1741,1,23.4491,0.0130,6.7912,16.0016,1,hdeping,2026-09-25
1742,1,25.1948,0.1731,7.3304,17.8866,1,hdeping,2026-09-25
1743,1,25.3055,0.1434,6.7262,17.3590,1,hdeping,2026-09-25
1744,1,26.0037,0.2248,7.7120,18.5442,1,hdeping,2026-09-25
1745,1,26.6220,0.0542,5.1648,14.5579,1,hdeping,2026-09-25
1746,1,27.9344,0.1451,5.7104,15.4145,1,hdeping,2026-09-25
1747,1,47.4401,2.0110,9.8580,39.9692,1,hdeping,2026-09-25
1748,1,49.7805,2.1043,10.2288,40.3401,1,hdeping,2026-09-25
1749,1,50.6667,1.9219,9.2841,34.8226,1,hdeping,2026-09-25
1750,1,53.4649,2.1330,8.7606,36.9055,1,hdeping,2026-09-25
1751,1,53.9160,2.5444,10.3850,46.1819,1,hdeping,2026-09-25
1752,1,54.9484,2.6369,12.4128,47.4866,1,hdeping,2026-09-25
1753,4,150.2949,10.4098,34.9770,139.3737,4,hdeping,2026-09-25
1754,4,165.1961,11.3806,36.3688,146.3998,4,hdeping,2026-09-25
1755,3,154.1273,10.6853,35.3864,142.1966,3,hdeping,2026-09-25
1756,1,44.8058,1.7865,9.9341,37.2122,1,hdeping,2026-09-25
1757,1,46.6422,2.0019,9.6752,39.7915,1,hdeping,2026-09-25
1758,1,47.1448,1.8111,10.6734,36.1643,1,hdeping,2026-09-25
1759,1,53.3880,2.5135,11.1472,45.9891,1,hdeping,2026-09-25
1760,1,50.3983,2.2686,10.1219,42.9501,1,hdeping,2026-09-25
1761,1,51.9952,2.4413,11.1325,45.0684,1,hdeping,2026-09-25
1762,5,67.7699,3.4316,22.1841,54.3895,5,jesper-petersen,2026-09-25
1763,5,163.6744,11.5024,46.3898,152.2504,5,jesper-petersen,2026-09-25
1764,28,363.5237,28.2391,294.1058,353.8751,28,Ritik Jain,2026-09-25
1765,30,397.8367,31.0919,323.6879,388.0559,30,Ritik Jain,2026-09-25
1766,30,422.3487,33.1499,319.6873,412.8739,30,Ritik Jain,2026-09-25
1767,1,55.6074,2.3619,10.6464,40.6364,1,hdeping,2026-09-25
1768,1,57.9586,2.5311,11.1713,42.1635,1,hdeping,2026-09-25
1769,1,58.2189,2.4932,8.4617,40.4258,1,hdeping,2026-09-25
1770,1,28.2789,0.3954,7.7363,20.4124,1,hdeping,2026-09-25
1771,1,28.4391,0.3005,7.9324,18.4886,1,hdeping,2026-09-25
1772,1,28.5215,0.2628,6.7856,17.6178,1,hdeping,2026-09-25
1773,1,29.6622,0.5328,6.7731,22.0876,1,hdeping,2026-09-25
1774,1,30.8061,0.4046,7.4483,18.7812,1,hdeping,2026-09-25
1775,1,31.1389,0.3685,7.8827,17.4743,1,hdeping,2026-09-25
1776,1,31.1513,0.6532,6.4998,23.6656,1,hdeping,2026-09-25
1777,3,180.2251,13.0705,32.5198,172.4962,3,hdeping,2026-09-25
1778,3,206.8375,15.0491,40.7257,194.2003,3,hdeping,2026-09-25
1779,2,119.2749,7.4608,19.5273,96.6372,2,hdeping,2026-09-25
1780,2,125.4271,8.2944,24.5286,113.5160,2,hdeping,2026-09-25
1781,2,127.9104,8.5924,24.5130,118.0020,2,hdeping,2026-09-25
1782,2,131.0069,8.9155,21.6792,122.3437,2,hdeping,2026-09-25
1783,1,101.8829,6.5384,17.4067,94.0939,1,hdeping,2026-09-25
1784,1,104.1116,6.5319,19.0192,92.5259,1,hdeping,2026-09-25
1785,1,107.7615,6.9711,21.0547,98.9644,1,hdeping,2026-09-25
1786,1,110.2779,6.8164,19.5628,91.9393,1,hdeping,2026-09-25
1787,1,110.8322,7.3042,20.7609,103.3769,1,hdeping,2026-09-25
1788,1,16.3779,-0.5795,5.3845,8.8502,1,hdeping,2026-09-25
1789,1,16.6001,-0.5084,6.4536,9.6725,1,hdeping,2026-09-25
1790,1,17.1209,-0.5084,6.5073,9.7262,1,hdeping,2026-09-25
1791,1,17.2571,-0.5978,5.0876,7.9780,1,hdeping,2026-09-25
1792,1,17.6797,-0.4890,6.5723,9.7912,1,hdeping,2026-09-25
1793,1,18.1265,-0.3957,7.1444,11.0362,1,hdeping,2026-09-25
1794,1,12.8714,-0.8782,4.4067,5.0999,1,hdeping,2026-09-25
1795,1,12.9229,-0.8564,4.8520,5.5452,1,hdeping,2026-09-25
1796,1,13.1461,-0.8038,5.4116,6.1048,1,hdeping,2026-09-25
1797,1,13.9619,-0.7804,5.6131,6.3063,1,hdeping,2026-09-25
1798,1,14.1278,-0.7179,6.0615,7.1601,1,hdeping,2026-09-25
1799,3,61.2639,3.0458,17.6272,51.5011,3,hdeping,2026-09-25
1800,3,62.8120,3.1193,17.5306,51.8847,3,hdeping,2026-09-25
1801,3,65.5046,3.5269,19.7321,58.0488,3,hdeping,2026-09-25
1802,12,344.2891,26.6889,134.3763,335.6233,12,hdeping,2026-09-25
1803,11,243.2259,17.7983,88.2300,220.9560,11,hdeping,2026-09-25
1804,7,190.3334,13.7262,63.2151,178.9594,7,hdeping,2026-09-25
1805,1,23.0557,-0.1814,5.3936,12.3967,1,hdeping,2026-09-25
1806,1,23.3150,-0.0433,6.4922,14.9810,1,hdeping,2026-09-25
1807,1,23.6394,0.0277,4.8675,16.1728,1,hdeping,2026-09-25
1808,1,13.3977,-0.7979,5.4723,6.1654,1,hdeping,2026-09-25
1809,1,88.1413,4.8211,11.9551,63.3583,1,hdeping,2026-09-25
1810,1,106.8521,6.6378,17.2292,92.0430,1,hdeping,2026-09-25
1811,1,69.8209,3.8796,14.0567,62.3921,1,hdeping,2026-09-25
1812,1,78.0587,4.5307,13.2485,69.8851,1,hdeping,2026-09-25
1813,1,78.4771,4.5975,14.8903,71.0225,1,hdeping,2026-09-25
1814,1,80.2669,4.8011,12.9810,73.3835,1,hdeping,2026-09-25
1815,5,129.4449,8.7436,36.0353,119.9989,5,jesper-petersen,2026-09-25
1816,1,71.7876,3.8867,11.8736,61.2894,1,hdeping,2026-09-25
1817,1,83.8043,5.0589,17.1669,76.4389,1,hdeping,2026-09-25
1818,1,85.8193,5.2092,17.2078,78.3443,1,hdeping,2026-09-25
1819,1,89.6462,5.4669,17.3635,80.9493,1,hdeping,2026-09-25
1820,1,92.0741,5.2033,17.7981,69.8491,1,hdeping,2026-09-25
1821,27,312.4447,23.9105,255.4154,301.2612,27,Ritik Jain,2026-09-25
1822,27,319.5579,24.5401,262.6984,309.1755,27,Ritik Jain,2026-09-25
1823,27,328.7989,25.3904,264.0570,320.0270,27,Ritik Jain,2026-09-25
1824,27,330.5027,25.2752,264.7671,315.6903,27,Ritik Jain,2026-09-25
1825,27,331.3793,25.3814,265.6841,317.5188,27,Ritik Jain,2026-09-25
1826,6,132.7487,9.1154,40.7810,125.0404,6,dujella,2026-09-25
1827,9,234.0803,17.5598,73.1649,226.3733,9,dujella,2026-09-25
1828,9,302.8410,23.2509,87.0885,294.4621,9,dujella,2026-09-25
1829,5,126.9095,8.6401,34.3537,119.3897,5,jesper-petersen,2026-09-25
1830,7,159.2863,11.0399,48.5245,145.4128,7,dujella,2026-09-25
1831,6,315.7410,24.0739,68.2739,301.7579,6,dujella,2026-09-25
1832,6,371.2610,28.6420,82.5701,355.5393,6,dujella,2026-09-25
1833,6,271.1803,20.6552,59.9538,263.5360,6,dujella,2026-09-25
1834,5,195.4781,14.2314,44.4087,185.7380,5,dujella,2026-09-25
1835,14,336.9905,26.1419,158.1531,329.3882,14,dujella,2026-09-25
1836,13,397.0507,30.9587,145.5103,385.8154,13,dujella,2026-09-25
1837,28,349.6177,27.0773,290.7005,339.8943,28,Ritik Jain,2026-09-25
1838,28,355.4304,27.3718,276.0225,341.1792,28,Ritik Jain,2026-09-25
1839,28,355.8998,27.5720,284.1550,345.5979,28,Ritik Jain,2026-09-25
1840,28,361.9169,27.9072,274.7732,347.5190,28,Ritik Jain,2026-09-25
1841,28,370.1465,28.6372,273.0218,356.9662,28,Ritik Jain,2026-09-25
1842,29,355.9244,27.5494,312.0903,345.0925,29,Ritik Jain,2026-09-25
1843,29,367.5530,28.5784,294.3670,357.9588,29,Ritik Jain,2026-09-25
1844,29,373.7350,29.1164,298.9707,364.6051,29,Ritik Jain,2026-09-25
1845,30,422.6307,33.1174,347.2414,411.9913,30,Ritik Jain,2026-09-25
1846,21,252.1045,18.8124,166.7068,239.2396,21,Ritik Jain,2026-09-25
1847,21,279.9244,21.1243,169.4965,266.8931,21,Ritik Jain,2026-09-25
1848,22,223.2962,16.5378,169.7427,213.3190,22,Ritik Jain,2026-09-25
1849,22,235.8394,17.6152,170.5199,226.4962,22,Ritik Jain,2026-09-25
1850,22,255.6982,19.2035,181.0507,244.9982,22,Ritik Jain,2026-09-25
1851,22,259.8569,19.4043,172.5449,245.5177,22,Ritik Jain,2026-09-25
1852,22,259.9464,19.6815,182.2522,251.6600,22,Ritik Jain,2026-09-25
1853,22,269.3333,20.2831,182.4111,257.3401,22,Ritik Jain,2026-09-25
1854,23,226.6819,16.9306,176.2724,218.8464,23,Ritik Jain,2026-09-25
1855,23,244.1387,18.1757,184.4366,231.9533,23,Ritik Jain,2026-09-25
1856,23,254.9600,19.0964,186.5225,243.2303,23,Ritik Jain,2026-09-25
1857,23,255.7144,19.1916,186.9644,244.7222,23,Ritik Jain,2026-09-25
1858,23,255.8792,19.2033,191.4811,244.8467,23,Ritik Jain,2026-09-25
1859,23,256.2257,19.2240,189.8267,245.0109,23,Ritik Jain,2026-09-25
1860,23,256.8108,19.2410,186.6552,244.8531,23,Ritik Jain,2026-09-25
1861,12,302.3109,23.2286,107.0511,294.3153,12,dujella,2026-09-25
1862,23,277.1168,20.9952,197.7872,266.5700,23,Ritik Jain,2026-09-25
1863,23,282.9522,21.5251,197.2562,273.3099,23,Ritik Jain,2026-09-25
1864,23,290.0744,22.1554,197.2594,281.1222,23,Ritik Jain,2026-09-25
1865,24,270.7453,20.5809,210.9534,262.5034,24,Ritik Jain,2026-09-25
1866,24,273.4069,20.7034,203.3087,263.2177,24,Ritik Jain,2026-09-25
1867,24,274.9167,20.9151,203.7059,266.3823,24,Ritik Jain,2026-09-25
1868,24,274.9192,20.8356,212.5973,264.8681,24,Ritik Jain,2026-09-25
1869,24,276.9984,21.0784,199.1755,268.3162,24,Ritik Jain,2026-09-25
1870,24,278.6968,21.0487,197.8259,266.3458,24,Ritik Jain,2026-09-25
1871,24,283.2401,21.4864,213.1524,272.2702,24,Ritik Jain,2026-09-25
1872,24,292.2916,22.3615,211.2863,283.7725,24,Ritik Jain,2026-09-25
1873,24,299.4054,22.7765,206.0138,287.1039,24,Ritik Jain,2026-09-25
1874,24,300.6165,23.0155,211.5451,291.3173,24,Ritik Jain,2026-09-25
1875,24,303.4619,23.0818,210.4681,290.3250,24,Ritik Jain,2026-09-25
1876,24,316.2245,24.2147,208.5640,304.7958,24,Ritik Jain,2026-09-25
1877,24,318.0343,24.4366,203.0095,308.1492,24,Ritik Jain,2026-09-25
1878,10,172.4791,12.3491,70.6161,163.4008,10,dujella,2026-09-25
1879,25,262.3002,19.8161,211.4677,252.8962,25,Ritik Jain,2026-09-25
1880,25,278.7605,21.1701,218.9071,268.9902,25,Ritik Jain,2026-09-25
1881,25,281.3490,21.2562,222.4037,268.6573,25,Ritik Jain,2026-09-25
1882,25,284.9918,21.5536,234.3613,272.1412,25,Ritik Jain,2026-09-25
1883,25,285.0794,21.6113,235.5361,273.4643,25,Ritik Jain,2026-09-25
1884,25,290.2545,22.0549,228.9151,278.9251,25,Ritik Jain,2026-09-25
1885,25,290.3922,22.1586,224.0393,280.9976,25,Ritik Jain,2026-09-25
1886,25,292.2572,22.1760,228.8208,279.8382,25,Ritik Jain,2026-09-25
1887,4,254.1111,18.8911,53.6888,238.7521,4,dujella,2026-09-25
1888,25,294.8480,22.4649,223.7155,284.1299,25,Ritik Jain,2026-09-25
1889,25,297.9502,22.6624,224.3562,285.8250,25,Ritik Jain,2026-09-25
1890,4,279.5151,20.7863,53.4783,255.5811,4,dujella,2026-09-25
1891,25,312.4581,23.7322,221.8880,296.4348,25,Ritik Jain,2026-09-25
1892,25,313.5080,24.0739,223.4325,303.9159,25,Ritik Jain,2026-09-25
1893,25,316.7195,24.3199,225.1572,306.6768,25,Ritik Jain,2026-09-25
1894,4,229.2605,17.1629,48.2807,221.8064,4,dujella,2026-09-25
1895,26,289.4647,21.8960,233.8474,275.8088,26,Ritik Jain,2026-09-25
1896,26,291.3177,22.2207,229.7885,281.6302,26,Ritik Jain,2026-09-25
1897,6,296.6217,22.6599,70.6333,286.8788,6,dujella,2026-09-25
1898,26,293.5214,22.4115,262.1382,283.9923,26,Ritik Jain,2026-09-25
1899,26,301.7390,23.0356,238.1840,290.9422,26,Ritik Jain,2026-09-25
1900,26,301.7840,23.0071,248.3987,290.2603,26,Ritik Jain,2026-09-25
1901,26,305.7826,23.5468,248.2087,298.2726,26,Ritik Jain,2026-09-25
1902,26,306.3905,23.3009,242.8006,292.5813,26,Ritik Jain,2026-09-25
1903,6,284.4734,21.4085,63.4837,268.7150,6,dujella,2026-09-25
1904,6,259.1820,19.6685,60.4640,251.7500,6,dujella,2026-09-25
1905,5,195.9243,14.3683,46.0612,188.0177,5,dujella,2026-09-25
1906,5,217.2357,15.9979,46.5791,206.5266,5,dujella,2026-09-25
1907,5,185.9326,13.5816,42.5822,178.7197,5,dujella,2026-09-25
1908,5,201.4086,14.3691,43.2342,181.4808,5,dujella,2026-09-25
1909,5,55.5447,2.6970,21.9655,48.0899,5,Natanael Wildner Fraga,2026-09-25
1910,9,295.6460,22.6864,89.6371,287.8748,9,dujella,2026-09-25
1911,8,237.3399,17.4944,68.1732,222.0078,8,dujella,2026-09-25
1912,5,57.1964,2.7145,23.7925,47.5849,5,Natanael Wildner Fraga,2026-09-25
1913,8,183.1202,13.3130,56.8072,175.4116,8,dujella,2026-09-25
1914,6,147.4529,10.2516,45.3353,138.1482,6,dujella,2026-09-25
1915,8,199.0469,14.4721,63.4446,188.1220,8,dujella,2026-09-25
1916,8,188.8870,13.8034,59.5132,181.4727,8,dujella,2026-09-25
1917,8,188.7208,13.5597,59.6916,176.5901,8,dujella,2026-09-25
1918,13,400.2853,31.0620,145.9421,384.6075,13,dujella,2026-09-25
1919,13,397.0411,30.6122,145.5103,374.5903,13,dujella,2026-09-25
1920,13,198.7284,14.6173,102.1229,191.2249,13,Alvaro Lozano-Robledo,2026-09-25
1921,12,301.9889,22.8821,107.0511,286.6645,12,dujella,2026-09-25
1922,11,246.7413,18.3841,96.0466,234.3466,11,dujella,2026-09-25
1923,13,198.8134,14.6266,102.7612,191.2024,13,Alvaro Lozano-Robledo,2026-09-25
1924,13,186.6755,13.6141,103.3752,179.2182,13,Alvaro Lozano-Robledo,2026-09-25
1925,13,207.7213,15.3678,108.7605,200.2666,13,Alvaro Lozano-Robledo,2026-09-25
1926,13,200.3787,14.7067,112.5981,191.9453,13,Alvaro Lozano-Robledo,2026-09-25
1927,13,218.9506,16.2529,113.9262,210.4459,13,Alvaro Lozano-Robledo,2026-09-25
1928,13,220.7853,16.2155,114.8356,208.2514,13,Alvaro Lozano-Robledo,2026-09-25
1929,13,213.8053,15.8749,115.0907,206.3457,13,Alvaro Lozano-Robledo,2026-09-25
1930,13,233.6327,17.4274,115.1807,224.2143,13,Alvaro Lozano-Robledo,2026-09-25
1931,13,206.4496,15.2557,116.8992,198.8326,13,Alvaro Lozano-Robledo,2026-09-25
1932,13,213.7014,15.7675,118.4786,204.3045,13,Alvaro Lozano-Robledo,2026-09-25
1933,10,192.9584,13.8471,70.6316,179.1184,10,dujella,2026-09-25
1934,9,184.9998,12.9240,60.8590,161.7254,9,dujella,2026-09-25
1935,14,331.2750,25.0924,132.3104,306.9895,14,dujella,2026-09-25
1936,14,269.9243,20.2675,112.2218,256.2653,14,dujella,2026-09-25
1937,13,256.8202,19.1666,101.4230,242.9166,13,dujella,2026-09-25
1938,13,242.3953,18.0294,103.1435,230.1874,13,dujella,2026-09-25
1939,12,255.0766,19.2791,108.2436,246.8492,12,dujella,2026-09-25
1940,22,216.1507,15.9830,176.1156,206.9958,22,Ritik Jain,2026-09-25
1941,22,222.5362,16.3813,176.1126,210.4937,22,Ritik Jain,2026-09-25
1942,22,232.1110,17.2119,188.0955,220.8377,22,Ritik Jain,2026-09-25
1943,22,236.7910,17.5954,189.0700,225.3675,22,Ritik Jain,2026-09-25
1944,23,226.9749,16.8543,195.4672,217.1978,23,Ritik Jain,2026-09-25
1945,23,237.9806,17.7672,198.9444,228.1179,23,Ritik Jain,2026-09-25
1946,23,246.1622,18.3383,199.3819,233.8311,23,Ritik Jain,2026-09-25
1947,23,249.1552,18.6361,213.4938,237.9650,23,Ritik Jain,2026-09-25
1948,24,257.7962,19.3581,218.0097,246.6535,24,Ritik Jain,2026-09-25
1949,24,264.7306,19.8540,224.0522,251.5893,24,Ritik Jain,2026-09-25
1950,24,267.9200,20.2134,222.5749,257.0375,24,Ritik Jain,2026-09-25
1951,19,348.2467,26.6676,193.1860,330.6445,19,dujella,2026-09-25
1952,17,201.3476,14.7398,120.1535,191.9849,17,Ritik Jain,2026-09-25
1953,17,210.3760,15.1985,120.1138,193.4683,17,Ritik Jain,2026-09-25
1954,17,239.2145,17.7055,120.6402,225.4775,17,Ritik Jain,2026-09-25
1955,18,173.9604,12.3835,121.8845,163.0790,18,Ritik Jain,2026-09-25
1956,18,201.6775,14.5546,126.4270,187.2976,18,Ritik Jain,2026-09-25
1957,18,202.6382,14.8118,127.8387,192.5685,18,Ritik Jain,2026-09-25
1958,19,183.6999,13.3169,135.6708,175.2690,19,Ritik Jain,2026-09-25
1959,19,189.2345,13.6172,137.9683,177.4585,19,Ritik Jain,2026-09-25
1960,19,189.8011,13.7196,141.8461,179.2688,19,Ritik Jain,2026-09-25
1961,19,192.2693,14.0187,136.4269,183.5706,19,Ritik Jain,2026-09-25
1962,19,213.8816,15.7433,141.7064,203.7085,19,Ritik Jain,2026-09-25
1963,19,218.8750,16.1454,143.2158,208.4066,19,Ritik Jain,2026-09-25
1964,19,221.5498,16.3207,141.2605,210.0211,19,Ritik Jain,2026-09-25
1965,20,196.8244,14.3035,158.2420,186.2639,20,Ritik Jain,2026-09-25
1966,20,198.5802,14.4129,151.0678,187.1931,20,Ritik Jain,2026-09-25
1967,20,210.3183,15.5514,156.2261,202.1294,20,Ritik Jain,2026-09-25
1968,20,217.8163,16.1668,155.1208,209.5120,20,Ritik Jain,2026-09-25
1969,20,218.4099,16.0525,152.2264,206.7270,20,Ritik Jain,2026-09-25
1970,21,205.9531,14.9700,158.0096,193.1792,21,Ritik Jain,2026-09-25
1971,21,207.3122,15.2131,168.1667,197.4823,21,Ritik Jain,2026-09-25
1972,21,213.3135,15.7031,163.2978,203.2895,21,Ritik Jain,2026-09-25
1973,21,219.8451,16.2860,177.2420,210.5732,21,Ritik Jain,2026-09-25
1974,21,221.0132,16.3467,163.7026,211.0187,21,Ritik Jain,2026-09-25
1975,16,258.6553,19.6155,141.3373,251.0795,16,dujella,2026-09-25
1976,15,188.9742,13.6588,101.0258,178.6063,15,dujella,2026-09-25
1977,14,205.0650,15.0584,102.1307,195.8939,14,dujella,2026-09-25
1978,21,216.5535,16.0944,160.7682,208.8701,21,Ritik Jain,2026-09-25
1979,22,230.0266,17.0050,166.7785,217.9708,22,Ritik Jain,2026-09-25
1980,22,233.0473,17.2482,169.1114,220.7842,22,Ritik Jain,2026-09-25
1981,23,241.6631,17.9811,189.1398,229.7601,23,Ritik Jain,2026-09-25
1982,23,249.1476,18.5624,184.1722,236.1895,23,Ritik Jain,2026-09-25
1983,24,269.1835,20.3641,199.6040,259.2526,24,Ritik Jain,2026-09-25
1984,24,273.3520,20.5960,207.7403,260.8160,24,Ritik Jain,2026-09-25
1985,25,273.6356,20.5780,220.8179,260.0089,25,Ritik Jain,2026-09-25
1986,25,276.2135,20.8747,229.0649,264.6542,25,Ritik Jain,2026-09-25
1987,25,286.7207,21.6725,221.9383,273.2060,25,Ritik Jain,2026-09-25
1988,25,312.8473,24.0550,221.8434,303.9604,25,Ritik Jain,2026-09-25
1989,26,292.4692,22.2992,243.8468,282.4408,26,Ritik Jain,2026-09-25
1990,26,293.1911,22.2963,238.6717,281.7880,26,Ritik Jain,2026-09-25
1991,26,298.6829,22.7810,240.6441,287.8881,26,Ritik Jain,2026-09-25
1992,20,375.1891,29.3214,208.2288,367.6606,20,Steps Unbounded,2026-09-26
1993,13,400.5573,31.4086,145.9421,392.4369,13,Steps Unbounded,2026-09-26
1994,4,246.7707,18.6442,50.2384,239.5307,4,Steps Unbounded,2026-09-26
1995,8,189.3342,13.6596,56.8072,178.3350,8,Steps Unbounded,2026-09-26
1996,19,348.3533,27.0142,193.1860,339.4420,19,Steps Unbounded,2026-09-26
1997,18,325.1791,24.6770,191.2518,304.9983,18,Steps Unbounded,2026-09-26
1998,18,341.3652,26.4968,196.9699,333.6015,18,Steps Unbounded,2026-09-26
1999,17,303.1635,23.1726,163.8531,292.7550,17,Steps Unbounded,2026-09-26
2000,17,294.4452,22.5601,151.2444,286.2829,17,Steps Unbounded,2026-09-26
2001,16,249.1066,18.8187,139.0954,241.5127,16,Steps Unbounded,2026-09-26
2002,16,256.8949,19.2690,141.3373,245.4281,16,Steps Unbounded,2026-09-26
2003,15,183.0488,13.3122,101.0258,175.5964,15,Steps Unbounded,2026-09-26
2004,15,212.2715,15.7137,117.0579,204.1346,15,Steps Unbounded,2026-09-26
2005,14,177.3876,12.6597,100.4022,166.2915,14,Steps Unbounded,2026-09-26
2006,14,204.9517,14.7118,102.1307,186.8306,14,Steps Unbounded,2026-09-26
2007,14,213.8915,15.8847,133.0583,206.3075,14,Steps Unbounded,2026-09-26
2008,13,193.2033,13.9607,103.3752,181.7218,13,Steps Unbounded,2026-09-26
2009,13,197.4549,14.2708,102.1229,184.9070,13,Steps Unbounded,2026-09-26
2010,13,406.8069,31.9321,157.8269,398.7323,13,Steps Unbounded,2026-09-26
2011,13,205.2701,14.9732,102.7612,193.9473,13,Steps Unbounded,2026-09-26
2012,13,200.1163,14.3601,112.5981,183.7608,13,Steps Unbounded,2026-09-26
2013,12,133.4790,9.2362,70.2528,126.6046,12,Steps Unbounded,2026-09-26
2014,12,134.3164,9.2610,78.5777,126.8576,12,Steps Unbounded,2026-09-26
2015,11,247.9510,18.7307,96.0466,240.4935,11,Steps Unbounded,2026-09-26
2016,11,249.7528,18.4438,91.3398,231.5788,11,Steps Unbounded,2026-09-26
2017,11,203.6999,14.5364,85.0869,182.8083,11,Steps Unbounded,2026-09-26
2018,11,251.5436,18.1448,88.2300,207.0040,11,Steps Unbounded,2026-09-26
2019,11,136.6290,9.4430,82.2689,128.9918,11,Steps Unbounded,2026-09-26
2020,11,153.4390,10.8998,94.8705,146.5557,11,Steps Unbounded,2026-09-26
2021,10,97.8351,6.2208,51.0562,90.3746,10,Steps Unbounded,2026-09-26
2022,10,181.6915,13.1120,69.3294,172.5232,10,Steps Unbounded,2026-09-26
2023,10,176.3339,12.2217,66.5764,153.9651,10,Steps Unbounded,2026-09-26
2024,10,193.6013,14.1937,70.6316,186.0143,10,Steps Unbounded,2026-09-26
2025,10,180.7080,12.6956,70.6161,162.7352,10,Steps Unbounded,2026-09-26
2026,9,84.2391,5.1401,48.7868,77.4435,9,Steps Unbounded,2026-09-26
2027,9,77.1679,4.5118,47.2603,69.8778,9,Steps Unbounded,2026-09-26
2028,9,79.1667,4.6929,49.3897,72.0619,9,Steps Unbounded,2026-09-26
2029,9,86.3479,5.2440,43.2368,78.6649,9,Steps Unbounded,2026-09-26
2030,9,171.5457,12.3605,66.8418,164.0374,9,Steps Unbounded,2026-09-26
2031,9,185.0061,13.2706,60.8590,173.3624,9,Steps Unbounded,2026-09-26
2032,9,228.3553,16.8485,69.8355,215.8761,9,Steps Unbounded,2026-09-26
2033,9,241.8934,17.9063,73.1649,227.5255,9,Steps Unbounded,2026-09-26
2034,8,75.9468,4.3475,36.4383,67.6480,8,Steps Unbounded,2026-09-26
2035,7,159.9195,11.3865,48.5245,152.3259,7,Steps Unbounded,2026-09-26
2036,7,162.2663,11.2121,46.3911,146.1088,7,Steps Unbounded,2026-09-26
2037,6,49.5406,2.1169,25.7112,40.6994,6,Steps Unbounded,2026-09-26
2038,6,87.6695,5.1605,31.1396,76.0563,6,Steps Unbounded,2026-09-26
2039,6,84.3284,4.7712,29.9011,69.8235,6,Steps Unbounded,2026-09-26
2040,6,145.7048,10.1080,42.6676,136.4391,6,Steps Unbounded,2026-09-26
2041,6,263.3787,20.0151,60.4640,255.9014,6,Steps Unbounded,2026-09-26
2042,5,43.5186,1.6909,19.2627,36.1187,5,Steps Unbounded,2026-09-26
2043,5,71.6678,4.0360,23.8943,64.1374,5,Steps Unbounded,2026-09-26
2044,5,67.7368,3.6649,25.1601,59.4644,5,Steps Unbounded,2026-09-26
2045,5,95.7418,6.0300,29.5253,88.1235,5,Steps Unbounded,2026-09-26
2046,5,112.0872,6.8535,29.3214,89.0678,5,Steps Unbounded,2026-09-26
2047,5,193.4097,14.0217,46.0612,182.9003,5,Steps Unbounded,2026-09-26
2048,4,54.2782,2.3185,18.9395,41.1955,4,Steps Unbounded,2026-09-26
2049,4,50.5721,2.2635,18.6425,42.7986,4,Steps Unbounded,2026-09-26
2050,4,54.9726,2.4554,18.3205,43.8081,4,Steps Unbounded,2026-09-26
2051,4,52.5276,2.4018,18.0226,44.3314,4,Steps Unbounded,2026-09-26
2052,4,56.5089,2.5311,17.7366,44.1083,4,Steps Unbounded,2026-09-26
2053,4,52.8984,2.4754,18.3960,45.4270,4,Steps Unbounded,2026-09-26
2054,4,82.0027,4.8935,22.5533,74.4105,4,Steps Unbounded,2026-09-26
2055,4,128.9324,8.3112,29.6384,108.2663,4,Steps Unbounded,2026-09-26
2056,3,26.9762,0.3184,11.6435,19.5493,3,Steps Unbounded,2026-09-26
2057,3,36.3490,1.0671,13.0946,28.3863,3,Steps Unbounded,2026-09-26
2058,3,49.6194,2.1613,12.2892,41.4564,3,Steps Unbounded,2026-09-26
2059,3,55.6207,2.4716,13.9041,43.5743,3,Steps Unbounded,2026-09-26
2060,3,88.2705,5.4227,20.4743,80.7923,3,Steps Unbounded,2026-09-26
2061,3,97.8741,6.1594,20.3245,89.3015,3,Steps Unbounded,2026-09-26
2062,3,144.8758,10.1336,27.5600,137.2954,3,Steps Unbounded,2026-09-26
2063,2,21.3903,-0.2882,8.1062,11.4020,2,Steps Unbounded,2026-09-26
2064,2,31.9681,0.4463,8.5762,18.5387,2,Steps Unbounded,2026-09-26
2065,2,43.2767,1.5624,10.6334,33.8200,2,Steps Unbounded,2026-09-26
2066,2,42.6834,1.5826,9.5999,34.5077,2,Steps Unbounded,2026-09-26
2067,2,58.4733,2.7675,13.1286,47.7595,2,Steps Unbounded,2026-09-26
2068,2,61.2502,3.0384,12.6394,51.3628,2,Steps Unbounded,2026-09-26
2069,2,59.5622,2.7675,12.4431,46.7036,2,Steps Unbounded,2026-09-26
2070,2,98.4610,5.6064,17.4215,69.6871,2,Steps Unbounded,2026-09-26
2071,2,106.9218,6.9677,18.9475,99.2896,2,Steps Unbounded,2026-09-26
2072,1,23.7075,-0.1633,6.1738,12.2422,1,Steps Unbounded,2026-09-26
2073,1,21.4662,-0.1518,5.3230,13.8649,1,Steps Unbounded,2026-09-26
2074,1,30.9302,0.2309,4.7622,13.5511,1,Steps Unbounded,2026-09-26
2075,1,30.0974,0.5411,6.0615,22.0486,1,Steps Unbounded,2026-09-26
2076,1,24.1058,0.0742,5.8171,16.6040,1,Steps Unbounded,2026-09-26
2077,1,36.4275,0.8681,7.4872,24.2823,1,Steps Unbounded,2026-09-26
2078,1,32.7666,0.7228,6.8732,23.9943,1,Steps Unbounded,2026-09-26
2079,1,49.3104,1.5898,7.7450,24.7545,1,Steps Unbounded,2026-09-26
2080,1,67.2746,3.6475,11.3158,59.3687,1,Steps Unbounded,2026-09-26
2081,8,147.0522,10.1044,49.5774,135.3296,8,Seojun Jang,2026-09-26
2082,8,148.4571,9.9365,46.9041,127.7203,8,Seojun Jang,2026-09-26
2083,8,136.5609,9.2041,48.7601,124.2087,8,Seojun Jang,2026-09-26
2084,9,164.8346,11.7939,64.1160,157.3800,9,Seojun Jang,2026-09-26
2085,7,120.6641,7.7126,39.7180,103.4163,7,Seojun Jang,2026-09-26
2086,7,117.7296,7.7093,41.3789,107.0965,7,Seojun Jang,2026-09-26
2087,11,168.0356,12.0712,79.1361,160.5808,11,Steps Unbounded,2026-09-26
2088,11,176.4931,12.7644,79.1361,168.9888,11,Steps Unbounded,2026-09-26
2089,10,148.7992,10.0917,60.8753,132.7032,10,Steps Unbounded,2026-09-26
2090,10,143.8339,10.0917,60.8753,136.8752,10,Steps Unbounded,2026-09-26
2091,10,169.9806,12.2217,66.5764,162.3340,10,Steps Unbounded,2026-09-26
2092,9,303.5121,23.0330,89.6371,288.9056,9,Steps Unbounded,2026-09-26
2093,9,178.0924,12.3122,64.9610,153.0680,9,Seojun Jang,2026-09-26
2094,9,81.3181,4.8565,48.6323,74.0129,9,Steps Unbounded,2026-09-26
2095,9,170.9690,12.1405,64.1160,160.2190,9,Steps Unbounded,2026-09-26
2096,9,274.0555,19.9958,79.1430,227.2336,9,Steps Unbounded,2026-09-26
2097,9,302.6444,22.9043,87.0885,286.2934,9,Steps Unbounded,2026-09-26
2098,9,231.9801,17.2132,73.1649,220.9765,9,Steps Unbounded,2026-09-26
2099,9,237.8104,17.9063,73.1649,230.6178,9,Steps Unbounded,2026-09-26
2100,7,115.6538,7.2017,40.2616,94.8655,7,Seojun Jang,2026-09-26
2101,7,114.5217,7.1573,40.0539,95.7082,7,Seojun Jang,2026-09-26
2102,9,305.9854,23.5974,87.0885,298.9493,9,Steps Unbounded,2026-09-26
2103,9,265.7461,19.9958,79.1430,254.0325,9,Steps Unbounded,2026-09-26
2104,8,129.4745,8.8575,48.7601,122.0154,8,Steps Unbounded,2026-09-26
2105,8,148.6439,10.4510,49.5774,141.1192,8,Steps Unbounded,2026-09-26
2106,8,148.4796,10.2831,46.9041,138.0880,8,Steps Unbounded,2026-09-26
2107,8,226.7725,16.8534,62.4491,217.3097,8,Steps Unbounded,2026-09-26
2108,8,245.6575,17.8410,68.1732,214.9937,8,Steps Unbounded,2026-09-26
2109,8,208.5440,15.4307,62.2905,200.9363,8,Steps Unbounded,2026-09-26
2110,8,217.5840,15.4454,62.4220,183.2785,8,Steps Unbounded,2026-09-26
2111,8,217.7170,16.1386,62.4220,209.0031,8,Steps Unbounded,2026-09-26
2112,8,217.7645,16.1386,62.4220,209.0122,8,Steps Unbounded,2026-09-26
2113,3,33.4605,0.8213,14.0915,25.4103,3,Steps Unbounded,2026-09-26
2114,3,34.1813,0.9166,13.3625,26.7250,3,Steps Unbounded,2026-09-26
2115,3,149.5406,10.4480,32.3178,140.6579,3,Steps Unbounded,2026-09-26
2116,3,152.6871,10.6616,31.9192,142.8819,3,Steps Unbounded,2026-09-26
2117,3,152.6190,10.7946,32.3178,145.3398,3,Steps Unbounded,2026-09-26
2118,3,169.2757,11.4333,33.6282,135.8895,3,Steps Unbounded,2026-09-26
2119,3,157.9595,11.2211,32.1999,150.4944,3,Steps Unbounded,2026-09-26
2120,3,157.0680,11.1519,33.8395,149.5255,3,Steps Unbounded,2026-09-26
2121,4,136.0429,9.4107,31.3524,128.6589,4,Steps Unbounded,2026-09-26
2122,4,84.0725,4.8606,21.6105,72.4543,4,jesper-petersen,2026-09-26
2123,5,116.0059,7.7130,31.7883,108.1770,5,jesper-petersen,2026-09-26
2124,2,119.2837,7.8074,19.5273,107.9558,2,Steps Unbounded,2026-09-26
2125,1,19.0264,-0.3520,6.0638,11.6090,1,hdeping,2026-09-26
2126,1,22.1781,-0.2289,6.5250,12.0702,1,hdeping,2026-09-26
2127,2,34.0937,0.9000,11.0786,26.6459,2,hdeping,2026-09-26
2128,1,20.8896,-0.3209,5.5373,11.0825,1,hdeping,2026-09-26
2129,1,26.2663,-0.2207,6.5539,6.5539,1,hdeping,2026-09-26
2130,1,26.4639,-0.2074,5.9349,6.6280,1,hdeping,2026-09-26
2131,1,27.5581,-0.1370,6.8804,6.8804,1,hdeping,2026-09-26
2132,1,27.7022,-0.1271,6.9344,6.9344,1,hdeping,2026-09-26
2133,1,28.8284,-0.0533,7.2138,7.2138,1,hdeping,2026-09-26
2134,1,29.8603,0.0151,7.4702,7.4702,1,hdeping,2026-09-26
2135,1,26.6375,0.1591,5.9965,16.8648,1,hdeping,2026-09-26
2136,1,20.7978,-0.1892,4.5109,13.5326,1,Steps Unbounded,2026-09-26
2137,3,193.6287,14.0471,38.2626,183.2787,3,Tom Fisher,2026-09-26
2138,4,287.8329,21.1329,53.4783,239.9647,4,Steps Unbounded,2026-09-26
2139,3,195.3056,14.3313,37.5955,187.7818,3,Tom Fisher,2026-09-26
2140,3,200.3175,14.6944,38.4305,191.7495,3,Tom Fisher,2026-09-26
2141,3,197.3056,14.4988,40.0859,189.8029,3,Tom Fisher,2026-09-26
2142,3,217.0240,15.5737,42.2024,192.8493,3,Tom Fisher,2026-09-26
2143,3,208.3414,14.7374,37.9542,178.0476,3,Tom Fisher,2026-09-26
2144,4,130.1445,8.6974,29.9084,118.4714,4,Steps Unbounded,2026-09-26
2145,3,233.8811,16.7669,43.8660,196.9722,3,Tom Fisher,2026-09-26
2146,17,281.0709,21.4758,168.6947,273.3660,17,Steps Unbounded,2026-09-26
2147,16,251.5556,18.6986,137.3262,236.8116,16,Steps Unbounded,2026-09-26
2148,2,123.5764,8.3566,23.4397,115.9617,2,Tom Fisher,2026-09-26
2149,2,111.3406,7.3177,22.8722,103.4839,2,Tom Fisher,2026-09-26
2150,2,129.0150,8.0597,20.5159,94.3658,2,Tom Fisher,2026-09-26
2151,2,129.0968,8.4290,22.7535,112.3158,2,Tom Fisher,2026-09-26
2152,6,142.0386,9.4403,39.3284,122.8440,6,jesper-petersen,2026-09-26
2153,2,124.3731,8.4452,24.3050,117.1406,2,Tom Fisher,2026-09-26
2154,2,136.6151,8.6750,24.3732,100.6980,2,Tom Fisher,2026-09-26
2155,2,143.1882,9.1931,24.9600,105.0716,2,Tom Fisher,2026-09-26
2156,1,80.5099,4.5006,12.7242,67.3256,1,Tom Fisher,2026-09-26
2157,1,89.5143,4.9700,16.8301,66.3839,1,Tom Fisher,2026-09-26
2158,13,148.2530,10.4219,84.3606,140.7861,13,Alvaro Lozano-Robledo,2026-09-26
2159,16,259.8731,19.0452,137.3262,230.3856,16,Steps Unbounded,2026-09-26
2160,17,288.8820,21.8223,168.6947,274.5225,17,Steps Unbounded,2026-09-26
2161,13,155.9745,11.0553,92.5923,148.4941,13,Steps Unbounded,2026-09-26
2162,13,162.8640,11.4019,92.5923,150.6562,13,Steps Unbounded,2026-09-26
2163,13,171.0489,12.3119,95.4877,163.5914,13,Steps Unbounded,2026-09-26
2164,13,183.3670,12.9277,99.0692,165.7656,13,Steps Unbounded,2026-09-26
2165,13,177.5839,12.6585,95.4877,166.0887,13,Steps Unbounded,2026-09-26
2166,2,154.0015,10.2407,27.4289,125.5653,2,Tom Fisher,2026-09-26
2167,2,156.5281,10.6261,29.3977,136.4831,2,Tom Fisher,2026-09-26
2168,2,159.1996,10.6588,28.8092,129.8964,2,Tom Fisher,2026-09-26
2169,2,134.4487,9.0827,25.7898,123.3805,2,Tom Fisher,2026-09-26
2170,2,149.6058,10.5335,28.0378,142.1193,2,Tom Fisher,2026-09-26
2171,2,160.8604,11.1705,27.1885,146.9705,2,Tom Fisher,2026-09-26
2172,3,60.0937,3.0356,16.5081,51.9548,3,Steps Unbounded,2026-09-26
2173,2,69.5632,3.8623,15.6885,62.0606,2,Steps Unbounded,2026-09-26
2174,1,113.2430,6.9810,19.4934,91.6146,1,Tom Fisher,2026-09-26
2175,1,114.8027,7.3913,16.2217,102.4603,1,Tom Fisher,2026-09-26
2176,1,114.2328,7.3046,17.7359,100.8827,1,Tom Fisher,2026-09-26
2177,14,170.4274,12.1289,92.3544,160.3840,14,Alvaro Lozano-Robledo,2026-09-26
2178,3,240.7879,17.9084,48.5634,228.8904,3,Tom Fisher,2026-09-26
2179,3,258.7117,19.1543,48.8022,239.1790,3,Tom Fisher,2026-09-26
2180,3,269.4286,20.5053,54.6681,261.7198,3,Tom Fisher,2026-09-26
2181,3,251.8352,19.0528,48.1859,244.3522,3,Tom Fisher,2026-09-26
2182,3,253.3179,19.1586,47.2324,245.5391,3,Tom Fisher,2026-09-26
2183,3,261.7423,19.6166,51.4509,248.9041,3,Tom Fisher,2026-09-26
2184,3,267.1940,20.0423,53.8944,253.5978,3,Tom Fisher,2026-09-26
2185,3,269.0049,19.9270,51.0624,245.8475,3,Tom Fisher,2026-09-26
2186,3,273.1150,20.1757,50.9200,245.1773,3,Tom Fisher,2026-09-26
2187,1,111.2792,7.0865,24.0606,98.6562,1,Natanael Wildner Fraga,2026-09-26
2188,2,112.6474,7.1267,25.0070,98.0158,2,Natanael Wildner Fraga,2026-09-26
2189,2,110.9452,7.0810,20.6992,98.8750,2,Natanael Wildner Fraga,2026-09-26
2190,2,113.4438,7.1146,24.8044,96.3236,2,Natanael Wildner Fraga,2026-09-26
2191,1,110.3121,6.9526,22.3189,96.2691,1,Natanael Wildner Fraga,2026-09-26
2192,1,111.1012,6.9883,21.6850,96.1868,1,Natanael Wildner Fraga,2026-09-26
2193,2,109.1327,6.9090,22.9418,96.5465,2,Natanael Wildner Fraga,2026-09-26
2194,2,109.3084,6.8781,21.7791,95.5186,2,Natanael Wildner Fraga,2026-09-26
2195,2,113.6901,7.1049,22.7453,95.5030,2,Natanael Wildner Fraga,2026-09-26
2196,1,112.1265,7.0145,24.5290,95.3368,1,Natanael Wildner Fraga,2026-09-26
2197,2,108.2058,7.0195,24.7164,99.6164,2,Natanael Wildner Fraga,2026-09-26
2198,1,108.4372,6.8364,20.9960,95.4745,1,Natanael Wildner Fraga,2026-09-26
2199,2,108.7898,6.8396,20.8998,95.1309,2,Natanael Wildner Fraga,2026-09-26
2200,1,107.9065,6.9517,24.5699,98.5172,1,Natanael Wildner Fraga,2026-09-26
2201,1,111.2058,6.9448,22.8323,94.6471,1,Natanael Wildner Fraga,2026-09-26
2202,1,110.7317,6.9088,20.3353,94.2920,1,Natanael Wildner Fraga,2026-09-26
2203,1,107.3276,6.9109,22.1375,98.0815,1,Natanael Wildner Fraga,2026-09-26
2204,2,107.2165,6.9755,24.4874,99.3010,2,Natanael Wildner Fraga,2026-09-26
2205,1,107.4403,6.7398,22.1193,94.1222,1,Natanael Wildner Fraga,2026-09-26
2206,2,107.1126,6.7828,23.1747,95.5464,2,Natanael Wildner Fraga,2026-09-26
2207,1,106.9489,6.7495,19.7702,94.9163,1,Natanael Wildner Fraga,2026-09-26
2208,2,106.8376,6.8928,23.6639,98.0179,2,Natanael Wildner Fraga,2026-09-26
2209,1,106.6217,6.8440,22.7433,97.2203,1,Natanael Wildner Fraga,2026-09-26
2210,1,109.5031,6.8159,23.5747,93.3719,1,Natanael Wildner Fraga,2026-09-26
2211,2,106.0727,6.6858,21.5986,94.2624,2,Natanael Wildner Fraga,2026-09-26
2212,1,114.1568,7.0714,24.3400,93.1369,1,Natanael Wildner Fraga,2026-09-26
2213,1,106.0071,6.6341,19.4340,93.0514,1,Natanael Wildner Fraga,2026-09-26
2214,2,107.8752,6.7214,22.5250,93.0168,2,Natanael Wildner Fraga,2026-09-26
2215,1,108.7342,6.7579,22.9029,92.7961,1,Natanael Wildner Fraga,2026-09-26
2216,2,105.5960,6.6281,24.3062,93.3528,2,Natanael Wildner Fraga,2026-09-26
2217,1,106.1050,6.6160,21.6532,92.4499,1,Natanael Wildner Fraga,2026-09-26
2218,1,109.5508,6.7893,23.1332,92.4014,1,Natanael Wildner Fraga,2026-09-26
2219,1,105.1023,6.5676,22.3184,92.3757,1,Natanael Wildner Fraga,2026-09-26
2220,1,104.8489,6.5970,24.2278,93.3493,1,Natanael Wildner Fraga,2026-09-26
2221,1,105.5109,6.5721,20.7971,92.0059,1,Natanael Wildner Fraga,2026-09-26
2222,2,104.2111,6.5509,21.8941,92.8735,2,Natanael Wildner Fraga,2026-09-26
2223,1,103.9505,6.6377,20.2789,94.8594,1,Natanael Wildner Fraga,2026-09-26
2224,1,106.1906,6.5955,21.5523,91.7564,1,Natanael Wildner Fraga,2026-09-26
2225,2,103.8137,6.7050,20.6475,96.1206,2,Natanael Wildner Fraga,2026-09-26
2226,1,103.7525,6.7036,22.5382,96.1213,1,Natanael Wildner Fraga,2026-09-26
2227,1,107.1168,6.6360,19.2682,91.5852,1,Natanael Wildner Fraga,2026-09-26
2228,1,103.7236,6.5387,22.4471,93.0180,1,Natanael Wildner Fraga,2026-09-26
2229,2,107.9937,6.6711,22.1145,91.2350,2,Natanael Wildner Fraga,2026-09-26
2230,1,103.2190,6.4794,20.9882,92.1334,1,Natanael Wildner Fraga,2026-09-26
2231,2,111.5399,6.8691,22.2902,91.1749,2,Natanael Wildner Fraga,2026-09-26
2232,2,104.2751,6.4808,23.1391,91.0824,2,Natanael Wildner Fraga,2026-09-26
2233,1,103.1206,6.6532,19.2806,95.5271,1,Natanael Wildner Fraga,2026-09-26
2234,1,105.9736,6.5501,20.0627,90.7294,1,Natanael Wildner Fraga,2026-09-26
2235,1,103.0368,6.4420,23.7613,91.4430,1,Natanael Wildner Fraga,2026-09-26
2236,1,103.0030,6.6343,24.1155,95.2560,1,Natanael Wildner Fraga,2026-09-26
2237,1,105.6788,6.5280,21.6749,90.5088,1,Natanael Wildner Fraga,2026-09-26
2238,1,108.5671,6.6801,22.3245,90.4569,1,Natanael Wildner Fraga,2026-09-26
2239,1,102.8665,6.5558,22.9256,93.9338,1,Natanael Wildner Fraga,2026-09-26
2240,2,103.1781,6.4268,23.0091,90.9389,2,Natanael Wildner Fraga,2026-09-26
2241,2,102.6693,6.5658,21.9544,94.2173,2,Natanael Wildner Fraga,2026-09-26
2242,1,104.7719,6.4600,21.4846,89.8301,1,Natanael Wildner Fraga,2026-09-26
2243,1,102.6311,6.3597,17.9553,89.8542,1,Natanael Wildner Fraga,2026-09-26
2244,1,102.1515,6.3519,22.3854,90.1727,1,Natanael Wildner Fraga,2026-09-26
2245,1,103.8285,6.3894,19.2072,89.1242,1,Natanael Wildner Fraga,2026-09-26
2246,1,102.1501,6.4491,20.8826,92.3096,1,Natanael Wildner Fraga,2026-09-26
2247,2,102.0502,6.5383,21.8119,94.0213,2,Natanael Wildner Fraga,2026-09-26
2248,1,106.3789,6.5131,16.6634,88.8172,1,Natanael Wildner Fraga,2026-09-26
2249,1,101.9361,6.5139,20.9678,93.6485,1,Natanael Wildner Fraga,2026-09-26
2250,1,101.6645,6.4982,18.2121,93.4983,1,Natanael Wildner Fraga,2026-09-26
2251,1,102.2877,6.3345,15.3978,89.5978,1,Natanael Wildner Fraga,2026-09-26
2252,1,103.1779,6.3407,20.0513,88.6374,1,Natanael Wildner Fraga,2026-09-26
2253,1,102.0615,6.2888,18.5295,88.6690,1,Natanael Wildner Fraga,2026-09-26
2254,2,101.4604,6.3532,23.4996,90.8213,2,Natanael Wildner Fraga,2026-09-26
2255,2,108.0743,6.6021,22.3782,88.5768,2,Natanael Wildner Fraga,2026-09-26
2256,1,101.3903,6.4990,22.5426,93.6288,1,Natanael Wildner Fraga,2026-09-26
2257,1,101.3557,6.2367,23.0991,88.1416,1,Natanael Wildner Fraga,2026-09-26
2258,1,101.2255,6.2567,23.1870,88.8047,1,Natanael Wildner Fraga,2026-09-26
2259,2,101.0419,6.3707,19.9444,91.4791,2,Natanael Wildner Fraga,2026-09-26
2260,1,109.6448,6.6746,21.9655,87.7334,1,Natanael Wildner Fraga,2026-09-26
2261,2,102.9293,6.2885,18.9907,87.4425,2,Natanael Wildner Fraga,2026-09-26
2262,1,100.1489,6.3507,20.5080,91.6068,1,Natanael Wildner Fraga,2026-09-26
2263,1,100.2548,6.1556,22.8665,87.3191,1,Natanael Wildner Fraga,2026-09-26
2264,1,100.1116,6.1753,21.3411,87.9731,1,Natanael Wildner Fraga,2026-09-26
2265,1,108.8853,6.6157,21.5195,87.1638,1,Natanael Wildner Fraga,2026-09-26
2266,1,99.7215,6.3683,20.7894,92.1002,1,Natanael Wildner Fraga,2026-09-26
2267,2,105.8420,6.4306,20.4083,86.9035,2,Natanael Wildner Fraga,2026-09-26
2268,1,99.5886,6.3458,20.3776,91.7753,1,Natanael Wildner Fraga,2026-09-26
2269,1,105.5477,6.4081,23.2372,86.6829,1,Natanael Wildner Fraga,2026-09-26
2270,1,99.5011,6.3467,22.1330,91.8251,1,Natanael Wildner Fraga,2026-09-26
2271,2,99.1613,6.1353,20.6482,87.9417,2,Natanael Wildner Fraga,2026-09-26
2272,1,101.5615,6.1857,18.4651,86.4186,1,Natanael Wildner Fraga,2026-09-26
2273,1,98.6398,6.2015,19.1811,89.6690,1,Natanael Wildner Fraga,2026-09-26
2274,1,100.0025,6.1044,20.8876,86.2627,1,Natanael Wildner Fraga,2026-09-26
2275,1,98.3542,6.2036,21.5661,89.8569,1,Natanael Wildner Fraga,2026-09-26
2276,1,102.6655,6.2309,21.7842,86.0353,1,Natanael Wildner Fraga,2026-09-26
2277,2,104.6423,6.3387,21.4388,86.0043,2,Natanael Wildner Fraga,2026-09-26
2278,1,98.1888,6.2290,21.3088,90.3734,1,Natanael Wildner Fraga,2026-09-26
2279,1,97.8909,6.0993,19.5014,88.1536,1,Natanael Wildner Fraga,2026-09-26
2280,1,98.8400,6.0183,18.5223,85.3937,1,Natanael Wildner Fraga,2026-09-26
2281,1,97.7764,6.1408,18.2896,89.0130,1,Natanael Wildner Fraga,2026-09-26
2282,1,106.4504,6.4270,20.5263,85.3382,1,Natanael Wildner Fraga,2026-09-26
2283,1,97.2710,6.0282,18.5105,87.1399,1,Natanael Wildner Fraga,2026-09-26
2284,2,97.1610,6.1383,21.2799,89.2584,2,Natanael Wildner Fraga,2026-09-26
2285,1,97.0211,6.1094,18.0270,88.8210,1,Natanael Wildner Fraga,2026-09-26
2286,1,97.0117,6.0372,16.3899,87.4942,1,Natanael Wildner Fraga,2026-09-26
2287,1,96.8419,5.9381,18.4465,85.5334,1,Natanael Wildner Fraga,2026-09-26
2288,1,102.7215,6.1917,22.6472,84.5647,1,Natanael Wildner Fraga,2026-09-26
2289,2,96.4143,6.0449,17.8753,87.9684,2,Natanael Wildner Fraga,2026-09-26
2290,1,96.3976,5.9061,18.1326,85.2020,1,Natanael Wildner Fraga,2026-09-26
2291,1,96.2763,5.8811,14.3530,84.7419,1,Natanael Wildner Fraga,2026-09-26
2292,1,97.4752,5.8994,22.0714,83.8885,1,Natanael Wildner Fraga,2026-09-26
2293,1,96.2615,6.0102,19.0031,87.4187,1,Natanael Wildner Fraga,2026-09-26
2294,1,96.7624,5.8651,19.2231,83.8414,1,Natanael Wildner Fraga,2026-09-26
2295,1,96.0059,5.9526,20.6629,86.4733,1,Natanael Wildner Fraga,2026-09-26
2296,1,101.3492,6.0869,20.5688,83.5363,1,Natanael Wildner Fraga,2026-09-26
2297,1,95.9444,5.8734,20.6743,84.8638,1,Natanael Wildner Fraga,2026-09-26
2298,1,96.3235,5.8328,19.1948,83.5135,1,Natanael Wildner Fraga,2026-09-26
2299,1,95.9118,5.9318,22.2195,86.1232,1,Natanael Wildner Fraga,2026-09-26
2300,1,95.8126,5.9102,18.8664,85.7541,1,Natanael Wildner Fraga,2026-09-26
2301,1,95.3594,5.8149,19.3986,84.0579,1,Natanael Wildner Fraga,2026-09-26
2302,1,103.4185,6.1926,20.6672,83.0650,1,Natanael Wildner Fraga,2026-09-26
2303,1,95.1719,5.8784,16.8567,85.5459,1,Natanael Wildner Fraga,2026-09-26
2304,1,95.1005,5.9924,19.0489,87.6315,1,Natanael Wildner Fraga,2026-09-26
2305,1,96.9030,5.8378,20.7699,82.9336,1,Natanael Wildner Fraga,2026-09-26
2306,2,94.9647,5.9422,17.9764,86.8373,2,Natanael Wildner Fraga,2026-09-26
2307,1,94.8094,5.9080,20.4566,86.3081,1,Natanael Wildner Fraga,2026-09-26
2308,1,98.2604,5.8982,17.7710,82.7366,1,Natanael Wildner Fraga,2026-09-26
2309,1,94.7573,5.7542,21.6988,83.2153,1,Natanael Wildner Fraga,2026-09-26
2310,1,94.7531,5.8198,18.0208,84.6513,1,Natanael Wildner Fraga,2026-09-26
2311,1,97.8534,5.8676,18.0042,82.4319,1,Natanael Wildner Fraga,2026-09-26
2312,1,94.0494,5.8148,18.5371,84.9997,1,Natanael Wildner Fraga,2026-09-26
2313,1,96.0276,5.7729,17.1844,82.2791,1,Natanael Wildner Fraga,2026-09-26
2314,1,93.9565,5.7938,19.0122,84.6555,1,Natanael Wildner Fraga,2026-09-26
2315,14,165.0662,11.7823,92.3544,156.9099,14,Steps Unbounded,2026-09-26
2316,1,93.6197,5.7984,21.0627,84.9293,1,Natanael Wildner Fraga,2026-09-26
2317,1,95.1179,5.7055,20.1063,81.5991,1,Natanael Wildner Fraga,2026-09-26
2318,1,93.5279,5.7002,21.5391,83.0606,1,Natanael Wildner Fraga,2026-09-26
2319,1,98.3415,5.8579,14.9521,81.2829,1,Natanael Wildner Fraga,2026-09-26
2320,2,93.3386,5.8152,18.4170,85.3586,2,Natanael Wildner Fraga,2026-09-26
2321,1,93.2568,5.7981,18.6964,85.1000,1,Natanael Wildner Fraga,2026-09-26
2322,1,93.0010,5.7410,19.8012,84.2043,1,Natanael Wildner Fraga,2026-09-26
2323,1,100.3165,5.9536,20.7133,80.7395,1,Natanael Wildner Fraga,2026-09-26
2324,1,92.9216,5.8058,19.2074,85.3689,1,Natanael Wildner Fraga,2026-09-26
2325,1,97.5262,5.7959,17.9780,80.6721,1,Natanael Wildner Fraga,2026-09-26
2326,2,92.9414,5.6362,18.3918,82.1479,2,Natanael Wildner Fraga,2026-09-26
2327,2,92.8851,5.7920,18.6938,85.1534,2,Natanael Wildner Fraga,2026-09-26
2328,1,92.5380,5.7782,21.4142,85.0573,1,Natanael Wildner Fraga,2026-09-26
2329,1,93.6828,5.5995,19.3980,80.5266,1,Natanael Wildner Fraga,2026-09-26
2330,1,92.4345,5.7656,21.4294,84.8880,1,Natanael Wildner Fraga,2026-09-26
2331,2,97.1077,5.7642,19.2768,80.3586,2,Natanael Wildner Fraga,2026-09-26
2332,1,92.3650,5.6818,20.7311,83.4530,1,Natanael Wildner Fraga,2026-09-26
2333,1,92.8360,5.5579,19.1449,80.4228,1,Natanael Wildner Fraga,2026-09-26
2334,1,92.1615,5.7198,17.0354,84.2276,1,Natanael Wildner Fraga,2026-09-26
2335,1,92.4710,5.5513,21.0852,80.6376,1,Natanael Wildner Fraga,2026-09-26
2336,1,92.1586,5.7053,20.6635,83.9781,1,Natanael Wildner Fraga,2026-09-26
2337,1,91.9888,5.6834,19.9840,83.6727,1,Natanael Wildner Fraga,2026-09-26
2338,1,91.9000,5.6635,19.7270,83.3621,1,Natanael Wildner Fraga,2026-09-26
2339,1,91.9401,5.5128,18.7748,80.2414,1,Natanael Wildner Fraga,2026-09-26
2340,1,91.7107,5.6205,19.3035,82.6735,1,Natanael Wildner Fraga,2026-09-26
2341,1,97.3534,5.7560,19.4279,79.6148,1,Natanael Wildner Fraga,2026-09-26
2342,1,91.1134,5.6521,18.4095,83.5111,1,Natanael Wildner Fraga,2026-09-26
2343,1,91.0164,5.6365,17.3099,83.2883,1,Natanael Wildner Fraga,2026-09-26
2344,1,91.3964,5.4734,16.8669,79.8357,1,Natanael Wildner Fraga,2026-09-26
2345,1,95.8062,5.6656,21.2018,79.3837,1,Natanael Wildner Fraga,2026-09-26
2346,1,90.9237,5.6195,18.4671,83.0390,1,Natanael Wildner Fraga,2026-09-26
2347,1,98.4016,5.8064,17.9158,79.3041,1,Natanael Wildner Fraga,2026-09-26
2348,1,90.8856,5.4727,17.4521,80.2608,1,Natanael Wildner Fraga,2026-09-26
2349,1,90.7749,5.5949,20.3688,82.6810,1,Natanael Wildner Fraga,2026-09-26
2350,1,97.5905,5.7442,18.3527,78.6961,1,Natanael Wildner Fraga,2026-09-26
2351,1,90.5580,5.4523,20.7955,80.0821,1,Natanael Wildner Fraga,2026-09-26
2352,1,92.3243,5.4542,19.6159,78.2951,1,Natanael Wildner Fraga,2026-09-26
2353,1,90.3730,5.5911,15.6449,82.7829,1,Natanael Wildner Fraga,2026-09-26
2354,1,91.4446,5.4125,20.6283,78.2760,1,Natanael Wildner Fraga,2026-09-26
2355,1,90.3419,5.4915,19.7804,81.0199,1,Natanael Wildner Fraga,2026-09-26
2356,1,91.0725,5.4076,19.9444,78.5770,1,Natanael Wildner Fraga,2026-09-26
2357,1,89.9723,5.4106,20.6683,79.6448,1,Natanael Wildner Fraga,2026-09-26
2358,1,100.7145,5.9118,21.3864,77.9702,1,Natanael Wildner Fraga,2026-09-26
2359,1,89.8469,5.4735,19.6985,80.9628,1,Natanael Wildner Fraga,2026-09-26
2360,1,89.8427,5.4558,16.7522,80.6346,1,Natanael Wildner Fraga,2026-09-26
2361,1,90.5128,5.3667,18.9095,78.1591,1,Natanael Wildner Fraga,2026-09-26
2362,1,89.6189,5.5139,16.3825,81.7864,1,Natanael Wildner Fraga,2026-09-26
2363,2,92.1362,5.4153,19.8692,77.4420,2,Natanael Wildner Fraga,2026-09-26
2364,2,89.4821,5.5239,17.6335,82.0075,2,Natanael Wildner Fraga,2026-09-26
2365,1,90.3349,5.3307,17.7548,77.4470,1,Natanael Wildner Fraga,2026-09-26
2366,1,89.1193,5.4054,18.8112,80.0974,1,Natanael Wildner Fraga,2026-09-26
2367,1,89.0051,5.3796,18.3467,79.6744,1,Natanael Wildner Fraga,2026-09-26
2368,1,88.9898,5.4679,19.2231,81.2658,1,Natanael Wildner Fraga,2026-09-26
2369,1,95.4331,5.5789,20.0995,77.0792,1,Natanael Wildner Fraga,2026-09-26
2370,1,88.8829,5.3524,19.0907,79.2204,1,Natanael Wildner Fraga,2026-09-26
2371,1,88.4603,5.2618,18.8397,77.6453,1,Natanael Wildner Fraga,2026-09-26
2372,1,88.3465,5.4201,19.7386,80.7203,1,Natanael Wildner Fraga,2026-09-26
2373,1,94.5124,5.5085,16.4573,76.3892,1,Natanael Wildner Fraga,2026-09-26
2374,1,88.3189,5.4146,15.7508,80.6388,1,Natanael Wildner Fraga,2026-09-26
2375,1,89.5688,5.2499,18.3422,76.2352,1,Natanael Wildner Fraga,2026-09-26
2376,1,88.7462,5.2379,17.4354,76.8405,1,Natanael Wildner Fraga,2026-09-26
2377,1,87.9314,5.3386,20.3503,79.4967,1,Natanael Wildner Fraga,2026-09-26
2378,1,87.6898,5.3703,15.9654,80.1459,1,Natanael Wildner Fraga,2026-09-26
2379,1,89.9479,5.2521,19.4094,75.8051,1,Natanael Wildner Fraga,2026-09-26
2380,1,88.9761,5.2062,18.9103,75.7923,1,Natanael Wildner Fraga,2026-09-26
2381,1,90.8642,5.2931,18.7804,75.6836,1,Natanael Wildner Fraga,2026-09-26
2382,1,87.5241,5.3503,19.1613,79.8769,1,Natanael Wildner Fraga,2026-09-26
2383,1,87.3191,5.2016,18.6505,77.2438,1,Natanael Wildner Fraga,2026-09-26
2384,1,93.0610,5.3977,19.6041,75.3015,1,Natanael Wildner Fraga,2026-09-26
2385,1,87.2546,5.2907,18.1085,78.9714,1,Natanael Wildner Fraga,2026-09-26
2386,1,88.1253,5.1928,14.9235,76.3772,1,Natanael Wildner Fraga,2026-09-26
2387,1,87.1655,5.3320,19.3096,79.7105,1,Natanael Wildner Fraga,2026-09-26
2388,1,87.0331,5.2408,11.6768,78.1837,1,Natanael Wildner Fraga,2026-09-26
2389,1,87.0212,5.3182,17.1477,79.5374,1,Natanael Wildner Fraga,2026-09-26
2390,1,87.0127,5.1648,18.2533,76.7041,1,Natanael Wildner Fraga,2026-09-26
2391,1,89.7382,5.2086,17.8511,74.8409,1,Natanael Wildner Fraga,2026-09-26
2392,1,86.7829,5.1844,17.8880,77.2580,1,Natanael Wildner Fraga,2026-09-26
2393,1,90.6505,5.2472,19.2790,74.5937,1,Natanael Wildner Fraga,2026-09-26
2394,1,86.7762,5.2837,20.0553,79.0571,1,Natanael Wildner Fraga,2026-09-26
2395,1,87.4869,5.1465,18.0832,75.9009,1,Natanael Wildner Fraga,2026-09-26
2396,1,86.6600,5.2035,15.9665,77.6950,1,Natanael Wildner Fraga,2026-09-26
2397,1,89.1542,5.1649,18.7093,74.4039,1,Natanael Wildner Fraga,2026-09-26
2398,1,95.4840,5.5055,18.3501,74.0481,1,Natanael Wildner Fraga,2026-09-26
2399,1,86.3502,5.2172,14.7759,78.0989,1,Natanael Wildner Fraga,2026-09-26
2400,1,86.4922,5.1211,16.6217,76.1763,1,Natanael Wildner Fraga,2026-09-26
2401,1,86.2137,5.1643,16.2948,77.2110,1,Natanael Wildner Fraga,2026-09-26
2402,1,87.5329,5.0728,15.6051,73.9995,1,Natanael Wildner Fraga,2026-09-26
2403,1,86.0848,5.1352,18.4254,76.7334,1,Natanael Wildner Fraga,2026-09-26
2404,1,86.0825,5.2195,15.5568,78.2549,1,Natanael Wildner Fraga,2026-09-26
2405,1,85.7950,5.0715,15.8411,75.6554,1,Natanael Wildner Fraga,2026-09-26
2406,1,92.3379,5.3058,16.8811,73.4178,1,Natanael Wildner Fraga,2026-09-26
2407,1,85.6318,5.0367,19.5496,75.0471,1,Natanael Wildner Fraga,2026-09-26
2408,1,85.6123,5.1408,16.9933,77.0974,1,Natanael Wildner Fraga,2026-09-26
2409,1,90.4260,5.1971,17.5494,73.3272,1,Natanael Wildner Fraga,2026-09-26
2410,1,86.2242,4.9761,15.0695,73.0215,1,Natanael Wildner Fraga,2026-09-26
2411,1,85.7596,4.9699,14.5407,73.3900,1,Natanael Wildner Fraga,2026-09-26
2412,1,102.8044,5.9498,18.9326,72.9445,1,Natanael Wildner Fraga,2026-09-26
2413,1,85.2190,5.1575,15.5135,77.5600,1,Natanael Wildner Fraga,2026-09-26
2414,1,85.0989,5.1365,18.2614,77.2546,1,Natanael Wildner Fraga,2026-09-26
2415,1,85.0748,5.0203,18.7969,75.1170,1,Natanael Wildner Fraga,2026-09-26
2416,1,102.4710,5.9235,18.8631,72.6945,1,Natanael Wildner Fraga,2026-09-26
2417,1,84.8964,5.0637,14.6794,76.0634,1,Natanael Wildner Fraga,2026-09-26
2418,1,84.7345,4.9480,19.2847,73.8475,1,Natanael Wildner Fraga,2026-09-26
2419,1,89.2843,5.1104,17.5620,72.4720,1,Natanael Wildner Fraga,2026-09-26
2420,1,92.6215,5.2840,17.7532,71.9019,1,Natanael Wildner Fraga,2026-09-26
2421,1,84.3490,4.9533,16.0876,74.2567,1,Natanael Wildner Fraga,2026-09-26
2422,1,85.3070,4.8783,15.3102,71.5265,1,Natanael Wildner Fraga,2026-09-26
2423,1,84.0630,5.0689,14.9521,76.5327,1,Natanael Wildner Fraga,2026-09-26
2424,1,83.8449,4.9776,19.3032,75.0397,1,Natanael Wildner Fraga,2026-09-26
2425,1,83.7968,4.8545,17.0570,72.5670,1,Natanael Wildner Fraga,2026-09-26
2426,1,83.6321,5.0006,12.1462,75.5528,1,Natanael Wildner Fraga,2026-09-26
2427,1,84.5993,4.8259,15.9596,70.9974,1,Natanael Wildner Fraga,2026-09-26
2428,1,83.5873,4.8116,17.7678,71.7686,1,Natanael Wildner Fraga,2026-09-26
2429,1,99.6227,5.6982,16.1902,70.5583,1,Natanael Wildner Fraga,2026-09-26
2430,1,83.3913,4.8772,13.2485,73.3764,1,Natanael Wildner Fraga,2026-09-26
2431,1,83.2191,4.8395,17.3479,72.7166,1,Natanael Wildner Fraga,2026-09-26
2432,1,83.1731,4.9501,15.5837,74.8804,1,Natanael Wildner Fraga,2026-09-26
2433,1,82.9073,4.8901,16.8567,73.9292,1,Natanael Wildner Fraga,2026-09-26
2434,1,82.8143,4.7555,17.6029,71.1918,1,Natanael Wildner Fraga,2026-09-26
2435,1,82.7592,4.8567,16.0870,73.3809,1,Natanael Wildner Fraga,2026-09-26
2436,1,83.1154,4.7162,17.4384,69.8884,1,Natanael Wildner Fraga,2026-09-26
2437,1,85.4872,4.8231,18.7133,69.6282,1,Natanael Wildner Fraga,2026-09-26
2438,1,82.2136,4.8627,18.2282,73.7890,1,Natanael Wildner Fraga,2026-09-26
2439,1,86.5558,4.8638,18.7182,69.0846,1,Natanael Wildner Fraga,2026-09-26
2440,1,81.9370,4.8961,14.9235,74.4779,1,Natanael Wildner Fraga,2026-09-26
2441,2,97.6540,5.5427,17.4540,69.0818,2,Natanael Wildner Fraga,2026-09-26
2442,1,81.2130,4.7709,14.2802,72.6379,1,Natanael Wildner Fraga,2026-09-26
2443,2,88.1790,4.9414,18.7725,68.5714,2,Natanael Wildner Fraga,2026-09-26
2444,1,81.1100,4.8264,17.7455,73.6395,1,Natanael Wildner Fraga,2026-09-26
2445,1,84.0727,4.7166,17.3184,68.5692,1,Natanael Wildner Fraga,2026-09-26
2446,1,96.8190,5.4768,18.7841,68.4556,1,Natanael Wildner Fraga,2026-09-26
2447,1,80.7301,4.6625,15.7060,70.8567,1,Natanael Wildner Fraga,2026-09-26
2448,1,81.5298,4.5994,16.0048,68.7038,1,Natanael Wildner Fraga,2026-09-26
2449,1,80.2814,4.7509,18.1029,72.7036,1,Natanael Wildner Fraga,2026-09-26
2450,1,87.5609,4.8938,17.9503,68.1080,1,Natanael Wildner Fraga,2026-09-26
2451,1,79.8331,4.5990,17.5230,70.1849,1,Natanael Wildner Fraga,2026-09-26
2452,1,82.5680,4.6035,15.2112,67.4429,1,Natanael Wildner Fraga,2026-09-26
2453,1,79.6774,4.6973,16.8794,72.0454,1,Natanael Wildner Fraga,2026-09-26
2454,1,79.3794,4.6412,16.0253,71.2144,1,Natanael Wildner Fraga,2026-09-26
2455,1,80.0856,4.5271,15.7132,68.4382,1,Natanael Wildner Fraga,2026-09-26
2456,1,78.9279,4.6456,17.2540,71.4731,1,Natanael Wildner Fraga,2026-09-26
2457,1,83.7823,4.6530,14.8426,67.0067,1,Natanael Wildner Fraga,2026-09-26
2458,1,78.6735,4.5697,16.4800,70.2850,1,Natanael Wildner Fraga,2026-09-26
2459,1,85.6041,4.7435,17.5420,66.6413,1,Natanael Wildner Fraga,2026-09-26
2460,1,79.8265,4.4745,11.9551,67.4319,1,Natanael Wildner Fraga,2026-09-26
2461,1,78.5610,4.6004,17.9984,70.8643,1,Natanael Wildner Fraga,2026-09-26
2462,1,78.2523,4.5392,14.3530,69.9458,1,Natanael Wildner Fraga,2026-09-26
2463,1,80.9603,4.4831,13.4875,66.2399,1,Natanael Wildner Fraga,2026-09-26
2464,1,78.4900,4.4444,14.5941,67.9655,1,Natanael Wildner Fraga,2026-09-26
2465,1,78.0014,4.5649,17.6002,70.4891,1,Natanael Wildner Fraga,2026-09-26
2466,1,82.2637,4.5379,16.2113,65.8693,1,Natanael Wildner Fraga,2026-09-26
2467,1,77.7611,4.5481,16.2956,70.3033,1,Natanael Wildner Fraga,2026-09-26
2468,1,79.5432,4.4173,15.3365,66.2840,1,Natanael Wildner Fraga,2026-09-26
2469,1,80.1133,4.4198,15.3891,65.6061,1,Natanael Wildner Fraga,2026-09-26
2470,1,77.2308,4.4667,16.9933,69.1437,1,Natanael Wildner Fraga,2026-09-26
2471,1,84.2044,4.6362,15.8635,65.5921,1,Natanael Wildner Fraga,2026-09-26
2472,1,77.5138,4.3747,15.7683,67.2366,1,Natanael Wildner Fraga,2026-09-26
2473,1,83.4725,4.5801,17.7902,65.0436,1,Natanael Wildner Fraga,2026-09-26
2474,1,77.0063,4.2691,15.0441,65.3271,1,Natanael Wildner Fraga,2026-09-26
2475,1,76.2520,4.2509,14.8903,65.5782,1,Natanael Wildner Fraga,2026-09-26
2476,1,76.1865,4.3718,15.5470,67.9634,1,Natanael Wildner Fraga,2026-09-26
2477,1,76.1639,4.3900,17.4157,68.2876,1,Natanael Wildner Fraga,2026-09-26
2478,1,75.8218,4.3165,15.1108,67.1540,1,Natanael Wildner Fraga,2026-09-26
2479,1,81.9376,4.4628,15.3902,63.8933,1,Natanael Wildner Fraga,2026-09-26
2480,1,84.6014,4.6054,17.6231,63.4537,1,Natanael Wildner Fraga,2026-09-26
2481,1,75.4203,4.2262,14.0567,65.6709,1,Natanael Wildner Fraga,2026-09-26
2482,1,75.0510,4.3086,12.8424,67.3661,1,Natanael Wildner Fraga,2026-09-26
2483,1,76.3797,4.1422,10.5782,62.8143,1,Natanael Wildner Fraga,2026-09-26
2484,1,74.0541,4.0942,13.8249,63.9369,1,Natanael Wildner Fraga,2026-09-26
2485,1,73.8946,4.2214,13.7439,66.3616,1,Natanael Wildner Fraga,2026-09-26
2486,1,88.2254,4.8000,16.9936,62.0107,1,Natanael Wildner Fraga,2026-09-26
2487,1,73.7820,4.0365,14.3530,62.9216,1,Natanael Wildner Fraga,2026-09-26
2488,1,74.9725,3.9896,14.6831,60.4113,1,Natanael Wildner Fraga,2026-09-26
2489,1,73.5046,4.1527,14.9624,65.3581,1,Natanael Wildner Fraga,2026-09-26
2490,1,76.6314,4.0589,14.4148,59.9177,1,Natanael Wildner Fraga,2026-09-26
2491,1,73.1237,3.9022,15.4200,60.3815,1,Natanael Wildner Fraga,2026-09-26
2492,1,72.5944,3.9515,11.5062,62.0354,1,Natanael Wildner Fraga,2026-09-26
2493,1,84.9755,4.5449,14.8123,59.5733,1,Natanael Wildner Fraga,2026-09-26
2494,1,72.4603,4.0984,16.4508,64.8706,1,Natanael Wildner Fraga,2026-09-26
2495,1,72.4499,4.0095,13.8208,63.3002,1,Natanael Wildner Fraga,2026-09-26
2496,1,72.2535,4.0631,14.2418,64.3587,1,Natanael Wildner Fraga,2026-09-26
2497,1,70.5110,3.8803,11.8939,61.9586,1,Natanael Wildner Fraga,2026-09-26
2498,1,70.2939,3.9011,15.3868,62.4219,1,Natanael Wildner Fraga,2026-09-26
2499,1,73.4551,3.8186,15.6961,57.5389,1,Natanael Wildner Fraga,2026-09-26
2500,1,76.2104,3.9585,9.5812,57.1630,1,Natanael Wildner Fraga,2026-09-26
2501,1,70.2523,3.6388,13.6897,56.8818,1,Natanael Wildner Fraga,2026-09-26
2502,1,74.1101,3.7974,13.8249,55.5888,1,Natanael Wildner Fraga,2026-09-26
2503,1,69.3279,3.6250,13.9209,57.5479,1,Natanael Wildner Fraga,2026-09-26
2504,1,79.5285,4.1186,13.6772,55.4885,1,Natanael Wildner Fraga,2026-09-26
2505,1,67.5795,3.6720,12.0935,59.6577,1,Natanael Wildner Fraga,2026-09-26
2506,1,69.7844,3.5426,14.9267,54.7911,1,Natanael Wildner Fraga,2026-09-26
2507,1,67.3284,3.6034,12.5215,58.5642,1,Natanael Wildner Fraga,2026-09-26
2508,1,66.7160,3.6133,13.9209,59.0190,1,Natanael Wildner Fraga,2026-09-26
2509,1,67.4750,3.4343,14.7122,54.8070,1,Natanael Wildner Fraga,2026-09-26
2510,1,66.2851,3.5920,12.5981,58.8303,1,Natanael Wildner Fraga,2026-09-26
2511,1,66.3898,3.4126,11.7881,55.3560,1,Natanael Wildner Fraga,2026-09-26
2512,1,65.7088,3.5049,14.1126,57.5945,1,Natanael Wildner Fraga,2026-09-26
2513,1,80.4414,4.6915,10.5782,71.5921,1,Natanael Wildner Fraga,2026-09-26
2514,1,65.1327,3.3759,10.8565,55.5228,1,Natanael Wildner Fraga,2026-09-26
2515,1,64.7617,3.2959,12.5356,54.1412,1,Natanael Wildner Fraga,2026-09-26
2516,1,69.2566,3.4270,12.2234,51.9518,1,Natanael Wildner Fraga,2026-09-26
2517,1,61.5520,3.1971,10.3100,54.0895,1,Natanael Wildner Fraga,2026-09-26
2518,1,58.8493,2.8961,10.3100,50.0709,1,Natanael Wildner Fraga,2026-09-26
2519,1,19.3133,-0.3714,6.0615,11.0243,1,Natanael Wildner Fraga,2026-09-26
2520,1,33.2171,0.8877,6.0615,26.4140,1,Natanael Wildner Fraga,2026-09-26
2521,1,35.6417,0.8877,6.0615,25.4117,1,Natanael Wildner Fraga,2026-09-26
2522,1,74.7066,3.7425,11.9791,51.8725,1,Natanael Wildner Fraga,2026-09-26
2523,1,60.5220,2.6897,9.8421,42.8889,1,Natanael Wildner Fraga,2026-09-26
2524,1,65.4320,3.2179,14.0122,51.5353,1,Natanael Wildner Fraga,2026-09-26
2525,1,19.8682,-0.2724,5.8171,12.4609,1,Natanael Wildner Fraga,2026-09-26
2526,1,30.9237,0.4208,5.8171,19.0526,1,Natanael Wildner Fraga,2026-09-26
2527,1,63.6791,3.3212,14.2905,55.3094,1,Natanael Wildner Fraga,2026-09-26
2528,1,73.6138,3.6574,14.6417,51.0531,1,Natanael Wildner Fraga,2026-09-26
2529,1,64.0922,3.4092,9.5812,56.6359,1,Natanael Wildner Fraga,2026-09-26
2530,1,63.7800,3.0954,12.2779,50.3004,1,Natanael Wildner Fraga,2026-09-26
2531,1,57.8272,2.4846,9.2789,40.8699,1,Natanael Wildner Fraga,2026-09-26
2532,1,17.7808,-0.4338,5.6131,10.5331,1,Natanael Wildner Fraga,2026-09-26
2533,1,62.0951,3.2390,9.8421,54.5768,1,Natanael Wildner Fraga,2026-09-26
2534,1,61.4573,3.1171,13.7137,52.7463,1,Natanael Wildner Fraga,2026-09-26
2535,1,71.2662,3.4750,11.9551,49.2928,1,Natanael Wildner Fraga,2026-09-26
2536,1,44.5026,1.7758,8.8436,37.0324,1,Natanael Wildner Fraga,2026-09-26
2537,1,47.1995,1.6847,8.8436,32.9139,1,Natanael Wildner Fraga,2026-09-26
2538,1,17.9214,-0.4513,5.4723,10.2514,1,Natanael Wildner Fraga,2026-09-26
2539,1,60.8262,3.0870,11.6588,52.5193,1,Natanael Wildner Fraga,2026-09-26
2540,1,71.1227,3.4276,8.7994,47.5364,1,Natanael Wildner Fraga,2026-09-26
2541,1,63.1504,2.9645,13.1432,47.3783,1,Natanael Wildner Fraga,2026-09-26
2542,1,17.9744,-0.4572,5.4116,10.1301,1,Natanael Wildner Fraga,2026-09-26
2543,1,59.7035,3.0339,9.2789,52.0901,1,Natanael Wildner Fraga,2026-09-26
2544,1,68.6633,3.2731,11.1248,47.3411,1,Natanael Wildner Fraga,2026-09-26
2545,1,52.7900,2.1321,8.3640,37.9658,1,Natanael Wildner Fraga,2026-09-26
2546,1,29.9101,0.3679,5.3936,18.7694,1,Natanael Wildner Fraga,2026-09-26
2547,1,27.4627,0.3419,5.9349,19.8841,1,Natanael Wildner Fraga,2026-09-26
2548,1,27.9498,0.1948,5.3230,16.5891,1,Natanael Wildner Fraga,2026-09-26
2549,1,58.2055,2.8783,8.7994,50.0680,1,Natanael Wildner Fraga,2026-09-26
2550,1,62.8104,3.0810,8.7994,51.0116,1,Natanael Wildner Fraga,2026-09-26
2551,1,54.5009,2.4857,7.7450,44.8069,1,Natanael Wildner Fraga,2026-09-26
2552,1,45.8439,1.9294,8.3640,38.9245,1,Natanael Wildner Fraga,2026-09-26
2553,1,39.6430,1.2362,8.3640,29.7225,1,Natanael Wildner Fraga,2026-09-26
2554,1,57.9680,2.6688,11.0476,45.9597,1,Natanael Wildner Fraga,2026-09-26
2555,1,28.7451,0.2284,5.5373,16.6120,1,Natanael Wildner Fraga,2026-09-26
2556,1,27.6193,0.2304,4.8675,17.6221,1,Natanael Wildner Fraga,2026-09-26
2557,1,30.2103,0.5770,4.8675,22.7675,1,Natanael Wildner Fraga,2026-09-26
2558,1,56.6776,2.7240,11.4270,48.0616,1,Natanael Wildner Fraga,2026-09-26
2559,1,64.1366,2.9232,11.2794,43.9471,1,Natanael Wildner Fraga,2026-09-26
2560,1,37.7691,1.2146,7.4872,30.2974,1,Natanael Wildner Fraga,2026-09-26
2561,1,96.8432,5.3743,12.4947,61.8915,1,Natanael Wildner Fraga,2026-09-26
2562,1,80.3623,4.6812,12.4947,71.4736,1,Natanael Wildner Fraga,2026-09-26
2563,1,53.1979,2.4787,8.3640,45.3633,1,Natanael Wildner Fraga,2026-09-26
2564,1,37.2093,1.0694,6.8732,27.9953,1,Natanael Wildner Fraga,2026-09-26
2565,1,50.7077,2.2829,7.7450,43.2231,1,Natanael Wildner Fraga,2026-09-26
2566,1,50.5820,2.2829,7.7450,43.1195,1,Natanael Wildner Fraga,2026-09-26
2567,1,18.3144,-0.5099,4.8520,9.0109,1,Natanael Wildner Fraga,2026-09-26
2568,1,55.2696,2.6439,10.8805,47.3083,1,Natanael Wildner Fraga,2026-09-26
2569,1,60.5596,2.6478,10.3100,41.2656,1,Natanael Wildner Fraga,2026-09-26
2570,1,31.1814,0.5863,6.7334,22.3284,1,Natanael Wildner Fraga,2026-09-26
2571,1,54.8895,2.3467,10.3100,41.1976,1,Natanael Wildner Fraga,2026-09-26
2572,1,23.5806,0.0093,5.2417,15.7252,1,Natanael Wildner Fraga,2026-09-26
2573,1,62.7407,2.7996,10.3957,42.2552,1,Natanael Wildner Fraga,2026-09-26
2574,1,31.3360,0.3033,6.4922,15.2462,1,Natanael Wildner Fraga,2026-09-26
2575,1,27.1197,0.2309,4.7622,17.9501,1,Natanael Wildner Fraga,2026-09-26
2576,1,51.9343,2.3764,10.8565,44.1509,1,Natanael Wildner Fraga,2026-09-26
2577,1,68.5207,3.6872,12.4280,59.4676,1,Natanael Wildner Fraga,2026-09-26
2578,1,75.6623,4.3803,12.4280,68.3709,1,Natanael Wildner Fraga,2026-09-26
2579,1,58.5478,2.4934,11.4995,39.7577,1,Natanael Wildner Fraga,2026-09-26
2580,1,50.7020,2.2340,8.8436,42.2295,1,Natanael Wildner Fraga,2026-09-26
2581,1,56.3507,2.3252,8.8436,38.1110,1,Natanael Wildner Fraga,2026-09-26
2582,1,64.7414,2.9544,11.3158,43.7607,1,Natanael Wildner Fraga,2026-09-26
2583,1,67.0757,3.6475,11.3158,59.6218,1,Natanael Wildner Fraga,2026-09-26
2584,1,68.7670,3.3029,10.2877,48.3261,1,Natanael Wildner Fraga,2026-09-26
2585,1,25.4391,0.1651,5.3936,17.5997,1,Natanael Wildner Fraga,2026-09-26
2586,1,18.9461,-0.5316,4.4067,8.1203,1,Natanael Wildner Fraga,2026-09-26
2587,1,50.1254,2.1049,10.7453,40.1064,1,Natanael Wildner Fraga,2026-09-26
2588,1,25.3781,0.1948,5.3230,18.0732,1,Natanael Wildner Fraga,2026-09-26
2589,2,110.7292,7.1013,25.0507,99.5556,2,Natanael Wildner Fraga,2026-09-26
2590,2,106.5911,6.6772,22.3455,93.4877,2,Natanael Wildner Fraga,2026-09-26
2591,2,110.0479,6.8271,23.9303,92.7738,2,Natanael Wildner Fraga,2026-09-26
2592,3,104.9861,6.8167,24.4291,97.5247,3,Natanael Wildner Fraga,2026-09-26
2593,2,105.8977,6.5736,24.0557,91.5373,2,Natanael Wildner Fraga,2026-09-26
2594,2,103.7042,6.4904,23.2105,91.9410,2,Natanael Wildner Fraga,2026-09-26
2595,2,106.5521,6.5936,21.8579,91.1625,2,Natanael Wildner Fraga,2026-09-26
2596,2,103.2243,6.5174,18.3724,92.9502,2,Natanael Wildner Fraga,2026-09-26
2597,2,106.6133,6.5665,20.3217,90.2010,2,Natanael Wildner Fraga,2026-09-26
2598,2,109.3704,6.7019,22.9363,89.5485,2,Natanael Wildner Fraga,2026-09-26
2599,2,102.6521,6.5063,21.0431,93.1154,2,Natanael Wildner Fraga,2026-09-26
2600,2,101.9391,6.3090,20.8534,89.3375,2,Natanael Wildner Fraga,2026-09-26
2601,2,101.5615,6.4294,18.8534,92.2955,2,Natanael Wildner Fraga,2026-09-26
2602,2,101.8196,6.2395,18.0919,87.6214,2,Natanael Wildner Fraga,2026-09-26
2603,2,101.4495,6.3765,21.2599,91.3195,2,Natanael Wildner Fraga,2026-09-26
2604,2,102.5947,6.2633,22.3706,87.1920,2,Natanael Wildner Fraga,2026-09-26
2605,2,102.3282,6.2053,21.7137,85.7826,2,Natanael Wildner Fraga,2026-09-26
2606,2,101.2067,6.1591,21.6741,86.1531,2,Natanael Wildner Fraga,2026-09-26
2607,2,100.8602,6.2300,23.1095,88.5320,2,Natanael Wildner Fraga,2026-09-26
2608,2,99.3478,6.0200,20.9962,84.7622,2,Natanael Wildner Fraga,2026-09-26
2609,2,98.0590,6.1367,21.2031,88.7782,2,Natanael Wildner Fraga,2026-09-26
2610,2,107.8516,6.4688,22.1807,83.3223,2,Natanael Wildner Fraga,2026-09-26
2611,2,97.7467,5.9006,19.8488,83.5645,2,Natanael Wildner Fraga,2026-09-26
2612,2,97.1573,5.9450,20.8814,85.3992,2,Natanael Wildner Fraga,2026-09-26
2613,2,107.0326,6.4047,22.0100,82.7082,2,Natanael Wildner Fraga,2026-09-26
2614,2,96.4694,5.8056,21.0841,82.6094,2,Natanael Wildner Fraga,2026-09-26
2615,2,96.2356,6.0709,19.1267,88.4982,2,Natanael Wildner Fraga,2026-09-26
2616,2,95.2788,5.9997,20.5474,87.6838,2,Natanael Wildner Fraga,2026-09-26
2617,2,97.6928,5.8330,19.9354,81.6013,2,Natanael Wildner Fraga,2026-09-26
2618,2,95.5772,5.7395,19.6435,81.9424,2,Natanael Wildner Fraga,2026-09-26
2619,2,95.0092,5.8062,19.3745,84.1661,2,Natanael Wildner Fraga,2026-09-26
2620,2,93.8583,5.7719,20.6329,84.2908,2,Natanael Wildner Fraga,2026-09-26
2621,2,104.7012,6.2226,20.8310,80.9598,2,Natanael Wildner Fraga,2026-09-26
2622,2,93.1741,5.7801,20.9719,84.8215,2,Natanael Wildner Fraga,2026-09-26
2623,2,92.2270,5.5718,20.4630,81.3276,2,Natanael Wildner Fraga,2026-09-26
2624,2,92.1650,5.6367,18.4305,82.7127,2,Natanael Wildner Fraga,2026-09-26
2625,2,91.9396,5.5871,20.5000,81.8742,2,Natanael Wildner Fraga,2026-09-26
2626,2,93.4642,5.4887,18.5144,77.6299,2,Natanael Wildner Fraga,2026-09-26
2627,2,91.6188,5.4477,18.5561,78.9850,2,Natanael Wildner Fraga,2026-09-26
2628,2,91.2600,5.5210,19.6124,80.9987,2,Natanael Wildner Fraga,2026-09-26
2629,2,92.4584,5.4129,20.5009,76.8769,2,Natanael Wildner Fraga,2026-09-26
2630,2,60.8099,3.1141,13.1286,52.9936,2,Natanael Wildner Fraga,2026-09-26
2631,2,89.0793,5.3062,17.3148,78.1071,2,Natanael Wildner Fraga,2026-09-26
2632,2,88.7902,5.4294,20.5762,80.6928,2,Natanael Wildner Fraga,2026-09-26
2633,2,89.3504,5.2819,18.8857,77.2915,2,Natanael Wildner Fraga,2026-09-26
2634,2,94.0384,5.4723,19.1151,76.0339,2,Natanael Wildner Fraga,2026-09-26
2635,2,76.0628,4.3732,12.7847,68.0423,2,Natanael Wildner Fraga,2026-09-26
2636,2,87.4651,5.3341,18.1594,79.6273,2,Natanael Wildner Fraga,2026-09-26
2637,2,64.3662,3.3850,12.6394,56.1119,2,Natanael Wildner Fraga,2026-09-26
2638,2,87.1680,5.1693,19.9465,76.6808,2,Natanael Wildner Fraga,2026-09-26
2639,2,60.5554,3.1141,12.4431,53.0932,2,Natanael Wildner Fraga,2026-09-26
2640,2,96.5969,5.5387,18.7373,72.4487,2,Natanael Wildner Fraga,2026-09-26
2641,2,85.9456,5.1043,18.6363,76.2160,2,Natanael Wildner Fraga,2026-09-26
2642,2,76.4790,4.4248,14.7741,68.7459,2,Natanael Wildner Fraga,2026-09-26
2643,2,84.7455,5.0610,17.0552,76.0939,2,Natanael Wildner Fraga,2026-09-26
2644,2,63.7099,3.3748,14.4066,56.2123,2,Natanael Wildner Fraga,2026-09-26
2645,2,47.4304,1.8483,10.4671,36.7384,2,Natanael Wildner Fraga,2026-09-26
2646,2,88.0850,5.0195,17.1776,71.5736,2,Natanael Wildner Fraga,2026-09-26
2647,2,84.1672,4.9322,19.2315,73.9535,2,Natanael Wildner Fraga,2026-09-26
2648,2,85.9939,4.9293,18.4506,72.0400,2,Natanael Wildner Fraga,2026-09-26
2649,2,66.3728,3.4953,14.1012,57.0741,2,Natanael Wildner Fraga,2026-09-26
2650,2,83.1169,4.9915,18.8859,75.6102,2,Natanael Wildner Fraga,2026-09-26
2651,2,31.7815,0.7039,9.1670,24.1148,2,Natanael Wildner Fraga,2026-09-26
2652,2,93.4012,5.3735,13.8237,73.6754,2,Natanael Wildner Fraga,2026-09-26
2653,2,86.1638,4.8742,18.8550,70.1349,2,Natanael Wildner Fraga,2026-09-26
2654,2,39.3286,1.3313,9.1136,31.6360,2,Natanael Wildner Fraga,2026-09-26
2655,2,81.6226,4.8550,16.4626,73.9167,2,Natanael Wildner Fraga,2026-09-26
2656,2,82.4204,4.7825,13.2544,72.1203,2,Natanael Wildner Fraga,2026-09-26
2657,2,62.4189,2.9356,13.7051,47.6287,2,Natanael Wildner Fraga,2026-09-26
2658,2,35.2161,0.6782,8.9660,20.7045,2,Natanael Wildner Fraga,2026-09-26
2659,2,81.3533,4.7155,15.9725,71.5024,2,Natanael Wildner Fraga,2026-09-26
2660,2,65.6454,3.3146,13.4326,53.7821,2,Natanael Wildner Fraga,2026-09-26
2661,2,30.7062,0.5625,8.8730,22.1405,2,Natanael Wildner Fraga,2026-09-26
2662,2,67.1354,3.6626,13.3985,59.6768,2,Natanael Wildner Fraga,2026-09-26
2663,2,34.8234,0.7098,8.8345,22.0634,2,Natanael Wildner Fraga,2026-09-26
2664,2,14.1555,-0.7604,6.5639,6.5639,2,David Renshaw,2026-09-26
2665,2,81.1837,4.6377,17.2540,69.9754,2,Natanael Wildner Fraga,2026-09-26
2666,2,80.1672,4.6742,16.0858,71.4199,2,Natanael Wildner Fraga,2026-09-26
2667,2,14.5794,-0.7204,7.0656,7.0656,2,David Renshaw,2026-09-26
2668,2,78.3211,4.2863,16.5164,64.2657,2,Natanael Wildner Fraga,2026-09-26
2669,3,16.9784,-0.4641,10.1940,10.1940,3,David Renshaw,2026-09-26
2670,2,89.9831,4.9382,18.0530,63.3289,2,Natanael Wildner Fraga,2026-09-26
2671,2,36.6278,1.0701,8.5399,28.3134,2,Natanael Wildner Fraga,2026-09-26
2672,3,17.1412,-0.4771,10.0204,10.0204,3,David Renshaw,2026-09-26
2673,2,29.2358,0.4476,8.2060,20.8065,2,Natanael Wildner Fraga,2026-09-26
2674,2,74.2929,4.1465,15.7526,64.8253,2,Natanael Wildner Fraga,2026-09-26
2675,2,81.2150,4.2504,16.2259,56.7532,2,Natanael Wildner Fraga,2026-09-26
2676,3,17.7483,-0.4774,9.9732,9.9732,3,David Renshaw,2026-09-26
2677,2,28.6163,0.4523,8.0907,21.1512,2,Natanael Wildner Fraga,2026-09-26
2678,2,71.3392,3.8619,15.3279,61.0982,2,Natanael Wildner Fraga,2026-09-26
2679,1,18.3144,-0.4262,5.2575,10.5150,1,David Renshaw,2026-09-26
2680,3,54.8714,2.4599,13.4364,43.9952,3,Natanael Wildner Fraga,2026-09-26
2681,3,47.3236,1.9397,13.3287,38.6203,3,Natanael Wildner Fraga,2026-09-26
2682,3,97.9001,5.8373,21.6849,81.3859,3,Natanael Wildner Fraga,2026-09-26
2683,3,38.5177,1.2118,12.7640,29.9224,3,David Renshaw,2026-09-26
2684,3,46.6537,1.9539,13.3187,39.1642,3,Natanael Wildner Fraga,2026-09-26
2685,3,96.3805,6.0081,21.6132,87.3127,3,Natanael Wildner Fraga,2026-09-26
2686,1,13.1833,-0.8353,4.5951,5.6937,1,David Renshaw,2026-09-26
2687,3,39.6888,1.2134,13.2222,29.2170,3,Natanael Wildner Fraga,2026-09-26
2688,3,115.8815,7.7132,21.2659,108.2301,3,Natanael Wildner Fraga,2026-09-26
2689,3,18.5342,-0.3977,11.0785,11.0785,3,Natanael Wildner Fraga,2026-09-26
2690,1,28.4091,0.3207,7.0519,18.8995,1,David Renshaw,2026-09-26
2691,3,158.3278,11.2061,34.7151,149.9613,3,Natanael Wildner Fraga,2026-09-26
2692,3,171.2165,11.7864,34.5617,148.4470,3,Natanael Wildner Fraga,2026-09-26
2693,1,29.3865,0.4220,6.6320,20.2570,1,David Renshaw,2026-09-26
2694,3,101.5546,6.2254,20.9402,87.5819,3,Natanael Wildner Fraga,2026-09-26
2695,3,157.6975,11.1645,32.8036,149.5362,3,Natanael Wildner Fraga,2026-09-26
2696,3,158.6820,10.9587,33.9229,143.9262,3,Natanael Wildner Fraga,2026-09-26
2697,1,30.5106,0.4620,6.4968,20.3207,1,David Renshaw,2026-09-26
2698,3,20.7500,-0.3673,10.2318,10.2318,3,Natanael Wildner Fraga,2026-09-26
2699,3,96.2597,5.9695,20.7141,86.6443,3,Natanael Wildner Fraga,2026-09-26
2700,3,51.3582,2.2437,13.1288,42.0529,3,Natanael Wildner Fraga,2026-09-26
2701,2,42.1727,1.5765,10.8766,34.6158,2,David Renshaw,2026-09-26
2702,3,18.2903,-0.4293,10.5719,10.5719,3,Natanael Wildner Fraga,2026-09-26
2703,3,167.7242,12.0461,30.6870,160.2805,3,Natanael Wildner Fraga,2026-09-26
2704,3,23.2925,-0.2651,10.1724,10.1724,3,Natanael Wildner Fraga,2026-09-26
2705,2,43.6180,1.3774,10.9016,29.0784,2,David Renshaw,2026-09-26
2706,3,88.8933,5.3153,20.6423,78.4536,3,Natanael Wildner Fraga,2026-09-26
2707,3,18.2122,-0.4150,10.7430,10.7430,3,Natanael Wildner Fraga,2026-09-26
2708,3,51.7519,2.0353,13.0149,36.6190,3,David Renshaw,2026-09-26
2709,3,149.9249,10.5511,32.8480,142.4413,3,Natanael Wildner Fraga,2026-09-26
2710,3,98.6439,6.1863,20.5964,89.3784,3,Natanael Wildner Fraga,2026-09-26
2711,3,18.0586,-0.4424,10.4655,10.4655,3,Natanael Wildner Fraga,2026-09-26
2712,1,25.6453,0.0333,5.7366,14.9706,1,David Renshaw,2026-09-26
2713,3,17.8823,-0.4585,10.2601,10.2601,3,Natanael Wildner Fraga,2026-09-26
2714,3,39.9980,1.3989,13.0325,32.5027,3,Natanael Wildner Fraga,2026-09-26
2715,1,38.1625,1.0826,7.5878,27.6212,1,David Renshaw,2026-09-26
2716,3,88.1424,5.1448,20.3326,75.1710,3,Natanael Wildner Fraga,2026-09-26
2717,3,44.6359,1.6244,12.7512,34.1373,3,Natanael Wildner Fraga,2026-09-26
2718,3,107.8011,6.7420,23.4766,93.7181,3,Natanael Wildner Fraga,2026-09-26
2719,1,39.7320,1.3768,8.3124,32.2376,1,David Renshaw,2026-09-26
2720,3,46.1642,1.7821,12.5412,36.2939,3,Natanael Wildner Fraga,2026-09-26
2721,4,364.9276,27.8219,75.2205,336.7178,4,Natanael Wildner Fraga,2026-09-26
2722,1,41.9207,1.2177,7.4265,26.8405,1,David Renshaw,2026-09-26
2723,4,338.3894,25.8507,71.7985,320.9450,4,Natanael Wildner Fraga,2026-09-26
2724,4,334.0388,25.8939,71.2525,326.5545,4,Natanael Wildner Fraga,2026-09-26
2725,1,44.2759,1.5471,7.7706,32.7298,1,David Renshaw,2026-09-26
2726,4,344.9285,26.4415,70.5879,329.0153,4,Natanael Wildner Fraga,2026-09-26
2727,4,328.8838,25.4650,71.4146,321.4306,4,Natanael Wildner Fraga,2026-09-26
2728,4,339.8942,25.7433,70.1721,312.1060,4,Natanael Wildner Fraga,2026-09-26
2729,1,61.5469,3.2043,12.9425,54.2576,1,David Renshaw,2026-09-26
2730,4,329.3324,25.3823,68.8076,319.5320,4,Natanael Wildner Fraga,2026-09-26
2731,4,335.1257,25.7676,70.6758,323.1747,4,Natanael Wildner Fraga,2026-09-26
2732,1,62.6043,2.9997,11.7615,49.1853,1,David Renshaw,2026-09-26
2733,4,314.2586,23.7246,61.4764,292.2942,4,Natanael Wildner Fraga,2026-09-26
2734,4,303.5213,23.2223,64.5062,293.5251,4,Natanael Wildner Fraga,2026-09-26
2735,4,321.6251,24.0315,65.8186,281.0411,4,Natanael Wildner Fraga,2026-09-26
2736,1,74.0170,3.8310,11.6843,56.9635,1,David Renshaw,2026-09-26
2737,4,295.2554,22.4515,60.5535,283.4586,4,Natanael Wildner Fraga,2026-09-26
2738,4,147.9382,10.3895,35.2820,140.3682,4,Natanael Wildner Fraga,2026-09-26
2739,1,78.7407,4.1312,12.9055,58.1847,1,David Renshaw,2026-09-26
2740,4,310.4426,23.1918,60.7043,276.6904,4,Natanael Wildner Fraga,2026-09-26
2741,4,310.1312,23.5214,60.2429,293.5570,4,Natanael Wildner Fraga,2026-09-26
2742,4,281.5649,21.2823,60.8629,269.0766,4,Natanael Wildner Fraga,2026-09-26
2743,2,14.5337,-0.7081,7.3018,7.3018,2,David Renshaw,2026-09-26
2744,4,149.7767,10.2721,35.0236,136.5706,4,Natanael Wildner Fraga,2026-09-26
2745,4,85.7315,5.2071,21.6105,78.1877,4,Natanael Wildner Fraga,2026-09-26
2746,4,290.2687,22.2468,60.1340,282.8141,4,Natanael Wildner Fraga,2026-09-26
2747,2,14.9302,-0.6925,7.3945,7.3945,2,David Renshaw,2026-09-26
2748,4,278.8411,21.2800,60.7607,271.0584,4,Natanael Wildner Fraga,2026-09-26
2749,4,65.4379,3.2376,21.4375,52.0653,4,Natanael Wildner Fraga,2026-09-26
2750,2,15.0011,-0.6921,7.5353,7.5353,2,David Renshaw,2026-09-26
2751,4,146.0034,10.2289,33.9803,138.4447,4,Natanael Wildner Fraga,2026-09-26
2752,4,24.0903,-0.0009,13.9196,15.3059,4,Natanael Wildner Fraga,2026-09-26
2753,4,76.8640,4.4537,20.8491,69.0780,4,Natanael Wildner Fraga,2026-09-26
2754,4,292.6387,22.3390,58.8924,283.1296,4,Natanael Wildner Fraga,2026-09-26
2755,4,300.8775,22.6856,58.8924,282.0134,4,Natanael Wildner Fraga,2026-09-26
2756,4,147.6733,9.9462,33.9708,129.8247,4,Natanael Wildner Fraga,2026-09-26
2757,4,66.0469,3.5715,20.6322,58.5818,4,Natanael Wildner Fraga,2026-09-26
2758,1,19.3514,-0.3211,5.9322,11.8645,1,David Renshaw,2026-09-26
2759,4,161.3424,11.4225,33.8525,152.2924,4,Natanael Wildner Fraga,2026-09-26
2760,4,65.2163,3.2308,19.8129,52.1527,4,Natanael Wildner Fraga,2026-09-26
2761,4,277.8038,20.7675,58.8780,259.1183,4,Natanael Wildner Fraga,2026-09-26
2762,1,19.6014,-0.4052,6.5103,10.2479,1,David Renshaw,2026-09-26
2763,4,157.6478,10.8454,33.7834,142.0685,4,Natanael Wildner Fraga,2026-09-26
2764,4,144.6886,9.6520,33.7135,125.1411,4,Natanael Wildner Fraga,2026-09-26
2765,4,87.2292,4.9643,22.0877,71.2420,4,Natanael Wildner Fraga,2026-09-26
2766,1,19.6014,-0.4052,6.5103,10.2479,1,David Renshaw,2026-09-26
2767,4,38.7392,1.1241,15.8434,28.0559,4,Natanael Wildner Fraga,2026-09-26
2768,4,58.9280,2.9508,18.6986,51.0019,4,Natanael Wildner Fraga,2026-09-26
2769,1,19.9932,-0.2772,5.4806,12.3476,1,David Renshaw,2026-09-26
2770,4,275.4825,20.8962,58.1282,265.6970,4,Natanael Wildner Fraga,2026-09-26
2771,4,286.5068,21.6265,60.7607,272.2083,4,Natanael Wildner Fraga,2026-09-26
2772,4,139.0995,9.6581,32.9214,131.6157,4,Natanael Wildner Fraga,2026-09-26
2773,1,21.0873,-0.3330,5.3471,10.6942,1,David Renshaw,2026-09-26
2774,4,26.3501,0.1668,13.7393,17.2050,4,Natanael Wildner Fraga,2026-09-26
2775,4,62.5560,3.1128,18.6483,51.9509,4,Natanael Wildner Fraga,2026-09-26
2776,2,24.4850,0.1030,9.8543,16.9360,2,David Renshaw,2026-09-26
2777,4,289.8800,21.6289,60.8629,264.9090,4,Natanael Wildner Fraga,2026-09-26
2778,4,22.2581,-0.0878,14.7767,14.7767,4,Natanael Wildner Fraga,2026-09-26
2779,2,25.8533,0.2114,9.1061,18.2122,2,David Renshaw,2026-09-26
2780,4,138.0095,9.5689,32.8649,130.5521,4,Natanael Wildner Fraga,2026-09-26
2781,4,94.4323,5.4104,22.0145,72.6728,4,Natanael Wildner Fraga,2026-09-26
2782,4,277.0347,21.1261,57.1001,269.1041,4,Natanael Wildner Fraga,2026-09-26
2783,2,26.0092,0.2342,9.2648,18.5297,2,David Renshaw,2026-09-26
2784,4,283.7582,21.2428,58.1282,264.2743,4,Natanael Wildner Fraga,2026-09-26
2785,4,22.1945,-0.1036,14.3831,14.3831,4,Natanael Wildner Fraga,2026-09-26
2786,4,27.0033,0.0898,13.6442,15.0305,4,Natanael Wildner Fraga,2026-09-26
2787,2,27.8152,0.2606,9.0481,18.0961,2,David Renshaw,2026-09-26
2788,4,22.0963,-0.1010,13.9484,14.6416,4,Natanael Wildner Fraga,2026-09-26
2789,4,275.9793,20.4684,54.9516,250.9036,4,Natanael Wildner Fraga,2026-09-26
2790,4,34.0931,0.8983,15.6717,26.6073,4,Natanael Wildner Fraga,2026-09-26
2791,3,36.9559,1.1453,13.1197,29.4583,3,David Renshaw,2026-09-26
2792,4,22.3081,-0.1211,14.0318,14.0318,4,Natanael Wildner Fraga,2026-09-26
2793,4,277.8663,21.1141,58.8780,268.4590,4,Natanael Wildner Fraga,2026-09-26
2794,4,315.7616,24.2528,67.0379,305.9906,4,Natanael Wildner Fraga,2026-09-26
2795,3,40.0891,1.3474,12.2047,31.5765,3,David Renshaw,2026-09-26
2796,4,275.9819,20.8150,54.9516,263.4414,4,Natanael Wildner Fraga,2026-09-26
2797,4,270.2793,20.5364,58.4968,261.9333,4,Natanael Wildner Fraga,2026-09-26
2798,2,17.2386,-0.5065,7.8055,9.5972,2,David Renshaw,2026-09-26
2799,4,21.9323,-0.1014,14.5970,14.5970,4,Natanael Wildner Fraga,2026-09-26
2800,4,63.1648,3.1043,18.2807,51.2156,4,Natanael Wildner Fraga,2026-09-26
2801,4,92.1897,5.3096,20.9989,73.8708,4,Natanael Wildner Fraga,2026-09-26
2802,2,18.4261,-0.4795,7.9102,9.5197,2,David Renshaw,2026-09-26
2803,4,264.4196,19.7297,54.5898,248.4179,4,Natanael Wildner Fraga,2026-09-26
2804,4,21.8503,-0.1125,14.3695,14.3695,4,Natanael Wildner Fraga,2026-09-26
2805,4,274.4747,20.7795,57.1001,264.0158,4,Natanael Wildner Fraga,2026-09-26
2806,2,18.9461,-0.4538,7.9164,9.7082,2,David Renshaw,2026-09-26
2807,4,241.2463,18.1616,51.6990,233.7905,4,Natanael Wildner Fraga,2026-09-26
2808,4,21.7775,-0.1294,14.2534,14.2534,4,Natanael Wildner Fraga,2026-09-26
2809,4,254.5240,19.2377,53.6888,246.4426,4,Natanael Wildner Fraga,2026-09-26
2810,3,25.0633,0.0272,11.8627,15.2639,3,David Renshaw,2026-09-26
2811,4,55.3366,2.5740,17.9539,46.0076,4,Natanael Wildner Fraga,2026-09-26
2812,4,65.4030,3.1122,17.9298,48.3166,4,Natanael Wildner Fraga,2026-09-26
2813,3,35.5846,0.9476,12.7843,26.6546,3,David Renshaw,2026-09-26
2814,4,41.9628,1.5544,15.3404,34.4851,4,Natanael Wildner Fraga,2026-09-26
2815,5,101.1013,6.4829,31.3841,93.6393,5,Natanael Wildner Fraga,2026-09-26
2816,5,101.5729,6.5374,31.3306,94.1795,5,Natanael Wildner Fraga,2026-09-26
2817,3,39.6684,0.9934,13.0120,23.4419,3,David Renshaw,2026-09-26
2818,5,79.1959,4.6411,24.5937,71.2915,5,Natanael Wildner Fraga,2026-09-26
2819,5,74.5018,4.1382,24.4470,64.5220,5,Natanael Wildner Fraga,2026-09-26
2820,3,41.2819,1.0074,13.0705,20.6316,3,David Renshaw,2026-09-26
2821,5,227.4256,16.9502,54.6680,218.7977,5,Natanael Wildner Fraga,2026-09-26
2822,5,54.0412,2.5765,20.8612,46.6482,5,Natanael Wildner Fraga,2026-09-26
2823,5,102.3733,6.4969,30.4527,93.1046,5,Natanael Wildner Fraga,2026-09-26
2824,3,41.8431,1.2135,12.9318,26.8291,3,David Renshaw,2026-09-26
2825,5,226.0891,16.3971,51.5649,204.9859,5,Natanael Wildner Fraga,2026-09-26
2826,5,219.6067,16.1980,50.8367,208.9506,5,Natanael Wildner Fraga,2026-09-26
2827,1,27.9150,0.3939,7.1341,20.4503,1,David Renshaw,2026-09-26
2828,5,225.7657,16.8744,49.9933,218.1843,5,Natanael Wildner Fraga,2026-09-26
2829,5,226.2632,16.6951,53.9461,214.2970,5,Natanael Wildner Fraga,2026-09-26
2830,5,233.5995,17.4234,49.0682,224.1767,5,Natanael Wildner Fraga,2026-09-26
2831,1,32.2916,0.5829,8.0504,21.5169,1,David Renshaw,2026-09-26
2832,5,218.4499,16.1876,51.3915,209.5442,5,Natanael Wildner Fraga,2026-09-26
2833,5,217.8340,16.1728,52.1400,209.5592,5,Natanael Wildner Fraga,2026-09-26
2834,2,43.7471,1.7051,9.7958,36.1474,2,David Renshaw,2026-09-26
2835,5,226.6756,16.8422,49.9639,217.1512,5,Natanael Wildner Fraga,2026-09-26
2836,5,103.9424,6.5162,30.1209,92.3236,5,Natanael Wildner Fraga,2026-09-26
2837,5,72.1697,4.0824,24.3371,64.7148,5,Natanael Wildner Fraga,2026-09-26
2838,2,44.9167,1.7326,9.9963,36.0934,2,David Renshaw,2026-09-26
2839,5,226.3386,16.3266,51.2725,201.0059,5,Natanael Wildner Fraga,2026-09-26
2840,5,211.3435,15.3328,49.5694,196.1580,5,Natanael Wildner Fraga,2026-09-26
2841,5,208.8921,15.2027,48.2351,195.8006,5,Natanael Wildner Fraga,2026-09-26
2842,1,20.6473,-0.1741,5.6168,13.6640,1,David Renshaw,2026-09-26
2843,5,226.8288,16.3298,47.2882,199.5177,5,Natanael Wildner Fraga,2026-09-26
2844,5,209.7607,15.5358,49.7703,202.2356,5,Natanael Wildner Fraga,2026-09-26
2845,3,52.3435,1.9170,12.6282,31.1834,3,David Renshaw,2026-09-26
2846,5,217.8845,15.8745,48.3208,202.5949,5,Natanael Wildner Fraga,2026-09-26
2847,5,211.0967,15.6146,49.6825,202.8778,5,Natanael Wildner Fraga,2026-09-26
2848,5,213.6419,15.4496,47.1043,196.0082,5,Natanael Wildner Fraga,2026-09-26
2849,1,43.6482,1.5300,9.8357,32.8902,1,David Renshaw,2026-09-26
2850,5,214.5645,15.7120,45.0365,202.4015,5,Natanael Wildner Fraga,2026-09-26
2851,5,209.9004,15.4148,48.2794,199.7864,5,Natanael Wildner Fraga,2026-09-26
2852,1,50.9045,1.8519,8.7450,31.9414,1,David Renshaw,2026-09-26
2853,5,260.1659,18.6552,54.1144,192.6254,5,Natanael Wildner Fraga,2026-09-26
2854,5,215.6853,15.9580,47.3988,206.7643,5,Natanael Wildner Fraga,2026-09-26
2855,5,204.0672,14.9690,48.2670,194.7736,5,Natanael Wildner Fraga,2026-09-26
2856,1,63.3662,3.1432,11.0312,51.9407,1,David Renshaw,2026-09-26
2857,5,199.8693,14.6370,47.1446,190.9218,5,Natanael Wildner Fraga,2026-09-26
2858,5,200.6911,14.6929,48.4774,191.4777,5,Natanael Wildner Fraga,2026-09-26
2859,5,201.9338,14.6591,47.5971,189.7603,5,Natanael Wildner Fraga,2026-09-26
2860,1,65.5593,3.0707,12.7919,46.5065,1,David Renshaw,2026-09-26
2861,5,214.5670,15.9155,46.5398,206.5521,5,Natanael Wildner Fraga,2026-09-26
2862,5,110.5410,6.9042,29.4411,94.4662,5,Natanael Wildner Fraga,2026-09-26
2863,5,75.3537,4.1383,23.6490,63.8355,5,Natanael Wildner Fraga,2026-09-26
2864,1,71.6729,3.4898,11.0312,48.8436,1,David Renshaw,2026-09-26
2865,6,299.8907,23.0065,70.6333,291.5386,6,Natanael Wildner Fraga,2026-09-26
2866,6,301.1141,23.1102,70.5080,292.7919,6,Natanael Wildner Fraga,2026-09-26
2867,1,19.7419,-0.2868,6.1420,12.2841,1,David Renshaw,2026-09-26
2868,6,276.4173,21.0619,63.4837,268.2673,6,Natanael Wildner Fraga,2026-09-26
2869,6,170.6545,12.2661,49.6554,162.9054,6,Natanael Wildner Fraga,2026-09-26
2870,6,62.4109,3.2523,25.6535,54.6754,6,Natanael Wildner Fraga,2026-09-26
2871,1,20.0275,-0.2809,6.1356,12.2711,1,David Renshaw,2026-09-26
2872,6,57.2649,2.8462,25.5219,49.8852,6,Natanael Wildner Fraga,2026-09-26
2873,6,158.1258,11.2430,46.6064,150.6310,6,Natanael Wildner Fraga,2026-09-26
2874,6,157.7132,11.1628,49.7178,149.4395,6,Natanael Wildner Fraga,2026-09-26
2875,1,20.7472,-0.2235,5.6630,12.9478,1,David Renshaw,2026-09-26
2876,6,161.2965,11.1362,45.3822,145.2969,6,Natanael Wildner Fraga,2026-09-26
2877,6,59.6416,3.0296,25.2034,52.0408,6,Natanael Wildner Fraga,2026-09-26
2878,1,21.2926,-0.2701,5.9135,11.8270,1,David Renshaw,2026-09-26
2879,6,78.8180,4.6258,35.1323,71.3633,6,Natanael Wildner Fraga,2026-09-26
2880,6,153.3686,10.5155,47.4279,138.5987,6,Natanael Wildner Fraga,2026-09-26
2881,6,149.2594,10.4207,47.4575,140.3048,6,Natanael Wildner Fraga,2026-09-26
2882,2,27.0965,0.3087,9.9625,19.3497,2,David Renshaw,2026-09-26
2883,6,143.6596,9.9392,43.0455,134.4262,6,Natanael Wildner Fraga,2026-09-26
2884,6,75.1838,4.3230,35.5124,67.7290,6,Natanael Wildner Fraga,2026-09-26
2885,2,27.3599,0.2728,10.6846,18.5967,2,David Renshaw,2026-09-26
2886,6,150.3787,10.5982,45.3353,143.0007,6,Natanael Wildner Fraga,2026-09-26
2887,7,183.4561,13.2756,55.5321,174.6286,7,Natanael Wildner Fraga,2026-09-26
2888,7,181.6612,13.1866,55.4291,173.9752,7,Natanael Wildner Fraga,2026-09-26
2889,2,28.8265,0.2250,9.6078,16.4430,2,David Renshaw,2026-09-26
2890,7,185.1951,12.9391,53.6415,161.8658,7,Natanael Wildner Fraga,2026-09-26
2891,7,198.9498,13.8461,55.8802,161.3075,7,Natanael Wildner Fraga,2026-09-26
2892,7,177.4165,12.8433,53.1828,169.8014,7,Natanael Wildner Fraga,2026-09-26
2893,2,28.5322,0.2636,8.8128,17.6257,2,David Renshaw,2026-09-26
2894,7,170.4859,12.2640,52.6834,162.8419,7,Natanael Wildner Fraga,2026-09-26
2895,7,174.1450,12.4036,54.3649,163.3608,7,Natanael Wildner Fraga,2026-09-26
2896,2,28.2295,0.2807,10.4966,18.2206,2,David Renshaw,2026-09-26
2897,7,169.3382,12.1692,54.1242,161.8667,7,Natanael Wildner Fraga,2026-09-26
2898,7,194.2329,14.2104,58.4384,186.0338,7,Natanael Wildner Fraga,2026-09-26
2899,1,13.6930,-0.7907,5.5452,6.2383,1,David Renshaw,2026-09-26
2900,7,187.7200,13.4818,52.5230,175.7242,7,Natanael Wildner Fraga,2026-09-26
2901,7,176.0421,12.7384,58.2753,168.5874,7,Natanael Wildner Fraga,2026-09-26
2902,7,190.9850,13.7176,54.6607,178.0804,7,Natanael Wildner Fraga,2026-09-26
2903,1,14.5794,-0.8365,4.9767,4.9767,1,David Renshaw,2026-09-26
2904,7,165.1389,11.7375,51.4253,156.0894,7,Natanael Wildner Fraga,2026-09-26
2905,7,191.1714,13.5172,58.4384,171.2951,7,Natanael Wildner Fraga,2026-09-26
2906,7,193.8093,14.2104,58.4384,186.3674,7,Natanael Wildner Fraga,2026-09-26
2907,1,15.3897,-0.7971,5.2204,5.2204,1,David Renshaw,2026-09-26
2908,7,168.1047,12.0570,54.3649,160.3169,7,Natanael Wildner Fraga,2026-09-26
2909,7,187.7830,13.7176,54.6607,180.3383,7,Natanael Wildner Fraga,2026-09-26
2910,7,182.3519,13.0245,54.6607,170.1096,7,Natanael Wildner Fraga,2026-09-26
2911,2,17.6820,-0.4131,8.5092,10.8117,2,David Renshaw,2026-09-26
2912,7,196.9944,14.4192,60.2211,188.4589,7,Natanael Wildner Fraga,2026-09-26
2913,7,159.3636,11.2315,49.8448,149.8138,7,Natanael Wildner Fraga,2026-09-26
2914,2,18.9461,-0.3779,8.4351,11.0742,2,David Renshaw,2026-09-26
2915,7,167.8217,11.8226,54.1242,155.7986,7,Natanael Wildner Fraga,2026-09-26
2916,7,175.5170,12.4328,49.8107,162.7224,7,Natanael Wildner Fraga,2026-09-26
2917,7,183.8319,12.7794,49.8107,158.2482,7,Natanael Wildner Fraga,2026-09-26
2918,2,21.4474,-0.4118,7.8168,8.5100,2,David Renshaw,2026-09-26
2919,7,72.6383,4.1113,31.5090,65.1856,7,Natanael Wildner Fraga,2026-09-26
2920,7,163.2074,11.4533,49.1689,151.5485,7,Natanael Wildner Fraga,2026-09-26
2921,7,189.1732,13.8366,59.8511,181.7690,7,Natanael Wildner Fraga,2026-09-26
2922,3,24.2730,0.0627,12.3370,16.3443,3,David Renshaw,2026-09-26
2923,7,94.1832,5.9063,45.0122,86.7285,7,Natanael Wildner Fraga,2026-09-26
2924,7,194.2936,13.9222,59.4890,179.4158,7,Natanael Wildner Fraga,2026-09-26
2925,3,24.5063,0.1038,12.6929,16.9414,3,David Renshaw,2026-09-26
2926,7,202.3730,14.8675,61.1459,193.7972,7,Natanael Wildner Fraga,2026-09-26
2927,7,192.7865,14.0595,59.4662,184.0804,7,Natanael Wildner Fraga,2026-09-26
2928,7,111.8175,7.3627,41.3789,103.9669,7,Natanael Wildner Fraga,2026-09-26
2929,3,24.7346,0.1283,12.2780,17.2616,3,David Renshaw,2026-09-26
2930,7,191.2060,13.8638,58.4384,181.2321,7,Natanael Wildner Fraga,2026-09-26
2931,7,178.2336,12.8809,55.8808,170.1662,7,Natanael Wildner Fraga,2026-09-26
2932,7,115.6757,7.5483,40.2616,105.2589,7,Natanael Wildner Fraga,2026-09-26
2933,3,25.0349,0.1151,12.7402,16.9146,3,David Renshaw,2026-09-26
2934,7,183.6408,13.3710,54.6607,176.1761,7,Natanael Wildner Fraga,2026-09-26
2935,7,170.6356,12.0819,52.7429,159.2013,7,Natanael Wildner Fraga,2026-09-26
2936,3,25.0520,0.0400,11.9979,15.5243,3,David Renshaw,2026-09-26
2937,7,163.1149,11.6487,47.1559,155.5897,7,Natanael Wildner Fraga,2026-09-26
2938,7,106.2626,6.8107,40.0539,96.7952,7,Natanael Wildner Fraga,2026-09-26
2939,7,112.4732,7.3660,39.7180,103.7181,7,Natanael Wildner Fraga,2026-09-26
2940,3,25.2121,0.1301,12.5417,17.0956,3,David Renshaw,2026-09-26
2941,8,299.3433,22.5324,90.3181,279.5003,8,Natanael Wildner Fraga,2026-09-26
2942,8,295.0709,22.5388,90.1194,285.5042,8,Natanael Wildner Fraga,2026-09-26
2943,8,284.8116,21.7989,91.3068,277.4136,8,Natanael Wildner Fraga,2026-09-26
2944,3,27.0652,0.1014,12.1544,15.2454,3,David Renshaw,2026-09-26
2945,8,280.9396,21.4819,89.8418,273.5980,8,Natanael Wildner Fraga,2026-09-26
2946,8,299.8486,23.0315,88.2912,292.0843,8,Natanael Wildner Fraga,2026-09-26
2947,2,22.5283,-0.0650,9.1847,15.0736,2,David Renshaw,2026-09-26
2948,8,289.1226,21.9032,88.1645,276.4106,8,Natanael Wildner Fraga,2026-09-26
2949,8,284.3616,21.7180,91.4798,276.1652,8,Natanael Wildner Fraga,2026-09-26
2950,8,304.8322,22.7895,94.6081,275.2084,8,Natanael Wildner Fraga,2026-09-26
2951,2,24.0588,0.0079,8.7472,15.4818,2,David Renshaw,2026-09-26
2952,8,283.4172,21.5207,86.3337,272.8807,8,Natanael Wildner Fraga,2026-09-26
2953,8,275.1145,20.9944,86.1830,267.6597,8,Natanael Wildner Fraga,2026-09-26
2954,2,24.3553,0.0873,10.0982,16.9006,2,David Renshaw,2026-09-26
2955,8,291.6317,21.8694,85.8004,270.9642,8,Natanael Wildner Fraga,2026-09-26
2956,8,280.7524,21.4608,87.1509,273.2397,8,Natanael Wildner Fraga,2026-09-26
2957,8,273.2468,20.7085,78.7319,263.4471,8,Natanael Wildner Fraga,2026-09-26
2958,2,24.8658,0.1300,10.3496,17.4024,2,David Renshaw,2026-09-26
2959,8,290.0441,22.2028,83.8042,282.0588,8,Natanael Wildner Fraga,2026-09-26
2960,1,30.8061,0.6353,7.4265,23.3501,1,David Renshaw,2026-09-26
2961,1,31.0183,0.6111,7.6889,22.8532,1,David Renshaw,2026-09-26
2962,8,273.7856,20.5925,84.2312,260.2134,8,Natanael Wildner Fraga,2026-09-26
2963,1,39.9826,0.9441,6.4118,21.1099,1,David Renshaw,2026-09-26
2964,8,271.4623,20.3934,87.2469,257.7413,8,Natanael Wildner Fraga,2026-09-26
2965,8,277.4492,21.1510,83.5979,269.4222,8,Natanael Wildner Fraga,2026-09-26
2966,2,43.9626,1.6787,12.4784,35.6028,2,David Renshaw,2026-09-26
2967,8,269.1987,20.3640,83.1672,259.2406,8,Natanael Wildner Fraga,2026-09-26
2968,8,267.8044,20.4068,85.6839,260.6702,8,Natanael Wildner Fraga,2026-09-26
2969,2,44.7627,1.6854,11.5812,35.2900,2,David Renshaw,2026-09-26
2970,8,268.6300,20.0727,80.9602,252.3749,8,Natanael Wildner Fraga,2026-09-26
2971,2,47.3265,1.7606,11.5356,34.7928,2,David Renshaw,2026-09-26
2972,8,260.1149,19.7269,83.6156,252.4785,8,Natanael Wildner Fraga,2026-09-26
2973,8,277.7834,21.2064,80.1031,270.3211,8,Natanael Wildner Fraga,2026-09-26
2974,2,57.8432,2.2954,9.8556,33.0169,2,David Renshaw,2026-09-26
2975,8,258.3123,19.3223,82.4865,245.2550,8,Natanael Wildner Fraga,2026-09-26
2976,1,19.6122,-0.3078,6.6333,12.1548,1,David Renshaw,2026-09-26
2977,8,261.2187,19.7051,81.3834,251.3965,8,Natanael Wildner Fraga,2026-09-26
2978,1,20.3972,-0.2578,6.6733,12.5110,1,David Renshaw,2026-09-26
2979,8,284.0626,21.1597,77.9391,259.8591,8,Natanael Wildner Fraga,2026-09-26
2980,8,267.0245,19.8789,83.9578,248.6971,8,Natanael Wildner Fraga,2026-09-26
2981,1,20.4502,-0.2839,6.0822,12.0329,1,David Renshaw,2026-09-26
2982,8,258.6731,19.6161,80.0410,251.2342,8,Natanael Wildner Fraga,2026-09-26
2983,8,259.7308,19.3997,74.7106,245.5601,8,Natanael Wildner Fraga,2026-09-26
2984,1,20.4558,-0.2616,6.6554,12.4932,1,David Renshaw,2026-09-26
2985,8,249.9225,18.8735,78.8636,242.2058,8,Natanael Wildner Fraga,2026-09-26
2986,8,259.1759,19.2939,77.8617,243.2132,8,Natanael Wildner Fraga,2026-09-26
2987,1,20.5407,-0.2305,6.3135,13.0751,1,David Renshaw,2026-09-26
2988,8,247.5962,18.4768,78.3734,235.7248,8,Natanael Wildner Fraga,2026-09-26
2989,8,257.7711,19.5222,77.3226,249.9516,8,Natanael Wildner Fraga,2026-09-26
2990,1,24.2137,-0.2920,6.1203,8.0662,1,David Renshaw,2026-09-26
2991,8,245.7903,18.3813,77.4794,235.1646,8,Natanael Wildner Fraga,2026-09-26
2992,8,253.6304,19.1169,77.1597,244.6502,8,Natanael Wildner Fraga,2026-09-26
2993,2,28.4531,0.4827,10.0219,21.5633,2,David Renshaw,2026-09-26
2994,8,253.1959,18.9854,76.6703,242.2919,8,Natanael Wildner Fraga,2026-09-26
2995,8,245.5388,18.5258,75.8484,238.1379,8,Natanael Wildner Fraga,2026-09-26
2996,2,28.5515,0.4497,10.4316,21.2108,2,David Renshaw,2026-09-26
2997,8,240.6457,17.8468,77.4980,227.5022,8,Natanael Wildner Fraga,2026-09-26
2998,8,244.6961,18.4591,73.2029,237.2335,8,Natanael Wildner Fraga,2026-09-26
2999,2,29.3932,0.5015,10.5862,21.7867,2,David Renshaw,2026-09-26
3000,8,235.6260,17.3956,72.6629,221.5860,8,Natanael Wildner Fraga,2026-09-26
3001,8,231.8354,17.3392,72.6370,223.5536,8,Natanael Wildner Fraga,2026-09-26
3002,8,237.6083,17.7874,73.7246,228.7333,8,Natanael Wildner Fraga,2026-09-26
3003,2,29.6038,0.5308,10.8466,22.1990,2,David Renshaw,2026-09-26
3004,8,263.0609,19.5726,72.2953,245.5924,8,Natanael Wildner Fraga,2026-09-26
3005,8,235.0314,17.1828,70.2009,215.5686,8,Natanael Wildner Fraga,2026-09-26
3006,2,37.1989,1.2160,11.3796,30.3593,2,David Renshaw,2026-09-26
3007,8,237.1955,17.4508,72.5308,220.8626,8,Natanael Wildner Fraga,2026-09-26
3008,8,232.2344,17.0139,71.6624,215.1170,8,Natanael Wildner Fraga,2026-09-26
3009,13,155.3831,10.5913,89.8066,137.6271,13,Steps Unbounded,2026-09-26
3010,8,249.3007,18.0456,74.1023,211.9248,8,Natanael Wildner Fraga,2026-09-26
3011,2,38.9350,1.3051,11.9387,31.5001,2,David Renshaw,2026-09-26
3012,8,222.5301,16.5405,69.7664,213.8316,8,Natanael Wildner Fraga,2026-09-26
3013,8,246.4285,18.5962,69.6533,238.8457,8,Natanael Wildner Fraga,2026-09-26
3014,2,39.6902,1.3624,12.2926,32.1440,2,David Renshaw,2026-09-26
3015,8,227.7217,16.6372,69.5077,210.5830,8,Natanael Wildner Fraga,2026-09-26
3016,8,219.5031,16.3516,70.1624,212.0616,8,Natanael Wildner Fraga,2026-09-26
3017,8,78.9327,4.6366,38.8940,71.4851,8,Natanael Wildner Fraga,2026-09-26
3018,1,23.7700,0.0405,6.7685,16.1736,1,David Renshaw,2026-09-26
3019,8,74.5686,4.2566,38.7155,66.6832,8,Natanael Wildner Fraga,2026-09-26
3020,8,217.3934,15.9304,65.8753,204.7971,8,Natanael Wildner Fraga,2026-09-26
3021,8,256.1032,19.2367,79.7480,245.3958,8,Natanael Wildner Fraga,2026-09-26
3022,1,26.6659,0.1356,7.3840,16.3510,1,David Renshaw,2026-09-26
3023,8,214.8681,15.6426,65.5254,200.1623,8,Natanael Wildner Fraga,2026-09-26
3024,8,77.0651,4.4592,38.3028,69.0881,8,Natanael Wildner Fraga,2026-09-26
3025,1,27.9734,0.1148,6.8134,14.5824,1,David Renshaw,2026-09-26
3026,8,213.4858,15.7564,65.5610,204.2206,8,Natanael Wildner Fraga,2026-09-26
3027,8,232.4446,17.3957,70.7732,224.2630,8,Natanael Wildner Fraga,2026-09-26
3028,8,237.1954,17.1042,72.5308,204.5297,8,Natanael Wildner Fraga,2026-09-26
3029,1,29.1702,0.1907,7.1389,15.1250,1,David Renshaw,2026-09-26
3030,8,75.3301,4.3386,37.9801,67.9005,8,Natanael Wildner Fraga,2026-09-26
3031,8,228.9153,17.0524,72.5165,219.8697,8,Natanael Wildner Fraga,2026-09-26
3032,1,33.9394,0.3799,5.7366,12.6363,1,David Renshaw,2026-09-26
3033,8,237.8984,17.5514,71.5759,222.8851,8,Natanael Wildner Fraga,2026-09-26
3034,8,221.4500,16.4584,64.5996,212.8940,8,Natanael Wildner Fraga,2026-09-26
3035,8,217.8774,16.1118,64.5996,208.4075,8,Natanael Wildner Fraga,2026-09-26
3036,2,37.8721,1.1467,11.3722,29.0707,2,David Renshaw,2026-09-26
3037,8,216.8954,16.0050,70.1624,206.9300,8,Natanael Wildner Fraga,2026-09-26
3038,8,186.9560,13.6022,55.7354,178.7253,8,Natanael Wildner Fraga,2026-09-26
3039,8,228.6279,16.9508,69.6584,217.9946,8,Natanael Wildner Fraga,2026-09-26
3040,2,38.0456,1.2244,9.9100,30.4794,2,David Renshaw,2026-09-26
3041,8,231.7617,17.0880,68.8693,218.1205,8,Natanael Wildner Fraga,2026-09-26
3042,8,220.6260,16.2068,69.1557,208.2083,8,Natanael Wildner Fraga,2026-09-26
3043,2,38.4193,1.2588,11.6564,30.7817,2,David Renshaw,2026-09-26
3044,8,220.9812,16.2068,67.6989,207.8037,8,Natanael Wildner Fraga,2026-09-26
3045,8,214.7532,15.6904,62.4873,201.6418,8,Natanael Wildner Fraga,2026-09-26
3046,8,76.1270,4.3725,37.9140,68.0679,8,Natanael Wildner Fraga,2026-09-26
3047,2,38.6245,1.2821,10.6743,31.0898,2,David Renshaw,2026-09-26
3048,8,218.4177,16.2673,69.6123,210.9234,8,Natanael Wildner Fraga,2026-09-26
3049,8,210.1867,15.5838,65.8753,202.7320,8,Natanael Wildner Fraga,2026-09-26
3050,1,44.5081,1.8074,8.9688,37.4697,1,David Renshaw,2026-09-26
3051,8,241.3987,18.0042,66.3562,230.5303,8,Natanael Wildner Fraga,2026-09-26
3052,8,183.8415,12.9090,55.7354,164.0689,8,Natanael Wildner Fraga,2026-09-26
3053,8,186.5072,13.6022,55.7354,179.0677,8,Natanael Wildner Fraga,2026-09-26
3054,1,47.9558,2.0645,8.7005,40.5930,1,David Renshaw,2026-09-26
3055,8,208.1104,15.4099,65.5610,200.7391,8,Natanael Wildner Fraga,2026-09-26
3056,8,227.7217,16.2906,69.5077,193.4444,8,Natanael Wildner Fraga,2026-09-26
3057,8,228.2839,16.9948,65.5000,219.1177,8,Natanael Wildner Fraga,2026-09-26
3058,1,49.1363,1.9187,10.5782,36.7845,1,David Renshaw,2026-09-26
3059,8,214.7518,15.3438,62.4873,188.5318,8,Natanael Wildner Fraga,2026-09-26
3060,8,207.0995,15.2960,65.5254,199.2127,8,Natanael Wildner Fraga,2026-09-26
3061,1,54.8493,2.1799,8.3139,35.8597,1,David Renshaw,2026-09-26
3062,8,213.2653,15.6008,66.9218,201.0296,8,Natanael Wildner Fraga,2026-09-26
3063,8,183.8779,13.2556,55.7354,173.9540,8,Natanael Wildner Fraga,2026-09-26
3064,8,123.3574,8.3374,59.5993,115.9027,8,Natanael Wildner Fraga,2026-09-26
3065,2,14.8885,-0.6712,7.6875,7.6875,2,David Renshaw,2026-09-26
3066,9,193.0960,14.0998,66.8709,184.6164,9,Natanael Wildner Fraga,2026-09-26
3067,9,213.1561,15.8208,81.5505,205.7001,9,Natanael Wildner Fraga,2026-09-26
3068,2,14.9900,-0.6890,7.5668,7.5668,2,David Renshaw,2026-09-26
3069,9,218.1444,15.8121,83.2356,200.0549,9,Natanael Wildner Fraga,2026-09-26
3070,9,84.8441,5.1858,48.4636,77.9895,9,Natanael Wildner Fraga,2026-09-26
3071,9,85.7488,5.2150,48.0442,78.3068,9,Natanael Wildner Fraga,2026-09-26
3072,2,21.1891,-0.4828,6.9048,6.9048,2,David Renshaw,2026-09-26
3073,9,189.8339,13.6763,72.3095,178.2699,9,Natanael Wildner Fraga,2026-09-26
3074,9,192.9217,13.7532,66.8709,176.3230,9,Natanael Wildner Fraga,2026-09-26
3075,9,169.7773,11.9656,64.9610,157.2624,9,Natanael Wildner Fraga,2026-09-26
3076,2,16.6355,-0.6716,6.9048,6.9048,2,David Renshaw,2026-09-26
3077,9,155.5347,10.7971,61.6159,143.4738,9,Natanael Wildner Fraga,2026-09-26
3078,9,86.2252,5.1566,45.7309,77.0591,9,Natanael Wildner Fraga,2026-09-26
3079,3,17.7242,-0.4284,10.6049,10.6049,3,David Renshaw,2026-09-26
3080,9,160.6169,11.4424,78.2290,153.1622,9,Natanael Wildner Fraga,2026-09-26
3081,9,185.2996,13.4993,88.3731,177.8449,9,Natanael Wildner Fraga,2026-09-26
3082,3,18.0921,-0.3969,10.9843,10.9843,3,David Renshaw,2026-09-26
3083,10,248.7440,18.4918,93.5757,234.7908,10,Natanael Wildner Fraga,2026-09-26
3084,10,248.7786,18.3950,92.8197,231.7433,10,Natanael Wildner Fraga,2026-09-26
3085,10,224.5492,16.7613,89.4924,216.7719,10,Natanael Wildner Fraga,2026-09-26
3086,10,242.1321,17.9862,87.3527,229.3899,10,Natanael Wildner Fraga,2026-09-26
3087,10,212.7591,15.7833,80.9666,205.0579,10,Natanael Wildner Fraga,2026-09-26
3088,10,248.3919,18.7206,93.5556,240.1391,10,Natanael Wildner Fraga,2026-09-26
3089,3,22.9720,-0.2823,10.0983,10.0983,3,David Renshaw,2026-09-26
3090,10,249.6258,18.5840,96.4070,236.1843,10,Natanael Wildner Fraga,2026-09-26
3091,10,184.0031,13.2056,78.5205,172.7867,10,Natanael Wildner Fraga,2026-09-26
3092,10,184.6750,13.2405,76.1623,172.9723,10,Natanael Wildner Fraga,2026-09-26
3093,10,179.6193,12.8927,76.7106,169.5316,10,Natanael Wildner Fraga,2026-09-26
3094,10,241.1773,18.1453,93.5757,233.4717,10,Natanael Wildner Fraga,2026-09-26
3095,1,71.0953,3.8248,11.2595,60.4999,1,David Renshaw,2026-09-26
3096,10,179.1187,12.8187,75.5317,168.3492,10,Natanael Wildner Fraga,2026-09-26
3097,10,240.6516,18.0484,92.8197,231.9480,10,Natanael Wildner Fraga,2026-09-26
3098,10,242.7651,17.9901,92.1658,228.7147,10,Natanael Wildner Fraga,2026-09-26
3099,1,73.5339,4.1714,11.2595,65.6666,1,David Renshaw,2026-09-26
3100,10,230.6117,17.1079,89.4924,219.8007,10,Natanael Wildner Fraga,2026-09-26
3101,10,235.0041,17.6396,87.3527,227.4832,10,Natanael Wildner Fraga,2026-09-26
3102,1,20.4764,-0.2267,6.4998,12.9996,1,David Renshaw,2026-09-26
3103,10,212.2491,15.4368,80.9666,197.9039,10,Natanael Wildner Fraga,2026-09-26
3104,10,188.3665,13.7120,76.9392,180.0000,10,Natanael Wildner Fraga,2026-09-26
3105,10,166.6274,11.7783,72.6931,155.8696,10,Natanael Wildner Fraga,2026-09-26
3106,1,27.4812,0.1078,5.2883,14.9710,1,David Renshaw,2026-09-26
3107,10,168.5858,12.1065,82.2135,161.1311,10,Natanael Wildner Fraga,2026-09-26
3108,11,384.8094,29.6667,139.1119,365.4426,11,Natanael Wildner Fraga,2026-09-26
3109,1,25.1462,-0.0301,5.6058,13.9842,1,David Renshaw,2026-09-26
3110,11,339.9585,26.3966,128.5401,332.4791,11,Natanael Wildner Fraga,2026-09-26
3111,11,350.0870,26.8338,126.4043,332.9292,11,Natanael Wildner Fraga,2026-09-26
3112,11,336.3613,25.9601,126.9880,326.3866,11,Natanael Wildner Fraga,2026-09-26
3113,1,25.5665,0.1725,5.6168,17.6713,1,David Renshaw,2026-09-26
3114,11,325.1820,25.0456,116.3137,315.5514,11,Natanael Wildner Fraga,2026-09-26
3115,11,312.8040,23.9944,111.3698,302.7783,11,Natanael Wildner Fraga,2026-09-26
3116,1,33.8277,0.6934,5.6664,22.6657,1,David Renshaw,2026-09-26
3117,11,310.9997,23.9816,113.3269,303.4905,11,Natanael Wildner Fraga,2026-09-26
3118,11,302.8746,23.2926,112.1919,295.1669,11,Natanael Wildner Fraga,2026-09-26
3119,1,21.8503,-0.2543,6.1738,11.7722,1,David Renshaw,2026-09-26
3120,11,376.5534,29.3202,139.1119,366.8097,11,Natanael Wildner Fraga,2026-09-26
3121,11,282.9322,21.5895,107.0503,274.5121,11,Natanael Wildner Fraga,2026-09-26
3122,11,339.0642,26.0500,128.5401,325.9644,11,Natanael Wildner Fraga,2026-09-26
3123,1,22.4464,-0.2140,7.4731,12.1735,1,David Renshaw,2026-09-26
3124,11,341.9492,26.4872,126.4043,333.1948,11,Natanael Wildner Fraga,2026-09-26
3125,11,269.7856,20.5050,105.3492,261.5612,11,Natanael Wildner Fraga,2026-09-26
3126,11,336.3268,25.6135,126.9880,316.4487,11,Natanael Wildner Fraga,2026-09-26
3127,1,22.4464,-0.2140,7.4731,12.1735,1,David Renshaw,2026-09-26
3128,11,325.1326,24.6991,116.3137,305.9736,11,Natanael Wildner Fraga,2026-09-26
3129,11,253.0025,19.1516,97.8227,245.5456,11,Natanael Wildner Fraga,2026-09-26
3130,2,27.4530,0.3551,9.2984,19.9830,2,David Renshaw,2026-09-26
3131,11,253.6706,18.8526,96.3873,238.2567,11,Natanael Wildner Fraga,2026-09-26
3132,11,264.0926,20.0528,102.1625,256.2505,11,Natanael Wildner Fraga,2026-09-26
3133,11,307.4606,23.6479,111.3698,299.2935,11,Natanael Wildner Fraga,2026-09-26
3134,2,27.5238,0.3578,10.0004,20.0008,2,David Renshaw,2026-09-26
3135,11,281.8897,20.9245,99.4138,254.9196,11,Natanael Wildner Fraga,2026-09-26
3136,11,310.2048,23.6350,113.3269,296.8376,11,Natanael Wildner Fraga,2026-09-26
3137,2,27.8530,0.3512,9.1844,19.7551,2,David Renshaw,2026-09-26
3138,11,267.9832,20.3988,99.2914,260.5051,11,Natanael Wildner Fraga,2026-09-26
3139,11,302.3704,22.9460,112.1919,288.0002,11,Natanael Wildner Fraga,2026-09-26
3140,11,276.4606,21.0543,98.2497,268.1145,11,Natanael Wildner Fraga,2026-09-26
3141,11,245.1718,18.4992,97.3818,237.7171,11,Natanael Wildner Fraga,2026-09-26
3142,11,279.5597,21.2429,107.0503,269.9118,11,Natanael Wildner Fraga,2026-09-26
3143,11,254.8344,19.1763,89.7256,245.0637,11,Natanael Wildner Fraga,2026-09-26
3144,11,240.1049,17.8469,96.8461,228.0989,11,Natanael Wildner Fraga,2026-09-26
3145,11,236.1100,17.6044,105.9145,226.1068,11,Natanael Wildner Fraga,2026-09-26
3146,2,35.9115,1.0245,8.4007,27.8442,2,David Renshaw,2026-09-26
3147,11,236.6933,17.5447,92.7002,224.2486,11,Natanael Wildner Fraga,2026-09-26
3148,11,269.5478,20.1584,105.3492,253.5911,11,Natanael Wildner Fraga,2026-09-26
3149,11,270.0216,20.3994,102.1625,259.3689,11,Natanael Wildner Fraga,2026-09-26
3150,11,230.5921,17.2729,91.8019,222.9485,11,Natanael Wildner Fraga,2026-09-26
3151,11,260.1210,19.4982,97.8227,247.7056,11,Natanael Wildner Fraga,2026-09-26
3152,2,37.8024,1.0933,8.5908,28.0923,2,David Renshaw,2026-09-26
3153,11,273.5733,20.5779,99.4138,260.0869,11,Natanael Wildner Fraga,2026-09-26
3154,11,229.8038,16.9340,91.6057,216.4124,11,Natanael Wildner Fraga,2026-09-26
3155,11,257.8331,19.2726,90.5095,244.5161,11,Natanael Wildner Fraga,2026-09-26
3156,11,254.0736,19.1992,96.3873,245.9744,11,Natanael Wildner Fraga,2026-09-26
3157,2,31.3743,0.6213,8.7242,22.8645,2,David Renshaw,2026-09-26
3158,11,267.0833,20.0522,99.2914,253.9977,11,Natanael Wildner Fraga,2026-09-26
3159,11,276.2562,20.7078,98.2497,259.9870,11,Natanael Wildner Fraga,2026-09-26
3160,2,33.7394,0.7186,8.7540,23.2887,2,David Renshaw,2026-09-26
3161,11,222.0443,16.2573,104.7237,207.8224,11,Natanael Wildner Fraga,2026-09-26
3162,11,252.3583,18.8458,97.3818,239.8044,11,Natanael Wildner Fraga,2026-09-26
3163,11,202.6620,14.6740,94.3129,189.3185,11,Natanael Wildner Fraga,2026-09-26
3164,2,29.8258,0.3523,10.6320,18.4914,2,David Renshaw,2026-09-26
3165,11,242.1480,18.2367,118.9945,234.6933,11,Natanael Wildner Fraga,2026-09-26
3166,12,276.5703,20.7294,125.0419,260.1515,12,Natanael Wildner Fraga,2026-09-26
3167,12,270.5395,20.5041,120.3312,261.1634,12,Natanael Wildner Fraga,2026-09-26
3168,12,273.4809,20.5523,119.9027,259.5010,12,Natanael Wildner Fraga,2026-09-26
3169,12,257.0597,19.4795,121.1018,249.6016,12,Natanael Wildner Fraga,2026-09-26
3170,3,46.7975,1.7540,12.1311,35.1729,3,David Renshaw,2026-09-26
3171,12,252.4534,18.9907,115.5454,242.9548,12,Natanael Wildner Fraga,2026-09-26
3172,12,324.8839,24.8668,128.8983,311.7434,12,Natanael Wildner Fraga,2026-09-26
3173,13,183.4737,13.2742,99.0692,174.5627,13,Natanael Wildner Fraga,2026-09-26
3174,13,286.9355,21.8307,129.3386,276.7550,13,Natanael Wildner Fraga,2026-09-26
3175,13,276.8423,20.9697,127.3729,266.2376,13,Natanael Wildner Fraga,2026-09-26
3176,3,44.0440,1.5704,12.6282,33.4451,3,David Renshaw,2026-09-26
3177,13,291.7518,21.9806,126.0891,274.8704,13,Natanael Wildner Fraga,2026-09-26
3178,13,404.1937,31.7210,154.6831,396.2350,13,Natanael Wildner Fraga,2026-09-26
3179,13,401.5817,31.3745,154.6831,391.1797,13,Natanael Wildner Fraga,2026-09-26
3180,3,41.2062,1.3942,12.6976,31.8330,3,David Renshaw,2026-09-26
3181,13,273.1750,20.5820,121.3970,260.6583,13,Natanael Wildner Fraga,2026-09-26
3182,13,155.6115,10.7685,84.3606,142.6727,13,Natanael Wildner Fraga,2026-09-26
3183,3,48.2949,2.0618,12.7509,40.3188,3,David Renshaw,2026-09-26
3184,14,204.9855,14.8702,111.3500,191.7098,14,Natanael Wildner Fraga,2026-09-26
3185,1,14.2050,-0.7417,5.8081,6.9068,1,David Renshaw,2026-09-26
3186,14,201.7080,14.8667,115.6006,194.2532,14,Natanael Wildner Fraga,2026-09-26
3187,14,210.2719,15.1872,111.8987,193.2733,14,Natanael Wildner Fraga,2026-09-26
3188,14,196.3247,14.3967,109.3233,188.4100,14,Natanael Wildner Fraga,2026-09-26
3189,1,20.0576,-0.4887,4.5951,8.0916,1,David Renshaw,2026-09-26
3190,14,230.4503,16.9370,108.6874,215.6228,14,Natanael Wildner Fraga,2026-09-26
3191,14,222.6538,16.5904,108.6874,214.7331,14,Natanael Wildner Fraga,2026-09-26
3192,1,14.3874,-0.7635,4.6250,6.4167,1,David Renshaw,2026-09-26
3193,14,205.0384,15.1174,107.2285,197.0227,14,Natanael Wildner Fraga,2026-09-26
3194,14,204.5854,14.7708,107.2285,189.4356,14,Natanael Wildner Fraga,2026-09-26
3195,1,17.6500,-0.4170,4.6250,10.7540,1,David Renshaw,2026-09-26
3196,14,196.5090,14.4331,109.5863,189.0273,14,Natanael Wildner Fraga,2026-09-26
3197,14,204.1164,14.7432,109.3233,189.3101,14,Natanael Wildner Fraga,2026-09-26
3198,14,195.0912,14.0866,109.5863,182.8609,14,Natanael Wildner Fraga,2026-09-26
3199,1,22.7051,-0.2347,4.7185,11.5164,1,David Renshaw,2026-09-26
3200,15,265.6102,20.1919,141.3203,258.1556,15,Natanael Wildner Fraga,2026-09-26
3201,15,261.0250,19.4350,140.0042,244.6415,15,Natanael Wildner Fraga,2026-09-26
3202,1,16.3324,-0.5812,4.7185,8.8774,1,David Renshaw,2026-09-26
3203,15,244.1206,18.3865,138.7165,236.2454,15,Natanael Wildner Fraga,2026-09-26
3204,15,264.8461,19.8515,133.2229,251.3810,15,Natanael Wildner Fraga,2026-09-26
3205,1,16.0126,-0.7728,5.2575,5.2575,1,David Renshaw,2026-09-26
3206,15,257.2894,19.5049,133.2229,249.7666,15,Natanael Wildner Fraga,2026-09-26
3207,15,234.6587,17.6206,134.4809,227.1619,15,Natanael Wildner Fraga,2026-09-26
3208,15,242.6027,18.2726,127.3539,235.0755,15,Natanael Wildner Fraga,2026-09-26
3209,1,17.1511,-0.7060,5.0752,5.7683,1,David Renshaw,2026-09-26
3210,15,241.7921,18.1826,124.4359,233.7480,15,Natanael Wildner Fraga,2026-09-26
3211,15,249.7570,18.6191,127.3539,236.9519,15,Natanael Wildner Fraga,2026-09-26
3212,15,241.1097,18.0321,120.8674,231.3433,15,Natanael Wildner Fraga,2026-09-26
3213,1,17.9214,-0.6677,5.9322,5.9322,1,David Renshaw,2026-09-26
3214,15,244.9204,18.5292,124.4359,238.1117,15,Natanael Wildner Fraga,2026-09-26
3215,15,249.3672,18.3786,120.8674,229.9520,15,Natanael Wildner Fraga,2026-09-26
3216,15,242.1455,17.9672,134.4809,228.8784,15,Natanael Wildner Fraga,2026-09-26
3217,2,18.7208,-0.3717,8.2207,11.2652,2,David Renshaw,2026-09-26
3218,15,218.7970,16.2663,120.6095,210.8259,15,Natanael Wildner Fraga,2026-09-26
3219,15,226.6316,16.6129,120.6095,211.6295,15,Natanael Wildner Fraga,2026-09-26
3220,2,18.8856,-0.3684,8.4857,11.4301,2,David Renshaw,2026-09-26
3221,15,250.0618,18.9045,119.2398,242.6781,15,Natanael Wildner Fraga,2026-09-26
3222,15,247.1514,18.5580,119.2398,237.8107,15,Natanael Wildner Fraga,2026-09-26
3223,16,268.3470,20.3451,145.4809,259.4004,16,Natanael Wildner Fraga,2026-09-26
3224,2,19.0020,-0.3814,7.6639,11.0651,2,David Renshaw,2026-09-26
3225,16,271.4063,20.6917,145.4809,264.1077,16,Natanael Wildner Fraga,2026-09-26
3226,16,243.2690,18.2831,142.1281,234.8286,16,Natanael Wildner Fraga,2026-09-26
3227,16,251.4042,18.6296,142.1281,234.9011,16,Natanael Wildner Fraga,2026-09-26
3228,2,24.9883,-0.2429,7.6401,8.3333,2,David Renshaw,2026-09-26
3229,18,330.9224,25.5937,188.9207,322.6454,18,Natanael Wildner Fraga,2026-09-26
3230,18,330.6035,25.2472,188.9207,314.6708,18,Natanael Wildner Fraga,2026-09-26
3231,2,23.0995,-0.3145,8.3784,9.0715,2,David Renshaw,2026-09-26
3232,18,327.6518,25.0659,173.4851,313.6554,18,Natanael Wildner Fraga,2026-09-26
3233,18,327.9376,25.3554,172.3450,319.7897,18,Natanael Wildner Fraga,2026-09-26
3234,2,28.7846,0.0026,9.5959,9.5959,2,David Renshaw,2026-09-26
3235,18,327.6752,25.0088,172.3450,311.9226,18,Natanael Wildner Fraga,2026-09-26
3236,18,319.9327,24.7194,173.4851,312.3136,18,Natanael Wildner Fraga,2026-09-26
3237,18,316.9071,24.0820,164.3388,300.1963,18,Natanael Wildner Fraga,2026-09-26
3238,3,25.2962,0.1910,11.3062,18.0301,3,David Renshaw,2026-09-26
3239,18,308.7543,23.7354,164.3388,300.2282,18,Natanael Wildner Fraga,2026-09-26
3240,3,29.8260,0.1598,11.5476,13.1570,3,David Renshaw,2026-09-26
3241,3,34.3172,0.4262,12.5372,13.6358,3,David Renshaw,2026-09-26
3242,3,41.3009,0.8651,13.0738,13.7670,3,David Renshaw,2026-09-26
3243,3,37.2383,0.6070,13.1058,13.7989,3,David Renshaw,2026-09-26
3244,3,30.3712,0.2587,12.7538,15.3928,3,David Renshaw,2026-09-26
3245,1,17.9176,-0.4492,6.8794,10.4629,1,David Renshaw,2026-09-26
3246,1,18.2053,-0.4944,5.7807,9.3643,1,David Renshaw,2026-09-26
3247,1,30.4559,0.2901,5.0304,16.1899,1,David Renshaw,2026-09-26
3248,1,38.1418,0.5827,5.1417,9.5361,1,David Renshaw,2026-09-26
3249,1,25.0299,0.0334,5.1417,15.4250,1,David Renshaw,2026-09-26
3250,1,19.4545,-0.4578,5.1475,9.3064,1,David Renshaw,2026-09-26
3251,2,25.1942,0.1572,10.5177,17.7395,2,David Renshaw,2026-09-26
3252,2,25.2587,0.2063,10.0112,18.2267,2,David Renshaw,2026-09-26
3253,2,25.4282,0.1684,10.5443,17.7662,2,David Renshaw,2026-09-26
3254,2,25.5953,0.2281,10.3990,18.5199,2,David Renshaw,2026-09-26
3255,2,26.7114,0.0259,8.9533,13.7490,2,David Renshaw,2026-09-26
3256,2,26.8118,0.1053,8.6975,15.5769,2,David Renshaw,2026-09-26
3257,2,28.2775,0.1101,9.4494,14.0545,2,David Renshaw,2026-09-26
3258,2,38.6311,0.6171,8.9652,9.6584,2,David Renshaw,2026-09-26
3259,2,44.5618,1.0399,9.1944,11.1403,2,David Renshaw,2026-09-26
3260,2,32.4319,0.2606,9.1985,11.3957,2,David Renshaw,2026-09-26
3261,2,46.7025,1.1949,10.9825,11.6757,2,David Renshaw,2026-09-26
3262,2,49.1325,1.3720,10.0859,12.2832,2,David Renshaw,2026-09-26
3263,2,50.8091,1.4950,12.7022,12.7022,2,David Renshaw,2026-09-26
3264,2,51.3202,1.5325,11.2206,12.8301,2,David Renshaw,2026-09-26
3265,1,42.3060,1.1937,6.7044,25.4314,1,David Renshaw,2026-09-26
3266,1,33.6786,0.7448,7.0229,23.8710,1,David Renshaw,2026-09-26
3267,1,35.9189,0.7288,7.1854,21.1732,1,David Renshaw,2026-09-26
3268,2,44.6169,1.7733,11.4213,36.9463,2,David Renshaw,2026-09-26
3269,2,45.4958,1.7687,11.3505,36.4473,2,David Renshaw,2026-09-26
3270,2,46.8553,1.9104,10.8244,38.3278,2,David Renshaw,2026-09-26
3271,2,46.3682,1.8737,11.0355,37.9098,2,David Renshaw,2026-09-26
3272,2,52.8788,1.9799,11.1401,32.4800,2,David Renshaw,2026-09-26
3273,2,49.3176,1.7910,12.3283,32.8784,2,David Renshaw,2026-09-26
3274,2,50.0813,1.8470,12.5194,33.3875,2,David Renshaw,2026-09-26
3275,1,21.2300,-0.1602,7.1854,13.8055,1,David Renshaw,2026-09-26
3276,1,21.8720,-0.1521,6.0615,13.7517,1,David Renshaw,2026-09-26
3277,1,22.7558,-0.2153,6.9985,11.9038,1,David Renshaw,2026-09-26
3278,1,26.2008,-0.0796,5.2575,11.4958,1,David Renshaw,2026-09-26
3279,1,33.4536,0.3165,5.6058,11.1510,1,David Renshaw,2026-09-26
3280,1,27.1056,0.3165,5.6058,19.6506,1,David Renshaw,2026-09-26
3281,1,26.7632,0.1231,5.6630,16.0081,1,David Renshaw,2026-09-26
3282,1,27.4888,0.3468,5.6664,19.8325,1,David Renshaw,2026-09-26
3283,1,33.7516,0.4360,5.7991,15.2954,1,David Renshaw,2026-09-26
3284,1,38.1157,0.5411,6.0615,7.1601,1,David Renshaw,2026-09-26
3285,1,27.1137,-0.1068,6.7334,9.0360,1,David Renshaw,2026-09-26
3286,1,28.0804,-0.0437,7.0562,9.3588,1,David Renshaw,2026-09-26
3287,1,28.3530,-0.0259,7.0519,9.4498,1,David Renshaw,2026-09-26
3288,1,30.1370,0.0923,6.1738,10.0450,1,David Renshaw,2026-09-26
3289,1,30.4829,0.1154,6.4968,10.1603,1,David Renshaw,2026-09-26
3290,1,48.3004,1.2907,6.4118,10.5550,1,David Renshaw,2026-09-26
3291,2,29.6986,0.5379,10.7572,22.1577,2,David Renshaw,2026-09-26
3292,2,30.1736,0.5715,9.6078,22.6823,2,David Renshaw,2026-09-26
3293,2,30.4035,0.5824,10.9657,22.7304,2,David Renshaw,2026-09-26
3294,2,30.8801,0.4522,10.3209,19.8172,2,David Renshaw,2026-09-26
3295,2,32.7009,0.5222,9.4098,19.6650,2,David Renshaw,2026-09-26
3296,2,46.0747,1.4399,8.5908,26.7485,2,David Renshaw,2026-09-26
3297,2,42.0019,0.9151,10.5041,14.0006,2,David Renshaw,2026-09-26
3298,2,43.6176,1.0309,10.9016,14.5392,2,David Renshaw,2026-09-26
3299,2,43.9942,1.0579,11.0011,14.6647,2,David Renshaw,2026-09-26
3300,2,48.7396,1.4022,9.6211,16.2465,2,David Renshaw,2026-09-26
3301,2,49.3176,1.4445,12.3283,16.4392,2,David Renshaw,2026-09-26
3302,2,66.1609,2.6419,9.8556,16.5085,2,David Renshaw,2026-09-26
3303,2,50.0813,1.5004,12.5194,16.6938,2,David Renshaw,2026-09-26
3304,2,50.1040,1.5021,12.5269,16.7013,2,David Renshaw,2026-09-26
3305,2,50.4670,1.5287,12.6176,16.8223,2,David Renshaw,2026-09-26
3306,1,35.0379,0.6432,6.7593,19.9291,1,David Renshaw,2026-09-26
3307,2,40.5739,1.4418,10.9750,33.1400,2,David Renshaw,2026-09-26
3308,2,41.3469,1.4924,12.8193,33.6353,2,David Renshaw,2026-09-26
3309,2,45.8902,1.4243,11.5110,26.5558,2,David Renshaw,2026-09-26
3310,2,47.8240,1.5751,11.9144,28.0866,2,David Renshaw,2026-09-26
3311,2,48.6913,1.6295,12.2040,28.2334,2,David Renshaw,2026-09-26
3312,1,25.3474,0.2179,7.0648,18.3684,1,David Renshaw,2026-09-26
3313,1,27.3178,0.3350,8.1803,19.8678,1,David Renshaw,2026-09-26
3314,1,32.1101,0.3822,5.7236,16.4776,1,David Renshaw,2026-09-26
3315,1,32.3880,0.7288,5.7236,24.2841,1,David Renshaw,2026-09-26
3316,1,36.4784,1.0014,5.8348,27.1487,1,David Renshaw,2026-09-26
3317,1,36.3828,0.6548,5.8348,17.9099,1,David Renshaw,2026-09-26
3318,1,36.4951,0.5645,7.0648,13.9472,1,David Renshaw,2026-09-26
3319,1,30.3953,0.2387,7.6449,14.7433,1,David Renshaw,2026-09-26
3320,2,39.5770,1.3937,10.6269,32.4715,2,David Renshaw,2026-09-26
3321,2,39.8494,1.3867,10.9762,32.4647,2,David Renshaw,2026-09-26
3322,2,40.2852,1.4212,12.0681,32.7617,2,David Renshaw,2026-09-26
3323,2,40.4649,1.4412,11.5923,33.0210,2,David Renshaw,2026-09-26
3324,2,41.1937,1.2537,11.0051,28.7649,2,David Renshaw,2026-09-26
3325,2,55.3797,1.9651,10.1608,23.5013,2,David Renshaw,2026-09-26
3326,2,48.0650,1.4945,11.3393,23.9242,2,David Renshaw,2026-09-26
3327,2,56.7273,2.0670,11.4135,24.1783,2,David Renshaw,2026-09-26
3328,2,49.5074,1.6003,11.0051,24.6576,2,David Renshaw,2026-09-26
3329,2,51.1374,1.7235,12.7689,25.6539,2,David Renshaw,2026-09-26
3330,2,51.4723,1.7449,12.8806,25.6545,2,David Renshaw,2026-09-26
3331,1,58.0059,2.3797,8.4751,36.4555,1,David Renshaw,2026-09-26
3332,1,51.9095,2.0146,9.5127,35.7189,1,David Renshaw,2026-09-26
3333,1,16.2957,-0.6292,4.4773,7.9431,1,David Renshaw,2026-09-26
3334,7,159.2856,10.6933,48.5245,131.5400,7,David Renshaw,2026-09-26
3335,7,160.0618,11.3865,48.5245,152.3725,7,David Renshaw,2026-09-26
3336,5,48.0834,1.8749,21.0340,36.7748,5,David Renshaw,2026-09-26
3337,7,67.6810,3.3565,33.9985,52.3607,7,David Renshaw,2026-09-26
3338,5,68.8387,3.7912,25.6962,61.1579,5,David Renshaw,2026-09-26
3339,5,50.1084,2.0629,22.9590,39.2297,5,David Renshaw,2026-09-26
3340,6,52.3040,2.3802,27.3804,44.0565,6,David Renshaw,2026-09-26
3341,3,63.9755,3.3924,17.6272,56.5457,3,David Renshaw,2026-09-26
3342,4,81.0155,4.8200,24.4066,73.5673,4,David Renshaw,2026-09-26
3343,5,71.4541,3.8038,25.3323,59.7137,5,David Renshaw,2026-09-26
3344,5,57.1460,2.3679,23.7925,38.0273,5,David Renshaw,2026-09-26
3345,6,55.5184,2.4968,26.5593,44.2620,6,David Renshaw,2026-09-26
3346,6,58.6526,2.5508,27.8040,41.6054,6,David Renshaw,2026-09-26
3347,8,75.8701,4.3344,39.0508,67.4521,8,David Renshaw,2026-09-26
3348,3,64.8985,3.4659,17.5306,57.4438,3,David Renshaw,2026-09-26
3349,4,95.7246,5.4671,22.1464,71.6313,4,David Renshaw,2026-09-26
3350,5,101.4134,6.5436,31.5480,94.3091,5,David Renshaw,2026-09-26
3351,5,108.8062,6.6861,31.6789,90.1869,5,David Renshaw,2026-09-26
3352,4,44.6448,1.7820,17.7293,37.0805,4,David Renshaw,2026-09-26
3353,4,45.6491,1.8576,17.5886,37.9498,4,David Renshaw,2026-09-26
3354,3,52.6605,2.4433,15.4729,44.9844,3,David Renshaw,2026-09-26
3355,3,53.2809,2.5058,15.5485,45.7851,3,David Renshaw,2026-09-26
3356,3,98.8224,6.1781,22.2627,89.1076,3,David Renshaw,2026-09-26
3357,2,87.6136,5.2168,17.3469,77.3441,2,David Renshaw,2026-09-26
3358,2,94.8233,5.5335,18.9399,76.6688,2,David Renshaw,2026-09-26
3359,4,44.9919,1.7507,19.5786,36.3845,4,David Renshaw,2026-09-26
3360,4,45.0231,1.7889,19.9076,37.0426,4,David Renshaw,2026-09-26
3361,4,45.3357,1.8072,18.6113,37.2226,4,David Renshaw,2026-09-26
3362,4,46.3900,1.9341,18.7745,38.9352,4,David Renshaw,2026-09-26
3363,4,48.2360,2.0841,20.3596,40.7192,4,David Renshaw,2026-09-26
3364,4,49.1566,2.1337,19.8981,41.1825,4,David Renshaw,2026-09-26
3365,3,110.6032,7.2841,23.8629,103.1311,3,David Renshaw,2026-09-26
3366,3,113.6835,7.2813,24.0526,100.9195,3,David Renshaw,2026-09-26
3367,3,115.9057,7.2745,25.1538,97.1636,3,David Renshaw,2026-09-26
3368,2,72.8971,4.0350,16.0234,63.5432,2,David Renshaw,2026-09-26
3369,2,77.0019,4.2226,16.4125,64.1904,2,David Renshaw,2026-09-26
3370,3,103.7198,6.6716,23.9380,95.6556,3,David Renshaw,2026-09-26
3371,2,66.9313,3.5114,15.7588,57.0350,2,David Renshaw,2026-09-26
3372,1,68.1303,3.4863,14.0796,55.3947,1,David Renshaw,2026-09-26
3373,1,69.4861,3.4139,13.6059,51.0296,1,David Renshaw,2026-09-26
3374,2,105.1167,6.6383,21.8399,94.0525,2,David Renshaw,2026-09-26
3375,2,90.3494,5.5633,17.3469,82.3220,2,David Renshaw,2026-09-26
3376,2,96.0718,5.6789,19.8176,79.3578,2,David Renshaw,2026-09-26
3377,2,100.4145,5.7781,17.4761,72.1503,2,David Renshaw,2026-09-26
3378,4,49.0213,2.1432,17.1160,41.3991,4,David Renshaw,2026-09-26
3379,4,49.1839,1.9895,18.3818,38.3854,4,David Renshaw,2026-09-26
3380,3,111.4427,7.3545,23.1421,103.9772,3,David Renshaw,2026-09-26
3381,3,112.8663,7.2883,26.3054,101.8897,3,David Renshaw,2026-09-26
3382,3,116.4494,7.3435,23.9284,98.5756,3,David Renshaw,2026-09-26
3383,3,122.6864,7.5933,22.9946,92.0149,3,David Renshaw,2026-09-26
3384,3,105.9378,6.9410,23.2689,99.0613,3,David Renshaw,2026-09-26
3385,2,69.9455,3.5012,15.0803,53.2128,2,David Renshaw,2026-09-26
3386,2,71.6759,3.7330,15.7053,57.6335,2,David Renshaw,2026-09-26
3387,1,74.4146,3.7953,13.1698,54.8450,1,David Renshaw,2026-09-26
3388,2,105.0344,6.7510,22.8428,96.4071,2,David Renshaw,2026-09-26
3389,2,94.9045,5.8801,18.9399,85.7433,2,David Renshaw,2026-09-26
3390,2,103.2412,6.0138,18.9267,74.9812,2,David Renshaw,2026-09-26
3391,2,107.9789,6.3379,17.5599,75.4271,2,David Renshaw,2026-09-26
3392,4,50.7112,2.2892,18.2549,43.1742,4,David Renshaw,2026-09-26
3393,4,54.5824,2.5951,18.2590,46.7659,4,David Renshaw,2026-09-26
3394,3,116.0536,7.4208,22.2043,101.7191,3,David Renshaw,2026-09-26
3395,3,119.9296,7.8150,23.5849,107.4988,3,David Renshaw,2026-09-26
3396,3,124.5572,7.8387,26.8652,98.9162,3,David Renshaw,2026-09-26
3397,2,91.0617,5.0256,18.3087,64.2742,2,David Renshaw,2026-09-26
3398,3,116.1919,7.1781,24.8451,92.3570,3,David Renshaw,2026-09-26
3399,2,68.0969,3.7426,16.0572,60.6351,2,David Renshaw,2026-09-26
3400,2,88.2748,4.7036,16.6383,56.2242,2,David Renshaw,2026-09-26
3401,2,121.1829,7.4693,22.9010,90.5916,2,David Renshaw,2026-09-26
3402,3,70.5993,3.1822,16.9594,35.2830,3,Tom Fisher,2026-09-26
3403,3,54.2549,2.5890,16.6477,46.7928,3,Tom Fisher,2026-09-26
3404,3,56.9024,2.7996,18.0427,49.4473,3,Tom Fisher,2026-09-26
3405,3,57.7592,2.8796,17.9369,50.2735,3,Tom Fisher,2026-09-26
3406,3,56.8007,2.4753,16.6473,42.2406,3,Tom Fisher,2026-09-26
3407,3,59.2037,2.6693,17.4147,44.4611,3,Tom Fisher,2026-09-26
3408,3,57.2708,2.7311,15.8557,47.8623,3,Tom Fisher,2026-09-26
3409,3,57.2084,2.3845,15.8557,38.5204,3,Tom Fisher,2026-09-26
3410,4,88.6004,4.3662,21.4570,22.1501,4,hdeping,2026-09-26
3411,3,64.5525,2.7932,16.8215,36.4907,3,Tom Fisher,2026-09-26
3412,3,67.1999,3.0956,18.3886,43.3685,3,Tom Fisher,2026-09-26
3413,4,71.0986,3.9530,22.5328,62.9661,4,Tom Fisher,2026-09-26
3414,4,77.9230,4.5486,25.0043,70.3797,4,Tom Fisher,2026-09-26
3415,4,79.4466,4.4164,23.4851,66.3758,4,Tom Fisher,2026-09-26
3416,4,77.6154,4.5245,23.6241,69.9663,4,Tom Fisher,2026-09-26
3417,4,77.5657,4.5026,24.0103,69.6161,4,Tom Fisher,2026-09-26
3418,4,77.6140,4.4064,24.4569,67.8126,4,Tom Fisher,2026-09-26
3419,4,78.5342,4.3272,24.1029,65.1153,4,Tom Fisher,2026-09-26
3420,4,80.0826,4.4969,24.8140,67.7149,4,Tom Fisher,2026-09-26
3421,4,81.7625,4.5235,24.7912,66.2410,4,Tom Fisher,2026-09-26
3422,30,364.9352,28.2415,307.8951,352.7387,30,Jason Ma,2026-09-27
3423,4,80.5407,4.3650,23.8233,63.1577,4,Tom Fisher,2026-09-27
3424,4,74.1808,4.2996,22.5328,67.3620,4,Tom Fisher,2026-09-27
3425,26,292.5990,22.3476,238.6807,283.3253,26,Ritik Jain,2026-09-27
3426,26,301.4627,23.0387,242.0041,291.2273,26,Ritik Jain,2026-09-27
3427,26,328.5741,25.1998,239.2692,316.0883,26,Ritik Jain,2026-09-27
3428,27,349.9621,27.1068,255.8174,340.2711,27,Ritik Jain,2026-09-27
3429,28,351.9445,27.2577,279.8783,341.9622,28,Ritik Jain,2026-09-27
3430,28,357.6108,27.6026,292.7460,344.6956,28,Ritik Jain,2026-09-27
3431,29,365.6156,28.2125,314.6199,351.1308,29,Ritik Jain,2026-09-27
3432,30,395.8065,30.8086,329.1485,383.4718,30,Ritik Jain,2026-09-27
3433,4,22.5911,-0.1214,13.2300,13.9232,4,Warricker-hash,2026-09-27
3434,5,64.1443,3.3957,21.6253,56.5029,5,Michael Rubinstein,2026-09-27
3435,6,59.9823,2.9404,26.9665,50.2624,6,Michael Rubinstein,2026-09-27
3436,6,70.2058,3.9032,29.0493,62.4930,6,Michael Rubinstein,2026-09-27
3437,8,102.9688,6.3103,42.5614,88.0438,8,Michael Rubinstein,2026-09-27
3438,5,50.1339,2.1847,21.8621,41.6703,5,Michael Rubinstein,2026-09-27
3439,6,73.5521,3.8077,28.8908,57.0177,6,Michael Rubinstein,2026-09-27
3440,7,94.3687,5.4512,36.0846,74.5256,7,Michael Rubinstein,2026-09-27
3441,5,58.6628,2.9423,22.5928,50.9664,5,Michael Rubinstein,2026-09-27
3442,6,72.0434,4.0716,29.1144,64.5848,6,Michael Rubinstein,2026-09-27
3443,7,102.9072,6.0947,36.4328,80.1726,7,Michael Rubinstein,2026-09-27
3444,9,80.6640,4.4779,44.6246,66.5067,9,Michael Rubinstein,2026-09-27
3445,5,52.7709,2.4554,22.9185,45.3134,5,Michael Rubinstein,2026-09-27
3446,9,85.4799,5.1498,45.2688,77.3189,9,Michael Rubinstein,2026-09-27
3447,9,135.7155,9.3018,61.8988,126.9760,9,Michael Rubinstein,2026-09-27
3448,5,64.1959,3.0499,23.5338,48.3707,5,Michael Rubinstein,2026-09-27
3449,7,84.6446,4.7809,37.2831,69.6499,7,Michael Rubinstein,2026-09-27
3450,9,82.1533,4.6758,45.4658,69.9403,9,Michael Rubinstein,2026-09-27
3451,5,61.3978,2.9632,23.6211,49.5994,5,Michael Rubinstein,2026-09-27
3452,5,57.2350,2.7200,23.8344,47.6689,5,Michael Rubinstein,2026-09-27
3453,7,87.5184,5.3566,37.4453,79.9844,7,Michael Rubinstein,2026-09-27
3454,8,118.3917,7.3200,45.5416,92.4974,8,Michael Rubinstein,2026-09-27
3455,9,79.6446,4.5238,45.5354,68.7560,9,Michael Rubinstein,2026-09-27
3456,11,72.3391,4.0640,51.6735,64.4152,11,Michael Rubinstein,2026-09-27
3457,6,83.9894,4.6580,29.6221,66.7987,6,Michael Rubinstein,2026-09-27
3458,7,87.0060,5.0698,37.4580,74.5365,7,Michael Rubinstein,2026-09-27
3459,8,102.3575,6.2883,45.7351,88.2733,8,Michael Rubinstein,2026-09-27
3460,12,77.7494,4.3538,58.5960,66.5943,12,Michael Rubinstein,2026-09-27
3461,5,63.3015,2.7926,24.0453,40.4942,5,Michael Rubinstein,2026-09-27
3462,8,101.2355,6.2567,46.3725,88.7927,8,Michael Rubinstein,2026-09-27
3463,5,68.9510,3.4669,24.1147,53.7684,5,Michael Rubinstein,2026-09-27
3464,6,70.8385,3.7169,29.7373,58.2280,6,Michael Rubinstein,2026-09-27
3465,8,71.9458,3.9762,38.1354,62.9589,8,Michael Rubinstein,2026-09-27
3466,8,113.8420,7.1963,47.1907,98.3056,8,Michael Rubinstein,2026-09-27
3467,9,86.3225,5.2191,45.8213,78.1446,9,Michael Rubinstein,2026-09-27
3468,6,87.9062,5.2586,29.9063,78.0072,6,Michael Rubinstein,2026-09-27
3469,7,102.6975,6.0985,37.9040,80.9092,7,Michael Rubinstein,2026-09-27
3470,9,86.2686,5.2253,46.1372,78.2767,9,Michael Rubinstein,2026-09-27
3471,16,257.1443,19.1551,135.0466,242.1271,16,Steps Unbounded,2026-09-27
3472,17,280.7133,21.4232,150.3587,272.6207,17,Steps Unbounded,2026-09-27
3473,5,114.2813,7.5344,31.2691,105.8465,5,jesper-petersen,2026-09-27
3474,5,111.7568,7.3798,29.9530,104.2770,5,jesper-petersen,2026-09-27
3475,5,92.6893,5.7323,29.3101,84.2049,5,Tom Fisher,2026-09-27
3476,5,98.9005,6.2886,29.9809,91.1904,5,Tom Fisher,2026-09-27
3477,5,98.6194,6.2759,31.9364,91.1459,5,Tom Fisher,2026-09-27
3478,5,100.2332,6.3164,31.5920,90.9240,5,Tom Fisher,2026-09-27
3479,4,85.3410,4.5815,24.2937,60.2449,4,Tom Fisher,2026-09-27
3480,4,87.9028,4.7445,24.6930,60.1407,4,Tom Fisher,2026-09-27
3481,4,87.7628,4.7629,23.4851,61.6245,4,Tom Fisher,2026-09-27
3482,10,186.3284,13.4429,76.2820,176.0577,10,jesper-petersen,2026-09-27
3483,6,138.6715,9.1741,38.6703,120.0202,6,jesper-petersen,2026-09-27
3484,6,142.7208,9.6343,38.1396,128.1312,6,jesper-petersen,2026-09-27
3485,17,272.2509,20.3928,146.3532,256.5827,17,Steps Unbounded,2026-09-27
3486,16,257.2076,19.3695,132.2679,247.3453,16,Steps Unbounded,2026-09-27
3487,16,241.6168,18.1788,133.7062,233.7572,16,Steps Unbounded,2026-09-27
3488,16,240.6500,18.1210,137.9787,233.1716,16,Steps Unbounded,2026-09-27
3489,16,242.4972,18.0392,135.2252,230.3186,16,Steps Unbounded,2026-09-27
3490,5,97.1039,6.1515,27.1068,89.5049,5,jesper-petersen,2026-09-27
3491,5,115.0702,6.7880,29.7784,71.9270,5,jesper-petersen,2026-09-27
3492,3,99.1220,6.3267,22.6018,91.6398,3,Tom Fisher,2026-09-27
3493,3,95.9329,6.0268,22.6290,87.9463,3,Tom Fisher,2026-09-27
3494,6,119.5147,8.0051,37.6889,111.7781,6,jesper-petersen,2026-09-27
3495,3,100.6078,6.1739,22.3595,87.3812,3,Tom Fisher,2026-09-27
3496,4,147.3472,10.3231,34.0518,139.4892,4,Tom Fisher,2026-09-27
3497,4,145.4130,9.8966,34.2126,131.8901,4,Tom Fisher,2026-09-27
3498,3,114.6699,6.9425,24.3176,85.0409,3,Tom Fisher,2026-09-27
3499,3,116.7940,7.1141,23.3256,86.8430,3,Tom Fisher,2026-09-27
3500,4,151.6653,10.6326,35.3040,142.9569,4,Tom Fisher,2026-09-27
3501,4,150.6851,10.6167,32.7537,143.2433,4,Tom Fisher,2026-09-27
3502,4,156.0266,10.7284,35.5554,141.0017,4,Tom Fisher,2026-09-27
3503,3,119.3159,7.1492,23.1196,76.8109,3,Tom Fisher,2026-09-27
3504,4,92.1146,5.0536,25.6609,61.9307,4,Tom Fisher,2026-09-27
3505,5,65.7127,3.5435,22.3402,58.2448,5,Michael Rubinstein,2026-09-27
3506,9,81.3552,4.8245,44.6246,73.6053,9,Michael Rubinstein,2026-09-27
3507,9,88.5745,5.4964,45.2688,81.7252,9,Michael Rubinstein,2026-09-27
3508,9,83.4579,5.0223,45.4658,75.9913,9,Michael Rubinstein,2026-09-27
3509,8,74.9922,4.3227,38.1354,67.6824,8,Michael Rubinstein,2026-09-27
3510,9,81.8364,4.8703,45.5354,74.0886,9,Michael Rubinstein,2026-09-27
3511,4,55.8821,2.7144,19.2354,48.4060,4,Tom Fisher,2026-09-27
3512,4,136.1130,9.3077,32.3258,126.8297,4,Tom Fisher,2026-09-27
3513,4,92.8180,5.0904,25.0013,61.2870,4,Tom Fisher,2026-09-27
3514,4,54.5576,2.6050,18.4494,47.1079,4,Tom Fisher,2026-09-27
3515,4,167.5633,11.3847,36.7008,139.9037,4,Tom Fisher,2026-09-27
3516,4,154.5704,10.5907,33.5531,139.0455,4,Tom Fisher,2026-09-27
3517,4,156.6879,11.1238,36.7622,149.2034,4,Tom Fisher,2026-09-27
3518,11,224.9589,16.4248,86.1943,208.4195,11,dujella,2026-09-27
3519,4,171.3388,11.6989,34.5322,143.6588,4,Tom Fisher,2026-09-27
3520,4,165.8331,11.8208,34.0625,157.2256,4,Tom Fisher,2026-09-27
3521,5,140.6136,9.7818,38.1251,133.0883,5,jesper-petersen,2026-09-27
3522,26,300.2957,22.9796,252.8792,290.8368,26,Ritik Jain,2026-09-27
3523,16,232.4171,17.2174,124.9215,220.6754,16,Alvaro Lozano-Robledo,2026-09-27
3524,16,234.0731,17.5639,124.9215,226.6111,16,Alvaro Lozano-Robledo,2026-09-27
3525,5,106.7524,6.4414,29.7784,85.1808,5,Tom Fisher,2026-09-27
3526,4,53.4214,2.5558,19.8207,46.4460,4,Tom Fisher,2026-09-27
3527,16,236.4732,17.7867,126.7640,229.1764,16,wgxli,2026-09-27
3528,4,159.1299,11.1697,35.6444,148.7194,4,Tom Fisher,2026-09-27
3529,16,232.5746,17.4401,126.7640,224.9655,16,wgxli,2026-09-27
3530,4,162.6159,11.4148,36.8903,151.2040,4,Tom Fisher,2026-09-27
3531,4,163.3174,11.6467,37.1281,155.3369,4,Tom Fisher,2026-09-27
3532,4,167.3480,11.9741,34.5116,159.2203,4,Tom Fisher,2026-09-27
3533,4,172.6766,12.2750,34.8606,161.7564,4,Tom Fisher,2026-09-27
3534,4,174.2092,12.5217,35.4201,165.6553,4,Tom Fisher,2026-09-27
3535,4,57.3719,2.8040,21.5237,49.1497,4,Tom Fisher,2026-09-27
3536,4,55.5514,2.6870,21.6148,48.0961,4,Tom Fisher,2026-09-27
3537,5,96.4782,5.8049,27.1068,82.5783,5,Tom Fisher,2026-09-27
3538,5,100.8338,6.0789,29.3101,84.2234,5,Tom Fisher,2026-09-27
3539,6,127.1243,8.3517,37.6889,113.0264,6,Tom Fisher,2026-09-27
3540,24,248.2460,18.6832,203.6864,239.5795,24,Matej Jurasić,2026-09-28
3541,23,230.3992,16.9837,174.5281,217.0104,23,Matej Jurasić,2026-09-28
3542,19,177.5492,12.6408,132.8282,165.7109,19,Matej Jurasić,2026-09-28
3543,18,184.6194,13.3467,121.2540,175.2951,18,Matej Jurasić,2026-09-28
3544,16,210.0927,15.3286,119.2930,197.6618,16,wgxli,2026-09-28
3545,31,468.3641,36.9725,381.6106,458.6341,31,Ritik Jain,2026-09-28
3546,16,211.4183,15.6751,119.2930,203.9238,16,wgxli,2026-09-28
3547,13,150.5376,10.3089,82.3638,136.6100,13,Steps Unbounded,2026-09-28
3548,13,151.2964,10.6555,82.3638,143.5961,13,Steps Unbounded,2026-09-28
3549,26,277.9156,20.9893,225.2038,265.7025,26,Matej Jurasić,2026-09-28
3550,23,214.5650,15.8862,180.4545,206.0384,23,Matej Jurasić,2026-09-28
3551,29,352.6241,27.1813,292.9891,339.5584,29,Matej Jurasić,2026-09-28
3552,4,56.1815,2.7474,21.8948,48.6836,4,Tom Fisher,2026-09-28
3553,19,324.5587,25.0341,173.4620,315.6989,19,Matej Jurasić,2026-09-28
3554,4,54.9454,2.5949,20.8498,46.6542,4,Tom Fisher,2026-09-28
3555,5,211.1070,15.3632,48.2419,197.3704,5,Tom Fisher,2026-09-28
3556,28,346.6044,26.7375,293.3329,334.9703,28,Ritik Jain,2026-09-28
3557,29,358.2850,27.7079,294.6207,346.5788,29,Ritik Jain,2026-09-28
3558,5,204.2091,14.7635,47.4071,189.7698,5,Tom Fisher,2026-09-28
3559,5,203.9454,15.0986,50.2152,196.9596,5,Tom Fisher,2026-09-28
3560,27,290.0708,22.0269,240.9666,278.4473,27,FNacc,2026-09-28
3561,28,325.4981,25.0516,284.4715,315.4583,28,Matej Jurasić,2026-09-28
3562,12,283.1514,21.4881,109.8687,272.3814,12,Matej Jurasić,2026-09-28
3563,20,171.1513,12.0269,140.5595,157.2292,20,Matej Jurasić,2026-09-28
3564,4,54.7321,2.6358,18.2549,47.3607,4,jesper-petersen,2026-09-28
3565,17,255.0717,19.3150,143.7876,247.4647,17,Matej Jurasić,2026-09-28
3566,5,112.3350,7.0757,28.8098,96.9517,5,jesper-petersen,2026-09-28
3567,30,402.1505,31.5184,326.5998,393.6245,30,Matej Jurasić,2026-09-28
3568,30,404.0463,31.5636,349.0405,393.3028,30,Matej Jurasić,2026-09-28
3569,4,94.5721,5.7383,26.8308,83.0184,4,Daniel Błażewicz,2026-09-28
3570,4,106.9254,6.7245,29.9989,94.3238,4,Daniel Błażewicz,2026-09-28
3571,4,101.2214,6.2563,28.8351,88.8001,4,Daniel Błażewicz,2026-09-28
3572,28,332.0944,25.4626,280.1994,318.8204,28,Ritik Jain,2026-09-28
3573,28,342.6659,26.4396,287.1231,331.7261,28,Ritik Jain,2026-09-28
3574,28,343.1268,26.3009,282.3499,327.5129,28,Ritik Jain,2026-09-28
3575,28,343.4131,26.4954,286.0586,332.3276,28,Ritik Jain,2026-09-28
3576,28,343.7453,26.5171,279.0849,332.5254,28,Ritik Jain,2026-09-28
3577,29,355.4670,27.5848,278.4697,346.1368,29,Ritik Jain,2026-09-28
3578,29,355.8570,27.4603,290.0945,343.0394,29,Ritik Jain,2026-09-28
3579,30,414.3165,32.3756,327.8525,402.5763,30,Ritik Jain,2026-09-28
3580,4,100.4473,6.0387,26.0839,83.5690,4,Daniel Błażewicz,2026-09-28
3581,24,239.7605,17.9438,196.9315,230.4534,24,Matej Jurasić,2026-09-28
3582,12,285.4407,21.8347,109.8687,277.6473,12,Matej Jurasić,2026-09-28
3583,4,93.3531,5.5272,26.8241,78.9633,4,Daniel Błażewicz,2026-09-28
3584,4,88.5246,5.0965,23.2138,73.2944,4,Daniel Błażewicz,2026-09-28
3585,4,91.3538,5.3607,25.4654,76.9678,4,Daniel Błażewicz,2026-09-28
3586,4,84.0459,5.0111,22.6347,75.5454,4,Daniel Błażewicz,2026-09-28
3587,31,479.0463,37.7081,401.6105,465.7574,31,wgxli,2026-09-28
3588,29,355.6982,27.5870,292.6885,346.0510,29,FNacc,2026-09-28
3589,18,188.6879,13.5199,120.2852,175.6204,18,wgxli,2026-09-28
3590,4,86.9328,5.1936,24.4620,77.3422,4,Daniel Błażewicz,2026-09-29
3591,4,85.8289,4.9173,21.9515,71.9240,4,Daniel Błażewicz,2026-09-29
3592,4,87.9219,5.0008,23.7502,71.2426,4,Daniel Błażewicz,2026-09-29
3593,31,495.5269,39.3061,409.5311,487.1633,31,wgxli,2026-09-29
3594,19,182.8471,13.0265,130.2242,169.6041,19,wgxli,2026-09-29
3595,4,55.5710,2.6384,19.3058,47.0741,4,Tom Fisher,2026-09-29
3596,4,57.2344,2.6974,19.8240,47.2167,4,Tom Fisher,2026-09-29
3597,4,53.7708,2.5543,20.9505,46.4613,4,Tom Fisher,2026-09-29
3598,11,225.8021,16.5480,84.1408,210.9259,11,dujella,2026-09-29
3599,5,214.4179,15.9194,52.3142,206.7945,5,Tom Fisher,2026-09-29
3600,5,105.0649,6.1808,28.3502,77.6406,5,Tom Fisher,2026-09-29
3601,5,105.0657,6.5273,28.3502,91.3527,5,Tom Fisher,2026-09-29
3602,28,329.3932,25.4498,280.8034,320.8078,28,Ritik Jain,2026-09-29
3603,16,174.9613,12.5686,107.4769,166.1188,16,Michael Rubinstein,2026-09-29
3604,17,169.3528,11.8680,111.6872,155.1763,17,Michael Rubinstein,2026-09-29
3605,17,187.2211,13.4678,113.4152,175.8726,17,Michael Rubinstein,2026-09-29
3606,17,163.9766,11.5287,114.2551,152.5777,17,Michael Rubinstein,2026-09-29
3607,17,183.3123,13.1688,116.4240,172.5626,17,Michael Rubinstein,2026-09-29
3608,17,172.0122,12.2427,116.8338,161.5909,17,Michael Rubinstein,2026-09-29
3609,18,194.7633,14.1666,121.6792,184.9171,18,Michael Rubinstein,2026-09-29
3610,18,193.4751,13.9054,125.0234,180.0512,18,Michael Rubinstein,2026-09-29
3611,18,192.8542,13.8823,126.7678,180.1792,18,Michael Rubinstein,2026-09-29
3612,19,191.7839,13.8733,137.1816,180.9953,19,Michael Rubinstein,2026-09-29
3613,19,190.8523,13.8861,137.6668,181.9143,19,Michael Rubinstein,2026-09-29
3614,19,222.6676,16.3805,139.6977,210.3377,19,Michael Rubinstein,2026-09-29
3615,20,183.2995,13.1323,145.3308,171.7464,20,Michael Rubinstein,2026-09-29
3616,21,250.9989,18.9624,166.0305,243.1701,21,Michael Rubinstein,2026-09-29
3617,10,121.0737,7.9865,56.1726,110.4107,10,Michael Rubinstein,2026-09-29
3618,10,128.2838,8.7466,57.6432,120.7725,10,Michael Rubinstein,2026-09-29
3619,10,132.4031,8.9255,59.3274,121.6291,10,Michael Rubinstein,2026-09-29
3620,10,140.0430,9.5904,60.5018,129.8675,10,Michael Rubinstein,2026-09-29
3621,10,128.3955,8.5849,61.1724,117.4798,10,Michael Rubinstein,2026-09-29
3622,11,143.3946,9.5943,65.9383,125.7112,11,Michael Rubinstein,2026-09-29
3623,11,163.2465,11.3044,68.3817,147.4287,11,Michael Rubinstein,2026-09-29
3624,11,137.3186,9.2505,68.6808,124.5439,11,Michael Rubinstein,2026-09-29
3625,11,134.5585,9.1787,68.7007,125.2841,11,Michael Rubinstein,2026-09-29
3626,11,143.1168,9.8002,69.6422,131.9399,11,Michael Rubinstein,2026-09-29
3627,11,150.0511,10.5620,69.9344,142.5962,11,Michael Rubinstein,2026-09-29
3628,11,143.8272,9.8905,70.0638,133.3307,11,Michael Rubinstein,2026-09-29
3629,12,141.4103,9.5787,74.0547,128.3055,12,Michael Rubinstein,2026-09-29
3630,12,149.9686,10.3400,76.9100,138.0698,12,Michael Rubinstein,2026-09-29
3631,12,163.0414,11.6033,77.1070,154.7573,12,Michael Rubinstein,2026-09-29
3632,12,152.3145,10.7284,77.3056,144.3096,12,Michael Rubinstein,2026-09-29
3633,12,158.1271,11.0726,77.7471,147.4259,12,Michael Rubinstein,2026-09-29
3634,12,175.4199,12.6760,78.4309,167.9651,12,Michael Rubinstein,2026-09-29
3635,13,157.7910,11.1570,85.0352,149.2990,13,Michael Rubinstein,2026-09-29
3636,13,197.5837,14.3824,87.8513,187.3533,13,Michael Rubinstein,2026-09-29
3637,13,169.7772,11.9006,89.0145,155.5236,13,Michael Rubinstein,2026-09-29
3638,13,166.7595,11.8756,89.2060,157.7677,13,Michael Rubinstein,2026-09-29
3639,13,174.7949,12.2950,90.0512,159.8459,13,Michael Rubinstein,2026-09-29
3640,14,209.1299,15.4824,95.5189,201.4531,14,Michael Rubinstein,2026-09-29
3641,14,204.8457,14.9118,98.2894,192.9145,14,Michael Rubinstein,2026-09-29
3642,14,187.2699,13.4641,100.6738,175.7398,14,Michael Rubinstein,2026-09-29
3643,14,211.5163,15.4849,101.1455,199.9946,14,Michael Rubinstein,2026-09-29
3644,14,190.5046,13.8453,101.1567,181.3160,14,Michael Rubinstein,2026-09-29
3645,15,216.5222,15.9834,113.0365,206.7480,15,Michael Rubinstein,2026-09-29
3646,15,228.4228,16.8663,114.3089,216.2438,15,Michael Rubinstein,2026-09-29
3647,15,205.7091,14.9814,114.3688,193.7223,15,Michael Rubinstein,2026-09-29
3648,15,198.7897,14.6288,114.7211,191.2490,15,Michael Rubinstein,2026-09-29
3649,15,216.1671,15.9861,115.7036,207.0198,15,Michael Rubinstein,2026-09-29
3650,15,243.4416,18.0443,115.8998,229.3275,15,Michael Rubinstein,2026-09-29
3651,15,230.2462,17.0857,116.4462,219.6140,15,Michael Rubinstein,2026-09-29
3652,15,208.7411,15.4135,116.9860,200.4384,15,Michael Rubinstein,2026-09-29
3653,16,231.5971,17.1410,131.9657,219.6636,16,Michael Rubinstein,2026-09-29
3654,16,252.5011,18.8246,132.6430,239.0856,16,Michael Rubinstein,2026-09-29
3655,16,242.5564,18.0870,132.7858,231.3841,16,Michael Rubinstein,2026-09-29
3656,5,95.3032,5.5271,24.6490,75.3824,5,Michael Rubinstein,2026-09-29
3657,6,102.3875,6.2375,32.6901,86.7182,6,Michael Rubinstein,2026-09-29
3658,6,101.8121,6.3162,32.9017,89.6531,6,Michael Rubinstein,2026-09-29
3659,6,96.1777,6.0847,32.9217,88.7438,6,Michael Rubinstein,2026-09-29
3660,7,123.3475,8.0029,40.7469,108.2540,7,Michael Rubinstein,2026-09-29
3661,7,111.0093,7.2479,40.8055,102.3627,7,Michael Rubinstein,2026-09-29
3662,7,120.4407,7.8296,41.4589,107.2920,7,Michael Rubinstein,2026-09-29
3663,7,129.6672,8.8025,41.7496,121.0170,7,Michael Rubinstein,2026-09-29
3664,7,115.0870,7.6156,41.9029,106.9623,7,Michael Rubinstein,2026-09-29
3665,7,134.9230,9.3010,42.0918,127.4420,7,Michael Rubinstein,2026-09-29
3666,8,146.0692,9.8379,48.1685,129.1033,8,Michael Rubinstein,2026-09-29
3667,8,149.6470,10.1806,49.2874,134.1274,8,Michael Rubinstein,2026-09-29
3668,8,147.0684,9.8091,50.2878,125.8421,8,Michael Rubinstein,2026-09-29
3669,8,142.3931,9.8904,50.3155,134.2545,8,Michael Rubinstein,2026-09-29
3670,8,152.2472,10.1900,51.2028,128.7547,8,Michael Rubinstein,2026-09-29
3671,8,140.0907,9.4997,51.2493,127.7765,8,Michael Rubinstein,2026-09-29
3672,8,151.2868,10.5232,51.3236,141.0247,8,Michael Rubinstein,2026-09-29
3673,9,177.6541,12.8640,61.5475,170.2113,9,Michael Rubinstein,2026-09-29
3674,9,190.2964,13.3433,62.9160,165.9671,9,Michael Rubinstein,2026-09-29
3675,9,178.1225,12.6947,63.0460,166.4261,9,Michael Rubinstein,2026-09-29
3676,9,175.5346,12.4401,63.3958,162.8864,9,Michael Rubinstein,2026-09-29
3677,9,180.6597,12.9932,63.4734,170.8659,9,Michael Rubinstein,2026-09-29
3678,9,177.8295,12.5753,63.4824,163.6798,9,Michael Rubinstein,2026-09-29
3679,9,172.8545,12.4918,63.5919,165.6421,9,Michael Rubinstein,2026-09-29
3680,9,179.2322,12.4065,64.0912,154.1771,9,Michael Rubinstein,2026-09-29
3681,10,215.4897,15.8120,78.5063,203.8717,10,Michael Rubinstein,2026-09-29
3682,10,212.4510,15.6131,79.0408,202.0391,10,Michael Rubinstein,2026-09-29
3683,10,219.4419,15.8509,79.2894,198.6630,10,Michael Rubinstein,2026-09-29
3684,10,228.7590,16.7722,79.9093,213.2081,10,Michael Rubinstein,2026-09-29
3685,10,219.5007,16.0958,80.5483,206.6449,10,Michael Rubinstein,2026-09-29
3686,10,220.0993,15.8816,81.1339,198.2957,10,Michael Rubinstein,2026-09-29
3687,10,222.2632,16.2126,81.2189,206.1325,10,Michael Rubinstein,2026-09-29
3688,4,83.3818,4.5616,22.1386,64.5424,4,Michael Rubinstein,2026-09-29
3689,4,79.0824,4.6480,22.1859,71.6230,4,Michael Rubinstein,2026-09-29
3690,4,82.9901,4.7274,22.9278,70.3264,4,Michael Rubinstein,2026-09-29
3691,4,78.3252,4.3977,23.1207,67.0809,4,Michael Rubinstein,2026-09-29
3692,17,291.5463,22.1738,151.4738,280.4708,17,Michael Rubinstein,2026-09-30
3693,17,277.8679,20.9879,156.7631,265.7184,17,Michael Rubinstein,2026-09-30
3694,9,187.7339,13.5567,60.7533,177.3922,9,Michael Rubinstein,2026-09-30
3695,10,191.2710,13.8268,74.7229,180.4010,10,Michael Rubinstein,2026-09-30
3696,10,218.9002,16.0999,75.6975,207.3686,10,Michael Rubinstein,2026-09-30
3697,10,208.2567,15.0575,76.1786,192.5101,10,Michael Rubinstein,2026-09-30
3698,10,204.9418,14.9355,76.2637,193.3813,10,Michael Rubinstein,2026-09-30
3699,10,207.6359,15.2260,77.0496,197.5194,10,Michael Rubinstein,2026-09-30
3700,10,216.7425,15.7900,77.6085,201.7744,10,Michael Rubinstein,2026-09-30
3701,10,220.4406,16.3146,78.0637,210.7740,10,Michael Rubinstein,2026-09-30
3702,11,229.7664,17.0543,90.0781,219.3181,11,Michael Rubinstein,2026-09-30
3703,11,245.6584,18.3567,93.4564,234.7350,11,Michael Rubinstein,2026-09-30
3704,12,287.9762,21.8414,106.4853,276.0953,12,Michael Rubinstein,2026-09-30
3705,12,314.6707,23.9276,113.2754,298.9969,12,Michael Rubinstein,2026-09-30
3706,12,344.8536,26.3722,131.3400,326.8003,12,Michael Rubinstein,2026-09-30
3707,7,183.2860,12.9368,53.5344,166.2357,7,Michael Rubinstein,2026-09-30
3708,6,135.4900,8.8422,34.9240,114.1755,6,Michael Rubinstein,2026-09-30
3709,6,120.9701,7.9011,37.5916,108.5249,6,Michael Rubinstein,2026-09-30
3710,6,129.2839,8.2476,37.5916,104.4013,6,Michael Rubinstein,2026-09-30
3711,6,169.4159,11.4912,38.7270,138.9745,6,Michael Rubinstein,2026-09-30
3712,6,124.1263,8.1960,38.9105,112.4561,6,Michael Rubinstein,2026-09-30
3713,6,158.2642,10.5315,38.9837,125.9197,6,Michael Rubinstein,2026-09-30
3714,6,149.9465,10.1849,38.9837,133.7742,6,Michael Rubinstein,2026-09-30
3715,6,138.9161,9.4792,39.6719,128.3781,6,Michael Rubinstein,2026-09-30
3716,7,152.3886,10.5633,47.0420,140.9984,7,Michael Rubinstein,2026-09-30
3717,7,174.5075,12.0804,47.5492,152.6217,7,Michael Rubinstein,2026-09-30
3718,7,156.1711,10.8526,48.7113,144.1694,7,Michael Rubinstein,2026-09-30
3719,7,172.4072,11.7874,48.8811,144.6976,7,Michael Rubinstein,2026-09-30
3720,29,363.1066,28.1181,301.0262,351.5985,29,Ritik Jain,2026-09-30
3721,22,203.0110,14.8122,175.0106,192.2957,22,Matej Jurasić,2026-09-30
3722,25,261.2305,19.6278,217.7902,249.7074,25,Matej Jurasić,2026-09-30
3723,18,292.0304,22.2476,177.3024,281.6791,18,Matej Jurasić,2026-09-30
3724,5,61.0076,3.1387,21.6538,53.3289,5,jesper-petersen,2026-09-30
3725,6,85.3143,4.9184,29.0111,72.5809,6,jesper-petersen,2026-09-30
3726,19,189.9183,13.6247,129.1412,176.9109,19,Matej Jurasić,2026-09-30
3727,18,172.5082,12.3285,119.4966,163.0064,18,Matej Jurasić,2026-09-30
3728,4,88.3316,5.4283,24.7004,80.8623,4,Daniel Błażewicz,2026-09-30
3729,4,86.1452,5.2422,25.2435,78.6110,4,Daniel Błażewicz,2026-09-30
3730,4,84.7979,5.1322,26.0542,77.3022,4,Daniel Błażewicz,2026-09-30
3731,4,87.3970,5.3513,26.9975,79.9422,4,Daniel Błażewicz,2026-09-30
3732,28,343.0861,26.4824,296.3451,332.3167,28,Ritik Jain,2026-09-30
3733,28,345.3148,26.5717,292.4127,332.2358,28,Ritik Jain,2026-09-30
3734,6,76.9969,4.4836,27.5001,69.5241,6,jesper-petersen,2026-09-30
3735,4,91.0650,5.3130,25.4832,75.9807,4,Daniel Błażewicz,2026-09-30
3736,4,94.2857,5.8448,24.5350,85.4280,4,Daniel Błażewicz,2026-09-30
3737,4,74.6297,4.2538,22.7585,66.6098,4,Daniel Błażewicz,2026-10-01
3738,4,81.8609,4.8900,23.5351,74.4060,4,Daniel Błażewicz,2026-10-01
3739,29,362.4089,28.2224,283.9595,354.1636,29,Ritik Jain,2026-10-01
3740,5,123.5624,8.0349,33.5089,108.8882,5,Daniel Błażewicz,2026-10-01
3741,3,63.5184,2.8479,15.8795,42.3456,3,Daniel Błażewicz,2026-10-01
3742,3,61.5078,3.1569,16.9891,53.4284,3,Daniel Błażewicz,2026-10-01
3743,3,62.2311,3.0835,15.7567,51.5780,3,Daniel Błażewicz,2026-10-01
3744,3,64.8300,3.2998,15.7461,54.1712,3,Daniel Błażewicz,2026-10-01
3745,3,60.7775,3.0722,17.3638,52.2786,3,Daniel Błażewicz,2026-10-01
3746,3,64.2660,3.0376,16.2195,47.8550,3,Daniel Błażewicz,2026-10-01
3747,3,64.1197,3.1089,17.2045,50.2332,3,Daniel Błażewicz,2026-10-01
3748,4,81.4960,4.8343,23.9683,73.6190,4,Daniel Błażewicz,2026-10-01
3749,4,75.0473,4.2383,22.7278,66.1285,4,Daniel Błażewicz,2026-10-01
3750,4,82.4542,4.8589,25.2101,73.5987,4,Daniel Błażewicz,2026-10-01
3751,4,83.4589,5.0061,25.7354,75.7212,4,Daniel Błażewicz,2026-10-01
3752,4,77.9319,4.5376,22.7809,70.0599,4,Daniel Błażewicz,2026-10-01
3753,4,79.1207,4.5987,23.0656,70.5854,4,Daniel Błażewicz,2026-10-01
3754,5,76.1260,3.4753,26.0685,26.7616,5,jesper-petersen,2026-10-01
3755,4,59.8044,2.2396,20.6279,21.3211,4,jesper-petersen,2026-10-01
3756,6,49.4337,2.0533,26.5566,39.5370,6,jesper-petersen,2026-10-01
3757,6,46.3317,1.9168,26.5021,38.8075,6,jesper-petersen,2026-10-01
3758,4,37.8102,0.7825,16.1316,19.6579,4,jesper-petersen,2026-10-01
3759,3,65.9660,2.6275,16.4915,16.4915,3,jesper-petersen,2026-10-01
3760,5,101.7393,6.4957,31.1769,93.4191,5,Daniel Błażewicz,2026-10-01
3761,4,99.2209,6.1633,22.2800,88.5108,4,Daniel Błażewicz,2026-10-01
3762,28,310.6409,23.7242,242.9265,298.6178,28,Ritik Jain,2026-10-01
3763,28,315.0812,24.1491,254.4804,304.3154,28,Ritik Jain,2026-10-01
3764,28,332.6012,25.6221,269.5731,322.1233,28,Ritik Jain,2026-10-01
3765,28,334.9150,25.8001,282.3984,324.1094,28,Ritik Jain,2026-10-01
3766,28,339.4515,26.0099,281.8398,324.3096,28,Ritik Jain,2026-10-01
3767,28,373.1868,29.0063,274.8817,362.7433,28,Ritik Jain,2026-10-01
3768,29,351.5333,27.1374,288.8048,339.6451,29,Ritik Jain,2026-10-01
3769,29,356.4973,27.5685,282.4643,345.0195,29,Ritik Jain,2026-10-01
3770,29,357.7012,27.5890,279.6326,344.2265,29,Ritik Jain,2026-10-01
3771,29,370.0140,28.8694,273.6484,361.9978,29,Ritik Jain,2026-10-01
3772,30,412.4168,32.0980,331.4936,397.5044,30,Ritik Jain,2026-10-01
3773,30,416.0623,32.3528,335.8337,399.6152,30,Ritik Jain,2026-10-01
3774,5,110.0260,7.0603,33.9596,99.2417,5,Daniel Błażewicz,2026-10-01
3775,5,103.9493,6.6305,29.8108,94.7251,5,Daniel Błażewicz,2026-10-01
3776,5,113.0604,7.3977,32.7264,103.9860,5,Daniel Błażewicz,2026-10-01
3777,5,99.9539,6.2926,29.8442,90.6346,5,Daniel Błażewicz,2026-10-01
3778,5,108.2679,7.0470,33.2501,100.0741,5,Daniel Błażewicz,2026-10-01
3779,5,113.6011,7.3562,34.0420,102.7724,5,Daniel Błażewicz,2026-10-01
3780,5,99.4810,6.2007,27.4975,89.1062,5,Daniel Błażewicz,2026-10-01
3781,5,101.2229,6.5012,30.2588,93.7308,5,Daniel Błażewicz,2026-10-01
3782,5,108.7050,6.8817,30.3595,96.3273,5,Daniel Błażewicz,2026-10-01
3783,5,104.9727,6.8091,31.8109,97.4048,5,Daniel Błażewicz,2026-10-01
3784,5,107.0097,6.9831,33.5763,99.5114,5,Daniel Błażewicz,2026-10-01
3785,4,41.8618,1.4424,18.0022,32.3820,4,NDElkies,2026-10-01
3786,7,84.2718,4.9677,37.9531,74.6000,7,NDElkies,2026-10-02
3787,9,115.9052,7.7195,55.8827,108.4722,9,NDElkies,2026-10-02
3788,9,130.1834,8.5984,52.2311,115.8515,9,NDElkies,2026-10-02
3789,28,331.9962,25.6957,280.3834,323.8841,28,Ritik Jain,2026-10-02
3790,28,335.0609,25.7674,272.2222,323.2353,28,Ritik Jain,2026-10-02
3791,28,364.6680,28.2923,271.0254,354.1460,28,Ritik Jain,2026-10-02
3792,30,381.9576,29.5889,293.0246,367.8897,30,Ritik Jain,2026-10-02
3793,5,119.4392,7.5293,32.2556,99.1497,5,Daniel Błażewicz,2026-10-02
3794,5,124.9196,7.8666,33.2543,99.1609,5,Daniel Błażewicz,2026-10-02
3795,5,117.7318,7.3904,34.2056,97.5791,5,Daniel Błażewicz,2026-10-02
3796,5,119.7873,7.9090,31.1492,109.7479,5,Daniel Błażewicz,2026-10-02
3797,5,113.5195,7.4856,30.5669,105.3435,5,Daniel Błażewicz,2026-10-02
3798,6,131.4289,9.0082,41.0364,123.7674,6,Daniel Błażewicz,2026-10-02
3799,5,115.3575,7.0710,30.2360,89.6587,5,Daniel Błażewicz,2026-10-02
3800,5,120.2323,7.7684,30.7337,105.8799,5,Daniel Błażewicz,2026-10-02
3801,6,135.0744,9.3162,38.8504,127.4830,6,Daniel Błażewicz,2026-10-02
3802,6,141.3608,9.8043,43.0270,133.1597,6,Daniel Błażewicz,2026-10-02
3803,13,87.7192,5.0245,65.6475,72.3396,13,Michael Rubinstein,2026-10-02
3804,13,80.9061,4.5956,65.8004,69.2662,13,Michael Rubinstein,2026-10-02
3805,6,138.9352,9.5661,40.6376,130.0877,6,Daniel Błażewicz,2026-10-02
3806,6,138.0532,9.5473,40.7409,130.1733,6,Daniel Błażewicz,2026-10-02
3807,6,138.1814,9.5749,42.1888,130.5861,6,Daniel Błażewicz,2026-10-02
3808,6,137.3454,9.3029,41.7825,125.7948,6,Daniel Błażewicz,2026-10-02
3809,16,164.0084,11.5528,107.6747,153.0967,16,7fff-zip,2026-10-03
3810,16,156.5684,11.0956,107.3986,148.7802,16,7fff-zip,2026-10-03
3811,21,214.6546,15.8401,156.7376,205.1245,21,7fff-zip,2026-10-03
3812,21,195.8605,14.2537,152.7363,185.9401,21,7fff-zip,2026-10-03
3813,22,253.3664,19.0107,170.3981,242.7057,22,7fff-zip,2026-10-03
3814,22,219.4140,16.1380,164.6477,207.7720,22,7fff-zip,2026-10-03
3815,23,245.1447,18.3637,181.0674,235.2851,23,7fff-zip,2026-10-03
3816,23,247.8362,18.6965,173.2210,239.9679,23,7fff-zip,2026-10-03
3817,24,292.7659,22.1229,199.4086,277.7281,24,7fff-zip,2026-10-03
3818,28,354.5901,27.4495,267.1619,343.9969,28,7fff-zip,2026-10-03
3819,27,345.1403,26.6309,242.6704,333.8612,27,7fff-zip,2026-10-03
3820,27,301.3017,23.0528,246.8574,291.6301,27,7fff-zip,2026-10-03
3821,27,316.6185,24.2919,248.9240,306.1671,27,7fff-zip,2026-10-03
3822,26,319.3186,24.5374,227.4062,309.2949,26,7fff-zip,2026-10-03
3823,26,347.1374,26.8803,231.5121,337.6233,26,7fff-zip,2026-10-03
3824,26,305.2321,23.3623,232.6693,295.1830,26,7fff-zip,2026-10-03
3825,25,277.8316,21.0097,207.7450,266.2730,25,7fff-zip,2026-10-03
3826,25,279.6022,21.2394,213.1819,269.8282,25,7fff-zip,2026-10-03
3827,25,289.6098,22.0844,213.8674,280.0412,25,7fff-zip,2026-10-03
3828,25,298.6270,22.7242,215.1102,286.6335,25,7fff-zip,2026-10-03
3829,25,273.6457,20.6278,217.4017,261.2922,25,7fff-zip,2026-10-03
3830,25,317.3620,24.2683,218.6490,304.9454,25,7fff-zip,2026-10-03
3831,24,266.5599,20.0612,193.8418,254.7853,24,7fff-zip,2026-10-03
3832,24,274.2992,20.7187,196.2514,262.8188,24,7fff-zip,2026-10-03
3833,24,283.2190,21.3714,198.4207,269.4497,24,7fff-zip,2026-10-03
3834,9,271.7753,20.7611,85.3409,264.9023,9,dujella,2026-10-03
3835,29,356.5667,27.5410,265.3686,344.2924,29,Matej Jurasić,2026-10-03
3836,27,301.2249,23.0185,232.3462,290.9710,27,Matej Jurasić,2026-10-03
3837,30,399.4517,31.0143,302.7384,384.4407,30,Matej Jurasić,2026-10-03
3838,28,327.6867,25.1372,258.0833,315.4822,28,Ritik Jain,2026-10-03
3839,28,333.6008,25.6828,273.2321,322.6287,28,Ritik Jain,2026-10-03
3840,29,355.3996,27.3693,286.0383,341.1491,29,Ritik Jain,2026-10-03
3841,30,408.6320,31.9555,318.0904,398.0995,30,Ritik Jain,2026-10-03
3842,31,418.9128,32.8991,330.7917,410.1263,31,Ritik Jain,2026-10-03
3843,8,199.1115,14.5301,58.7141,189.2895,8,dujella,2026-10-03
3844,12,289.4702,22.1880,106.4853,281.9698,12,jesper-petersen,2026-10-03
3845,31,444.2099,34.7021,338.1916,427.8808,31,wgxli,2026-10-03
3846,8,112.4876,7.3079,47.0867,102.6062,8,Maksym Voznyy,2026-10-03
3847,9,144.4414,9.9070,62.0246,133.1877,9,Maksym Voznyy,2026-10-03
3848,9,148.2544,10.1495,63.9513,135.1611,9,Maksym Voznyy,2026-10-03
3849,28,316.7843,24.1988,273.3279,303.8246,28,Ritik Jain,2026-10-04
3850,28,318.3234,24.4601,269.1172,308.4253,28,Ritik Jain,2026-10-04
3851,28,326.1774,25.1041,269.3823,316.0536,28,Ritik Jain,2026-10-04
3852,28,326.2217,25.0520,287.1006,314.8930,28,Ritik Jain,2026-10-04
3853,28,326.8290,25.1654,275.2943,316.8597,28,Ritik Jain,2026-10-04
3854,28,334.4252,25.8657,261.0808,325.7760,28,Ritik Jain,2026-10-04
3855,28,337.2351,25.9726,265.5063,325.9694,28,Ritik Jain,2026-10-04
3856,31,423.3009,33.0864,342.8938,410.6301,31,Ritik Jain,2026-10-04
3857,31,430.5009,33.6621,349.3853,417.1998,31,Ritik Jain,2026-10-04
3858,9,147.7882,10.2537,64.2588,137.9893,9,Maksym Voznyy,2026-10-04
3859,10,211.0020,15.5135,83.5325,201.0401,10,Maksym Voznyy,2026-10-04
3860,28,319.7331,24.5918,279.8201,310.1225,28,Ritik Jain,2026-10-04
3861,28,319.9112,24.4539,249.4742,306.8117,28,Ritik Jain,2026-10-04
3862,28,325.9268,25.0547,259.6090,315.2059,28,Ritik Jain,2026-10-04
3863,28,338.9834,26.1999,250.8234,329.4518,28,Ritik Jain,2026-10-04
3864,29,333.3345,25.6207,280.8368,321.4426,29,Ritik Jain,2026-10-04
3865,10,220.0927,16.2986,91.7523,210.6664,10,Maksym Voznyy,2026-10-04
3866,29,337.8912,25.9920,287.6655,325.7929,29,Ritik Jain,2026-10-04
3867,29,356.6896,27.5774,291.3351,345.0444,29,Ritik Jain,2026-10-04
3868,30,386.1216,29.8687,311.1003,370.0302,30,Ritik Jain,2026-10-04
3869,30,387.0378,29.9706,307.3621,371.7485,30,Ritik Jain,2026-10-04
3870,30,391.5320,30.6333,325.0886,383.0022,30,Ritik Jain,2026-10-04
3871,30,394.5068,30.8582,339.3596,385.5858,30,Ritik Jain,2026-10-04
3872,30,399.5460,31.0939,337.1625,386.5430,30,Ritik Jain,2026-10-04
3873,30,413.6402,32.2342,323.2540,399.7151,30,Ritik Jain,2026-10-04
3874,30,427.4674,33.4186,325.4399,414.4110,30,Ritik Jain,2026-10-04
3875,19,332.7636,25.3807,173.4620,315.2774,19,jesper-petersen,2026-10-04
3876,3,63.5184,2.5013,15.8795,21.1728,3,jesper-petersen,2026-10-04
3877,13,84.9392,5.0108,65.8572,75.0300,13,Michael Rubinstein,2026-10-04
3878,13,86.5106,4.9389,66.0979,71.5909,13,Michael Rubinstein,2026-10-04
3879,13,84.6713,4.7661,66.2667,69.1571,13,Michael Rubinstein,2026-10-04
3880,25,281.8297,21.1956,212.9738,266.3038,25,7fff-zip,2026-10-04
3881,23,244.2250,18.2708,185.7892,234.0205,23,7fff-zip,2026-10-04
3882,23,244.0703,18.1387,196.3341,231.0970,23,7fff-zip,2026-10-04
3883,22,226.7025,16.7717,163.7439,215.6623,22,7fff-zip,2026-10-04
3884,22,218.3907,16.1389,178.0203,208.6128,22,7fff-zip,2026-10-04
3885,22,222.6285,16.5441,180.6901,213.8800,22,7fff-zip,2026-10-04
3886,22,254.0745,18.9599,171.5066,240.7710,22,7fff-zip,2026-10-04
3887,21,244.5665,18.1545,163.4567,230.9125,21,7fff-zip,2026-10-04
3888,20,203.3302,14.8300,150.7875,192.4215,20,7fff-zip,2026-10-04
3889,20,227.9448,16.8785,151.6373,216.9816,20,7fff-zip,2026-10-04
3890,20,222.3174,16.3701,151.6026,210.4421,20,7fff-zip,2026-10-04
3891,20,226.9441,16.8087,149.6931,216.2784,20,7fff-zip,2026-10-04
3892,19,209.8562,15.3901,138.1222,199.3071,19,7fff-zip,2026-10-04
3893,28,319.2546,24.4767,258.8930,308.0458,28,Ritik Jain,2026-10-04
3894,28,347.4223,26.9373,259.6743,338.5539,28,Ritik Jain,2026-10-04
3895,29,337.5624,25.8462,265.5890,322.2284,29,Ritik Jain,2026-10-04
3896,29,354.1383,27.3805,271.8755,342.8561,29,Ritik Jain,2026-10-04
3897,30,354.6636,27.3680,279.8885,342.0273,30,Ritik Jain,2026-10-04
3898,30,386.7902,30.2509,311.3391,378.4869,30,Ritik Jain,2026-10-04
3899,30,394.5713,30.7849,322.9212,384.0562,30,Ritik Jain,2026-10-04
3900,31,416.3773,32.5293,325.2547,404.2022,31,Ritik Jain,2026-10-04
3901,0,17.4513,-0.5488,4.3820,8.7641,0,7fff-zip,2026-10-04
3902,25,264.7547,19.8988,240.0711,252.6927,25,7fff-zip,2026-10-04
3903,24,255.2582,19.3103,210.1073,247.3097,24,7fff-zip,2026-10-04
3904,5,32.9681,0.6486,17.8098,22.3947,5,7fff-zip,2026-10-04
3905,5,40.9282,1.2716,20.8819,29.4581,5,7fff-zip,2026-10-04
3906,6,33.0705,0.8168,24.3959,25.4945,6,7fff-zip,2026-10-04
3907,7,40.5342,1.2242,28.0331,28.7262,7,7fff-zip,2026-10-04
3908,8,44.3894,1.7519,36.7978,36.7978,8,7fff-zip,2026-10-04
3909,11,66.7427,3.5936,58.7421,58.7421,11,7fff-zip,2026-10-04
3910,12,73.9099,4.2065,66.2088,66.2088,12,7fff-zip,2026-10-04
3911,16,142.0074,9.9022,111.8807,134.5527,16,7fff-zip,2026-10-04
3912,17,165.4037,11.3827,124.0842,146.0277,17,7fff-zip,2026-10-04
3913,18,174.7732,12.3399,133.2475,161.1599,18,7fff-zip,2026-10-04
3914,19,185.5889,13.4131,157.6359,175.9625,19,7fff-zip,2026-10-04
3915,20,223.1974,16.4377,147.6796,211.1851,20,7fff-zip,2026-10-04
3916,21,222.4357,16.3656,160.4154,210.2130,21,7fff-zip,2026-10-04
3917,21,244.8414,18.3469,162.3100,235.1373,21,7fff-zip,2026-10-04
3918,22,219.6825,16.2093,170.3902,209.1345,22,7fff-zip,2026-10-04
3919,28,319.1532,24.3172,249.9309,303.9756,28,Ritik Jain,2026-10-04
3920,11,224.8569,16.6613,96.1547,214.7442,11,Maksym Voznyy,2026-10-04
3921,11,237.9402,17.7165,106.2498,227.0832,11,Maksym Voznyy,2026-10-04
3922,11,243.0069,18.3186,113.4870,235.5491,11,Maksym Voznyy,2026-10-04
3923,10,198.5516,14.3635,79.5642,186.0371,10,Maksym Voznyy,2026-10-05
3924,10,200.6953,14.5732,89.1654,188.9370,10,Maksym Voznyy,2026-10-05
3925,10,215.2998,15.8337,88.3919,204.5338,10,Maksym Voznyy,2026-10-05
3926,31,429.4349,33.5923,348.6764,416.6295,31,wgxli,2026-10-05
3927,11,248.0456,18.3928,109.1591,232.9051,11,Maksym Voznyy,2026-10-05
3928,11,250.9999,18.8683,110.6860,241.4760,11,Maksym Voznyy,2026-10-05
3929,0,23.8498,0.0478,3.1781,16.4135,0,Odbayar Shinebayar,2026-10-05
3930,3,52.1262,2.0967,15.4729,37.8819,3,Odbayar Shinebayar,2026-10-05
3931,3,18.0921,-0.4185,10.7090,10.7090,3,Odbayar Shinebayar,2026-10-05
3932,5,42.7241,1.6182,20.8819,35.2669,5,Odbayar Shinebayar,2026-10-05
3933,6,161.0983,11.1446,38.7270,145.8774,6,Odbayar Shinebayar,2026-10-05
3934,6,147.2144,9.8258,39.6719,126.1786,6,Odbayar Shinebayar,2026-10-05
3935,6,135.5069,9.1888,34.9240,124.8322,6,Odbayar Shinebayar,2026-10-05
3936,6,132.4354,8.5426,38.9105,109.1119,6,Odbayar Shinebayar,2026-10-05
3937,6,53.4732,2.2633,26.5021,40.6986,6,Odbayar Shinebayar,2026-10-05
3938,6,52.5400,2.3998,26.5566,44.2918,6,Odbayar Shinebayar,2026-10-05
3939,7,172.4081,12.1340,48.8811,158.5524,7,Odbayar Shinebayar,2026-10-05
3940,7,174.5252,12.4270,47.5492,163.5650,7,Odbayar Shinebayar,2026-10-05
3941,7,164.4844,11.1992,48.7113,140.4901,7,Odbayar Shinebayar,2026-10-05
3942,7,160.6948,10.9098,47.0420,137.9370,7,Odbayar Shinebayar,2026-10-05
3943,7,133.4999,8.9544,42.0918,121.2810,7,Odbayar Shinebayar,2026-10-05
3944,7,129.4644,8.4560,41.7496,112.5593,7,Odbayar Shinebayar,2026-10-05
3945,7,123.7068,8.3495,40.7469,115.7880,7,Odbayar Shinebayar,2026-10-05
3946,7,119.1233,7.5945,40.8055,102.2273,7,Odbayar Shinebayar,2026-10-05
3947,7,114.6978,7.2691,41.9029,99.2062,7,Odbayar Shinebayar,2026-10-05
3948,7,112.9983,7.4830,41.4589,105.5143,7,Odbayar Shinebayar,2026-10-05
3949,8,193.4754,14.1836,58.7141,186.0417,8,Odbayar Shinebayar,2026-10-05
3950,8,152.2529,10.5366,51.2028,140.5008,8,Odbayar Shinebayar,2026-10-05
3951,8,150.3289,10.2370,50.3155,134.7954,8,Odbayar Shinebayar,2026-10-05
3952,8,149.9404,10.5272,49.2874,141.8769,8,Odbayar Shinebayar,2026-10-05
3953,8,148.4039,9.8463,51.2493,123.7843,8,Odbayar Shinebayar,2026-10-05
3954,8,145.7118,10.1766,51.3236,137.6805,8,Odbayar Shinebayar,2026-10-05
3955,8,138.7683,9.4626,50.2878,128.1369,8,Odbayar Shinebayar,2026-10-05
3956,8,137.8971,9.4913,48.1685,129.2635,8,Odbayar Shinebayar,2026-10-05
3957,9,276.9895,21.1076,85.3409,268.8053,9,Odbayar Shinebayar,2026-10-05
3958,9,190.4017,13.9032,60.7533,182.4124,9,Odbayar Shinebayar,2026-10-05
3959,9,190.3002,13.6898,62.9160,178.1316,9,Odbayar Shinebayar,2026-10-05
3960,9,180.6011,12.6466,63.4734,161.1279,9,Odbayar Shinebayar,2026-10-05
3961,9,179.7309,13.0413,63.0460,172.2016,9,Odbayar Shinebayar,2026-10-05
3962,9,179.2348,12.7531,64.0912,166.7046,9,Odbayar Shinebayar,2026-10-05
3963,9,175.0620,12.5174,61.5475,165.0667,9,Odbayar Shinebayar,2026-10-05
3964,9,170.0698,12.2287,63.4824,162.4163,9,Odbayar Shinebayar,2026-10-05
3965,9,169.0926,12.1452,63.5919,161.4039,9,Odbayar Shinebayar,2026-10-05
3966,9,168.3037,12.0935,63.3958,160.8484,9,Odbayar Shinebayar,2026-10-05
3967,10,220.6166,16.4465,75.6975,213.0551,10,Odbayar Shinebayar,2026-10-05
3968,10,198.3211,14.5889,76.2637,190.7657,10,Odbayar Shinebayar,2026-10-05
3969,10,200.2020,14.7109,76.1786,192.0564,10,Odbayar Shinebayar,2026-10-05
3970,10,185.1602,13.4802,74.7229,177.4054,10,Odbayar Shinebayar,2026-10-05
3971,10,140.0149,9.2438,60.5018,119.7220,10,Odbayar Shinebayar,2026-10-05
3972,10,134.6890,9.2721,59.3274,126.8972,10,Odbayar Shinebayar,2026-10-05
3973,10,128.3770,8.2383,61.1724,106.5818,10,Odbayar Shinebayar,2026-10-05
3974,10,127.0498,8.4001,57.6432,114.4112,10,Odbayar Shinebayar,2026-10-05
3975,10,114.9869,7.6400,56.1726,107.5324,10,Odbayar Shinebayar,2026-10-05
3976,11,239.5044,18.0101,93.4564,231.7693,11,Odbayar Shinebayar,2026-10-05
3977,11,232.3361,17.4009,90.0781,224.4003,11,Odbayar Shinebayar,2026-10-05
3978,11,217.8824,16.2014,84.1408,210.0320,11,Odbayar Shinebayar,2026-10-05
3979,11,216.8205,16.0782,86.1943,208.3653,11,Odbayar Shinebayar,2026-10-05
3980,11,156.3814,10.9085,69.9344,145.2714,11,Odbayar Shinebayar,2026-10-05
3981,11,146.3534,10.2370,70.0638,138.4407,11,Odbayar Shinebayar,2026-10-05
3982,11,155.1830,10.9578,68.3817,147.0110,11,Odbayar Shinebayar,2026-10-05
3983,11,136.7667,9.4536,69.6422,129.1149,11,Odbayar Shinebayar,2026-10-05
3984,11,135.2169,9.2477,65.9383,126.2386,11,Odbayar Shinebayar,2026-10-05
3985,11,134.4865,8.8321,68.7007,116.0865,11,Odbayar Shinebayar,2026-10-05
3986,11,130.0305,8.9039,68.6808,122.5720,11,Odbayar Shinebayar,2026-10-05
3987,12,344.9390,26.7188,131.3400,335.8240,12,Odbayar Shinebayar,2026-10-05
3988,12,314.9432,24.2742,113.2754,306.8243,12,Odbayar Shinebayar,2026-10-05
3989,12,173.4162,12.3294,78.4309,162.3364,12,Odbayar Shinebayar,2026-10-05
3990,12,171.0433,11.9498,77.1070,155.0904,12,Odbayar Shinebayar,2026-10-05
3991,12,160.4744,11.4191,77.7471,152.6528,12,Odbayar Shinebayar,2026-10-05
3992,12,160.3145,11.0750,77.3056,144.9627,12,Odbayar Shinebayar,2026-10-05
3993,12,143.2283,9.9935,76.9100,135.7615,12,Odbayar Shinebayar,2026-10-05
3994,12,134.1359,9.2321,74.0547,126.5737,12,Odbayar Shinebayar,2026-10-05
3995,13,175.2894,12.6415,90.0512,167.3339,13,Odbayar Shinebayar,2026-10-05
3996,13,205.8641,14.7289,87.8513,185.4762,13,Odbayar Shinebayar,2026-10-05
3997,13,170.4415,12.2472,89.0145,162.6694,13,Odbayar Shinebayar,2026-10-05
3998,13,166.6216,11.5290,89.2060,148.9070,13,Odbayar Shinebayar,2026-10-05
3999,13,165.9370,11.5036,85.0352,149.3084,13,Odbayar Shinebayar,2026-10-05
4000,13,155.5183,10.9379,89.8066,146.5085,13,Odbayar Shinebayar,2026-10-05
4001,14,219.8241,15.8315,101.1455,196.8002,14,Odbayar Shinebayar,2026-10-05
4002,14,216.9141,15.8289,95.5189,202.6668,14,Odbayar Shinebayar,2026-10-05
4003,14,197.9919,14.5652,98.2894,190.4981,14,Odbayar Shinebayar,2026-10-05
4004,14,189.0345,13.8107,100.6738,181.5766,14,Odbayar Shinebayar,2026-10-05
4005,14,185.1601,13.4988,101.1567,177.8032,14,Odbayar Shinebayar,2026-10-05
4006,15,244.0089,18.3908,115.8998,236.3636,15,Odbayar Shinebayar,2026-10-05
4007,15,232.4941,17.4323,116.4462,225.0396,15,Odbayar Shinebayar,2026-10-05
4008,15,229.8647,17.2129,114.3089,222.3858,15,Odbayar Shinebayar,2026-10-05
4009,15,224.4024,16.3326,115.7036,206.2783,15,Odbayar Shinebayar,2026-10-05
4010,15,219.2281,16.3300,113.0365,211.7975,15,Odbayar Shinebayar,2026-10-05
4011,15,208.5254,15.0669,116.9860,192.3664,15,Odbayar Shinebayar,2026-10-05
4012,15,198.8227,14.6348,114.3688,191.3355,15,Odbayar Shinebayar,2026-10-05
4013,15,197.1411,14.2823,114.7211,185.5070,15,Odbayar Shinebayar,2026-10-05
4014,16,244.5102,18.4336,132.7858,237.0553,16,Odbayar Shinebayar,2026-10-05
4015,16,260.3498,19.7160,132.2679,252.0790,16,Odbayar Shinebayar,2026-10-05
4016,16,253.2791,19.1711,132.6430,245.7634,16,Odbayar Shinebayar,2026-10-05
4017,16,233.0598,17.4875,131.9657,225.5662,16,Odbayar Shinebayar,2026-10-05
4018,17,293.5908,22.5204,151.4738,285.9075,17,Odbayar Shinebayar,2026-10-05
4019,17,286.1819,21.7698,150.3587,276.0301,17,Odbayar Shinebayar,2026-10-05
4020,17,279.3238,21.3345,156.7631,271.8465,17,Odbayar Shinebayar,2026-10-05
4021,17,272.6104,20.7394,146.3532,264.4263,17,Odbayar Shinebayar,2026-10-05
4022,17,262.7748,19.6616,143.7876,248.8360,17,Odbayar Shinebayar,2026-10-05
4023,18,294.4318,22.5942,177.3024,286.9796,18,Odbayar Shinebayar,2026-10-05
4024,28,315.1044,24.1763,268.8312,304.8763,28,Ritik Jain,2026-10-05
4025,12,327.1127,24.9741,129.6674,311.7399,12,dujella,2026-10-05
4026,18,185.5713,13.4348,125.3271,176.3941,18,7fff-zip,2026-10-05
