month,category,submissions
1986-04,physics.pop-ph,1
1988-11,hep-th,1
1989-04,math.LO,1
1989-10,math.MG,3
1989-11,math.FA,2
1990-01,cs.CC,1
1990-01,math.CO,1
1990-01,math.DS,1
1990-01,math.LO,3
1990-02,math.FA,1
1990-02,math.PR,1
1990-03,math.FA,2
1990-04,cs.GR,1
1990-04,math.DS,1
1990-05,math.DS,1
1990-05,math.QA,1
1990-06,math.FA,2
1990-07,math.FA,2
1990-08,math.DS,1
1990-09,math.DS,1
1990-09,math.FA,1
1990-09,math.MG,2
1990-11,math.FA,1
1990-12,math.DS,1
1990-12,math.FA,1
1991-01,math.DS,2
1991-01,math.FA,1
1991-01,math.GR,1
1991-01,math.LO,6
1991-02,math.DS,1
1991-02,math.FA,2
1991-03,math.DS,2
1991-03,math.FA,1
1991-04,math.DS,2
1991-04,math.FA,2
1991-05,math.DS,2
1991-05,math.OA,1
1991-06,math.CO,1
1991-06,math.DS,3
1991-06,math.FA,2
1991-07,math.DS,2
1991-07,math.FA,2
1991-08,cs.CC,1
1991-08,hep-th,27
1991-08,math.DS,2
1991-09,hep-th,59
1991-09,math.DS,1
1991-09,math.FA,1
1991-10,hep-th,76
1991-10,math.DS,3
1991-10,math.FA,2
1991-10,math.QA,1
1991-11,cs.GL,1
1991-11,hep-th,64
1991-11,math.DS,2
1991-12,cs.DS,1
1991-12,hep-th,76
1991-12,math.DG,1
1991-12,math.FA,2
1992-01,hep-th,81
1992-01,math.AP,3
1992-01,math.CV,2
1992-01,math.DG,4
1992-01,math.DS,1
1992-01,math.FA,3
1992-01,math.GR,2
1992-01,math.GT,1
1992-01,math.HO,1
1992-01,math.LO,6
1992-01,math.NA,2
1992-01,math.QA,1
1992-01,math.RT,1
1992-02,alg-geom,28
1992-02,hep-ph,1
1992-02,hep-th,92
1992-02,math.CV,1
1992-02,math.DG,3
1992-02,math.DS,2
1992-02,math.FA,3
1992-02,math.LO,1
1992-03,alg-geom,5
1992-03,cond-mat,1
1992-03,hep-ph,25
1992-03,hep-th,85
1992-03,math.CV,1
1992-03,math.DG,1
1992-03,math.DS,1
1992-04,alg-geom,1
1992-04,astro-ph,6
1992-04,cond-mat,18
1992-04,hep-lat,34
1992-04,hep-ph,39
1992-04,hep-th,102
1992-04,math.AG,2
1992-04,math.AP,1
1992-04,math.AT,1
1992-04,math.CA,1
1992-04,math.CV,5
1992-04,math.DG,3
1992-04,math.DS,2
1992-04,math.FA,6
1992-04,math.GR,1
1992-04,math.LO,11
1992-04,math.MG,1
1992-04,math.NT,2
1992-04,math.OA,1
1992-04,math.RT,3
1992-04,math.SP,1
1992-05,alg-geom,7
1992-05,astro-ph,6
1992-05,cond-mat,16
1992-05,funct-an,3
1992-05,hep-lat,28
1992-05,hep-ph,47
1992-05,hep-th,117
1992-05,math.DS,2
1992-05,math.FA,5
1992-05,math.HO,1
1992-05,math.LO,3
1992-06,alg-geom,9
1992-06,astro-ph,5
1992-06,cond-mat,11
1992-06,hep-lat,29
1992-06,hep-ph,66
1992-06,hep-th,112
1992-06,math.CO,1
1992-06,math.DS,1
1992-06,math.FA,3
1992-07,alg-geom,1
1992-07,astro-ph,2
1992-07,cond-mat,28
1992-07,cs.DS,1
1992-07,gr-qc,11
1992-07,hep-lat,35
1992-07,hep-ph,79
1992-07,hep-th,119
1992-07,math.AP,1
1992-07,math.AT,1
1992-07,math.CA,2
1992-07,math.CO,1
1992-07,math.CV,4
1992-07,math.DG,3
1992-07,math.DS,2
1992-07,math.FA,3
1992-07,math.LO,3
1992-07,math.NT,1
1992-07,math.QA,1
1992-08,alg-geom,4
1992-08,astro-ph,7
1992-08,cond-mat,28
1992-08,funct-an,1
1992-08,gr-qc,11
1992-08,hep-lat,30
1992-08,hep-ph,62
1992-08,hep-th,81
1992-08,math.DS,1
1992-08,math.FA,2
1992-08,math.QA,1
1992-09,alg-geom,1
1992-09,astro-ph,6
1992-09,cond-mat,33
1992-09,funct-an,1
1992-09,gr-qc,15
1992-09,hep-lat,27
1992-09,hep-ph,99
1992-09,hep-th,134
1992-09,math.DG,1
1992-09,math.DS,2
1992-09,math.FA,7
1992-09,math.LO,11
1992-10,alg-geom,9
1992-10,astro-ph,7
1992-10,cond-mat,28
1992-10,gr-qc,20
1992-10,hep-lat,42
1992-10,hep-ph,81
1992-10,hep-th,164
1992-10,math.AP,2
1992-10,math.CV,1
1992-10,math.DG,3
1992-10,math.DS,3
1992-10,math.FA,8
1992-10,math.GR,2
1992-10,math.GT,1
1992-10,math.LO,3
1992-10,math.MG,3
1992-10,math.NT,1
1992-10,math.OA,1
1992-10,nucl-th,20
1992-11,alg-geom,1
1992-11,astro-ph,14
1992-11,cond-mat,21
1992-11,funct-an,15
1992-11,gr-qc,28
1992-11,hep-lat,66
1992-11,hep-ph,135
1992-11,hep-th,140
1992-11,math.CV,1
1992-11,math.DS,1
1992-11,math.FA,6
1992-11,math.LO,8
1992-11,math.MG,1
1992-11,nucl-th,13
1992-12,alg-geom,4
1992-12,astro-ph,6
1992-12,cond-mat,36
1992-12,funct-an,5
1992-12,gr-qc,16
1992-12,hep-lat,35
1992-12,hep-ph,121
1992-12,hep-th,158
1992-12,math.DS,1
1992-12,math.FA,6
1992-12,math.LO,2
1992-12,math.QA,1
1992-12,nucl-th,16
1993-01,alg-geom,7
1993-01,astro-ph,12
1993-01,chao-dyn,5
1993-01,cond-mat,38
1993-01,cond-mat.stat-mech,1
1993-01,funct-an,5
1993-01,gr-qc,24
1993-01,hep-lat,21
1993-01,hep-ph,93
1993-01,hep-th,131
1993-01,math.AP,2
1993-01,math.CA,2
1993-01,math.CO,2
1993-01,math.DS,1
1993-01,math.FA,1
1993-01,math.GT,1
1993-01,math.KT,1
1993-01,math.LO,8
1993-01,math.OA,1
1993-01,math.RT,1
1993-01,nucl-th,20
1993-02,alg-geom,6
1993-02,astro-ph,18
1993-02,chao-dyn,6
1993-02,comp-gas,3
1993-02,cond-mat,40
1993-02,funct-an,8
1993-02,gr-qc,38
1993-02,hep-lat,13
1993-02,hep-ph,124
1993-02,hep-th,145
1993-02,math.FA,12
1993-02,math.LO,3
1993-02,math.MG,1
1993-02,nucl-th,18
1993-02,patt-sol,2
1993-03,adap-org,3
1993-03,alg-geom,7
1993-03,astro-ph,20
1993-03,chao-dyn,20
1993-03,comp-gas,3
1993-03,cond-mat,51
1993-03,funct-an,4
1993-03,gr-qc,38
1993-03,hep-lat,16
1993-03,hep-ph,123
1993-03,hep-th,179
1993-03,math.DS,1
1993-03,math.FA,6
1993-03,math.LO,2
1993-03,nucl-th,26
1993-03,patt-sol,6
1993-04,adap-org,1
1993-04,alg-geom,7
1993-04,astro-ph,29
1993-04,chao-dyn,12
1993-04,comp-gas,7
1993-04,cond-mat,50
1993-04,gr-qc,45
1993-04,hep-lat,16
1993-04,hep-ph,124
1993-04,hep-th,161
1993-04,math.AG,1
1993-04,math.DS,1
1993-04,math.FA,2
1993-04,math.GT,2
1993-04,math.LO,7
1993-04,math.NA,2
1993-04,math.NT,1
1993-04,math.RT,1
1993-04,nucl-th,25
1993-04,patt-sol,5
1993-04,solv-int,5
1993-05,adap-org,1
1993-05,alg-geom,12
1993-05,astro-ph,39
1993-05,chao-dyn,11
1993-05,comp-gas,5
1993-05,cond-mat,42
1993-05,funct-an,4
1993-05,gr-qc,27
1993-05,hep-lat,26
1993-05,hep-ph,148
1993-05,hep-th,190
1993-05,math.DS,1
1993-05,math.FA,1
1993-05,math.GR,1
1993-05,math.LO,4
1993-05,nucl-th,17
1993-05,patt-sol,9
1993-05,solv-int,4
1993-06,adap-org,6
1993-06,alg-geom,11
1993-06,astro-ph,30
1993-06,chao-dyn,12
1993-06,comp-gas,3
1993-06,cond-mat,61
1993-06,cond-mat.stat-mech,1
1993-06,funct-an,3
1993-06,gr-qc,35
1993-06,hep-lat,24
1993-06,hep-ph,138
1993-06,hep-th,167
1993-06,math.CO,1
1993-06,math.DG,1
1993-06,math.FA,7
1993-06,math.GR,5
1993-06,math.LO,2
1993-06,nucl-th,26
1993-06,patt-sol,2
1993-06,solv-int,4
1993-07,alg-geom,10
1993-07,astro-ph,40
1993-07,chao-dyn,18
1993-07,comp-gas,5
1993-07,cond-mat,66
1993-07,cond-mat.supr-con,1
1993-07,funct-an,1
1993-07,gr-qc,38
1993-07,hep-lat,22
1993-07,hep-ph,177
1993-07,hep-th,194
1993-07,math.AC,1
1993-07,math.CA,22
1993-07,math.CO,1
1993-07,math.DG,1
1993-07,math.DS,1
1993-07,math.FA,1
1993-07,math.GT,3
1993-07,math.HO,1
1993-07,math.MG,1
1993-07,math.NA,1
1993-07,math.NT,1
1993-07,math.SP,1
1993-07,nucl-th,29
1993-07,patt-sol,3
1993-07,solv-int,1
1993-08,adap-org,1
1993-08,alg-geom,6
1993-08,astro-ph,49
1993-08,chao-dyn,8
1993-08,comp-gas,2
1993-08,cond-mat,38
1993-08,cond-mat.dis-nn,1
1993-08,cs.AI,2
1993-08,funct-an,2
1993-08,gr-qc,32
1993-08,hep-lat,23
1993-08,hep-ph,178
1993-08,hep-th,156
1993-08,math.CA,1
1993-08,math.DS,1
1993-08,math.FA,5
1993-08,math.LO,16
1993-08,nucl-th,22
1993-09,adap-org,1
1993-09,alg-geom,7
1993-09,astro-ph,58
1993-09,chao-dyn,5
1993-09,comp-gas,2
1993-09,cond-mat,54
1993-09,cs.AI,1
1993-09,gr-qc,27
1993-09,hep-lat,22
1993-09,hep-ph,138
1993-09,hep-th,160
1993-09,math.CA,1
1993-09,math.CO,1
1993-09,math.CV,2
1993-09,math.DG,1
1993-09,math.DS,1
1993-09,math.FA,2
1993-09,math.LO,7
1993-09,nucl-th,29
1993-09,patt-sol,1
1993-10,alg-geom,8
1993-10,astro-ph,52
1993-10,chao-dyn,6
1993-10,comp-gas,1
1993-10,cond-mat,78
1993-10,cond-mat.dis-nn,1
1993-10,gr-qc,41
1993-10,hep-lat,30
1993-10,hep-ph,177
1993-10,hep-th,203
1993-10,math.AT,1
1993-10,math.CA,5
1993-10,math.CO,2
1993-10,math.CV,1
1993-10,math.DG,1
1993-10,math.DS,2
1993-10,math.FA,5
1993-10,math.GR,8
1993-10,math.LO,5
1993-10,math.MG,1
1993-10,math.OA,1
1993-10,math.PR,2
1993-10,math.RA,1
1993-10,math.SP,1
1993-10,nucl-th,32
1993-10,patt-sol,5
1993-10,solv-int,2
1993-11,adap-org,4
1993-11,alg-geom,12
1993-11,astro-ph,77
1993-11,chao-dyn,11
1993-11,comp-gas,1
1993-11,cond-mat,67
1993-11,cs.AI,2
1993-11,funct-an,4
1993-11,gr-qc,37
1993-11,hep-lat,69
1993-11,hep-ph,181
1993-11,hep-th,188
1993-11,math.CA,2
1993-11,math.DS,1
1993-11,math.FA,1
1993-11,math.GR,1
1993-11,math.LO,8
1993-11,nucl-th,36
1993-11,patt-sol,9
1993-11,solv-int,2
1993-12,adap-org,2
1993-12,alg-geom,12
1993-12,astro-ph,66
1993-12,chao-dyn,8
1993-12,comp-gas,2
1993-12,cond-mat,89
1993-12,cond-mat.mes-hall,1
1993-12,cond-mat.mtrl-sci,2
1993-12,cond-mat.stat-mech,2
1993-12,cond-mat.str-el,1
1993-12,cs.AI,1
1993-12,funct-an,5
1993-12,gr-qc,40
1993-12,hep-lat,92
1993-12,hep-ph,162
1993-12,hep-th,215
1993-12,math.CA,2
1993-12,math.CO,1
1993-12,math.CV,2
1993-12,math.FA,5
1993-12,math.LO,3
1993-12,math.SG,1
1993-12,nucl-th,22
1993-12,patt-sol,1
1994-01,adap-org,2
1994-01,alg-geom,10
1994-01,astro-ph,51
1994-01,chao-dyn,7
1994-01,comp-gas,4
1994-01,cond-mat,81
1994-01,cs.AI,1
1994-01,cs.PL,1
1994-01,funct-an,4
1994-01,gr-qc,33
1994-01,hep-lat,37
1994-01,hep-ph,158
1994-01,hep-th,169
1994-01,math-ph,1
1994-01,math.AG,1
1994-01,math.AT,1
1994-01,math.CA,2
1994-01,math.CV,1
1994-01,math.DS,2
1994-01,math.FA,4
1994-01,math.GR,1
1994-01,math.LO,12
1994-01,nucl-th,21
1994-01,patt-sol,6
1994-01,solv-int,5
1994-02,adap-org,2
1994-02,alg-geom,14
1994-02,astro-ph,71
1994-02,chao-dyn,7
1994-02,cond-mat,109
1994-02,cond-mat.dis-nn,1
1994-02,cond-mat.mtrl-sci,3
1994-02,cond-mat.supr-con,1
1994-02,cs.AI,3
1994-02,funct-an,1
1994-02,gr-qc,44
1994-02,hep-lat,21
1994-02,hep-ph,163
1994-02,hep-th,156
1994-02,math.CA,2
1994-02,math.CV,2
1994-02,math.DS,1
1994-02,math.FA,9
1994-02,math.LO,2
1994-02,nucl-th,33
1994-02,patt-sol,3
1994-02,solv-int,3
1994-03,alg-geom,16
1994-03,astro-ph,67
1994-03,chao-dyn,4
1994-03,chem-ph,9
1994-03,comp-gas,6
1994-03,cond-mat,94
1994-03,cond-mat.stat-mech,1
1994-03,cs.AI,1
1994-03,funct-an,4
1994-03,gr-qc,65
1994-03,hep-lat,28
1994-03,hep-ph,211
1994-03,hep-th,197
1994-03,math.AC,1
1994-03,math.CA,3
1994-03,math.DS,2
1994-03,math.FA,8
1994-03,math.LO,5
1994-03,math.QA,2
1994-03,nucl-th,19
1994-03,patt-sol,5
1994-03,solv-int,2
1994-04,adap-org,1
1994-04,alg-geom,14
1994-04,astro-ph,80
1994-04,chao-dyn,3
1994-04,chem-ph,3
1994-04,cmp-lg,11
1994-04,comp-gas,2
1994-04,cond-mat,100
1994-04,funct-an,2
1994-04,gr-qc,65
1994-04,hep-ex,1
1994-04,hep-lat,17
1994-04,hep-ph,158
1994-04,hep-th,191
1994-04,math.CA,8
1994-04,math.DS,3
1994-04,math.FA,11
1994-04,math.GR,2
1994-04,math.GT,2
1994-04,math.HO,4
1994-04,math.LO,5
1994-04,math.MG,1
1994-04,math.QA,1
1994-04,nucl-th,30
1994-04,patt-sol,6
1994-04,solv-int,4
1994-05,adap-org,4
1994-05,alg-geom,14
1994-05,astro-ph,74
1994-05,chao-dyn,12
1994-05,chem-ph,2
1994-05,cmp-lg,34
1994-05,comp-gas,7
1994-05,cond-mat,91
1994-05,funct-an,5
1994-05,gr-qc,76
1994-05,hep-ex,12
1994-05,hep-lat,26
1994-05,hep-ph,235
1994-05,hep-th,203
1994-05,math.CA,1
1994-05,math.CO,1
1994-05,math.CV,1
1994-05,math.DS,2
1994-05,math.FA,3
1994-05,math.LO,10
1994-05,math.MG,1
1994-05,nucl-th,31
1994-05,patt-sol,1
1994-06,adap-org,1
1994-06,alg-geom,8
1994-06,astro-ph,75
1994-06,chao-dyn,14
1994-06,chem-ph,3
1994-06,cmp-lg,41
1994-06,comp-gas,2
1994-06,cond-mat,121
1994-06,cond-mat.mes-hall,1
1994-06,cond-mat.stat-mech,1
1994-06,cs.AI,2
1994-06,dg-ga,7
1994-06,funct-an,5
1994-06,gr-qc,54
1994-06,hep-ex,7
1994-06,hep-lat,21
1994-06,hep-ph,237
1994-06,hep-th,217
1994-06,math.AC,1
1994-06,math.CA,6
1994-06,math.CO,3
1994-06,math.CV,1
1994-06,math.DS,1
1994-06,math.FA,8
1994-06,math.GR,6
1994-06,math.LO,3
1994-06,math.PR,2
1994-06,nucl-th,39
1994-06,patt-sol,1
1994-06,solv-int,2
1994-07,adap-org,3
1994-07,alg-geom,12
1994-07,astro-ph,99
1994-07,chao-dyn,16
1994-07,chem-ph,2
1994-07,cmp-lg,30
1994-07,comp-gas,2
1994-07,cond-mat,123
1994-07,dg-ga,15
1994-07,gr-qc,42
1994-07,hep-ex,3
1994-07,hep-lat,30
1994-07,hep-ph,208
1994-07,hep-th,200
1994-07,math.CA,1
1994-07,math.CO,2
1994-07,math.CV,1
1994-07,math.DG,1
1994-07,math.DS,2
1994-07,math.FA,3
1994-07,math.GT,3
1994-07,math.LO,6
1994-07,math.NT,3
1994-07,math.QA,1
1994-07,nucl-th,41
1994-07,patt-sol,1
1994-07,quant-ph,1
1994-07,solv-int,4
1994-08,adap-org,1
1994-08,alg-geom,11
1994-08,astro-ph,104
1994-08,chao-dyn,9
1994-08,chem-ph,2
1994-08,cmp-lg,21
1994-08,comp-gas,2
1994-08,cond-mat,101
1994-08,cond-mat.stat-mech,2
1994-08,cs.AI,3
1994-08,dg-ga,5
1994-08,funct-an,4
1994-08,gr-qc,43
1994-08,hep-ex,5
1994-08,hep-lat,21
1994-08,hep-ph,207
1994-08,hep-th,175
1994-08,math.CA,3
1994-08,math.DS,2
1994-08,math.FA,4
1994-08,math.LO,7
1994-08,math.RT,1
1994-08,nucl-th,30
1994-08,solv-int,1
1994-09,adap-org,4
1994-09,alg-geom,7
1994-09,astro-ph,94
1994-09,chao-dyn,6
1994-09,chem-ph,2
1994-09,cmp-lg,12
1994-09,comp-gas,1
1994-09,cond-mat,121
1994-09,cs.AI,1
1994-09,dg-ga,5
1994-09,funct-an,4
1994-09,gr-qc,63
1994-09,hep-ex,8
1994-09,hep-lat,22
1994-09,hep-ph,263
1994-09,hep-th,200
1994-09,math.AC,1
1994-09,math.CA,5
1994-09,math.CO,15
1994-09,math.GT,2
1994-09,math.KT,1
1994-09,math.LO,7
1994-09,math.NA,1
1994-09,nucl-th,26
1994-09,patt-sol,6
1994-09,solv-int,3
1994-10,adap-org,6
1994-10,alg-geom,33
1994-10,astro-ph,99
1994-10,chao-dyn,9
1994-10,chem-ph,2
1994-10,cmp-lg,34
1994-10,comp-gas,1
1994-10,cond-mat,120
1994-10,cond-mat.str-el,1
1994-10,cond-mat.supr-con,1
1994-10,dg-ga,7
1994-10,funct-an,5
1994-10,gr-qc,47
1994-10,hep-ex,11
1994-10,hep-lat,23
1994-10,hep-ph,219
1994-10,hep-th,243
1994-10,math.AG,1
1994-10,math.CO,5
1994-10,math.DS,2
1994-10,math.FA,3
1994-10,math.GR,1
1994-10,math.GT,2
1994-10,math.LO,2
1994-10,math.NT,3
1994-10,math.PR,1
1994-10,math.RA,1
1994-10,math.RT,2
1994-10,math.SP,1
1994-10,mtrl-th,1
1994-10,nucl-th,49
1994-10,patt-sol,1
1994-10,solv-int,4
1994-11,acc-phys,4
1994-11,adap-org,3
1994-11,alg-geom,19
1994-11,astro-ph,115
1994-11,chao-dyn,27
1994-11,chem-ph,12
1994-11,cmp-lg,32
1994-11,cond-mat,128
1994-11,cond-mat.stat-mech,1
1994-11,dg-ga,15
1994-11,funct-an,8
1994-11,gr-qc,74
1994-11,hep-ex,2
1994-11,hep-lat,86
1994-11,hep-ph,243
1994-11,hep-th,244
1994-11,math.AC,1
1994-11,math.AG,1
1994-11,math.CA,5
1994-11,math.CO,11
1994-11,math.CV,2
1994-11,math.DS,2
1994-11,math.FA,1
1994-11,math.GR,1
1994-11,math.GT,2
1994-11,math.LO,7
1994-11,math.NT,3
1994-11,math.QA,4
1994-11,mtrl-th,8
1994-11,nucl-ex,1
1994-11,nucl-th,35
1994-11,patt-sol,2
1994-11,solv-int,7
1994-11,supr-con,3
1994-12,adap-org,1
1994-12,alg-geom,22
1994-12,astro-ph,99
1994-12,chao-dyn,13
1994-12,chem-ph,3
1994-12,cmp-lg,8
1994-12,comp-gas,1
1994-12,cond-mat,122
1994-12,cond-mat.stat-mech,1
1994-12,cs.AI,3
1994-12,dg-ga,7
1994-12,funct-an,4
1994-12,gr-qc,76
1994-12,hep-ex,18
1994-12,hep-lat,114
1994-12,hep-ph,196
1994-12,hep-th,245
1994-12,math.AC,1
1994-12,math.CA,4
1994-12,math.CO,2
1994-12,math.CV,2
1994-12,math.DG,2
1994-12,math.DS,2
1994-12,math.FA,9
1994-12,math.GR,2
1994-12,math.LO,5
1994-12,math.NT,2
1994-12,math.QA,1
1994-12,math.RT,1
1994-12,mtrl-th,8
1994-12,nucl-ex,3
1994-12,nucl-th,36
1994-12,patt-sol,4
1994-12,q-alg,15
1994-12,quant-ph,11
1994-12,solv-int,8
1994-12,supr-con,2
1995-01,adap-org,4
1995-01,alg-geom,13
1995-01,astro-ph,116
1995-01,chao-dyn,19
1995-01,chem-ph,2
1995-01,cmp-lg,5
1995-01,comp-gas,10
1995-01,cond-mat,137
1995-01,cond-mat.stat-mech,1
1995-01,cs.AI,3
1995-01,dg-ga,6
1995-01,funct-an,8
1995-01,gr-qc,40
1995-01,hep-ex,12
1995-01,hep-lat,36
1995-01,hep-ph,220
1995-01,hep-th,146
1995-01,math.AT,1
1995-01,math.CA,4
1995-01,math.CO,2
1995-01,math.CV,1
1995-01,math.DS,4
1995-01,math.FA,6
1995-01,math.GT,1
1995-01,math.LO,11
1995-01,math.MG,1
1995-01,math.OA,1
1995-01,math.QA,1
1995-01,math.RT,1
1995-01,mtrl-th,6
1995-01,nucl-th,36
1995-01,patt-sol,5
1995-01,q-alg,33
1995-01,quant-ph,24
1995-01,solv-int,7
1995-01,supr-con,1
1995-02,acc-phys,2
1995-02,adap-org,6
1995-02,alg-geom,26
1995-02,ao-sci,2
1995-02,astro-ph,105
1995-02,chao-dyn,31
1995-02,chem-ph,11
1995-02,cmp-lg,39
1995-02,comp-gas,3
1995-02,cond-mat,122
1995-02,dg-ga,9
1995-02,funct-an,6
1995-02,gr-qc,46
1995-02,hep-ex,8
1995-02,hep-lat,21
1995-02,hep-ph,218
1995-02,hep-th,165
1995-02,math.CA,3
1995-02,math.CO,20
1995-02,math.DG,1
1995-02,math.DS,1
1995-02,math.FA,2
1995-02,math.GT,2
1995-02,math.LO,8
1995-02,math.NT,1
1995-02,mtrl-th,6
1995-02,nucl-ex,3
1995-02,nucl-th,47
1995-02,patt-sol,7
1995-02,plasm-ph,3
1995-02,q-alg,19
1995-02,quant-ph,29
1995-02,solv-int,7
1995-02,supr-con,3
1995-03,acc-phys,4
1995-03,adap-org,5
1995-03,alg-geom,27
1995-03,ao-sci,1
1995-03,astro-ph,118
1995-03,chao-dyn,15
1995-03,cmp-lg,24
1995-03,comp-gas,3
1995-03,cond-mat,172
1995-03,cs.AI,2
1995-03,dg-ga,16
1995-03,funct-an,1
1995-03,gr-qc,64
1995-03,hep-ex,15
1995-03,hep-lat,28
1995-03,hep-ph,289
1995-03,hep-th,227
1995-03,math.AC,1
1995-03,math.AT,3
1995-03,math.CA,1
1995-03,math.CO,4
1995-03,math.CT,1
1995-03,math.CV,1
1995-03,math.DG,2
1995-03,math.DS,3
1995-03,math.FA,3
1995-03,math.GR,2
1995-03,math.LO,8
1995-03,math.MG,1
1995-03,math.NT,2
1995-03,math.OC,1
1995-03,math.QA,2
1995-03,mtrl-th,9
1995-03,nucl-ex,1
1995-03,nucl-th,30
1995-03,patt-sol,3
1995-03,plasm-ph,2
1995-03,q-alg,24
1995-03,quant-ph,27
1995-03,solv-int,3
1995-03,supr-con,1
1995-04,acc-phys,3
1995-04,adap-org,6
1995-04,alg-geom,17
1995-04,ao-sci,1
1995-04,astro-ph,107
1995-04,bayes-an,1
1995-04,chao-dyn,14
1995-04,chem-ph,4
1995-04,cmp-lg,34
1995-04,cond-mat,124
1995-04,cond-mat.stat-mech,1
1995-04,cs.AI,1
1995-04,dg-ga,3
1995-04,funct-an,1
1995-04,gr-qc,52
1995-04,hep-ex,11
1995-04,hep-lat,20
1995-04,hep-ph,241
1995-04,hep-th,174
1995-04,math.AC,1
1995-04,math.AP,1
1995-04,math.CA,5
1995-04,math.CO,4
1995-04,math.CV,1
1995-04,math.DG,3
1995-04,math.DS,4
1995-04,math.FA,2
1995-04,math.LO,4
1995-04,math.NT,3
1995-04,math.OC,1
1995-04,math.RA,1
1995-04,mtrl-th,1
1995-04,nucl-ex,3
1995-04,nucl-th,33
1995-04,patt-sol,4
1995-04,q-alg,28
1995-04,quant-ph,19
1995-04,solv-int,3
1995-04,supr-con,2
1995-05,acc-phys,2
1995-05,adap-org,6
1995-05,alg-geom,36
1995-05,ao-sci,1
1995-05,astro-ph,147
1995-05,chao-dyn,16
1995-05,chem-ph,6
1995-05,cmp-lg,46
1995-05,comp-gas,2
1995-05,cond-mat,155
1995-05,cond-mat.supr-con,1
1995-05,cs.AI,5
1995-05,dg-ga,7
1995-05,funct-an,2
1995-05,gr-qc,54
1995-05,hep-ex,14
1995-05,hep-lat,27
1995-05,hep-ph,244
1995-05,hep-th,193
1995-05,math.CA,2
1995-05,math.CO,1
1995-05,math.CV,1
1995-05,math.DG,1
1995-05,math.DS,1
1995-05,math.GR,1
1995-05,math.LO,5
1995-05,math.MG,2
1995-05,math.RT,2
1995-05,mtrl-th,11
1995-05,nucl-ex,2
1995-05,nucl-th,44
1995-05,patt-sol,5
1995-05,plasm-ph,1
1995-05,q-alg,30
1995-05,quant-ph,26
1995-05,solv-int,6
1995-05,supr-con,2
1995-06,acc-phys,1
1995-06,adap-org,3
1995-06,alg-geom,26
1995-06,astro-ph,147
1995-06,bayes-an,4
1995-06,chao-dyn,13
1995-06,chem-ph,4
1995-06,cmp-lg,25
1995-06,comp-gas,2
1995-06,cond-mat,141
1995-06,cs.AI,2
1995-06,dg-ga,12
1995-06,funct-an,7
1995-06,gr-qc,84
1995-06,hep-ex,15
1995-06,hep-lat,34
1995-06,hep-ph,278
1995-06,hep-th,212
1995-06,math.CO,3
1995-06,math.CV,6
1995-06,math.DG,1
1995-06,math.DS,3
1995-06,math.GR,3
1995-06,math.GT,2
1995-06,math.LO,2
1995-06,math.NT,1
1995-06,math.QA,1
1995-06,math.RT,4
1995-06,mtrl-th,9
1995-06,nucl-ex,2
1995-06,nucl-th,35
1995-06,patt-sol,2
1995-06,plasm-ph,4
1995-06,q-alg,27
1995-06,quant-ph,41
1995-06,solv-int,2
1995-06,supr-con,3
1995-07,acc-phys,1
1995-07,adap-org,8
1995-07,alg-geom,18
1995-07,astro-ph,121
1995-07,chao-dyn,13
1995-07,chem-ph,5
1995-07,cmp-lg,15
1995-07,comp-gas,4
1995-07,cond-mat,147
1995-07,cond-mat.stat-mech,1
1995-07,cs.AI,1
1995-07,dg-ga,5
1995-07,funct-an,2
1995-07,gr-qc,68
1995-07,hep-ex,14
1995-07,hep-lat,25
1995-07,hep-ph,272
1995-07,hep-th,177
1995-07,math.CO,2
1995-07,math.DS,4
1995-07,math.FA,1
1995-07,math.GR,6
1995-07,math.GT,2
1995-07,math.LO,8
1995-07,math.NT,2
1995-07,mtrl-th,3
1995-07,nucl-ex,2
1995-07,nucl-th,46
1995-07,patt-sol,6
1995-07,plasm-ph,2
1995-07,q-alg,36
1995-07,quant-ph,15
1995-07,solv-int,9
1995-07,supr-con,8
1995-08,acc-phys,1
1995-08,adap-org,9
1995-08,alg-geom,12
1995-08,ao-sci,1
1995-08,astro-ph,156
1995-08,chao-dyn,11
1995-08,chem-ph,4
1995-08,cmp-lg,12
1995-08,comp-gas,2
1995-08,cond-mat,146
1995-08,cond-mat.supr-con,2
1995-08,cs.AI,2
1995-08,dg-ga,14
1995-08,funct-an,2
1995-08,gr-qc,66
1995-08,hep-ex,17
1995-08,hep-lat,33
1995-08,hep-ph,217
1995-08,hep-th,178
1995-08,math.AT,1
1995-08,math.CO,2
1995-08,math.DG,3
1995-08,math.DS,1
1995-08,math.FA,1
1995-08,math.LO,6
1995-08,math.MG,2
1995-08,math.NT,3
1995-08,math.PR,1
1995-08,math.RT,2
1995-08,mtrl-th,11
1995-08,nucl-ex,1
1995-08,nucl-th,49
1995-08,patt-sol,2
1995-08,q-alg,22
1995-08,quant-ph,27
1995-08,solv-int,6
1995-08,supr-con,6
1995-09,adap-org,2
1995-09,alg-geom,7
1995-09,ao-sci,1
1995-09,astro-ph,153
1995-09,atom-ph,6
1995-09,chao-dyn,21
1995-09,chem-ph,1
1995-09,cmp-lg,6
1995-09,comp-gas,4
1995-09,cond-mat,176
1995-09,cond-mat.dis-nn,1
1995-09,cond-mat.mtrl-sci,1
1995-09,cond-mat.stat-mech,2
1995-09,dg-ga,5
1995-09,funct-an,3
1995-09,gr-qc,59
1995-09,hep-ex,14
1995-09,hep-lat,95
1995-09,hep-ph,229
1995-09,hep-th,175
1995-09,math.AT,1
1995-09,math.CA,1
1995-09,math.CO,1
1995-09,math.DG,1
1995-09,math.DS,1
1995-09,math.FA,5
1995-09,math.GR,2
1995-09,math.LO,10
1995-09,math.NT,1
1995-09,math.QA,1
1995-09,math.RT,1
1995-09,mtrl-th,6
1995-09,nucl-ex,1
1995-09,nucl-th,45
1995-09,patt-sol,4
1995-09,q-alg,30
1995-09,quant-ph,20
1995-09,solv-int,12
1995-09,supr-con,1
1995-10,acc-phys,6
1995-10,adap-org,3
1995-10,alg-geom,18
1995-10,ao-sci,1
1995-10,astro-ph,166
1995-10,atom-ph,4
1995-10,bayes-an,1
1995-10,chao-dyn,21
1995-10,chem-ph,4
1995-10,cmp-lg,7
1995-10,comp-gas,1
1995-10,cond-mat,171
1995-10,cond-mat.mes-hall,1
1995-10,cond-mat.stat-mech,1
1995-10,cs.AI,3
1995-10,dg-ga,10
1995-10,funct-an,6
1995-10,gr-qc,72
1995-10,hep-ex,13
1995-10,hep-lat,54
1995-10,hep-ph,265
1995-10,hep-th,241
1995-10,math.AT,4
1995-10,math.CA,4
1995-10,math.CV,2
1995-10,math.DG,1
1995-10,math.DS,1
1995-10,math.FA,1
1995-10,math.GR,1
1995-10,math.LO,2
1995-10,math.MG,1
1995-10,math.NT,1
1995-10,math.PR,1
1995-10,math.RT,1
1995-10,mtrl-th,6
1995-10,nucl-ex,4
1995-10,nucl-th,65
1995-10,patt-sol,6
1995-10,q-alg,26
1995-10,quant-ph,31
1995-10,solv-int,10
1995-10,supr-con,2
1995-11,adap-org,4
1995-11,alg-geom,21
1995-11,astro-ph,151
1995-11,atom-ph,2
1995-11,bayes-an,1
1995-11,chao-dyn,10
1995-11,chem-ph,2
1995-11,cmp-lg,7
1995-11,comp-gas,2
1995-11,cond-mat,144
1995-11,cs.AI,1
1995-11,dg-ga,17
1995-11,funct-an,3
1995-11,gr-qc,85
1995-11,hep-ex,15
1995-11,hep-lat,31
1995-11,hep-ph,277
1995-11,hep-th,229
1995-11,math.CA,2
1995-11,math.CO,1
1995-11,math.CV,11
1995-11,math.DS,2
1995-11,math.FA,4
1995-11,math.LO,2
1995-11,math.MG,1
1995-11,math.NT,1
1995-11,math.OA,1
1995-11,math.RT,4
1995-11,mtrl-th,9
1995-11,nucl-ex,3
1995-11,nucl-th,44
1995-11,patt-sol,3
1995-11,plasm-ph,2
1995-11,q-alg,28
1995-11,quant-ph,43
1995-11,solv-int,11
1995-11,supr-con,2
1995-12,acc-phys,1
1995-12,adap-org,2
1995-12,alg-geom,18
1995-12,astro-ph,172
1995-12,atom-ph,3
1995-12,bayes-an,1
1995-12,chao-dyn,10
1995-12,chem-ph,8
1995-12,cmp-lg,5
1995-12,comp-gas,3
1995-12,cond-mat,173
1995-12,cond-mat.soft,1
1995-12,cond-mat.stat-mech,1
1995-12,cond-mat.str-el,1
1995-12,cs.AI,7
1995-12,dg-ga,13
1995-12,funct-an,4
1995-12,gr-qc,48
1995-12,hep-ex,10
1995-12,hep-lat,32
1995-12,hep-ph,245
1995-12,hep-th,228
1995-12,math.AP,3
1995-12,math.CA,3
1995-12,math.CO,1
1995-12,math.CV,1
1995-12,math.DS,2
1995-12,math.FA,9
1995-12,math.LO,5
1995-12,math.NT,1
1995-12,math.OA,3
1995-12,math.QA,1
1995-12,math.SP,1
1995-12,mtrl-th,5
1995-12,nucl-ex,2
1995-12,nucl-th,43
1995-12,patt-sol,3
1995-12,plasm-ph,2
1995-12,q-alg,33
1995-12,quant-ph,33
1995-12,solv-int,8
1995-12,supr-con,3
1996-01,acc-phys,1
1996-01,adap-org,4
1996-01,alg-geom,27
1996-01,astro-ph,194
1996-01,atom-ph,5
1996-01,bayes-an,1
1996-01,chao-dyn,18
1996-01,chem-ph,4
1996-01,cmp-lg,11
1996-01,comp-gas,1
1996-01,cond-mat,155
1996-01,cond-mat.stat-mech,2
1996-01,cs.AI,1
1996-01,dg-ga,12
1996-01,funct-an,4
1996-01,gr-qc,51
1996-01,hep-ex,9
1996-01,hep-lat,30
1996-01,hep-ph,194
1996-01,hep-th,178
1996-01,math.CA,1
1996-01,math.CV,1
1996-01,math.DG,1
1996-01,math.DS,3
1996-01,math.FA,6
1996-01,math.GR,2
1996-01,math.LO,3
1996-01,math.NT,1
1996-01,math.QA,1
1996-01,math.RT,1
1996-01,math.SP,1
1996-01,mtrl-th,3
1996-01,nucl-ex,1
1996-01,nucl-th,49
1996-01,patt-sol,4
1996-01,q-alg,29
1996-01,quant-ph,29
1996-01,solv-int,6
1996-01,supr-con,1
1996-02,acc-phys,3
1996-02,adap-org,1
1996-02,alg-geom,24
1996-02,astro-ph,161
1996-02,atom-ph,2
1996-02,chao-dyn,24
1996-02,chem-ph,5
1996-02,cmp-lg,4
1996-02,comp-gas,2
1996-02,cond-mat,159
1996-02,cond-mat.dis-nn,1
1996-02,cond-mat.mes-hall,1
1996-02,cond-mat.stat-mech,2
1996-02,cond-mat.supr-con,1
1996-02,cs.AI,2
1996-02,dg-ga,12
1996-02,funct-an,8
1996-02,gr-qc,63
1996-02,hep-ex,11
1996-02,hep-lat,30
1996-02,hep-ph,239
1996-02,hep-th,179
1996-02,math.CA,1
1996-02,math.CV,3
1996-02,math.DG,1
1996-02,math.DS,1
1996-02,math.FA,5
1996-02,math.LO,4
1996-02,math.NT,2
1996-02,math.OA,1
1996-02,math.RA,1
1996-02,math.RT,2
1996-02,mtrl-th,4
1996-02,nucl-ex,2
1996-02,nucl-th,44
1996-02,patt-sol,5
1996-02,plasm-ph,3
1996-02,q-alg,38
1996-02,quant-ph,23
1996-02,solv-int,3
1996-02,supr-con,3
1996-03,acc-phys,3
1996-03,alg-geom,25
1996-03,astro-ph,161
1996-03,atom-ph,9
1996-03,chao-dyn,15
1996-03,chem-ph,7
1996-03,cmp-lg,6
1996-03,comp-gas,2
1996-03,cond-mat,202
1996-03,cond-mat.mes-hall,1
1996-03,cs.AI,4
1996-03,dg-ga,17
1996-03,gr-qc,62
1996-03,hep-ex,10
1996-03,hep-lat,26
1996-03,hep-ph,252
1996-03,hep-th,209
1996-03,math.CA,4
1996-03,math.CO,1
1996-03,math.CV,4
1996-03,math.DG,1
1996-03,math.FA,3
1996-03,math.GR,1
1996-03,math.LO,3
1996-03,math.MG,1
1996-03,math.PR,1
1996-03,mtrl-th,9
1996-03,nucl-th,46
1996-03,patt-sol,5
1996-03,q-alg,29
1996-03,quant-ph,31
1996-03,solv-int,9
1996-04,acc-phys,4
1996-04,adap-org,3
1996-04,alg-geom,24
1996-04,astro-ph,184
1996-04,atom-ph,8
1996-04,bayes-an,1
1996-04,chao-dyn,21
1996-04,chem-ph,7
1996-04,cmp-lg,26
1996-04,cond-mat,180
1996-04,cond-mat.dis-nn,2
1996-04,cond-mat.mes-hall,3
1996-04,cond-mat.mtrl-sci,1
1996-04,cond-mat.stat-mech,2
1996-04,cond-mat.str-el,1
1996-04,cond-mat.supr-con,1
1996-04,cs.AI,3
1996-04,dg-ga,8
1996-04,funct-an,12
1996-04,gr-qc,57
1996-04,hep-ex,10
1996-04,hep-lat,25
1996-04,hep-ph,251
1996-04,hep-th,201
1996-04,math.AG,1
1996-04,math.CV,8
1996-04,math.DG,1
1996-04,math.DS,11
1996-04,math.FA,10
1996-04,math.GR,1
1996-04,math.LO,9
1996-04,math.NA,1
1996-04,math.NT,2
1996-04,math.RA,1
1996-04,mtrl-th,8
1996-04,nucl-ex,1
1996-04,nucl-th,45
1996-04,patt-sol,4
1996-04,plasm-ph,3
1996-04,q-alg,26
1996-04,quant-ph,40
1996-04,solv-int,8
1996-04,supr-con,2
1996-05,acc-phys,2
1996-05,adap-org,2
1996-05,alg-geom,14
1996-05,ao-sci,2
1996-05,astro-ph,200
1996-05,atom-ph,10
1996-05,chao-dyn,19
1996-05,chem-ph,4
1996-05,cmp-lg,37
1996-05,comp-gas,3
1996-05,cond-mat,196
1996-05,cond-mat.dis-nn,1
1996-05,cond-mat.mes-hall,3
1996-05,cond-mat.soft,1
1996-05,cond-mat.stat-mech,2
1996-05,cs.AI,6
1996-05,dg-ga,9
1996-05,funct-an,6
1996-05,gr-qc,75
1996-05,hep-ex,12
1996-05,hep-lat,44
1996-05,hep-ph,262
1996-05,hep-th,230
1996-05,math.CA,1
1996-05,math.DG,1
1996-05,math.DS,2
1996-05,math.FA,7
1996-05,math.GR,7
1996-05,math.GT,2
1996-05,math.LO,6
1996-05,math.MG,4
1996-05,math.NT,2
1996-05,math.OA,1
1996-05,math.RA,1
1996-05,math.RT,2
1996-05,mtrl-th,2
1996-05,nucl-ex,5
1996-05,nucl-th,45
1996-05,patt-sol,5
1996-05,q-alg,46
1996-05,quant-ph,45
1996-05,solv-int,9
1996-05,supr-con,2
1996-06,adap-org,5
1996-06,alg-geom,18
1996-06,ao-sci,1
1996-06,astro-ph,187
1996-06,atom-ph,9
1996-06,chao-dyn,16
1996-06,chem-ph,2
1996-06,cmp-lg,33
1996-06,comp-gas,1
1996-06,cond-mat,221
1996-06,cond-mat.dis-nn,2
1996-06,cond-mat.mes-hall,2
1996-06,cond-mat.soft,2
1996-06,cond-mat.stat-mech,2
1996-06,cs.AI,2
1996-06,dg-ga,12
1996-06,funct-an,5
1996-06,gr-qc,94
1996-06,hep-ex,17
1996-06,hep-lat,23
1996-06,hep-ph,294
1996-06,hep-th,207
1996-06,math.AG,1
1996-06,math.CO,2
1996-06,math.CV,5
1996-06,math.DS,7
1996-06,math.FA,3
1996-06,math.GT,2
1996-06,math.LO,10
1996-06,math.OA,1
1996-06,math.RA,1
1996-06,math.SP,1
1996-06,mtrl-th,5
1996-06,nucl-ex,1
1996-06,nucl-th,61
1996-06,patt-sol,10
1996-06,q-alg,28
1996-06,quant-ph,36
1996-06,solv-int,9
1996-06,supr-con,3
1996-07,acc-phys,2
1996-07,adap-org,2
1996-07,alg-geom,27
1996-07,astro-ph,175
1996-07,atom-ph,6
1996-07,chao-dyn,25
1996-07,chem-ph,2
1996-07,cmp-lg,36
1996-07,comp-gas,3
1996-07,cond-mat,219
1996-07,cond-mat.dis-nn,1
1996-07,cond-mat.mes-hall,2
1996-07,cond-mat.mtrl-sci,1
1996-07,cond-mat.soft,1
1996-07,cond-mat.stat-mech,2
1996-07,cond-mat.str-el,1
1996-07,dg-ga,8
1996-07,funct-an,3
1996-07,gr-qc,79
1996-07,hep-ex,13
1996-07,hep-lat,86
1996-07,hep-ph,285
1996-07,hep-th,244
1996-07,math.AG,7
1996-07,math.CV,2
1996-07,math.DS,1
1996-07,math.FA,6
1996-07,math.LO,5
1996-07,math.OA,1
1996-07,math.PR,2
1996-07,math.RA,2
1996-07,math.RT,6
1996-07,mtrl-th,15
1996-07,nucl-ex,15
1996-07,nucl-th,59
1996-07,patt-sol,5
1996-07,plasm-ph,2
1996-07,q-alg,32
1996-07,quant-ph,29
1996-07,solv-int,10
1996-07,supr-con,7
1996-08,adap-org,3
1996-08,alg-geom,35
1996-08,ao-sci,1
1996-08,astro-ph,210
1996-08,atom-ph,2
1996-08,chao-dyn,20
1996-08,chem-ph,5
1996-08,cmp-lg,22
1996-08,comp-gas,1
1996-08,cond-mat,161
1996-08,cond-mat.dis-nn,2
1996-08,cond-mat.mes-hall,5
1996-08,cond-mat.stat-mech,1
1996-08,cond-mat.supr-con,1
1996-08,cs.AI,2
1996-08,cs.DS,1
1996-08,dg-ga,10
1996-08,funct-an,6
1996-08,gr-qc,75
1996-08,hep-ex,18
1996-08,hep-lat,158
1996-08,hep-ph,308
1996-08,hep-th,208
1996-08,math.AC,1
1996-08,math.AG,2
1996-08,math.CV,1
1996-08,math.DG,1
1996-08,math.DS,2
1996-08,math.GR,1
1996-08,math.GT,1
1996-08,math.LO,4
1996-08,math.MG,1
1996-08,math.RA,1
1996-08,mtrl-th,8
1996-08,nucl-ex,6
1996-08,nucl-th,68
1996-08,patt-sol,11
1996-08,plasm-ph,2
1996-08,q-alg,28
1996-08,quant-ph,52
1996-08,solv-int,11
1996-08,supr-con,9
1996-09,acc-phys,6
1996-09,adap-org,3
1996-09,alg-geom,22
1996-09,ao-sci,1
1996-09,astro-ph,197
1996-09,atom-ph,2
1996-09,bayes-an,1
1996-09,chao-dyn,24
1996-09,chem-ph,2
1996-09,cmp-lg,10
1996-09,comp-gas,3
1996-09,cond-mat,268
1996-09,cond-mat.mes-hall,3
1996-09,cond-mat.soft,1
1996-09,cond-mat.stat-mech,6
1996-09,cond-mat.str-el,3
1996-09,cond-mat.supr-con,3
1996-09,cs.AI,2
1996-09,dg-ga,12
1996-09,funct-an,4
1996-09,gr-qc,67
1996-09,hep-ex,19
1996-09,hep-lat,41
1996-09,hep-ph,317
1996-09,hep-th,229
1996-09,math.CA,1
1996-09,math.CO,1
1996-09,math.CV,1
1996-09,math.DG,1
1996-09,math.DS,1
1996-09,math.GT,3
1996-09,math.LO,8
1996-09,math.MG,1
1996-09,math.NT,1
1996-09,math.RA,1
1996-09,mtrl-th,12
1996-09,nucl-ex,3
1996-09,nucl-th,62
1996-09,patt-sol,8
1996-09,plasm-ph,2
1996-09,q-alg,31
1996-09,quant-ph,25
1996-09,solv-int,10
1996-09,supr-con,3
1996-10,adap-org,2
1996-10,alg-geom,23
1996-10,astro-ph,269
1996-10,chao-dyn,15
1996-10,cmp-lg,6
1996-10,comp-gas,1
1996-10,cond-mat,32
1996-10,cond-mat.dis-nn,8
1996-10,cond-mat.mes-hall,29
1996-10,cond-mat.mtrl-sci,18
1996-10,cond-mat.soft,13
1996-10,cond-mat.stat-mech,65
1996-10,cond-mat.str-el,29
1996-10,cond-mat.supr-con,31
1996-10,cs.AI,2
1996-10,dg-ga,20
1996-10,funct-an,3
1996-10,gr-qc,76
1996-10,hep-ex,9
1996-10,hep-lat,38
1996-10,hep-ph,355
1996-10,hep-th,252
1996-10,math.AG,1
1996-10,math.CA,3
1996-10,math.CV,4
1996-10,math.DS,2
1996-10,math.FA,8
1996-10,math.GT,1
1996-10,math.LO,6
1996-10,math.NT,1
1996-10,math.RT,1
1996-10,math.SP,1
1996-10,nucl-ex,11
1996-10,nucl-th,52
1996-10,patt-sol,5
1996-10,physics.acc-ph,2
1996-10,physics.ao-ph,3
1996-10,physics.atom-ph,2
1996-10,physics.bio-ph,1
1996-10,physics.chem-ph,3
1996-10,physics.comp-ph,3
1996-10,physics.flu-dyn,2
1996-10,physics.gen-ph,2
1996-10,physics.geo-ph,1
1996-10,physics.optics,2
1996-10,physics.plasm-ph,2
1996-10,physics.pop-ph,1
1996-10,q-alg,35
1996-10,quant-ph,46
1996-10,solv-int,12
1996-11,adap-org,8
1996-11,alg-geom,35
1996-11,astro-ph,244
1996-11,chao-dyn,21
1996-11,cmp-lg,6
1996-11,comp-gas,2
1996-11,cond-mat,46
1996-11,cond-mat.dis-nn,19
1996-11,cond-mat.mes-hall,39
1996-11,cond-mat.mtrl-sci,20
1996-11,cond-mat.soft,9
1996-11,cond-mat.stat-mech,56
1996-11,cond-mat.str-el,36
1996-11,cond-mat.supr-con,27
1996-11,cs.AI,1
1996-11,dg-ga,11
1996-11,funct-an,4
1996-11,gr-qc,71
1996-11,hep-ex,22
1996-11,hep-lat,32
1996-11,hep-ph,282
1996-11,hep-th,245
1996-11,math-ph,3
1996-11,math.CA,1
1996-11,math.CO,1
1996-11,math.CV,3
1996-11,math.DG,3
1996-11,math.DS,2
1996-11,math.GR,6
1996-11,math.LO,5
1996-11,math.NT,2
1996-11,math.RA,1
1996-11,math.RT,2
1996-11,nucl-ex,5
1996-11,nucl-th,59
1996-11,patt-sol,2
1996-11,physics.acc-ph,1
1996-11,physics.atom-ph,12
1996-11,physics.bio-ph,1
1996-11,physics.chem-ph,5
1996-11,physics.class-ph,2
1996-11,physics.comp-ph,1
1996-11,physics.data-an,1
1996-11,physics.ed-ph,2
1996-11,physics.plasm-ph,2
1996-11,q-alg,33
1996-11,quant-ph,63
1996-11,solv-int,8
1996-12,alg-geom,20
1996-12,astro-ph,236
1996-12,chao-dyn,28
1996-12,cmp-lg,5
1996-12,comp-gas,1
1996-12,cond-mat,50
1996-12,cond-mat.dis-nn,18
1996-12,cond-mat.mes-hall,36
1996-12,cond-mat.mtrl-sci,15
1996-12,cond-mat.soft,10
1996-12,cond-mat.stat-mech,51
1996-12,cond-mat.str-el,29
1996-12,cond-mat.supr-con,31
1996-12,cs.AI,3
1996-12,dg-ga,18
1996-12,funct-an,10
1996-12,gr-qc,66
1996-12,hep-ex,16
1996-12,hep-lat,25
1996-12,hep-ph,278
1996-12,hep-th,248
1996-12,math-ph,4
1996-12,math.AG,1
1996-12,math.CA,2
1996-12,math.CO,4
1996-12,math.CV,4
1996-12,math.DS,2
1996-12,math.FA,2
1996-12,math.GR,2
1996-12,math.GT,4
1996-12,math.LO,6
1996-12,math.NT,1
1996-12,nucl-ex,7
1996-12,nucl-th,63
1996-12,patt-sol,4
1996-12,physics.acc-ph,1
1996-12,physics.atom-ph,1
1996-12,physics.chem-ph,4
1996-12,physics.class-ph,1
1996-12,physics.comp-ph,1
1996-12,physics.gen-ph,2
1996-12,physics.plasm-ph,4
1996-12,q-alg,37
1996-12,quant-ph,44
1996-12,solv-int,14
1997-01,adap-org,1
1997-01,alg-geom,20
1997-01,astro-ph,259
1997-01,chao-dyn,24
1997-01,cmp-lg,4
1997-01,cond-mat,35
1997-01,cond-mat.dis-nn,21
1997-01,cond-mat.mes-hall,48
1997-01,cond-mat.mtrl-sci,8
1997-01,cond-mat.soft,12
1997-01,cond-mat.stat-mech,46
1997-01,cond-mat.str-el,49
1997-01,cond-mat.supr-con,19
1997-01,cs.AI,2
1997-01,dg-ga,11
1997-01,funct-an,13
1997-01,gr-qc,71
1997-01,hep-ex,20
1997-01,hep-lat,18
1997-01,hep-ph,235
1997-01,hep-th,203
1997-01,math-ph,7
1997-01,math.AC,1
1997-01,math.AP,1
1997-01,math.CO,1
1997-01,math.CV,2
1997-01,math.DG,1
1997-01,math.DS,3
1997-01,math.FA,4
1997-01,math.GT,1
1997-01,math.LO,2
1997-01,math.MG,1
1997-01,math.NT,3
1997-01,math.PR,7
1997-01,math.RA,1
1997-01,math.RT,1
1997-01,nucl-th,70
1997-01,patt-sol,11
1997-01,physics.acc-ph,3
1997-01,physics.atom-ph,4
1997-01,physics.bio-ph,1
1997-01,physics.chem-ph,3
1997-01,physics.class-ph,1
1997-01,physics.comp-ph,1
1997-01,physics.data-an,1
1997-01,physics.gen-ph,1
1997-01,physics.optics,1
1997-01,physics.plasm-ph,2
1997-01,physics.space-ph,1
1997-01,q-alg,45
1997-01,quant-ph,44
1997-01,solv-int,20
1997-02,adap-org,4
1997-02,alg-geom,19
1997-02,astro-ph,234
1997-02,chao-dyn,18
1997-02,cmp-lg,16
1997-02,comp-gas,1
1997-02,cond-mat,47
1997-02,cond-mat.dis-nn,25
1997-02,cond-mat.mes-hall,34
1997-02,cond-mat.mtrl-sci,15
1997-02,cond-mat.soft,9
1997-02,cond-mat.stat-mech,38
1997-02,cond-mat.str-el,47
1997-02,cond-mat.supr-con,30
1997-02,dg-ga,20
1997-02,funct-an,19
1997-02,gr-qc,61
1997-02,hep-ex,15
1997-02,hep-lat,20
1997-02,hep-ph,238
1997-02,hep-th,206
1997-02,math-ph,12
1997-02,math.AG,2
1997-02,math.CO,5
1997-02,math.CV,1
1997-02,math.DS,1
1997-02,math.FA,8
1997-02,math.GR,5
1997-02,math.LO,7
1997-02,math.NT,1
1997-02,math.OC,1
1997-02,math.RA,1
1997-02,math.RT,1
1997-02,nucl-ex,5
1997-02,nucl-th,52
1997-02,patt-sol,6
1997-02,physics.acc-ph,3
1997-02,physics.atom-ph,6
1997-02,physics.chem-ph,4
1997-02,physics.comp-ph,3
1997-02,physics.ed-ph,1
1997-02,physics.flu-dyn,1
1997-02,physics.gen-ph,1
1997-02,physics.ins-det,1
1997-02,physics.optics,1
1997-02,physics.pop-ph,2
1997-02,physics.space-ph,1
1997-02,q-alg,29
1997-02,quant-ph,56
1997-02,solv-int,8
1997-03,alg-geom,37
1997-03,astro-ph,196
1997-03,chao-dyn,18
1997-03,cmp-lg,5
1997-03,comp-gas,1
1997-03,cond-mat,63
1997-03,cond-mat.dis-nn,20
1997-03,cond-mat.mes-hall,33
1997-03,cond-mat.mtrl-sci,18
1997-03,cond-mat.soft,7
1997-03,cond-mat.stat-mech,39
1997-03,cond-mat.str-el,30
1997-03,cond-mat.supr-con,39
1997-03,cs.AI,1
1997-03,dg-ga,22
1997-03,funct-an,5
1997-03,gr-qc,86
1997-03,hep-ex,17
1997-03,hep-lat,19
1997-03,hep-ph,259
1997-03,hep-th,220
1997-03,math-ph,6
1997-03,math.CA,4
1997-03,math.CO,3
1997-03,math.CV,1
1997-03,math.DG,1
1997-03,math.DS,1
1997-03,math.GR,2
1997-03,math.GT,3
1997-03,math.LO,7
1997-03,math.RT,1
1997-03,math.SP,1
1997-03,nucl-ex,3
1997-03,nucl-th,58
1997-03,patt-sol,9
1997-03,physics.acc-ph,1
1997-03,physics.ao-ph,1
1997-03,physics.atom-ph,5
1997-03,physics.chem-ph,3
1997-03,physics.class-ph,2
1997-03,physics.comp-ph,1
1997-03,physics.gen-ph,5
1997-03,physics.hist-ph,2
1997-03,physics.ins-det,1
1997-03,physics.optics,1
1997-03,physics.plasm-ph,1
1997-03,physics.pop-ph,1
1997-03,q-alg,47
1997-03,quant-ph,55
1997-03,solv-int,15
1997-04,adap-org,5
1997-04,alg-geom,23
1997-04,astro-ph,300
1997-04,chao-dyn,26
1997-04,cmp-lg,14
1997-04,comp-gas,2
1997-04,cond-mat,47
1997-04,cond-mat.dis-nn,26
1997-04,cond-mat.mes-hall,29
1997-04,cond-mat.mtrl-sci,13
1997-04,cond-mat.soft,12
1997-04,cond-mat.stat-mech,48
1997-04,cond-mat.str-el,43
1997-04,cond-mat.supr-con,34
1997-04,cs.AI,1
1997-04,dg-ga,17
1997-04,funct-an,8
1997-04,gr-qc,85
1997-04,hep-ex,20
1997-04,hep-lat,21
1997-04,hep-ph,256
1997-04,hep-th,213
1997-04,math-ph,5
1997-04,math.CO,6
1997-04,math.CV,3
1997-04,math.DG,1
1997-04,math.DS,2
1997-04,math.FA,9
1997-04,math.GR,4
1997-04,math.GT,4
1997-04,math.LO,3
1997-04,math.PR,1
1997-04,math.RA,1
1997-04,nucl-ex,11
1997-04,nucl-th,66
1997-04,patt-sol,7
1997-04,physics.acc-ph,1
1997-04,physics.atom-ph,3
1997-04,physics.chem-ph,4
1997-04,physics.class-ph,1
1997-04,physics.ed-ph,2
1997-04,physics.gen-ph,4
1997-04,physics.hist-ph,1
1997-04,physics.ins-det,2
1997-04,physics.optics,1
1997-04,physics.plasm-ph,2
1997-04,physics.pop-ph,3
1997-04,q-alg,20
1997-04,quant-ph,47
1997-04,solv-int,15
1997-05,adap-org,4
1997-05,alg-geom,27
1997-05,astro-ph,259
1997-05,chao-dyn,14
1997-05,cmp-lg,16
1997-05,cond-mat,61
1997-05,cond-mat.dis-nn,21
1997-05,cond-mat.mes-hall,33
1997-05,cond-mat.mtrl-sci,20
1997-05,cond-mat.soft,18
1997-05,cond-mat.stat-mech,64
1997-05,cond-mat.str-el,58
1997-05,cond-mat.supr-con,41
1997-05,cs.AI,2
1997-05,dg-ga,11
1997-05,funct-an,7
1997-05,gr-qc,86
1997-05,hep-ex,20
1997-05,hep-lat,43
1997-05,hep-ph,283
1997-05,hep-th,244
1997-05,math-ph,6
1997-05,math.AG,2
1997-05,math.AT,1
1997-05,math.CA,1
1997-05,math.CO,3
1997-05,math.CV,3
1997-05,math.FA,2
1997-05,math.GR,4
1997-05,math.GT,4
1997-05,math.LO,4
1997-05,math.NT,2
1997-05,math.PR,1
1997-05,math.RA,1
1997-05,nucl-ex,2
1997-05,nucl-th,59
1997-05,patt-sol,10
1997-05,physics.acc-ph,2
1997-05,physics.atom-ph,7
1997-05,physics.bio-ph,2
1997-05,physics.chem-ph,1
1997-05,physics.comp-ph,3
1997-05,physics.ed-ph,2
1997-05,physics.flu-dyn,3
1997-05,physics.gen-ph,13
1997-05,physics.geo-ph,4
1997-05,physics.optics,1
1997-05,physics.plasm-ph,1
1997-05,physics.pop-ph,1
1997-05,q-alg,28
1997-05,quant-ph,55
1997-05,solv-int,19
1997-06,adap-org,7
1997-06,alg-geom,12
1997-06,astro-ph,303
1997-06,chao-dyn,30
1997-06,cmp-lg,29
1997-06,comp-gas,1
1997-06,cond-mat,57
1997-06,cond-mat.dis-nn,32
1997-06,cond-mat.mes-hall,30
1997-06,cond-mat.mtrl-sci,11
1997-06,cond-mat.soft,20
1997-06,cond-mat.stat-mech,65
1997-06,cond-mat.str-el,57
1997-06,cond-mat.supr-con,35
1997-06,cs.AI,2
1997-06,dg-ga,16
1997-06,funct-an,8
1997-06,gr-qc,83
1997-06,hep-ex,28
1997-06,hep-lat,23
1997-06,hep-ph,351
1997-06,hep-th,222
1997-06,math-ph,4
1997-06,math.AG,1
1997-06,math.AT,1
1997-06,math.CA,1
1997-06,math.CO,2
1997-06,math.CV,5
1997-06,math.DG,2
1997-06,math.FA,6
1997-06,math.GR,1
1997-06,math.GT,2
1997-06,math.LO,8
1997-06,math.MG,1
1997-06,math.NT,1
1997-06,math.SP,1
1997-06,nucl-ex,11
1997-06,nucl-th,85
1997-06,patt-sol,7
1997-06,physics.acc-ph,3
1997-06,physics.ao-ph,1
1997-06,physics.atm-clus,3
1997-06,physics.atom-ph,5
1997-06,physics.bio-ph,4
1997-06,physics.chem-ph,2
1997-06,physics.data-an,2
1997-06,physics.flu-dyn,1
1997-06,physics.gen-ph,8
1997-06,physics.ins-det,1
1997-06,physics.optics,1
1997-06,physics.plasm-ph,2
1997-06,physics.pop-ph,1
1997-06,q-alg,33
1997-06,quant-ph,63
1997-06,solv-int,10
1997-07,adap-org,7
1997-07,alg-geom,18
1997-07,astro-ph,354
1997-07,chao-dyn,22
1997-07,cmp-lg,20
1997-07,cond-mat,78
1997-07,cond-mat.dis-nn,32
1997-07,cond-mat.mes-hall,38
1997-07,cond-mat.mtrl-sci,32
1997-07,cond-mat.soft,16
1997-07,cond-mat.stat-mech,68
1997-07,cond-mat.str-el,48
1997-07,cond-mat.supr-con,34
1997-07,cs.AI,3
1997-07,dg-ga,26
1997-07,funct-an,10
1997-07,gr-qc,61
1997-07,hep-ex,42
1997-07,hep-lat,35
1997-07,hep-ph,346
1997-07,hep-th,263
1997-07,math-ph,8
1997-07,math.AC,1
1997-07,math.AP,1
1997-07,math.AT,1
1997-07,math.CA,1
1997-07,math.CO,5
1997-07,math.CV,1
1997-07,math.DG,3
1997-07,math.DS,3
1997-07,math.FA,2
1997-07,math.GT,2
1997-07,math.LO,9
1997-07,math.MG,2
1997-07,math.NT,4
1997-07,math.OA,1
1997-07,math.RA,1
1997-07,math.RT,1
1997-07,nucl-ex,8
1997-07,nucl-th,57
1997-07,patt-sol,7
1997-07,physics.acc-ph,1
1997-07,physics.atom-ph,6
1997-07,physics.chem-ph,1
1997-07,physics.comp-ph,1
1997-07,physics.data-an,2
1997-07,physics.flu-dyn,1
1997-07,physics.gen-ph,1
1997-07,physics.hist-ph,1
1997-07,physics.optics,2
1997-07,physics.space-ph,1
1997-07,q-alg,34
1997-07,quant-ph,58
1997-07,solv-int,15
1997-08,adap-org,7
1997-08,alg-geom,26
1997-08,astro-ph,279
1997-08,chao-dyn,22
1997-08,cmp-lg,13
1997-08,cond-mat,56
1997-08,cond-mat.dis-nn,21
1997-08,cond-mat.mes-hall,24
1997-08,cond-mat.mtrl-sci,12
1997-08,cond-mat.soft,32
1997-08,cond-mat.stat-mech,48
1997-08,cond-mat.str-el,26
1997-08,cond-mat.supr-con,24
1997-08,dg-ga,17
1997-08,funct-an,4
1997-08,gr-qc,72
1997-08,hep-ex,40
1997-08,hep-lat,30
1997-08,hep-ph,299
1997-08,hep-th,174
1997-08,math-ph,6
1997-08,math.AC,1
1997-08,math.CV,1
1997-08,math.DG,1
1997-08,math.DS,2
1997-08,math.FA,2
1997-08,math.GR,1
1997-08,math.GT,1
1997-08,math.HO,1
1997-08,math.LO,1
1997-08,math.NT,3
1997-08,math.RT,2
1997-08,nucl-ex,5
1997-08,nucl-th,61
1997-08,patt-sol,4
1997-08,physics.acc-ph,1
1997-08,physics.ao-ph,1
1997-08,physics.atom-ph,3
1997-08,physics.bio-ph,1
1997-08,physics.chem-ph,5
1997-08,physics.class-ph,2
1997-08,physics.comp-ph,3
1997-08,physics.flu-dyn,3
1997-08,physics.gen-ph,3
1997-08,physics.ins-det,4
1997-08,physics.optics,2
1997-08,physics.plasm-ph,3
1997-08,q-alg,32
1997-08,quant-ph,57
1997-08,solv-int,10
1997-09,adap-org,6
1997-09,alg-geom,35
1997-09,astro-ph,302
1997-09,chao-dyn,31
1997-09,cmp-lg,15
1997-09,comp-gas,1
1997-09,cond-mat,71
1997-09,cond-mat.dis-nn,19
1997-09,cond-mat.mes-hall,42
1997-09,cond-mat.mtrl-sci,23
1997-09,cond-mat.soft,21
1997-09,cond-mat.stat-mech,73
1997-09,cond-mat.str-el,55
1997-09,cond-mat.supr-con,39
1997-09,cs.AI,2
1997-09,dg-ga,19
1997-09,funct-an,7
1997-09,gr-qc,83
1997-09,hep-ex,33
1997-09,hep-lat,160
1997-09,hep-ph,310
1997-09,hep-th,225
1997-09,math-ph,12
1997-09,math.AP,1
1997-09,math.CA,1
1997-09,math.CV,1
1997-09,math.DS,4
1997-09,math.FA,12
1997-09,math.GR,2
1997-09,math.GT,2
1997-09,math.LO,7
1997-09,math.NT,2
1997-09,math.RA,1
1997-09,nucl-ex,7
1997-09,nucl-th,74
1997-09,patt-sol,5
1997-09,physics.acc-ph,3
1997-09,physics.atm-clus,1
1997-09,physics.atom-ph,5
1997-09,physics.bio-ph,1
1997-09,physics.chem-ph,4
1997-09,physics.class-ph,1
1997-09,physics.comp-ph,3
1997-09,physics.ed-ph,2
1997-09,physics.flu-dyn,1
1997-09,physics.gen-ph,2
1997-09,physics.ins-det,5
1997-09,physics.optics,1
1997-09,physics.plasm-ph,6
1997-09,physics.pop-ph,2
1997-09,q-alg,42
1997-09,quant-ph,58
1997-09,solv-int,12
1997-10,adap-org,4
1997-10,alg-geom,34
1997-10,astro-ph,373
1997-10,chao-dyn,32
1997-10,cmp-lg,8
1997-10,cond-mat,80
1997-10,cond-mat.dis-nn,23
1997-10,cond-mat.mes-hall,54
1997-10,cond-mat.mtrl-sci,26
1997-10,cond-mat.soft,15
1997-10,cond-mat.stat-mech,65
1997-10,cond-mat.str-el,41
1997-10,cond-mat.supr-con,47
1997-10,cs.AI,1
1997-10,dg-ga,35
1997-10,funct-an,5
1997-10,gr-qc,140
1997-10,hep-ex,33
1997-10,hep-lat,97
1997-10,hep-ph,365
1997-10,hep-th,248
1997-10,math-ph,10
1997-10,math.AG,1
1997-10,math.AP,2
1997-10,math.CA,1
1997-10,math.DG,3
1997-10,math.DS,3
1997-10,math.FA,4
1997-10,math.LO,5
1997-10,math.NT,4
1997-10,math.RA,1
1997-10,math.RT,1
1997-10,nucl-ex,3
1997-10,nucl-th,74
1997-10,patt-sol,6
1997-10,physics.acc-ph,2
1997-10,physics.atom-ph,6
1997-10,physics.chem-ph,8
1997-10,physics.class-ph,4
1997-10,physics.comp-ph,2
1997-10,physics.data-an,2
1997-10,physics.ed-ph,3
1997-10,physics.flu-dyn,2
1997-10,physics.gen-ph,1
1997-10,physics.hist-ph,1
1997-10,physics.ins-det,1
1997-10,physics.optics,1
1997-10,physics.plasm-ph,1
1997-10,physics.pop-ph,2
1997-10,q-alg,40
1997-10,quant-ph,64
1997-10,solv-int,32
1997-11,adap-org,3
1997-11,alg-geom,36
1997-11,astro-ph,366
1997-11,chao-dyn,22
1997-11,cmp-lg,14
1997-11,cond-mat,71
1997-11,cond-mat.dis-nn,13
1997-11,cond-mat.mes-hall,43
1997-11,cond-mat.mtrl-sci,14
1997-11,cond-mat.soft,22
1997-11,cond-mat.stat-mech,76
1997-11,cond-mat.str-el,41
1997-11,cond-mat.supr-con,42
1997-11,cs.AI,3
1997-11,dg-ga,20
1997-11,funct-an,6
1997-11,gr-qc,91
1997-11,hep-ex,25
1997-11,hep-lat,55
1997-11,hep-ph,327
1997-11,hep-th,217
1997-11,math-ph,4
1997-11,math.AG,2
1997-11,math.CA,1
1997-11,math.CO,5
1997-11,math.CV,1
1997-11,math.DG,1
1997-11,math.DS,4
1997-11,math.FA,7
1997-11,math.GN,1
1997-11,math.GR,2
1997-11,math.LO,6
1997-11,math.NT,1
1997-11,math.RA,2
1997-11,nucl-ex,7
1997-11,nucl-th,70
1997-11,patt-sol,3
1997-11,physics.acc-ph,2
1997-11,physics.atm-clus,1
1997-11,physics.atom-ph,4
1997-11,physics.bio-ph,1
1997-11,physics.chem-ph,3
1997-11,physics.class-ph,5
1997-11,physics.comp-ph,3
1997-11,physics.data-an,1
1997-11,physics.gen-ph,1
1997-11,physics.ins-det,1
1997-11,physics.optics,4
1997-11,physics.plasm-ph,1
1997-11,q-alg,31
1997-11,quant-ph,74
1997-11,solv-int,12
1997-12,adap-org,7
1997-12,alg-geom,33
1997-12,astro-ph,349
1997-12,chao-dyn,23
1997-12,cmp-lg,10
1997-12,comp-gas,1
1997-12,cond-mat,66
1997-12,cond-mat.dis-nn,21
1997-12,cond-mat.mes-hall,38
1997-12,cond-mat.mtrl-sci,20
1997-12,cond-mat.soft,13
1997-12,cond-mat.stat-mech,76
1997-12,cond-mat.str-el,49
1997-12,cond-mat.supr-con,38
1997-12,cs.AI,2
1997-12,dg-ga,21
1997-12,funct-an,11
1997-12,gr-qc,99
1997-12,hep-ex,32
1997-12,hep-lat,27
1997-12,hep-ph,342
1997-12,hep-th,248
1997-12,math-ph,18
1997-12,math.AP,2
1997-12,math.CO,22
1997-12,math.CV,3
1997-12,math.DG,1
1997-12,math.DS,1
1997-12,math.FA,1
1997-12,math.GR,6
1997-12,math.GT,30
1997-12,math.LO,14
1997-12,math.MG,1
1997-12,math.NT,3
1997-12,math.PR,2
1997-12,math.RA,1
1997-12,math.RT,3
1997-12,math.SP,1
1997-12,nucl-ex,7
1997-12,nucl-th,79
1997-12,patt-sol,7
1997-12,physics.acc-ph,1
1997-12,physics.atm-clus,2
1997-12,physics.atom-ph,6
1997-12,physics.bio-ph,3
1997-12,physics.chem-ph,2
1997-12,physics.class-ph,2
1997-12,physics.data-an,3
1997-12,physics.ed-ph,1
1997-12,physics.flu-dyn,4
1997-12,physics.gen-ph,6
1997-12,physics.ins-det,2
1997-12,physics.optics,4
1997-12,physics.plasm-ph,1
1997-12,physics.space-ph,1
1997-12,q-alg,53
1997-12,quant-ph,57
1997-12,solv-int,22
1998-01,adap-org,3
1998-01,alg-geom,1
1998-01,astro-ph,327
1998-01,chao-dyn,31
1998-01,cmp-lg,5
1998-01,comp-gas,2
1998-01,cond-mat,61
1998-01,cond-mat.dis-nn,23
1998-01,cond-mat.mes-hall,37
1998-01,cond-mat.mtrl-sci,15
1998-01,cond-mat.soft,21
1998-01,cond-mat.stat-mech,78
1998-01,cond-mat.str-el,49
1998-01,cond-mat.supr-con,46
1998-01,cs.AI,2
1998-01,cs.DS,1
1998-01,gr-qc,114
1998-01,hep-ex,31
1998-01,hep-lat,40
1998-01,hep-ph,262
1998-01,hep-th,209
1998-01,math-ph,15
1998-01,math.AG,31
1998-01,math.AP,2
1998-01,math.AT,5
1998-01,math.CA,1
1998-01,math.CO,16
1998-01,math.CV,3
1998-01,math.DG,18
1998-01,math.DS,3
1998-01,math.FA,3
1998-01,math.GR,1
1998-01,math.GT,16
1998-01,math.HO,1
1998-01,math.KT,3
1998-01,math.LO,6
1998-01,math.NA,1
1998-01,math.NT,3
1998-01,math.OA,3
1998-01,math.PR,3
1998-01,math.QA,34
1998-01,math.RT,1
1998-01,math.SP,7
1998-01,nucl-ex,9
1998-01,nucl-th,69
1998-01,patt-sol,4
1998-01,physics.acc-ph,2
1998-01,physics.atm-clus,1
1998-01,physics.atom-ph,5
1998-01,physics.bio-ph,3
1998-01,physics.chem-ph,3
1998-01,physics.class-ph,2
1998-01,physics.comp-ph,1
1998-01,physics.flu-dyn,2
1998-01,physics.gen-ph,3
1998-01,physics.hist-ph,1
1998-01,physics.ins-det,4
1998-01,physics.optics,1
1998-01,physics.plasm-ph,1
1998-01,q-bio.QM,1
1998-01,quant-ph,77
1998-01,solv-int,28
1998-02,adap-org,3
1998-02,astro-ph,362
1998-02,chao-dyn,25
1998-02,cmp-lg,2
1998-02,cond-mat,67
1998-02,cond-mat.dis-nn,25
1998-02,cond-mat.mes-hall,38
1998-02,cond-mat.mtrl-sci,16
1998-02,cond-mat.soft,18
1998-02,cond-mat.stat-mech,62
1998-02,cond-mat.str-el,55
1998-02,cond-mat.supr-con,29
1998-02,gr-qc,72
1998-02,hep-ex,22
1998-02,hep-lat,38
1998-02,hep-ph,253
1998-02,hep-th,203
1998-02,math-ph,8
1998-02,math.AC,1
1998-02,math.AG,35
1998-02,math.AP,1
1998-02,math.AT,2
1998-02,math.CO,6
1998-02,math.CV,2
1998-02,math.DG,18
1998-02,math.DS,2
1998-02,math.FA,4
1998-02,math.GR,6
1998-02,math.GT,10
1998-02,math.KT,1
1998-02,math.LO,4
1998-02,math.MG,1
1998-02,math.NT,2
1998-02,math.OA,4
1998-02,math.PR,4
1998-02,math.QA,23
1998-02,math.RA,4
1998-02,math.RT,3
1998-02,math.SG,1
1998-02,math.SP,1
1998-02,nucl-ex,6
1998-02,nucl-th,84
1998-02,patt-sol,5
1998-02,physics.acc-ph,3
1998-02,physics.atm-clus,1
1998-02,physics.atom-ph,7
1998-02,physics.bio-ph,2
1998-02,physics.chem-ph,3
1998-02,physics.class-ph,7
1998-02,physics.comp-ph,4
1998-02,physics.flu-dyn,1
1998-02,physics.gen-ph,5
1998-02,physics.hist-ph,1
1998-02,physics.ins-det,3
1998-02,physics.optics,2
1998-02,physics.plasm-ph,6
1998-02,q-bio.NC,1
1998-02,quant-ph,73
1998-02,solv-int,15
1998-03,adap-org,2
1998-03,astro-ph,344
1998-03,chao-dyn,44
1998-03,cmp-lg,3
1998-03,cond-mat,67
1998-03,cond-mat.dis-nn,32
1998-03,cond-mat.mes-hall,45
1998-03,cond-mat.mtrl-sci,21
1998-03,cond-mat.soft,26
1998-03,cond-mat.stat-mech,94
1998-03,cond-mat.str-el,65
1998-03,cond-mat.supr-con,39
1998-03,cs.AI,3
1998-03,gr-qc,97
1998-03,hep-ex,33
1998-03,hep-lat,28
1998-03,hep-ph,292
1998-03,hep-th,263
1998-03,math-ph,11
1998-03,math.AG,44
1998-03,math.AP,1
1998-03,math.AT,4
1998-03,math.CA,6
1998-03,math.CO,3
1998-03,math.CV,3
1998-03,math.DG,18
1998-03,math.DS,1
1998-03,math.FA,3
1998-03,math.GR,2
1998-03,math.GT,11
1998-03,math.HO,1
1998-03,math.KT,1
1998-03,math.LO,1
1998-03,math.NT,6
1998-03,math.OA,5
1998-03,math.PR,8
1998-03,math.QA,37
1998-03,math.RA,3
1998-03,math.RT,5
1998-03,math.SP,5
1998-03,nucl-ex,15
1998-03,nucl-th,59
1998-03,patt-sol,4
1998-03,physics.acc-ph,3
1998-03,physics.ao-ph,1
1998-03,physics.atom-ph,5
1998-03,physics.bio-ph,1
1998-03,physics.chem-ph,2
1998-03,physics.class-ph,4
1998-03,physics.comp-ph,2
1998-03,physics.ed-ph,1
1998-03,physics.flu-dyn,3
1998-03,physics.gen-ph,4
1998-03,physics.hist-ph,1
1998-03,physics.ins-det,1
1998-03,physics.optics,5
1998-03,physics.plasm-ph,2
1998-03,physics.pop-ph,1
1998-03,physics.space-ph,1
1998-03,q-bio.NC,1
1998-03,quant-ph,85
1998-03,solv-int,19
1998-04,adap-org,3
1998-04,astro-ph,341
1998-04,chao-dyn,40
1998-04,cmp-lg,5
1998-04,comp-gas,1
1998-04,cond-mat,56
1998-04,cond-mat.dis-nn,19
1998-04,cond-mat.mes-hall,33
1998-04,cond-mat.mtrl-sci,24
1998-04,cond-mat.soft,20
1998-04,cond-mat.stat-mech,95
1998-04,cond-mat.str-el,54
1998-04,cond-mat.supr-con,31
1998-04,gr-qc,88
1998-04,hep-ex,18
1998-04,hep-lat,32
1998-04,hep-ph,266
1998-04,hep-th,211
1998-04,math-ph,18
1998-04,math.AC,1
1998-04,math.AG,31
1998-04,math.AP,7
1998-04,math.CA,3
1998-04,math.CO,6
1998-04,math.CV,12
1998-04,math.DG,14
1998-04,math.FA,9
1998-04,math.GN,1
1998-04,math.GR,1
1998-04,math.GT,9
1998-04,math.LO,8
1998-04,math.MG,2
1998-04,math.NA,1
1998-04,math.NT,5
1998-04,math.OA,8
1998-04,math.PR,7
1998-04,math.QA,29
1998-04,math.RA,2
1998-04,math.RT,3
1998-04,math.SP,4
1998-04,nlin.SI,2
1998-04,nucl-ex,5
1998-04,nucl-th,78
1998-04,patt-sol,4
1998-04,physics.acc-ph,3
1998-04,physics.atom-ph,5
1998-04,physics.bio-ph,3
1998-04,physics.chem-ph,1
1998-04,physics.class-ph,3
1998-04,physics.comp-ph,2
1998-04,physics.ed-ph,2
1998-04,physics.gen-ph,3
1998-04,physics.hist-ph,2
1998-04,physics.ins-det,1
1998-04,physics.med-ph,1
1998-04,physics.optics,4
1998-04,physics.plasm-ph,6
1998-04,physics.soc-ph,1
1998-04,physics.space-ph,2
1998-04,q-bio.NC,3
1998-04,quant-ph,76
1998-04,solv-int,16
1998-05,adap-org,2
1998-05,astro-ph,384
1998-05,chao-dyn,29
1998-05,cmp-lg,13
1998-05,comp-gas,1
1998-05,cond-mat,66
1998-05,cond-mat.dis-nn,26
1998-05,cond-mat.mes-hall,39
1998-05,cond-mat.mtrl-sci,27
1998-05,cond-mat.soft,29
1998-05,cond-mat.stat-mech,111
1998-05,cond-mat.str-el,67
1998-05,cond-mat.supr-con,48
1998-05,cs.AI,1
1998-05,gr-qc,109
1998-05,hep-ex,35
1998-05,hep-lat,32
1998-05,hep-ph,320
1998-05,hep-th,223
1998-05,math-ph,28
1998-05,math.AG,39
1998-05,math.AP,2
1998-05,math.AT,2
1998-05,math.CA,5
1998-05,math.CO,9
1998-05,math.CT,1
1998-05,math.CV,5
1998-05,math.DG,21
1998-05,math.DS,5
1998-05,math.FA,3
1998-05,math.GN,1
1998-05,math.GR,2
1998-05,math.GT,7
1998-05,math.LO,6
1998-05,math.NA,2
1998-05,math.NT,1
1998-05,math.OA,3
1998-05,math.PR,1
1998-05,math.QA,27
1998-05,math.RA,2
1998-05,math.RT,5
1998-05,math.SG,1
1998-05,math.SP,4
1998-05,nucl-ex,9
1998-05,nucl-th,57
1998-05,patt-sol,11
1998-05,physics.atom-ph,13
1998-05,physics.bio-ph,3
1998-05,physics.chem-ph,3
1998-05,physics.class-ph,3
1998-05,physics.comp-ph,2
1998-05,physics.data-an,2
1998-05,physics.ed-ph,1
1998-05,physics.gen-ph,5
1998-05,physics.ins-det,3
1998-05,physics.optics,3
1998-05,physics.plasm-ph,2
1998-05,quant-ph,89
1998-05,solv-int,14
1998-06,adap-org,6
1998-06,astro-ph,389
1998-06,chao-dyn,33
1998-06,cmp-lg,19
1998-06,comp-gas,1
1998-06,cond-mat,71
1998-06,cond-mat.dis-nn,25
1998-06,cond-mat.mes-hall,43
1998-06,cond-mat.mtrl-sci,27
1998-06,cond-mat.soft,19
1998-06,cond-mat.stat-mech,86
1998-06,cond-mat.str-el,59
1998-06,cond-mat.supr-con,45
1998-06,cs.AI,2
1998-06,gr-qc,118
1998-06,hep-ex,38
1998-06,hep-lat,37
1998-06,hep-ph,333
1998-06,hep-th,246
1998-06,math-ph,17
1998-06,math.AG,33
1998-06,math.AT,2
1998-06,math.CA,1
1998-06,math.CO,12
1998-06,math.CV,5
1998-06,math.DG,15
1998-06,math.DS,9
1998-06,math.FA,2
1998-06,math.GN,1
1998-06,math.GR,2
1998-06,math.GT,15
1998-06,math.KT,1
1998-06,math.LO,2
1998-06,math.MG,2
1998-06,math.NA,2
1998-06,math.NT,6
1998-06,math.OA,9
1998-06,math.PR,8
1998-06,math.QA,35
1998-06,math.RA,3
1998-06,math.RT,3
1998-06,math.SG,1
1998-06,math.SP,3
1998-06,nucl-ex,4
1998-06,nucl-th,103
1998-06,patt-sol,6
1998-06,physics.acc-ph,3
1998-06,physics.atm-clus,2
1998-06,physics.atom-ph,6
1998-06,physics.bio-ph,5
1998-06,physics.chem-ph,7
1998-06,physics.class-ph,1
1998-06,physics.comp-ph,3
1998-06,physics.ed-ph,4
1998-06,physics.flu-dyn,4
1998-06,physics.gen-ph,2
1998-06,physics.geo-ph,2
1998-06,physics.hist-ph,1
1998-06,physics.ins-det,3
1998-06,physics.optics,3
1998-06,physics.plasm-ph,1
1998-06,q-bio.NC,1
1998-06,quant-ph,97
1998-06,solv-int,8
1998-07,adap-org,4
1998-07,astro-ph,350
1998-07,chao-dyn,37
1998-07,cmp-lg,13
1998-07,comp-gas,1
1998-07,cond-mat,82
1998-07,cond-mat.dis-nn,42
1998-07,cond-mat.mes-hall,50
1998-07,cond-mat.mtrl-sci,29
1998-07,cond-mat.soft,28
1998-07,cond-mat.stat-mech,80
1998-07,cond-mat.str-el,67
1998-07,cond-mat.supr-con,44
1998-07,gr-qc,87
1998-07,hep-ex,33
1998-07,hep-lat,46
1998-07,hep-ph,373
1998-07,hep-th,241
1998-07,math-ph,38
1998-07,math.AG,26
1998-07,math.AP,9
1998-07,math.AT,3
1998-07,math.CA,4
1998-07,math.CO,11
1998-07,math.CV,2
1998-07,math.DG,28
1998-07,math.FA,5
1998-07,math.GR,6
1998-07,math.GT,19
1998-07,math.KT,2
1998-07,math.LO,9
1998-07,math.MG,1
1998-07,math.NT,6
1998-07,math.OA,7
1998-07,math.PR,3
1998-07,math.QA,33
1998-07,math.RA,10
1998-07,math.RT,3
1998-07,math.SG,3
1998-07,math.SP,2
1998-07,nucl-ex,8
1998-07,nucl-th,88
1998-07,patt-sol,1
1998-07,physics.acc-ph,6
1998-07,physics.atm-clus,2
1998-07,physics.atom-ph,6
1998-07,physics.bio-ph,3
1998-07,physics.chem-ph,2
1998-07,physics.class-ph,7
1998-07,physics.comp-ph,3
1998-07,physics.data-an,2
1998-07,physics.ed-ph,3
1998-07,physics.flu-dyn,1
1998-07,physics.gen-ph,5
1998-07,physics.geo-ph,2
1998-07,physics.hist-ph,4
1998-07,physics.ins-det,1
1998-07,physics.optics,4
1998-07,physics.plasm-ph,8
1998-07,quant-ph,92
1998-07,solv-int,10
1998-08,adap-org,4
1998-08,astro-ph,360
1998-08,chao-dyn,22
1998-08,cmp-lg,17
1998-08,cond-mat,48
1998-08,cond-mat.dis-nn,34
1998-08,cond-mat.mes-hall,39
1998-08,cond-mat.mtrl-sci,36
1998-08,cond-mat.soft,16
1998-08,cond-mat.stat-mech,73
1998-08,cond-mat.str-el,67
1998-08,cond-mat.supr-con,36
1998-08,cs.AI,4
1998-08,cs.CC,3
1998-08,cs.CG,1
1998-08,cs.NI,1
1998-08,gr-qc,83
1998-08,hep-ex,37
1998-08,hep-lat,57
1998-08,hep-ph,298
1998-08,hep-th,193
1998-08,math-ph,17
1998-08,math.AG,19
1998-08,math.AP,1
1998-08,math.AT,6
1998-08,math.CO,11
1998-08,math.CT,1
1998-08,math.CV,4
1998-08,math.DG,22
1998-08,math.DS,1
1998-08,math.FA,1
1998-08,math.GM,1
1998-08,math.GR,1
1998-08,math.GT,6
1998-08,math.KT,1
1998-08,math.LO,12
1998-08,math.MG,1
1998-08,math.NA,2
1998-08,math.NT,11
1998-08,math.OA,3
1998-08,math.PR,1
1998-08,math.QA,30
1998-08,math.RA,3
1998-08,math.RT,7
1998-08,math.SG,1
1998-08,nucl-ex,7
1998-08,nucl-th,78
1998-08,patt-sol,11
1998-08,physics.acc-ph,3
1998-08,physics.atm-clus,3
1998-08,physics.atom-ph,10
1998-08,physics.bio-ph,1
1998-08,physics.chem-ph,4
1998-08,physics.class-ph,4
1998-08,physics.comp-ph,2
1998-08,physics.data-an,5
1998-08,physics.ed-ph,4
1998-08,physics.gen-ph,5
1998-08,physics.hist-ph,2
1998-08,physics.med-ph,1
1998-08,physics.optics,3
1998-08,physics.plasm-ph,2
1998-08,physics.space-ph,1
1998-08,quant-ph,67
1998-08,solv-int,25
1998-09,adap-org,5
1998-09,astro-ph,412
1998-09,chao-dyn,22
1998-09,cmp-lg,3
1998-09,cond-mat,81
1998-09,cond-mat.dis-nn,37
1998-09,cond-mat.mes-hall,57
1998-09,cond-mat.mtrl-sci,23
1998-09,cond-mat.other,1
1998-09,cond-mat.soft,23
1998-09,cond-mat.stat-mech,108
1998-09,cond-mat.str-el,63
1998-09,cond-mat.supr-con,43
1998-09,cs.AI,1
1998-09,cs.AR,1
1998-09,cs.CC,12
1998-09,cs.CG,5
1998-09,cs.CL,15
1998-09,cs.CR,2
1998-09,cs.CY,1
1998-09,cs.DB,5
1998-09,cs.DC,2
1998-09,cs.DS,1
1998-09,cs.GL,1
1998-09,cs.HC,1
1998-09,cs.IR,1
1998-09,cs.LG,1
1998-09,cs.LO,5
1998-09,cs.MA,4
1998-09,cs.MS,2
1998-09,cs.NE,3
1998-09,cs.NI,58
1998-09,cs.OS,1
1998-09,cs.PL,2
1998-09,gr-qc,90
1998-09,hep-ex,31
1998-09,hep-lat,187
1998-09,hep-ph,398
1998-09,hep-th,216
1998-09,math-ph,27
1998-09,math.AC,2
1998-09,math.AG,33
1998-09,math.AP,2
1998-09,math.AT,2
1998-09,math.CA,3
1998-09,math.CO,14
1998-09,math.CT,1
1998-09,math.DG,14
1998-09,math.DS,2
1998-09,math.FA,5
1998-09,math.GN,2
1998-09,math.GR,8
1998-09,math.GT,18
1998-09,math.KT,2
1998-09,math.LO,9
1998-09,math.MG,2
1998-09,math.NA,2
1998-09,math.NT,15
1998-09,math.OA,9
1998-09,math.OC,1
1998-09,math.PR,11
1998-09,math.QA,36
1998-09,math.RA,3
1998-09,math.RT,7
1998-09,math.SG,4
1998-09,math.SP,5
1998-09,nucl-ex,5
1998-09,nucl-th,95
1998-09,patt-sol,12
1998-09,physics.acc-ph,3
1998-09,physics.atm-clus,2
1998-09,physics.atom-ph,12
1998-09,physics.bio-ph,2
1998-09,physics.chem-ph,1
1998-09,physics.class-ph,5
1998-09,physics.data-an,3
1998-09,physics.ed-ph,1
1998-09,physics.flu-dyn,1
1998-09,physics.gen-ph,6
1998-09,physics.geo-ph,1
1998-09,physics.ins-det,1
1998-09,physics.med-ph,1
1998-09,physics.optics,2
1998-09,physics.plasm-ph,4
1998-09,q-bio.NC,1
1998-09,quant-ph,89
1998-09,solv-int,9
1998-10,adap-org,6
1998-10,astro-ph,514
1998-10,chao-dyn,35
1998-10,comp-gas,2
1998-10,cond-mat,68
1998-10,cond-mat.dis-nn,32
1998-10,cond-mat.mes-hall,63
1998-10,cond-mat.mtrl-sci,14
1998-10,cond-mat.soft,27
1998-10,cond-mat.stat-mech,99
1998-10,cond-mat.str-el,70
1998-10,cond-mat.supr-con,45
1998-10,cs.AI,2
1998-10,cs.AR,1
1998-10,cs.CG,3
1998-10,cs.CL,3
1998-10,cs.CV,2
1998-10,cs.CY,1
1998-10,cs.DC,2
1998-10,cs.LG,1
1998-10,cs.LO,2
1998-10,cs.MA,1
1998-10,cs.NI,1
1998-10,cs.PL,4
1998-10,cs.SC,1
1998-10,cs.SE,6
1998-10,gr-qc,90
1998-10,hep-ex,49
1998-10,hep-lat,67
1998-10,hep-ph,359
1998-10,hep-th,261
1998-10,math-ph,22
1998-10,math.AG,30
1998-10,math.AP,5
1998-10,math.AT,4
1998-10,math.CA,3
1998-10,math.CO,12
1998-10,math.CT,5
1998-10,math.CV,2
1998-10,math.DG,22
1998-10,math.DS,7
1998-10,math.FA,3
1998-10,math.GM,1
1998-10,math.GN,15
1998-10,math.GR,5
1998-10,math.GT,27
1998-10,math.KT,3
1998-10,math.LO,3
1998-10,math.MG,1
1998-10,math.NA,1
1998-10,math.NT,6
1998-10,math.OA,7
1998-10,math.PR,3
1998-10,math.QA,26
1998-10,math.RA,3
1998-10,math.RT,10
1998-10,math.SG,5
1998-10,math.SP,2
1998-10,nucl-ex,18
1998-10,nucl-th,81
1998-10,patt-sol,8
1998-10,physics.acc-ph,1
1998-10,physics.atm-clus,9
1998-10,physics.atom-ph,10
1998-10,physics.bio-ph,6
1998-10,physics.chem-ph,3
1998-10,physics.class-ph,5
1998-10,physics.comp-ph,2
1998-10,physics.data-an,2
1998-10,physics.ed-ph,2
1998-10,physics.flu-dyn,1
1998-10,physics.gen-ph,6
1998-10,physics.hist-ph,2
1998-10,physics.ins-det,1
1998-10,physics.optics,5
1998-10,physics.plasm-ph,8
1998-10,q-bio.NC,1
1998-10,quant-ph,96
1998-10,solv-int,22
1998-11,adap-org,5
1998-11,astro-ph,475
1998-11,chao-dyn,26
1998-11,comp-gas,2
1998-11,cond-mat,65
1998-11,cond-mat.dis-nn,36
1998-11,cond-mat.mes-hall,53
1998-11,cond-mat.mtrl-sci,27
1998-11,cond-mat.soft,32
1998-11,cond-mat.stat-mech,80
1998-11,cond-mat.str-el,65
1998-11,cond-mat.supr-con,62
1998-11,cs.AI,1
1998-11,cs.CC,1
1998-11,cs.CG,1
1998-11,cs.CL,9
1998-11,cs.DB,1
1998-11,cs.DL,1
1998-11,cs.GL,1
1998-11,cs.HC,1
1998-11,cs.LO,2
1998-11,cs.NE,3
1998-11,cs.NI,2
1998-11,cs.PL,2
1998-11,cs.RO,1
1998-11,cs.SE,3
1998-11,gr-qc,95
1998-11,hep-ex,48
1998-11,hep-lat,36
1998-11,hep-ph,316
1998-11,hep-th,252
1998-11,math-ph,30
1998-11,math.AG,34
1998-11,math.AP,8
1998-11,math.AT,4
1998-11,math.CA,1
1998-11,math.CO,11
1998-11,math.CV,2
1998-11,math.DG,14
1998-11,math.DS,3
1998-11,math.FA,8
1998-11,math.GN,2
1998-11,math.GR,10
1998-11,math.GT,18
1998-11,math.LO,2
1998-11,math.MG,10
1998-11,math.NA,1
1998-11,math.NT,13
1998-11,math.OA,2
1998-11,math.PR,5
1998-11,math.QA,25
1998-11,math.RA,2
1998-11,math.RT,9
1998-11,math.SG,4
1998-11,math.SP,3
1998-11,nucl-ex,13
1998-11,nucl-th,104
1998-11,patt-sol,8
1998-11,physics.acc-ph,3
1998-11,physics.atm-clus,5
1998-11,physics.atom-ph,10
1998-11,physics.bio-ph,8
1998-11,physics.class-ph,1
1998-11,physics.comp-ph,1
1998-11,physics.data-an,5
1998-11,physics.ed-ph,1
1998-11,physics.flu-dyn,2
1998-11,physics.gen-ph,8
1998-11,physics.geo-ph,1
1998-11,physics.hist-ph,2
1998-11,physics.ins-det,4
1998-11,physics.optics,2
1998-11,physics.plasm-ph,2
1998-11,physics.pop-ph,1
1998-11,q-bio.NC,1
1998-11,quant-ph,91
1998-11,solv-int,14
1998-12,adap-org,5
1998-12,astro-ph,487
1998-12,chao-dyn,26
1998-12,cond-mat,70
1998-12,cond-mat.dis-nn,30
1998-12,cond-mat.mes-hall,60
1998-12,cond-mat.mtrl-sci,34
1998-12,cond-mat.soft,24
1998-12,cond-mat.stat-mech,82
1998-12,cond-mat.str-el,77
1998-12,cond-mat.supr-con,64
1998-12,cs.AI,2
1998-12,cs.CC,1
1998-12,cs.CL,5
1998-12,cs.DB,1
1998-12,cs.DC,1
1998-12,cs.DL,3
1998-12,cs.DS,2
1998-12,cs.HC,2
1998-12,cs.LO,1
1998-12,cs.NE,4
1998-12,cs.OS,1
1998-12,gr-qc,96
1998-12,hep-ex,32
1998-12,hep-lat,23
1998-12,hep-ph,337
1998-12,hep-th,255
1998-12,math-ph,29
1998-12,math.AC,3
1998-12,math.AG,31
1998-12,math.AP,3
1998-12,math.AT,5
1998-12,math.CA,3
1998-12,math.CO,9
1998-12,math.CT,2
1998-12,math.CV,2
1998-12,math.DG,26
1998-12,math.DS,5
1998-12,math.FA,8
1998-12,math.GN,2
1998-12,math.GR,3
1998-12,math.GT,14
1998-12,math.LO,4
1998-12,math.NA,1
1998-12,math.NT,10
1998-12,math.OA,2
1998-12,math.OC,1
1998-12,math.PR,3
1998-12,math.QA,29
1998-12,math.RT,2
1998-12,math.SG,1
1998-12,math.SP,2
1998-12,nucl-ex,11
1998-12,nucl-th,81
1998-12,patt-sol,7
1998-12,physics.acc-ph,3
1998-12,physics.ao-ph,2
1998-12,physics.atom-ph,9
1998-12,physics.bio-ph,3
1998-12,physics.chem-ph,2
1998-12,physics.class-ph,3
1998-12,physics.comp-ph,3
1998-12,physics.data-an,4
1998-12,physics.ed-ph,1
1998-12,physics.flu-dyn,2
1998-12,physics.gen-ph,6
1998-12,physics.ins-det,8
1998-12,physics.optics,3
1998-12,physics.plasm-ph,3
1998-12,physics.pop-ph,1
1998-12,quant-ph,89
1998-12,solv-int,30
1999-01,adap-org,5
1999-01,astro-ph,431
1999-01,chao-dyn,31
1999-01,cond-mat,65
1999-01,cond-mat.dis-nn,22
1999-01,cond-mat.mes-hall,42
1999-01,cond-mat.mtrl-sci,21
1999-01,cond-mat.soft,25
1999-01,cond-mat.stat-mech,85
1999-01,cond-mat.str-el,60
1999-01,cond-mat.supr-con,40
1999-01,cs.CC,1
1999-01,cs.CG,1
1999-01,cs.CL,2
1999-01,cs.DL,1
1999-01,cs.DS,1
1999-01,cs.IR,1
1999-01,cs.LG,3
1999-01,cs.LO,3
1999-01,cs.MS,1
1999-01,cs.NI,1
1999-01,cs.PL,1
1999-01,cs.SC,1
1999-01,gr-qc,88
1999-01,hep-ex,42
1999-01,hep-lat,24
1999-01,hep-ph,262
1999-01,hep-th,176
1999-01,math-ph,24
1999-01,math.AC,1
1999-01,math.AG,38
1999-01,math.AP,5
1999-01,math.AT,2
1999-01,math.CA,1
1999-01,math.CO,7
1999-01,math.CT,2
1999-01,math.CV,7
1999-01,math.DG,17
1999-01,math.DS,5
1999-01,math.FA,1
1999-01,math.GN,2
1999-01,math.GR,2
1999-01,math.GT,14
1999-01,math.HO,2
1999-01,math.KT,2
1999-01,math.LO,2
1999-01,math.NA,5
1999-01,math.NT,8
1999-01,math.OA,3
1999-01,math.OC,1
1999-01,math.PR,2
1999-01,math.QA,22
1999-01,math.RA,2
1999-01,math.RT,2
1999-01,math.SG,3
1999-01,math.SP,2
1999-01,nlin.SI,1
1999-01,nucl-ex,9
1999-01,nucl-th,100
1999-01,patt-sol,5
1999-01,physics.acc-ph,11
1999-01,physics.atm-clus,2
1999-01,physics.atom-ph,1
1999-01,physics.bio-ph,3
1999-01,physics.chem-ph,4
1999-01,physics.class-ph,4
1999-01,physics.comp-ph,13
1999-01,physics.data-an,3
1999-01,physics.ed-ph,1
1999-01,physics.flu-dyn,3
1999-01,physics.gen-ph,7
1999-01,physics.geo-ph,1
1999-01,physics.hist-ph,1
1999-01,physics.ins-det,2
1999-01,physics.med-ph,1
1999-01,physics.plasm-ph,4
1999-01,physics.pop-ph,1
1999-01,physics.soc-ph,1
1999-01,quant-ph,78
1999-01,solv-int,13
1999-02,adap-org,3
1999-02,astro-ph,391
1999-02,chao-dyn,22
1999-02,comp-gas,2
1999-02,cond-mat,66
1999-02,cond-mat.dis-nn,25
1999-02,cond-mat.mes-hall,51
1999-02,cond-mat.mtrl-sci,14
1999-02,cond-mat.soft,29
1999-02,cond-mat.stat-mech,68
1999-02,cond-mat.str-el,61
1999-02,cond-mat.supr-con,57
1999-02,cs.CE,1
1999-02,cs.CL,3
1999-02,cs.CR,1
1999-02,cs.DL,17
1999-02,cs.DS,1
1999-02,cs.IR,1
1999-02,cs.LG,1
1999-02,cs.NE,2
1999-02,cs.NI,1
1999-02,cs.SE,1
1999-02,gr-qc,86
1999-02,hep-ex,31
1999-02,hep-lat,34
1999-02,hep-ph,281
1999-02,hep-th,211
1999-02,math-ph,33
1999-02,math.AC,1
1999-02,math.AG,34
1999-02,math.AT,1
1999-02,math.CA,3
1999-02,math.CO,4
1999-02,math.CT,2
1999-02,math.CV,8
1999-02,math.DG,24
1999-02,math.DS,9
1999-02,math.FA,4
1999-02,math.GN,3
1999-02,math.GT,10
1999-02,math.HO,1
1999-02,math.LO,3
1999-02,math.MG,2
1999-02,math.NA,1
1999-02,math.NT,6
1999-02,math.OA,3
1999-02,math.OC,5
1999-02,math.PR,3
1999-02,math.QA,27
1999-02,math.RA,1
1999-02,math.RT,5
1999-02,math.SG,3
1999-02,math.SP,5
1999-02,nucl-ex,13
1999-02,nucl-th,77
1999-02,patt-sol,8
1999-02,physics.acc-ph,5
1999-02,physics.atm-clus,2
1999-02,physics.atom-ph,15
1999-02,physics.bio-ph,9
1999-02,physics.chem-ph,5
1999-02,physics.class-ph,4
1999-02,physics.comp-ph,2
1999-02,physics.data-an,2
1999-02,physics.flu-dyn,1
1999-02,physics.gen-ph,11
1999-02,physics.ins-det,5
1999-02,physics.med-ph,2
1999-02,physics.optics,5
1999-02,physics.pop-ph,2
1999-02,physics.space-ph,1
1999-02,quant-ph,88
1999-02,solv-int,15
1999-03,adap-org,9
1999-03,astro-ph,481
1999-03,chao-dyn,39
1999-03,cond-mat,60
1999-03,cond-mat.dis-nn,35
1999-03,cond-mat.mes-hall,55
1999-03,cond-mat.mtrl-sci,32
1999-03,cond-mat.soft,27
1999-03,cond-mat.stat-mech,97
1999-03,cond-mat.str-el,76
1999-03,cond-mat.supr-con,66
1999-03,cs.AI,1
1999-03,cs.CL,3
1999-03,cs.CR,1
1999-03,cs.CY,2
1999-03,cs.DC,2
1999-03,cs.DS,4
1999-03,cs.HC,1
1999-03,cs.LO,1
1999-03,cs.MA,1
1999-03,cs.OH,1
1999-03,cs.OS,1
1999-03,cs.SE,2
1999-03,gr-qc,110
1999-03,hep-ex,74
1999-03,hep-lat,40
1999-03,hep-ph,347
1999-03,hep-th,260
1999-03,math-ph,46
1999-03,math.AG,33
1999-03,math.AP,4
1999-03,math.AT,4
1999-03,math.CA,3
1999-03,math.CO,13
1999-03,math.CV,3
1999-03,math.DG,34
1999-03,math.DS,7
1999-03,math.FA,8
1999-03,math.GM,2
1999-03,math.GR,5
1999-03,math.GT,21
1999-03,math.KT,1
1999-03,math.LO,5
1999-03,math.MG,2
1999-03,math.NT,11
1999-03,math.OA,3
1999-03,math.OC,2
1999-03,math.PR,5
1999-03,math.QA,23
1999-03,math.RA,5
1999-03,math.RT,5
1999-03,math.SG,2
1999-03,math.SP,3
1999-03,nucl-ex,11
1999-03,nucl-th,81
1999-03,patt-sol,6
1999-03,physics.acc-ph,4
1999-03,physics.atm-clus,3
1999-03,physics.atom-ph,7
1999-03,physics.bio-ph,2
1999-03,physics.chem-ph,1
1999-03,physics.class-ph,6
1999-03,physics.comp-ph,3
1999-03,physics.data-an,2
1999-03,physics.ed-ph,2
1999-03,physics.flu-dyn,3
1999-03,physics.gen-ph,7
1999-03,physics.geo-ph,1
1999-03,physics.hist-ph,2
1999-03,physics.ins-det,1
1999-03,physics.optics,2
1999-03,physics.plasm-ph,3
1999-03,quant-ph,102
1999-03,solv-int,23
1999-04,adap-org,4
1999-04,astro-ph,431
1999-04,chao-dyn,43
1999-04,cond-mat,65
1999-04,cond-mat.dis-nn,35
1999-04,cond-mat.mes-hall,51
1999-04,cond-mat.mtrl-sci,30
1999-04,cond-mat.soft,35
1999-04,cond-mat.stat-mech,96
1999-04,cond-mat.str-el,87
1999-04,cond-mat.supr-con,53
1999-04,cs.CC,1
1999-04,cs.CE,4
1999-04,cs.CL,4
1999-04,cs.CR,1
1999-04,cs.CY,2
1999-04,cs.DC,1
1999-04,cs.IR,1
1999-04,cs.NI,6
1999-04,cs.PL,1
1999-04,gr-qc,84
1999-04,hep-ex,34
1999-04,hep-lat,15
1999-04,hep-ph,314
1999-04,hep-th,219
1999-04,math-ph,41
1999-04,math.AC,1
1999-04,math.AG,48
1999-04,math.AP,4
1999-04,math.AT,2
1999-04,math.CA,4
1999-04,math.CO,9
1999-04,math.CT,1
1999-04,math.CV,3
1999-04,math.DG,16
1999-04,math.DS,9
1999-04,math.FA,4
1999-04,math.GN,1
1999-04,math.GT,14
1999-04,math.HO,2
1999-04,math.KT,2
1999-04,math.LO,3
1999-04,math.MG,3
1999-04,math.NA,4
1999-04,math.NT,5
1999-04,math.OA,9
1999-04,math.OC,1
1999-04,math.PR,3
1999-04,math.QA,28
1999-04,math.RA,1
1999-04,math.RT,5
1999-04,math.SG,5
1999-04,math.SP,3
1999-04,nlin.CD,1
1999-04,nucl-ex,13
1999-04,nucl-th,84
1999-04,patt-sol,8
1999-04,physics.acc-ph,14
1999-04,physics.ao-ph,1
1999-04,physics.atm-clus,2
1999-04,physics.atom-ph,5
1999-04,physics.bio-ph,5
1999-04,physics.chem-ph,6
1999-04,physics.class-ph,3
1999-04,physics.comp-ph,1
1999-04,physics.ed-ph,1
1999-04,physics.flu-dyn,4
1999-04,physics.gen-ph,14
1999-04,physics.hist-ph,1
1999-04,physics.ins-det,5
1999-04,physics.med-ph,2
1999-04,physics.optics,1
1999-04,physics.plasm-ph,2
1999-04,physics.soc-ph,1
1999-04,quant-ph,109
1999-04,solv-int,19
1999-05,adap-org,6
1999-05,astro-ph,395
1999-05,chao-dyn,46
1999-05,comp-gas,2
1999-05,cond-mat,74
1999-05,cond-mat.dis-nn,29
1999-05,cond-mat.mes-hall,56
1999-05,cond-mat.mtrl-sci,37
1999-05,cond-mat.soft,30
1999-05,cond-mat.stat-mech,84
1999-05,cond-mat.str-el,65
1999-05,cond-mat.supr-con,63
1999-05,cs.CE,1
1999-05,cs.CL,5
1999-05,cs.LG,4
1999-05,cs.MA,2
1999-05,cs.NE,2
1999-05,cs.NI,1
1999-05,cs.PL,1
1999-05,gr-qc,109
1999-05,hep-ex,63
1999-05,hep-lat,36
1999-05,hep-ph,377
1999-05,hep-th,231
1999-05,math-ph,25
1999-05,math.AC,1
1999-05,math.AG,42
1999-05,math.AT,4
1999-05,math.CA,1
1999-05,math.CO,10
1999-05,math.CV,7
1999-05,math.DG,20
1999-05,math.DS,10
1999-05,math.FA,2
1999-05,math.GR,3
1999-05,math.GT,18
1999-05,math.HO,3
1999-05,math.KT,1
1999-05,math.LO,15
1999-05,math.MG,4
1999-05,math.NA,5
1999-05,math.NT,7
1999-05,math.OA,6
1999-05,math.OC,2
1999-05,math.PR,8
1999-05,math.QA,31
1999-05,math.RA,8
1999-05,math.RT,2
1999-05,math.SG,4
1999-05,math.SP,5
1999-05,nucl-ex,9
1999-05,nucl-th,67
1999-05,patt-sol,12
1999-05,physics.acc-ph,3
1999-05,physics.atm-clus,2
1999-05,physics.atom-ph,8
1999-05,physics.bio-ph,3
1999-05,physics.chem-ph,4
1999-05,physics.class-ph,2
1999-05,physics.comp-ph,2
1999-05,physics.data-an,1
1999-05,physics.ed-ph,6
1999-05,physics.flu-dyn,4
1999-05,physics.gen-ph,12
1999-05,physics.hist-ph,1
1999-05,physics.ins-det,1
1999-05,physics.optics,5
1999-05,physics.plasm-ph,7
1999-05,q-bio.NC,1
1999-05,quant-ph,102
1999-05,solv-int,12
1999-06,adap-org,4
1999-06,astro-ph,504
1999-06,chao-dyn,45
1999-06,cond-mat,56
1999-06,cond-mat.dis-nn,39
1999-06,cond-mat.mes-hall,59
1999-06,cond-mat.mtrl-sci,34
1999-06,cond-mat.other,1
1999-06,cond-mat.soft,30
1999-06,cond-mat.stat-mech,99
1999-06,cond-mat.str-el,70
1999-06,cond-mat.supr-con,67
1999-06,cs.AI,2
1999-06,cs.CC,4
1999-06,cs.CE,2
1999-06,cs.CG,2
1999-06,cs.CL,13
1999-06,cs.DS,3
1999-06,cs.IT,1
1999-06,cs.LO,3
1999-06,cs.SE,4
1999-06,gr-qc,126
1999-06,hep-ex,45
1999-06,hep-lat,38
1999-06,hep-ph,356
1999-06,hep-th,248
1999-06,math-ph,27
1999-06,math.AC,1
1999-06,math.AG,36
1999-06,math.AP,5
1999-06,math.AT,2
1999-06,math.CA,5
1999-06,math.CO,11
1999-06,math.CT,2
1999-06,math.CV,4
1999-06,math.DG,14
1999-06,math.DS,8
1999-06,math.FA,6
1999-06,math.GN,1
1999-06,math.GR,2
1999-06,math.GT,23
1999-06,math.KT,3
1999-06,math.LO,8
1999-06,math.MG,6
1999-06,math.NA,5
1999-06,math.NT,11
1999-06,math.OA,17
1999-06,math.OC,2
1999-06,math.PR,7
1999-06,math.QA,23
1999-06,math.RA,4
1999-06,math.RT,5
1999-06,math.SG,5
1999-06,math.SP,2
1999-06,nucl-ex,13
1999-06,nucl-th,97
1999-06,patt-sol,10
1999-06,physics.acc-ph,2
1999-06,physics.atm-clus,2
1999-06,physics.atom-ph,16
1999-06,physics.bio-ph,2
1999-06,physics.chem-ph,2
1999-06,physics.class-ph,1
1999-06,physics.comp-ph,1
1999-06,physics.data-an,6
1999-06,physics.ed-ph,2
1999-06,physics.flu-dyn,5
1999-06,physics.gen-ph,10
1999-06,physics.hist-ph,1
1999-06,physics.ins-det,2
1999-06,physics.optics,4
1999-06,physics.plasm-ph,7
1999-06,physics.pop-ph,1
1999-06,physics.space-ph,2
1999-06,quant-ph,131
1999-06,solv-int,18
1999-07,adap-org,10
1999-07,astro-ph,451
1999-07,chao-dyn,34
1999-07,comp-gas,1
1999-07,cond-mat,73
1999-07,cond-mat.dis-nn,47
1999-07,cond-mat.mes-hall,74
1999-07,cond-mat.mtrl-sci,37
1999-07,cond-mat.soft,26
1999-07,cond-mat.stat-mech,90
1999-07,cond-mat.str-el,79
1999-07,cond-mat.supr-con,84
1999-07,cs.CC,9
1999-07,cs.CE,2
1999-07,cs.CG,8
1999-07,cs.CL,11
1999-07,cs.DB,2
1999-07,cs.DM,1
1999-07,cs.DS,3
1999-07,cs.IR,1
1999-07,cs.LO,4
1999-07,cs.SE,1
1999-07,gr-qc,109
1999-07,hep-ex,68
1999-07,hep-lat,29
1999-07,hep-ph,376
1999-07,hep-th,229
1999-07,math-ph,26
1999-07,math.AC,2
1999-07,math.AG,31
1999-07,math.AP,6
1999-07,math.AT,4
1999-07,math.CA,3
1999-07,math.CO,15
1999-07,math.CT,1
1999-07,math.DG,18
1999-07,math.DS,10
1999-07,math.FA,1
1999-07,math.GN,2
1999-07,math.GR,4
1999-07,math.GT,27
1999-07,math.KT,1
1999-07,math.LO,5
1999-07,math.MG,2
1999-07,math.NA,7
1999-07,math.NT,12
1999-07,math.OA,11
1999-07,math.OC,3
1999-07,math.PR,5
1999-07,math.QA,29
1999-07,math.RA,7
1999-07,math.RT,6
1999-07,math.SG,6
1999-07,nlin.CD,1
1999-07,nlin.SI,1
1999-07,nucl-ex,21
1999-07,nucl-th,122
1999-07,patt-sol,5
1999-07,physics.acc-ph,5
1999-07,physics.ao-ph,2
1999-07,physics.atm-clus,1
1999-07,physics.atom-ph,5
1999-07,physics.bio-ph,3
1999-07,physics.chem-ph,5
1999-07,physics.class-ph,5
1999-07,physics.comp-ph,2
1999-07,physics.ed-ph,2
1999-07,physics.flu-dyn,1
1999-07,physics.gen-ph,8
1999-07,physics.hist-ph,1
1999-07,physics.ins-det,6
1999-07,physics.optics,2
1999-07,physics.plasm-ph,3
1999-07,quant-ph,112
1999-07,solv-int,18
1999-08,adap-org,5
1999-08,astro-ph,360
1999-08,chao-dyn,21
1999-08,cond-mat,56
1999-08,cond-mat.dis-nn,38
1999-08,cond-mat.mes-hall,76
1999-08,cond-mat.mtrl-sci,32
1999-08,cond-mat.soft,30
1999-08,cond-mat.stat-mech,89
1999-08,cond-mat.str-el,80
1999-08,cond-mat.supr-con,80
1999-08,cs.CC,1
1999-08,cs.CG,5
1999-08,cs.CL,1
1999-08,cs.CR,3
1999-08,cs.CV,1
1999-08,cs.DC,2
1999-08,cs.DL,1
1999-08,cs.LG,2
1999-08,cs.LO,1
1999-08,cs.PL,1
1999-08,gr-qc,82
1999-08,hep-ex,66
1999-08,hep-lat,58
1999-08,hep-ph,328
1999-08,hep-th,206
1999-08,math-ph,32
1999-08,math.AG,30
1999-08,math.AP,2
1999-08,math.AT,1
1999-08,math.CA,12
1999-08,math.CO,7
1999-08,math.CV,7
1999-08,math.DG,17
1999-08,math.DS,8
1999-08,math.FA,14
1999-08,math.GN,6
1999-08,math.GR,2
1999-08,math.GT,8
1999-08,math.HO,1
1999-08,math.LO,6
1999-08,math.MG,1
1999-08,math.NA,5
1999-08,math.NT,6
1999-08,math.OA,4
1999-08,math.OC,4
1999-08,math.PR,5
1999-08,math.QA,23
1999-08,math.RT,5
1999-08,math.SG,2
1999-08,nucl-ex,24
1999-08,nucl-th,88
1999-08,patt-sol,9
1999-08,physics.acc-ph,6
1999-08,physics.atm-clus,1
1999-08,physics.atom-ph,13
1999-08,physics.bio-ph,6
1999-08,physics.chem-ph,2
1999-08,physics.class-ph,3
1999-08,physics.comp-ph,3
1999-08,physics.data-an,3
1999-08,physics.ed-ph,5
1999-08,physics.flu-dyn,5
1999-08,physics.gen-ph,9
1999-08,physics.geo-ph,2
1999-08,physics.hist-ph,2
1999-08,physics.ins-det,3
1999-08,physics.plasm-ph,1
1999-08,physics.soc-ph,1
1999-08,quant-ph,87
1999-08,solv-int,8
1999-09,adap-org,5
1999-09,astro-ph,517
1999-09,chao-dyn,42
1999-09,cond-mat,54
1999-09,cond-mat.dis-nn,41
1999-09,cond-mat.mes-hall,66
1999-09,cond-mat.mtrl-sci,40
1999-09,cond-mat.soft,27
1999-09,cond-mat.stat-mech,100
1999-09,cond-mat.str-el,78
1999-09,cond-mat.supr-con,51
1999-09,cs.AI,3
1999-09,cs.CC,1
1999-09,cs.CG,7
1999-09,cs.CL,1
1999-09,cs.CR,1
1999-09,cs.CY,1
1999-09,cs.DB,1
1999-09,cs.DC,3
1999-09,cs.LO,2
1999-09,gr-qc,92
1999-09,hep-ex,54
1999-09,hep-lat,169
1999-09,hep-ph,374
1999-09,hep-th,229
1999-09,math-ph,32
1999-09,math.AC,1
1999-09,math.AG,29
1999-09,math.AP,3
1999-09,math.AT,5
1999-09,math.CA,7
1999-09,math.CO,13
1999-09,math.CT,1
1999-09,math.CV,2
1999-09,math.DG,26
1999-09,math.DS,6
1999-09,math.FA,8
1999-09,math.GM,2
1999-09,math.GN,1
1999-09,math.GR,1
1999-09,math.GT,9
1999-09,math.HO,1
1999-09,math.KT,1
1999-09,math.LO,5
1999-09,math.MG,2
1999-09,math.NA,9
1999-09,math.NT,13
1999-09,math.OA,7
1999-09,math.PR,10
1999-09,math.QA,24
1999-09,math.RA,2
1999-09,math.RT,5
1999-09,math.SG,4
1999-09,math.SP,4
1999-09,nucl-ex,18
1999-09,nucl-th,83
1999-09,patt-sol,8
1999-09,physics.acc-ph,1
1999-09,physics.ao-ph,1
1999-09,physics.atm-clus,3
1999-09,physics.atom-ph,13
1999-09,physics.bio-ph,2
1999-09,physics.chem-ph,6
1999-09,physics.class-ph,2
1999-09,physics.comp-ph,4
1999-09,physics.data-an,1
1999-09,physics.ed-ph,1
1999-09,physics.flu-dyn,4
1999-09,physics.gen-ph,17
1999-09,physics.geo-ph,1
1999-09,physics.hist-ph,1
1999-09,physics.ins-det,2
1999-09,physics.med-ph,2
1999-09,physics.optics,3
1999-09,physics.plasm-ph,2
1999-09,quant-ph,95
1999-09,solv-int,27
1999-10,adap-org,3
1999-10,astro-ph,556
1999-10,chao-dyn,43
1999-10,cond-mat,73
1999-10,cond-mat.dis-nn,29
1999-10,cond-mat.mes-hall,72
1999-10,cond-mat.mtrl-sci,32
1999-10,cond-mat.soft,33
1999-10,cond-mat.stat-mech,110
1999-10,cond-mat.str-el,89
1999-10,cond-mat.supr-con,68
1999-10,cs.AI,1
1999-10,cs.CC,9
1999-10,cs.CG,2
1999-10,cs.CL,3
1999-10,cs.DB,2
1999-10,cs.DM,1
1999-10,cs.IR,1
1999-10,cs.LO,3
1999-10,cs.NI,1
1999-10,gr-qc,111
1999-10,hep-ex,65
1999-10,hep-lat,46
1999-10,hep-ph,355
1999-10,hep-th,256
1999-10,math-ph,49
1999-10,math.AG,40
1999-10,math.AP,7
1999-10,math.AT,7
1999-10,math.CA,5
1999-10,math.CO,11
1999-10,math.CT,1
1999-10,math.CV,2
1999-10,math.DG,23
1999-10,math.DS,5
1999-10,math.FA,6
1999-10,math.GN,2
1999-10,math.GR,4
1999-10,math.GT,9
1999-10,math.KT,2
1999-10,math.LO,6
1999-10,math.MG,1
1999-10,math.NA,2
1999-10,math.NT,7
1999-10,math.OA,4
1999-10,math.OC,1
1999-10,math.PR,4
1999-10,math.QA,20
1999-10,math.RA,4
1999-10,math.RT,4
1999-10,math.SG,2
1999-10,math.SP,1
1999-10,math.ST,1
1999-10,nucl-ex,17
1999-10,nucl-th,78
1999-10,patt-sol,5
1999-10,physics.acc-ph,2
1999-10,physics.atom-ph,9
1999-10,physics.bio-ph,5
1999-10,physics.chem-ph,1
1999-10,physics.class-ph,4
1999-10,physics.comp-ph,1
1999-10,physics.data-an,2
1999-10,physics.ed-ph,1
1999-10,physics.gen-ph,8
1999-10,physics.hist-ph,1
1999-10,physics.ins-det,4
1999-10,physics.med-ph,1
1999-10,physics.optics,1
1999-10,physics.plasm-ph,7
1999-10,physics.pop-ph,1
1999-10,physics.space-ph,1
1999-10,quant-ph,121
1999-10,solv-int,13
1999-11,adap-org,6
1999-11,astro-ph,553
1999-11,chao-dyn,29
1999-11,cond-mat,69
1999-11,cond-mat.dis-nn,46
1999-11,cond-mat.mes-hall,63
1999-11,cond-mat.mtrl-sci,31
1999-11,cond-mat.soft,35
1999-11,cond-mat.stat-mech,121
1999-11,cond-mat.str-el,86
1999-11,cond-mat.supr-con,65
1999-11,cs.AI,1
1999-11,cs.CC,5
1999-11,cs.CG,2
1999-11,cs.CL,2
1999-11,cs.DS,1
1999-11,cs.GL,1
1999-11,cs.LO,1
1999-11,cs.OH,1
1999-11,cs.PL,1
1999-11,gr-qc,128
1999-11,hep-ex,58
1999-11,hep-lat,40
1999-11,hep-ph,352
1999-11,hep-th,268
1999-11,math-ph,56
1999-11,math.AC,1
1999-11,math.AG,42
1999-11,math.AP,5
1999-11,math.AT,3
1999-11,math.CA,2
1999-11,math.CO,7
1999-11,math.CT,3
1999-11,math.CV,7
1999-11,math.DG,33
1999-11,math.DS,6
1999-11,math.FA,12
1999-11,math.GM,1
1999-11,math.GN,1
1999-11,math.GR,4
1999-11,math.GT,30
1999-11,math.HO,2
1999-11,math.KT,1
1999-11,math.LO,11
1999-11,math.MG,1
1999-11,math.NA,4
1999-11,math.NT,18
1999-11,math.OA,25
1999-11,math.OC,2
1999-11,math.PR,8
1999-11,math.QA,32
1999-11,math.RA,7
1999-11,math.RT,5
1999-11,math.SG,6
1999-11,math.SP,4
1999-11,nucl-ex,13
1999-11,nucl-th,82
1999-11,patt-sol,8
1999-11,physics.acc-ph,2
1999-11,physics.atm-clus,6
1999-11,physics.atom-ph,9
1999-11,physics.bio-ph,7
1999-11,physics.chem-ph,4
1999-11,physics.class-ph,2
1999-11,physics.comp-ph,3
1999-11,physics.data-an,1
1999-11,physics.ed-ph,2
1999-11,physics.flu-dyn,5
1999-11,physics.gen-ph,13
1999-11,physics.geo-ph,1
1999-11,physics.ins-det,2
1999-11,physics.med-ph,6
1999-11,physics.optics,8
1999-11,physics.plasm-ph,5
1999-11,physics.pop-ph,1
1999-11,physics.space-ph,2
1999-11,quant-ph,127
1999-11,solv-int,11
1999-12,adap-org,5
1999-12,astro-ph,569
1999-12,chao-dyn,34
1999-12,cond-mat,47
1999-12,cond-mat.dis-nn,33
1999-12,cond-mat.mes-hall,75
1999-12,cond-mat.mtrl-sci,30
1999-12,cond-mat.soft,29
1999-12,cond-mat.stat-mech,95
1999-12,cond-mat.str-el,95
1999-12,cond-mat.supr-con,91
1999-12,cs.AI,1
1999-12,cs.AR,1
1999-12,cs.CG,1
1999-12,cs.CL,8
1999-12,cs.CR,1
1999-12,cs.DB,1
1999-12,cs.DC,1
1999-12,cs.DS,3
1999-12,cs.IR,1
1999-12,cs.MA,1
1999-12,cs.MS,1
1999-12,cs.SE,1
1999-12,gr-qc,122
1999-12,hep-ex,67
1999-12,hep-lat,59
1999-12,hep-ph,353
1999-12,hep-th,294
1999-12,math-ph,25
1999-12,math.AC,4
1999-12,math.AG,55
1999-12,math.AP,7
1999-12,math.AT,10
1999-12,math.CA,8
1999-12,math.CO,19
1999-12,math.CT,3
1999-12,math.CV,9
1999-12,math.DG,22
1999-12,math.DS,4
1999-12,math.FA,12
1999-12,math.GM,2
1999-12,math.GN,1
1999-12,math.GR,1
1999-12,math.GT,15
1999-12,math.HO,3
1999-12,math.KT,1
1999-12,math.LO,4
1999-12,math.MG,1
1999-12,math.NT,11
1999-12,math.OA,4
1999-12,math.OC,3
1999-12,math.PR,6
1999-12,math.QA,34
1999-12,math.RA,3
1999-12,math.RT,6
1999-12,math.SG,3
1999-12,math.SP,2
1999-12,nucl-ex,13
1999-12,nucl-th,76
1999-12,patt-sol,8
1999-12,physics.ao-ph,1
1999-12,physics.atm-clus,1
1999-12,physics.atom-ph,10
1999-12,physics.bio-ph,4
1999-12,physics.chem-ph,2
1999-12,physics.class-ph,3
1999-12,physics.comp-ph,2
1999-12,physics.data-an,2
1999-12,physics.ed-ph,4
1999-12,physics.flu-dyn,3
1999-12,physics.gen-ph,15
1999-12,physics.hist-ph,1
1999-12,physics.ins-det,1
1999-12,physics.optics,1
1999-12,physics.plasm-ph,5
1999-12,physics.space-ph,1
1999-12,quant-ph,123
1999-12,solv-int,13
2000-01,astro-ph,546
2000-01,cond-mat,61
2000-01,cond-mat.dis-nn,31
2000-01,cond-mat.mes-hall,39
2000-01,cond-mat.mtrl-sci,43
2000-01,cond-mat.soft,25
2000-01,cond-mat.stat-mech,113
2000-01,cond-mat.str-el,76
2000-01,cond-mat.supr-con,72
2000-01,cs.AI,1
2000-01,cs.CC,2
2000-01,cs.CG,3
2000-01,cs.CL,8
2000-01,cs.CR,1
2000-01,cs.CV,1
2000-01,cs.CY,2
2000-01,cs.LG,2
2000-01,cs.MA,1
2000-01,cs.MS,1
2000-01,cs.NI,2
2000-01,cs.OH,1
2000-01,cs.PL,2
2000-01,gr-qc,105
2000-01,hep-ex,64
2000-01,hep-lat,34
2000-01,hep-ph,335
2000-01,hep-th,222
2000-01,math-ph,43
2000-01,math.AC,2
2000-01,math.AG,37
2000-01,math.AP,5
2000-01,math.AT,3
2000-01,math.CA,2
2000-01,math.CO,13
2000-01,math.CV,10
2000-01,math.DG,31
2000-01,math.DS,1
2000-01,math.FA,2
2000-01,math.GM,5
2000-01,math.GN,4
2000-01,math.GR,3
2000-01,math.GT,9
2000-01,math.KT,5
2000-01,math.LO,3
2000-01,math.MG,3
2000-01,math.NA,4
2000-01,math.NT,6
2000-01,math.OA,6
2000-01,math.PR,7
2000-01,math.QA,21
2000-01,math.RA,2
2000-01,math.RT,3
2000-01,math.SG,3
2000-01,nlin.AO,3
2000-01,nlin.CD,36
2000-01,nlin.PS,15
2000-01,nlin.SI,18
2000-01,nucl-ex,10
2000-01,nucl-th,65
2000-01,physics.acc-ph,5
2000-01,physics.ao-ph,1
2000-01,physics.atm-clus,1
2000-01,physics.atom-ph,10
2000-01,physics.bio-ph,7
2000-01,physics.chem-ph,4
2000-01,physics.class-ph,4
2000-01,physics.comp-ph,5
2000-01,physics.data-an,5
2000-01,physics.ed-ph,2
2000-01,physics.flu-dyn,3
2000-01,physics.gen-ph,14
2000-01,physics.hist-ph,1
2000-01,physics.ins-det,2
2000-01,physics.optics,2
2000-01,physics.plasm-ph,3
2000-01,physics.soc-ph,2
2000-01,physics.space-ph,2
2000-01,quant-ph,118
2000-02,astro-ph,531
2000-02,cond-mat,68
2000-02,cond-mat.dis-nn,37
2000-02,cond-mat.mes-hall,61
2000-02,cond-mat.mtrl-sci,32
2000-02,cond-mat.soft,29
2000-02,cond-mat.stat-mech,114
2000-02,cond-mat.str-el,60
2000-02,cond-mat.supr-con,68
2000-02,cs.AI,5
2000-02,cs.CE,1
2000-02,cs.CL,2
2000-02,cs.DC,2
2000-02,cs.IR,1
2000-02,cs.LG,1
2000-02,cs.LO,2
2000-02,cs.MM,1
2000-02,cs.NI,1
2000-02,cs.OH,1
2000-02,cs.RO,1
2000-02,gr-qc,96
2000-02,hep-ex,66
2000-02,hep-lat,32
2000-02,hep-ph,305
2000-02,hep-th,259
2000-02,math-ph,57
2000-02,math.AG,45
2000-02,math.AP,5
2000-02,math.AT,6
2000-02,math.CA,6
2000-02,math.CO,14
2000-02,math.CT,2
2000-02,math.CV,8
2000-02,math.DG,28
2000-02,math.DS,7
2000-02,math.FA,11
2000-02,math.GM,3
2000-02,math.GN,1
2000-02,math.GR,1
2000-02,math.GT,17
2000-02,math.KT,3
2000-02,math.LO,1
2000-02,math.MG,4
2000-02,math.NA,4
2000-02,math.NT,10
2000-02,math.OA,15
2000-02,math.PR,7
2000-02,math.QA,33
2000-02,math.RA,5
2000-02,math.RT,7
2000-02,math.SG,6
2000-02,math.SP,4
2000-02,math.ST,1
2000-02,nlin.AO,7
2000-02,nlin.CD,24
2000-02,nlin.PS,11
2000-02,nlin.SI,13
2000-02,nucl-ex,14
2000-02,nucl-th,64
2000-02,physics.acc-ph,2
2000-02,physics.atm-clus,1
2000-02,physics.atom-ph,8
2000-02,physics.bio-ph,9
2000-02,physics.chem-ph,2
2000-02,physics.comp-ph,1
2000-02,physics.ed-ph,3
2000-02,physics.flu-dyn,2
2000-02,physics.gen-ph,13
2000-02,physics.hist-ph,1
2000-02,physics.optics,8
2000-02,physics.plasm-ph,3
2000-02,physics.soc-ph,1
2000-02,quant-ph,94
2000-03,astro-ph,486
2000-03,cond-mat,67
2000-03,cond-mat.dis-nn,35
2000-03,cond-mat.mes-hall,64
2000-03,cond-mat.mtrl-sci,26
2000-03,cond-mat.soft,39
2000-03,cond-mat.stat-mech,112
2000-03,cond-mat.str-el,95
2000-03,cond-mat.supr-con,81
2000-03,cs.AI,48
2000-03,cs.CL,6
2000-03,cs.CR,2
2000-03,cs.CV,2
2000-03,cs.DB,3
2000-03,cs.DC,2
2000-03,cs.DM,2
2000-03,cs.DS,2
2000-03,cs.IR,1
2000-03,cs.LO,11
2000-03,cs.OH,1
2000-03,cs.OS,1
2000-03,cs.PL,3
2000-03,gr-qc,117
2000-03,hep-ex,34
2000-03,hep-lat,26
2000-03,hep-ph,329
2000-03,hep-th,301
2000-03,math-ph,45
2000-03,math.AC,1
2000-03,math.AG,62
2000-03,math.AP,5
2000-03,math.AT,2
2000-03,math.CA,1
2000-03,math.CO,7
2000-03,math.CT,1
2000-03,math.CV,5
2000-03,math.DG,25
2000-03,math.DS,5
2000-03,math.FA,9
2000-03,math.GM,3
2000-03,math.GR,5
2000-03,math.GT,17
2000-03,math.HO,1
2000-03,math.KT,1
2000-03,math.LO,9
2000-03,math.NA,4
2000-03,math.NT,12
2000-03,math.OA,5
2000-03,math.OC,4
2000-03,math.PR,8
2000-03,math.QA,30
2000-03,math.RA,6
2000-03,math.RT,8
2000-03,math.SG,2
2000-03,math.SP,6
2000-03,math.ST,1
2000-03,nlin.AO,6
2000-03,nlin.CD,45
2000-03,nlin.PS,9
2000-03,nlin.SI,9
2000-03,nucl-ex,10
2000-03,nucl-th,75
2000-03,physics.acc-ph,15
2000-03,physics.ao-ph,3
2000-03,physics.atm-clus,1
2000-03,physics.atom-ph,14
2000-03,physics.bio-ph,7
2000-03,physics.chem-ph,11
2000-03,physics.class-ph,8
2000-03,physics.comp-ph,2
2000-03,physics.data-an,5
2000-03,physics.ed-ph,3
2000-03,physics.flu-dyn,7
2000-03,physics.gen-ph,18
2000-03,physics.med-ph,2
2000-03,physics.optics,7
2000-03,physics.plasm-ph,4
2000-03,physics.pop-ph,1
2000-03,physics.space-ph,1
2000-03,quant-ph,151
2000-04,astro-ph,428
2000-04,cond-mat,60
2000-04,cond-mat.dis-nn,35
2000-04,cond-mat.mes-hall,54
2000-04,cond-mat.mtrl-sci,42
2000-04,cond-mat.soft,47
2000-04,cond-mat.stat-mech,117
2000-04,cond-mat.str-el,86
2000-04,cond-mat.supr-con,68
2000-04,cs.AI,3
2000-04,cs.CC,1
2000-04,cs.CL,2
2000-04,cs.CV,1
2000-04,cs.DC,3
2000-04,cs.DS,1
2000-04,cs.LO,1
2000-04,cs.MS,1
2000-04,cs.PL,2
2000-04,cs.SC,1
2000-04,gr-qc,84
2000-04,hep-ex,35
2000-04,hep-lat,27
2000-04,hep-ph,278
2000-04,hep-th,213
2000-04,math-ph,35
2000-04,math.AC,1
2000-04,math.AG,39
2000-04,math.AP,4
2000-04,math.AT,6
2000-04,math.CA,6
2000-04,math.CO,10
2000-04,math.CT,1
2000-04,math.CV,2
2000-04,math.DG,17
2000-04,math.DS,5
2000-04,math.FA,11
2000-04,math.GN,5
2000-04,math.GR,1
2000-04,math.GT,16
2000-04,math.HO,2
2000-04,math.LO,1
2000-04,math.NA,7
2000-04,math.NT,6
2000-04,math.OA,7
2000-04,math.OC,3
2000-04,math.PR,4
2000-04,math.QA,25
2000-04,math.RA,5
2000-04,math.RT,5
2000-04,math.SG,5
2000-04,math.SP,1
2000-04,nlin.AO,3
2000-04,nlin.CD,18
2000-04,nlin.CG,1
2000-04,nlin.PS,5
2000-04,nlin.SI,18
2000-04,nucl-ex,11
2000-04,nucl-th,67
2000-04,physics.acc-ph,3
2000-04,physics.atm-clus,3
2000-04,physics.atom-ph,10
2000-04,physics.bio-ph,11
2000-04,physics.chem-ph,3
2000-04,physics.class-ph,7
2000-04,physics.comp-ph,3
2000-04,physics.data-an,2
2000-04,physics.ed-ph,5
2000-04,physics.flu-dyn,2
2000-04,physics.gen-ph,18
2000-04,physics.ins-det,6
2000-04,physics.optics,1
2000-04,physics.plasm-ph,3
2000-04,physics.pop-ph,1
2000-04,quant-ph,114
2000-05,astro-ph,595
2000-05,cond-mat,70
2000-05,cond-mat.dis-nn,33
2000-05,cond-mat.mes-hall,65
2000-05,cond-mat.mtrl-sci,43
2000-05,cond-mat.soft,50
2000-05,cond-mat.stat-mech,130
2000-05,cond-mat.str-el,81
2000-05,cond-mat.supr-con,65
2000-05,cs.AI,4
2000-05,cs.CC,2
2000-05,cs.CL,7
2000-05,cs.CR,1
2000-05,cs.CV,4
2000-05,cs.CY,1
2000-05,cs.DL,2
2000-05,cs.GR,1
2000-05,cs.HC,1
2000-05,cs.LO,7
2000-05,cs.PL,4
2000-05,cs.SD,1
2000-05,gr-qc,134
2000-05,hep-ex,46
2000-05,hep-lat,27
2000-05,hep-ph,323
2000-05,hep-th,281
2000-05,math-ph,32
2000-05,math.AC,1
2000-05,math.AG,66
2000-05,math.AP,11
2000-05,math.AT,5
2000-05,math.CA,4
2000-05,math.CO,10
2000-05,math.CT,1
2000-05,math.CV,7
2000-05,math.DG,30
2000-05,math.DS,7
2000-05,math.FA,10
2000-05,math.GM,12
2000-05,math.GR,8
2000-05,math.GT,19
2000-05,math.KT,2
2000-05,math.LO,4
2000-05,math.MG,1
2000-05,math.NA,3
2000-05,math.NT,15
2000-05,math.OA,17
2000-05,math.OC,1
2000-05,math.PR,17
2000-05,math.QA,33
2000-05,math.RA,9
2000-05,math.RT,9
2000-05,math.SG,3
2000-05,math.SP,2
2000-05,nlin.AO,2
2000-05,nlin.CD,39
2000-05,nlin.PS,14
2000-05,nlin.SI,10
2000-05,nucl-ex,6
2000-05,nucl-th,74
2000-05,physics.acc-ph,6
2000-05,physics.ao-ph,1
2000-05,physics.atm-clus,2
2000-05,physics.atom-ph,11
2000-05,physics.bio-ph,6
2000-05,physics.chem-ph,2
2000-05,physics.class-ph,3
2000-05,physics.comp-ph,4
2000-05,physics.data-an,1
2000-05,physics.ed-ph,4
2000-05,physics.flu-dyn,8
2000-05,physics.gen-ph,21
2000-05,physics.geo-ph,3
2000-05,physics.hist-ph,1
2000-05,physics.ins-det,2
2000-05,physics.optics,5
2000-05,physics.plasm-ph,2
2000-05,physics.pop-ph,1
2000-05,q-bio.NC,1
2000-05,quant-ph,129
2000-06,astro-ph,455
2000-06,cond-mat,66
2000-06,cond-mat.dis-nn,35
2000-06,cond-mat.mes-hall,64
2000-06,cond-mat.mtrl-sci,44
2000-06,cond-mat.soft,44
2000-06,cond-mat.stat-mech,102
2000-06,cond-mat.str-el,82
2000-06,cond-mat.supr-con,67
2000-06,cs.AI,2
2000-06,cs.CG,1
2000-06,cs.CL,20
2000-06,cs.CV,2
2000-06,cs.DC,3
2000-06,cs.DS,1
2000-06,cs.LO,3
2000-06,cs.NE,1
2000-06,cs.NI,3
2000-06,cs.PF,3
2000-06,cs.PL,1
2000-06,cs.RO,4
2000-06,cs.SD,1
2000-06,gr-qc,108
2000-06,hep-ex,40
2000-06,hep-lat,30
2000-06,hep-ph,359
2000-06,hep-th,251
2000-06,math-ph,33
2000-06,math.AG,47
2000-06,math.AP,9
2000-06,math.AT,2
2000-06,math.CA,3
2000-06,math.CO,12
2000-06,math.CT,6
2000-06,math.CV,3
2000-06,math.DG,22
2000-06,math.DS,6
2000-06,math.FA,16
2000-06,math.GM,1
2000-06,math.GN,6
2000-06,math.GR,3
2000-06,math.GT,18
2000-06,math.HO,1
2000-06,math.KT,3
2000-06,math.LO,4
2000-06,math.MG,2
2000-06,math.NA,1
2000-06,math.NT,12
2000-06,math.OA,9
2000-06,math.OC,4
2000-06,math.PR,8
2000-06,math.QA,28
2000-06,math.RA,1
2000-06,math.RT,6
2000-06,math.SG,1
2000-06,math.SP,2
2000-06,math.ST,1
2000-06,nlin.AO,8
2000-06,nlin.CD,27
2000-06,nlin.PS,6
2000-06,nlin.SI,10
2000-06,nucl-ex,13
2000-06,nucl-th,87
2000-06,physics.acc-ph,5
2000-06,physics.ao-ph,4
2000-06,physics.atom-ph,10
2000-06,physics.bio-ph,9
2000-06,physics.chem-ph,5
2000-06,physics.class-ph,5
2000-06,physics.comp-ph,1
2000-06,physics.data-an,3
2000-06,physics.ed-ph,4
2000-06,physics.flu-dyn,4
2000-06,physics.gen-ph,18
2000-06,physics.hist-ph,1
2000-06,physics.ins-det,1
2000-06,physics.optics,4
2000-06,physics.plasm-ph,6
2000-06,physics.pop-ph,1
2000-06,physics.space-ph,1
2000-06,quant-ph,136
2000-07,astro-ph,480
2000-07,cond-mat,50
2000-07,cond-mat.dis-nn,53
2000-07,cond-mat.mes-hall,54
2000-07,cond-mat.mtrl-sci,47
2000-07,cond-mat.soft,43
2000-07,cond-mat.stat-mech,102
2000-07,cond-mat.str-el,104
2000-07,cond-mat.supr-con,61
2000-07,cs.AI,2
2000-07,cs.CC,1
2000-07,cs.CG,3
2000-07,cs.CL,13
2000-07,cs.CR,1
2000-07,cs.DB,1
2000-07,cs.DC,1
2000-07,cs.DL,1
2000-07,cs.DS,2
2000-07,cs.IR,2
2000-07,cs.LG,1
2000-07,cs.LO,8
2000-07,cs.NI,1
2000-07,cs.OH,1
2000-07,cs.PF,1
2000-07,cs.PL,2
2000-07,cs.SD,3
2000-07,gr-qc,87
2000-07,hep-ex,59
2000-07,hep-lat,46
2000-07,hep-ph,362
2000-07,hep-th,256
2000-07,math-ph,43
2000-07,math.AC,3
2000-07,math.AG,37
2000-07,math.AP,7
2000-07,math.AT,3
2000-07,math.CA,5
2000-07,math.CO,9
2000-07,math.CT,2
2000-07,math.CV,6
2000-07,math.DG,25
2000-07,math.DS,6
2000-07,math.FA,7
2000-07,math.GM,2
2000-07,math.GR,4
2000-07,math.GT,17
2000-07,math.KT,1
2000-07,math.LO,3
2000-07,math.NA,3
2000-07,math.NT,9
2000-07,math.OA,7
2000-07,math.OC,6
2000-07,math.PR,4
2000-07,math.QA,28
2000-07,math.RA,5
2000-07,math.RT,4
2000-07,math.SG,5
2000-07,math.SP,4
2000-07,nlin.AO,6
2000-07,nlin.CD,17
2000-07,nlin.PS,7
2000-07,nlin.SI,12
2000-07,nucl-ex,22
2000-07,nucl-th,74
2000-07,physics.acc-ph,16
2000-07,physics.ao-ph,1
2000-07,physics.atm-clus,1
2000-07,physics.atom-ph,15
2000-07,physics.bio-ph,7
2000-07,physics.chem-ph,1
2000-07,physics.class-ph,3
2000-07,physics.comp-ph,4
2000-07,physics.data-an,1
2000-07,physics.ed-ph,1
2000-07,physics.flu-dyn,4
2000-07,physics.gen-ph,20
2000-07,physics.geo-ph,8
2000-07,physics.hist-ph,1
2000-07,physics.ins-det,3
2000-07,physics.optics,7
2000-07,physics.plasm-ph,3
2000-07,physics.pop-ph,2
2000-07,physics.soc-ph,1
2000-07,quant-ph,124
2000-08,astro-ph,525
2000-08,cond-mat,53
2000-08,cond-mat.dis-nn,29
2000-08,cond-mat.mes-hall,50
2000-08,cond-mat.mtrl-sci,57
2000-08,cond-mat.soft,32
2000-08,cond-mat.stat-mech,112
2000-08,cond-mat.str-el,85
2000-08,cond-mat.supr-con,63
2000-08,cs.AI,1
2000-08,cs.CC,1
2000-08,cs.CG,1
2000-08,cs.CL,26
2000-08,cs.DM,1
2000-08,cs.DS,1
2000-08,cs.LG,2
2000-08,cs.LO,2
2000-08,cs.NI,1
2000-08,gr-qc,76
2000-08,hep-ex,78
2000-08,hep-lat,27
2000-08,hep-ph,339
2000-08,hep-th,254
2000-08,math-ph,43
2000-08,math.AC,1
2000-08,math.AG,35
2000-08,math.AP,2
2000-08,math.AT,7
2000-08,math.CA,3
2000-08,math.CO,20
2000-08,math.CT,1
2000-08,math.CV,14
2000-08,math.DG,20
2000-08,math.DS,6
2000-08,math.FA,14
2000-08,math.GM,2
2000-08,math.GR,3
2000-08,math.GT,26
2000-08,math.KT,1
2000-08,math.MG,2
2000-08,math.NA,3
2000-08,math.NT,8
2000-08,math.OA,15
2000-08,math.OC,1
2000-08,math.PR,9
2000-08,math.QA,33
2000-08,math.RA,2
2000-08,math.RT,6
2000-08,math.SG,6
2000-08,math.SP,5
2000-08,nlin.AO,3
2000-08,nlin.CD,20
2000-08,nlin.CG,2
2000-08,nlin.PS,8
2000-08,nlin.SI,9
2000-08,nucl-ex,17
2000-08,nucl-th,69
2000-08,physics.acc-ph,186
2000-08,physics.atm-clus,1
2000-08,physics.atom-ph,8
2000-08,physics.bio-ph,4
2000-08,physics.chem-ph,10
2000-08,physics.class-ph,4
2000-08,physics.data-an,1
2000-08,physics.ed-ph,3
2000-08,physics.flu-dyn,3
2000-08,physics.gen-ph,9
2000-08,physics.hist-ph,2
2000-08,physics.ins-det,6
2000-08,physics.optics,8
2000-08,physics.plasm-ph,2
2000-08,physics.soc-ph,1
2000-08,quant-ph,134
2000-09,astro-ph,514
2000-09,cond-mat,60
2000-09,cond-mat.dis-nn,42
2000-09,cond-mat.mes-hall,78
2000-09,cond-mat.mtrl-sci,43
2000-09,cond-mat.soft,30
2000-09,cond-mat.stat-mech,112
2000-09,cond-mat.str-el,75
2000-09,cond-mat.supr-con,48
2000-09,cs.AI,1
2000-09,cs.CC,1
2000-09,cs.CG,2
2000-09,cs.CL,14
2000-09,cs.DC,2
2000-09,cs.DL,1
2000-09,cs.DM,2
2000-09,cs.DS,3
2000-09,cs.LG,2
2000-09,cs.LO,1
2000-09,cs.NE,1
2000-09,cs.PL,2
2000-09,cs.RO,3
2000-09,gr-qc,105
2000-09,hep-ex,68
2000-09,hep-lat,40
2000-09,hep-ph,359
2000-09,hep-th,254
2000-09,math-ph,38
2000-09,math.AG,46
2000-09,math.AP,5
2000-09,math.AT,6
2000-09,math.CA,6
2000-09,math.CO,13
2000-09,math.CT,4
2000-09,math.CV,6
2000-09,math.DG,37
2000-09,math.DS,19
2000-09,math.FA,8
2000-09,math.GM,1
2000-09,math.GR,8
2000-09,math.GT,10
2000-09,math.HO,1
2000-09,math.KT,1
2000-09,math.LO,14
2000-09,math.MG,1
2000-09,math.NA,3
2000-09,math.NT,11
2000-09,math.OA,7
2000-09,math.OC,1
2000-09,math.PR,8
2000-09,math.QA,21
2000-09,math.RA,8
2000-09,math.RT,3
2000-09,math.SG,5
2000-09,math.SP,4
2000-09,math.ST,1
2000-09,nlin.AO,8
2000-09,nlin.CD,25
2000-09,nlin.PS,7
2000-09,nlin.SI,15
2000-09,nucl-ex,19
2000-09,nucl-th,94
2000-09,physics.acc-ph,11
2000-09,physics.atm-clus,2
2000-09,physics.atom-ph,16
2000-09,physics.bio-ph,5
2000-09,physics.chem-ph,4
2000-09,physics.class-ph,3
2000-09,physics.comp-ph,2
2000-09,physics.data-an,5
2000-09,physics.flu-dyn,7
2000-09,physics.gen-ph,23
2000-09,physics.geo-ph,1
2000-09,physics.ins-det,2
2000-09,physics.optics,11
2000-09,physics.plasm-ph,4
2000-09,physics.space-ph,4
2000-09,quant-ph,125
2000-10,astro-ph,650
2000-10,cond-mat,52
2000-10,cond-mat.dis-nn,31
2000-10,cond-mat.mes-hall,66
2000-10,cond-mat.mtrl-sci,44
2000-10,cond-mat.soft,48
2000-10,cond-mat.stat-mech,105
2000-10,cond-mat.str-el,88
2000-10,cond-mat.supr-con,63
2000-10,cs.AI,2
2000-10,cs.AR,1
2000-10,cs.CC,3
2000-10,cs.CE,3
2000-10,cs.CG,2
2000-10,cs.CL,9
2000-10,cs.CR,2
2000-10,cs.DM,1
2000-10,cs.LG,2
2000-10,cs.LO,11
2000-10,cs.PL,4
2000-10,cs.SD,1
2000-10,cs.SE,2
2000-10,gr-qc,112
2000-10,hep-ex,80
2000-10,hep-lat,98
2000-10,hep-ph,352
2000-10,hep-th,291
2000-10,math-ph,58
2000-10,math.AC,3
2000-10,math.AG,47
2000-10,math.AP,14
2000-10,math.AT,9
2000-10,math.CA,7
2000-10,math.CO,22
2000-10,math.CT,1
2000-10,math.CV,7
2000-10,math.DG,33
2000-10,math.DS,7
2000-10,math.FA,15
2000-10,math.GM,17
2000-10,math.GN,3
2000-10,math.GR,11
2000-10,math.GT,26
2000-10,math.HO,1
2000-10,math.KT,2
2000-10,math.LO,6
2000-10,math.MG,5
2000-10,math.NA,4
2000-10,math.NT,15
2000-10,math.OA,14
2000-10,math.OC,2
2000-10,math.PR,5
2000-10,math.QA,36
2000-10,math.RA,3
2000-10,math.RT,4
2000-10,math.SG,10
2000-10,math.SP,1
2000-10,nlin.AO,8
2000-10,nlin.CD,23
2000-10,nlin.PS,8
2000-10,nlin.SI,18
2000-10,nucl-ex,20
2000-10,nucl-th,106
2000-10,physics.acc-ph,11
2000-10,physics.atom-ph,15
2000-10,physics.bio-ph,2
2000-10,physics.chem-ph,6
2000-10,physics.class-ph,6
2000-10,physics.comp-ph,1
2000-10,physics.data-an,5
2000-10,physics.ed-ph,1
2000-10,physics.flu-dyn,7
2000-10,physics.gen-ph,18
2000-10,physics.geo-ph,1
2000-10,physics.hist-ph,1
2000-10,physics.optics,5
2000-10,physics.plasm-ph,3
2000-10,quant-ph,116
2000-11,astro-ph,582
2000-11,cond-mat,73
2000-11,cond-mat.dis-nn,32
2000-11,cond-mat.mes-hall,70
2000-11,cond-mat.mtrl-sci,45
2000-11,cond-mat.soft,30
2000-11,cond-mat.stat-mech,113
2000-11,cond-mat.str-el,85
2000-11,cond-mat.supr-con,81
2000-11,cs.AI,2
2000-11,cs.CC,1
2000-11,cs.CE,4
2000-11,cs.CG,1
2000-11,cs.CL,9
2000-11,cs.CR,1
2000-11,cs.DB,2
2000-11,cs.DC,1
2000-11,cs.DM,2
2000-11,cs.DS,5
2000-11,cs.LG,3
2000-11,cs.LO,5
2000-11,cs.PL,3
2000-11,cs.SC,1
2000-11,cs.SE,8
2000-11,gr-qc,116
2000-11,hep-ex,101
2000-11,hep-lat,92
2000-11,hep-ph,400
2000-11,hep-th,294
2000-11,math-ph,55
2000-11,math.AC,3
2000-11,math.AG,55
2000-11,math.AP,7
2000-11,math.AT,13
2000-11,math.CA,3
2000-11,math.CO,22
2000-11,math.CT,1
2000-11,math.CV,4
2000-11,math.DG,32
2000-11,math.DS,8
2000-11,math.FA,12
2000-11,math.GM,1
2000-11,math.GN,1
2000-11,math.GR,3
2000-11,math.GT,17
2000-11,math.KT,2
2000-11,math.LO,12
2000-11,math.MG,2
2000-11,math.NA,1
2000-11,math.NT,14
2000-11,math.OA,14
2000-11,math.PR,8
2000-11,math.QA,22
2000-11,math.RA,6
2000-11,math.RT,4
2000-11,math.SG,5
2000-11,math.SP,2
2000-11,nlin.AO,1
2000-11,nlin.CD,28
2000-11,nlin.CG,1
2000-11,nlin.PS,5
2000-11,nlin.SI,15
2000-11,nucl-ex,21
2000-11,nucl-th,102
2000-11,physics.acc-ph,3
2000-11,physics.ao-ph,2
2000-11,physics.atm-clus,2
2000-11,physics.atom-ph,13
2000-11,physics.bio-ph,5
2000-11,physics.chem-ph,7
2000-11,physics.class-ph,2
2000-11,physics.comp-ph,8
2000-11,physics.data-an,2
2000-11,physics.flu-dyn,6
2000-11,physics.gen-ph,15
2000-11,physics.geo-ph,1
2000-11,physics.hist-ph,1
2000-11,physics.ins-det,2
2000-11,physics.optics,3
2000-11,physics.plasm-ph,3
2000-11,physics.space-ph,1
2000-11,quant-ph,124
2000-12,astro-ph,556
2000-12,cond-mat,67
2000-12,cond-mat.dis-nn,42
2000-12,cond-mat.mes-hall,66
2000-12,cond-mat.mtrl-sci,38
2000-12,cond-mat.soft,46
2000-12,cond-mat.stat-mech,111
2000-12,cond-mat.str-el,80
2000-12,cond-mat.supr-con,72
2000-12,cs.AI,1
2000-12,cs.CC,1
2000-12,cs.CR,1
2000-12,cs.DC,2
2000-12,cs.DS,1
2000-12,cs.GL,1
2000-12,cs.IR,1
2000-12,cs.LO,2
2000-12,cs.MA,1
2000-12,cs.NE,1
2000-12,cs.NI,1
2000-12,cs.OH,1
2000-12,cs.PF,2
2000-12,cs.PL,1
2000-12,cs.SE,6
2000-12,gr-qc,120
2000-12,hep-ex,65
2000-12,hep-lat,30
2000-12,hep-ph,395
2000-12,hep-th,281
2000-12,math-ph,51
2000-12,math.AC,2
2000-12,math.AG,44
2000-12,math.AP,7
2000-12,math.AT,6
2000-12,math.CA,6
2000-12,math.CO,19
2000-12,math.CT,2
2000-12,math.CV,8
2000-12,math.DG,19
2000-12,math.DS,3
2000-12,math.FA,4
2000-12,math.GN,1
2000-12,math.GR,9
2000-12,math.GT,17
2000-12,math.KT,4
2000-12,math.LO,7
2000-12,math.NA,1
2000-12,math.NT,36
2000-12,math.OA,10
2000-12,math.OC,6
2000-12,math.PR,7
2000-12,math.QA,32
2000-12,math.RA,5
2000-12,math.RT,10
2000-12,math.SG,8
2000-12,math.SP,1
2000-12,math.ST,1
2000-12,nlin.AO,1
2000-12,nlin.CD,37
2000-12,nlin.PS,12
2000-12,nlin.SI,19
2000-12,nucl-ex,11
2000-12,nucl-th,103
2000-12,physics.acc-ph,7
2000-12,physics.atm-clus,1
2000-12,physics.atom-ph,13
2000-12,physics.bio-ph,2
2000-12,physics.chem-ph,3
2000-12,physics.class-ph,6
2000-12,physics.comp-ph,3
2000-12,physics.flu-dyn,3
2000-12,physics.gen-ph,12
2000-12,physics.geo-ph,1
2000-12,physics.ins-det,4
2000-12,physics.med-ph,1
2000-12,physics.optics,6
2000-12,physics.plasm-ph,4
2000-12,q-fin.GN,1
2000-12,quant-ph,154
2001-01,astro-ph,566
2001-01,cond-mat,64
2001-01,cond-mat.dis-nn,27
2001-01,cond-mat.mes-hall,53
2001-01,cond-mat.mtrl-sci,44
2001-01,cond-mat.soft,57
2001-01,cond-mat.stat-mech,111
2001-01,cond-mat.str-el,66
2001-01,cond-mat.supr-con,52
2001-01,cs.AI,1
2001-01,cs.CE,4
2001-01,cs.CG,1
2001-01,cs.CR,3
2001-01,cs.CV,2
2001-01,cs.DC,1
2001-01,cs.DL,1
2001-01,cs.DM,1
2001-01,cs.DS,4
2001-01,cs.GL,1
2001-01,cs.HC,3
2001-01,cs.LO,4
2001-01,cs.MS,2
2001-01,cs.PL,3
2001-01,cs.SE,4
2001-01,gr-qc,119
2001-01,hep-ex,58
2001-01,hep-lat,18
2001-01,hep-ph,344
2001-01,hep-th,225
2001-01,math-ph,42
2001-01,math.AC,6
2001-01,math.AG,40
2001-01,math.AP,16
2001-01,math.AT,7
2001-01,math.CA,18
2001-01,math.CO,8
2001-01,math.CT,2
2001-01,math.CV,15
2001-01,math.DG,29
2001-01,math.DS,5
2001-01,math.FA,12
2001-01,math.GM,3
2001-01,math.GN,1
2001-01,math.GR,10
2001-01,math.GT,10
2001-01,math.LO,1
2001-01,math.MG,1
2001-01,math.NA,8
2001-01,math.NT,7
2001-01,math.OA,9
2001-01,math.OC,1
2001-01,math.PR,6
2001-01,math.QA,31
2001-01,math.RA,4
2001-01,math.RT,7
2001-01,math.SG,8
2001-01,math.SP,1
2001-01,nlin.AO,4
2001-01,nlin.CD,28
2001-01,nlin.CG,1
2001-01,nlin.PS,10
2001-01,nlin.SI,16
2001-01,nucl-ex,14
2001-01,nucl-th,60
2001-01,physics.acc-ph,7
2001-01,physics.ao-ph,3
2001-01,physics.atm-clus,3
2001-01,physics.atom-ph,11
2001-01,physics.bio-ph,6
2001-01,physics.chem-ph,7
2001-01,physics.class-ph,5
2001-01,physics.comp-ph,1
2001-01,physics.data-an,2
2001-01,physics.flu-dyn,6
2001-01,physics.gen-ph,25
2001-01,physics.hist-ph,5
2001-01,physics.ins-det,4
2001-01,physics.med-ph,1
2001-01,physics.optics,6
2001-01,physics.plasm-ph,6
2001-01,physics.pop-ph,1
2001-01,physics.soc-ph,1
2001-01,physics.space-ph,2
2001-01,quant-ph,144
2001-02,astro-ph,506
2001-02,cond-mat,63
2001-02,cond-mat.dis-nn,33
2001-02,cond-mat.mes-hall,64
2001-02,cond-mat.mtrl-sci,35
2001-02,cond-mat.soft,43
2001-02,cond-mat.stat-mech,108
2001-02,cond-mat.str-el,80
2001-02,cond-mat.supr-con,110
2001-02,cs.AI,1
2001-02,cs.CC,3
2001-02,cs.CE,3
2001-02,cs.CG,1
2001-02,cs.CL,5
2001-02,cs.CR,1
2001-02,cs.CY,1
2001-02,cs.DC,2
2001-02,cs.DS,4
2001-02,cs.HC,1
2001-02,cs.IR,1
2001-02,cs.MS,1
2001-02,cs.NE,2
2001-02,cs.NI,1
2001-02,cs.PL,2
2001-02,gr-qc,114
2001-02,hep-ex,51
2001-02,hep-lat,13
2001-02,hep-ph,346
2001-02,hep-th,212
2001-02,math-ph,37
2001-02,math.AG,36
2001-02,math.AP,3
2001-02,math.AT,6
2001-02,math.CA,9
2001-02,math.CO,13
2001-02,math.CT,1
2001-02,math.CV,2
2001-02,math.DG,24
2001-02,math.DS,9
2001-02,math.FA,14
2001-02,math.GM,1
2001-02,math.GR,6
2001-02,math.GT,19
2001-02,math.KT,1
2001-02,math.LO,11
2001-02,math.MG,2
2001-02,math.NA,4
2001-02,math.NT,10
2001-02,math.OA,9
2001-02,math.OC,2
2001-02,math.PR,9
2001-02,math.QA,23
2001-02,math.RA,6
2001-02,math.RT,5
2001-02,math.SG,5
2001-02,math.SP,4
2001-02,nlin.AO,2
2001-02,nlin.CD,18
2001-02,nlin.CG,2
2001-02,nlin.PS,3
2001-02,nlin.SI,14
2001-02,nucl-ex,17
2001-02,nucl-th,62
2001-02,physics.acc-ph,3
2001-02,physics.atm-clus,1
2001-02,physics.atom-ph,12
2001-02,physics.bio-ph,11
2001-02,physics.chem-ph,2
2001-02,physics.class-ph,2
2001-02,physics.comp-ph,5
2001-02,physics.ed-ph,4
2001-02,physics.flu-dyn,9
2001-02,physics.gen-ph,23
2001-02,physics.ins-det,1
2001-02,physics.med-ph,1
2001-02,physics.optics,6
2001-02,physics.plasm-ph,8
2001-02,physics.pop-ph,1
2001-02,physics.soc-ph,2
2001-02,quant-ph,142
2001-03,astro-ph,528
2001-03,cond-mat,63
2001-03,cond-mat.dis-nn,35
2001-03,cond-mat.mes-hall,68
2001-03,cond-mat.mtrl-sci,67
2001-03,cond-mat.soft,60
2001-03,cond-mat.stat-mech,138
2001-03,cond-mat.str-el,86
2001-03,cond-mat.supr-con,125
2001-03,cs.AI,2
2001-03,cs.AR,1
2001-03,cs.CC,1
2001-03,cs.CG,2
2001-03,cs.CL,7
2001-03,cs.DB,1
2001-03,cs.DC,2
2001-03,cs.DS,3
2001-03,cs.GT,1
2001-03,cs.LG,1
2001-03,cs.LO,7
2001-03,cs.NI,1
2001-03,cs.PF,1
2001-03,cs.PL,1
2001-03,cs.SD,2
2001-03,gr-qc,114
2001-03,hep-ex,49
2001-03,hep-lat,38
2001-03,hep-ph,351
2001-03,hep-th,268
2001-03,math-ph,48
2001-03,math.AC,3
2001-03,math.AG,55
2001-03,math.AP,7
2001-03,math.AT,7
2001-03,math.CA,7
2001-03,math.CO,8
2001-03,math.CT,1
2001-03,math.CV,4
2001-03,math.DG,18
2001-03,math.DS,5
2001-03,math.FA,5
2001-03,math.GM,6
2001-03,math.GN,2
2001-03,math.GR,5
2001-03,math.GT,23
2001-03,math.HO,1
2001-03,math.KT,1
2001-03,math.LO,3
2001-03,math.MG,3
2001-03,math.NA,2
2001-03,math.NT,14
2001-03,math.OA,10
2001-03,math.OC,3
2001-03,math.PR,12
2001-03,math.QA,31
2001-03,math.RA,6
2001-03,math.RT,4
2001-03,math.SG,5
2001-03,math.SP,2
2001-03,nlin.AO,2
2001-03,nlin.CD,29
2001-03,nlin.CG,2
2001-03,nlin.PS,11
2001-03,nlin.SI,15
2001-03,nucl-ex,16
2001-03,nucl-th,84
2001-03,physics.acc-ph,2
2001-03,physics.ao-ph,1
2001-03,physics.atm-clus,2
2001-03,physics.atom-ph,15
2001-03,physics.bio-ph,7
2001-03,physics.chem-ph,2
2001-03,physics.class-ph,6
2001-03,physics.comp-ph,4
2001-03,physics.data-an,4
2001-03,physics.ed-ph,3
2001-03,physics.flu-dyn,6
2001-03,physics.gen-ph,26
2001-03,physics.geo-ph,1
2001-03,physics.hist-ph,2
2001-03,physics.ins-det,5
2001-03,physics.med-ph,1
2001-03,physics.optics,7
2001-03,physics.plasm-ph,5
2001-03,quant-ph,172
2001-04,astro-ph,486
2001-04,cond-mat,46
2001-04,cond-mat.dis-nn,32
2001-04,cond-mat.mes-hall,65
2001-04,cond-mat.mtrl-sci,39
2001-04,cond-mat.soft,52
2001-04,cond-mat.stat-mech,125
2001-04,cond-mat.str-el,88
2001-04,cond-mat.supr-con,131
2001-04,cs.CC,1
2001-04,cs.CE,3
2001-04,cs.CL,4
2001-04,cs.CR,1
2001-04,cs.DB,1
2001-04,cs.DC,1
2001-04,cs.DS,1
2001-04,cs.IR,1
2001-04,cs.LG,3
2001-04,cs.LO,2
2001-04,cs.NE,1
2001-04,cs.NI,1
2001-04,gr-qc,102
2001-04,hep-ex,52
2001-04,hep-lat,16
2001-04,hep-ph,315
2001-04,hep-th,264
2001-04,math-ph,42
2001-04,math.AC,2
2001-04,math.AG,44
2001-04,math.AP,11
2001-04,math.AT,4
2001-04,math.CA,10
2001-04,math.CO,17
2001-04,math.CT,2
2001-04,math.CV,8
2001-04,math.DG,34
2001-04,math.DS,9
2001-04,math.FA,15
2001-04,math.GM,5
2001-04,math.GN,1
2001-04,math.GR,2
2001-04,math.GT,17
2001-04,math.KT,7
2001-04,math.LO,8
2001-04,math.MG,1
2001-04,math.NA,7
2001-04,math.NT,14
2001-04,math.OA,9
2001-04,math.OC,1
2001-04,math.PR,7
2001-04,math.QA,21
2001-04,math.RA,7
2001-04,math.RT,10
2001-04,math.SG,5
2001-04,math.SP,1
2001-04,nlin.AO,3
2001-04,nlin.CD,40
2001-04,nlin.PS,12
2001-04,nlin.SI,19
2001-04,nucl-ex,29
2001-04,nucl-th,90
2001-04,physics.acc-ph,4
2001-04,physics.ao-ph,4
2001-04,physics.atm-clus,2
2001-04,physics.atom-ph,9
2001-04,physics.bio-ph,10
2001-04,physics.chem-ph,5
2001-04,physics.class-ph,3
2001-04,physics.comp-ph,4
2001-04,physics.data-an,1
2001-04,physics.ed-ph,1
2001-04,physics.flu-dyn,7
2001-04,physics.gen-ph,22
2001-04,physics.geo-ph,2
2001-04,physics.ins-det,1
2001-04,physics.med-ph,1
2001-04,physics.optics,10
2001-04,physics.plasm-ph,2
2001-04,quant-ph,138
2001-05,astro-ph,569
2001-05,cond-mat,66
2001-05,cond-mat.dis-nn,36
2001-05,cond-mat.mes-hall,89
2001-05,cond-mat.mtrl-sci,47
2001-05,cond-mat.soft,47
2001-05,cond-mat.stat-mech,134
2001-05,cond-mat.str-el,101
2001-05,cond-mat.supr-con,108
2001-05,cs.AI,2
2001-05,cs.CE,1
2001-05,cs.CG,1
2001-05,cs.CL,11
2001-05,cs.CR,1
2001-05,cs.CV,1
2001-05,cs.DC,2
2001-05,cs.DS,1
2001-05,cs.LG,2
2001-05,cs.LO,4
2001-05,cs.NI,1
2001-05,cs.PL,3
2001-05,cs.SC,1
2001-05,cs.SE,5
2001-05,gr-qc,123
2001-05,hep-ex,93
2001-05,hep-lat,33
2001-05,hep-ph,349
2001-05,hep-th,321
2001-05,math-ph,52
2001-05,math.AC,1
2001-05,math.AG,42
2001-05,math.AP,5
2001-05,math.AT,9
2001-05,math.CA,3
2001-05,math.CO,11
2001-05,math.CT,1
2001-05,math.CV,1
2001-05,math.DG,33
2001-05,math.DS,18
2001-05,math.FA,7
2001-05,math.GM,4
2001-05,math.GN,2
2001-05,math.GR,5
2001-05,math.GT,14
2001-05,math.KT,1
2001-05,math.LO,6
2001-05,math.MG,1
2001-05,math.NA,8
2001-05,math.NT,18
2001-05,math.OA,9
2001-05,math.PR,15
2001-05,math.QA,39
2001-05,math.RA,5
2001-05,math.RT,4
2001-05,math.SG,4
2001-05,math.SP,3
2001-05,nlin.AO,9
2001-05,nlin.CD,35
2001-05,nlin.CG,2
2001-05,nlin.PS,13
2001-05,nlin.SI,13
2001-05,nucl-ex,23
2001-05,nucl-th,79
2001-05,physics.acc-ph,3
2001-05,physics.ao-ph,2
2001-05,physics.atm-clus,2
2001-05,physics.atom-ph,20
2001-05,physics.bio-ph,1
2001-05,physics.chem-ph,11
2001-05,physics.class-ph,3
2001-05,physics.data-an,1
2001-05,physics.ed-ph,3
2001-05,physics.flu-dyn,2
2001-05,physics.gen-ph,27
2001-05,physics.hist-ph,2
2001-05,physics.ins-det,9
2001-05,physics.med-ph,1
2001-05,physics.optics,16
2001-05,physics.plasm-ph,7
2001-05,quant-ph,156
2001-06,astro-ph,577
2001-06,cond-mat,56
2001-06,cond-mat.dis-nn,45
2001-06,cond-mat.mes-hall,98
2001-06,cond-mat.mtrl-sci,50
2001-06,cond-mat.soft,62
2001-06,cond-mat.stat-mech,142
2001-06,cond-mat.str-el,98
2001-06,cond-mat.supr-con,115
2001-06,cs.AI,8
2001-06,cs.CC,6
2001-06,cs.CE,1
2001-06,cs.CG,1
2001-06,cs.CL,7
2001-06,cs.CY,1
2001-06,cs.DB,3
2001-06,cs.DC,4
2001-06,cs.DL,1
2001-06,cs.DM,3
2001-06,cs.GL,1
2001-06,cs.LG,1
2001-06,cs.LO,15
2001-06,cs.MS,1
2001-06,cs.NI,1
2001-06,cs.PL,4
2001-06,cs.SE,1
2001-06,gr-qc,98
2001-06,hep-ex,104
2001-06,hep-lat,25
2001-06,hep-ph,358
2001-06,hep-th,292
2001-06,math-ph,30
2001-06,math.AC,2
2001-06,math.AG,35
2001-06,math.AP,13
2001-06,math.AT,16
2001-06,math.CA,5
2001-06,math.CO,20
2001-06,math.CT,6
2001-06,math.CV,4
2001-06,math.DG,32
2001-06,math.DS,2
2001-06,math.FA,6
2001-06,math.GM,4
2001-06,math.GN,4
2001-06,math.GR,3
2001-06,math.GT,15
2001-06,math.KT,2
2001-06,math.LO,10
2001-06,math.MG,3
2001-06,math.NA,5
2001-06,math.NT,13
2001-06,math.OA,9
2001-06,math.OC,5
2001-06,math.PR,10
2001-06,math.QA,20
2001-06,math.RA,10
2001-06,math.RT,11
2001-06,math.SG,10
2001-06,math.SP,1
2001-06,nlin.AO,3
2001-06,nlin.CD,25
2001-06,nlin.CG,1
2001-06,nlin.PS,7
2001-06,nlin.SI,10
2001-06,nucl-ex,23
2001-06,nucl-th,74
2001-06,physics.acc-ph,23
2001-06,physics.ao-ph,2
2001-06,physics.atm-clus,3
2001-06,physics.atom-ph,10
2001-06,physics.bio-ph,6
2001-06,physics.chem-ph,9
2001-06,physics.class-ph,3
2001-06,physics.comp-ph,2
2001-06,physics.ed-ph,4
2001-06,physics.flu-dyn,6
2001-06,physics.gen-ph,16
2001-06,physics.geo-ph,1
2001-06,physics.hist-ph,1
2001-06,physics.ins-det,5
2001-06,physics.optics,6
2001-06,physics.plasm-ph,2
2001-06,physics.pop-ph,1
2001-06,physics.space-ph,1
2001-06,quant-ph,170
2001-07,astro-ph,600
2001-07,cond-mat,66
2001-07,cond-mat.dis-nn,46
2001-07,cond-mat.mes-hall,70
2001-07,cond-mat.mtrl-sci,48
2001-07,cond-mat.soft,44
2001-07,cond-mat.stat-mech,132
2001-07,cond-mat.str-el,120
2001-07,cond-mat.supr-con,102
2001-07,cs.AI,4
2001-07,cs.CC,4
2001-07,cs.CE,1
2001-07,cs.CG,2
2001-07,cs.CL,9
2001-07,cs.CR,3
2001-07,cs.DC,2
2001-07,cs.DS,1
2001-07,cs.LG,2
2001-07,cs.LO,2
2001-07,cs.MS,1
2001-07,cs.NI,1
2001-07,cs.PF,1
2001-07,cs.PL,2
2001-07,cs.SC,1
2001-07,gr-qc,102
2001-07,hep-ex,84
2001-07,hep-lat,23
2001-07,hep-ph,329
2001-07,hep-th,262
2001-07,math-ph,31
2001-07,math.AG,41
2001-07,math.AP,5
2001-07,math.AT,6
2001-07,math.CA,6
2001-07,math.CO,15
2001-07,math.CT,1
2001-07,math.CV,5
2001-07,math.DG,15
2001-07,math.DS,5
2001-07,math.FA,13
2001-07,math.GR,5
2001-07,math.GT,20
2001-07,math.KT,2
2001-07,math.LO,7
2001-07,math.MG,2
2001-07,math.NA,2
2001-07,math.NT,5
2001-07,math.OA,17
2001-07,math.PR,14
2001-07,math.QA,22
2001-07,math.RA,5
2001-07,math.RT,5
2001-07,math.SG,8
2001-07,math.SP,2
2001-07,math.ST,1
2001-07,nlin.AO,5
2001-07,nlin.CD,34
2001-07,nlin.PS,12
2001-07,nlin.SI,25
2001-07,nucl-ex,18
2001-07,nucl-th,72
2001-07,physics.acc-ph,4
2001-07,physics.ao-ph,2
2001-07,physics.atm-clus,2
2001-07,physics.atom-ph,15
2001-07,physics.bio-ph,3
2001-07,physics.chem-ph,4
2001-07,physics.class-ph,4
2001-07,physics.comp-ph,3
2001-07,physics.data-an,1
2001-07,physics.ed-ph,2
2001-07,physics.flu-dyn,5
2001-07,physics.gen-ph,14
2001-07,physics.geo-ph,4
2001-07,physics.hist-ph,2
2001-07,physics.ins-det,3
2001-07,physics.optics,8
2001-07,physics.plasm-ph,5
2001-07,quant-ph,153
2001-08,astro-ph,521
2001-08,cond-mat,56
2001-08,cond-mat.dis-nn,31
2001-08,cond-mat.mes-hall,64
2001-08,cond-mat.mtrl-sci,44
2001-08,cond-mat.soft,52
2001-08,cond-mat.stat-mech,131
2001-08,cond-mat.str-el,82
2001-08,cond-mat.supr-con,94
2001-08,cs.CC,1
2001-08,cs.CG,2
2001-08,cs.CL,4
2001-08,cs.CR,1
2001-08,cs.CY,2
2001-08,cs.DC,4
2001-08,cs.IR,3
2001-08,cs.LO,2
2001-08,cs.MA,1
2001-08,cs.NE,2
2001-08,cs.OH,1
2001-08,gr-qc,88
2001-08,hep-ex,54
2001-08,hep-lat,29
2001-08,hep-ph,275
2001-08,hep-th,245
2001-08,math-ph,28
2001-08,math.AG,38
2001-08,math.AP,10
2001-08,math.AT,5
2001-08,math.CA,10
2001-08,math.CO,9
2001-08,math.CT,2
2001-08,math.CV,11
2001-08,math.DG,22
2001-08,math.DS,12
2001-08,math.FA,9
2001-08,math.GM,5
2001-08,math.GR,3
2001-08,math.GT,16
2001-08,math.HO,2
2001-08,math.KT,3
2001-08,math.LO,1
2001-08,math.MG,4
2001-08,math.NA,3
2001-08,math.NT,5
2001-08,math.OA,10
2001-08,math.OC,2
2001-08,math.PR,7
2001-08,math.QA,17
2001-08,math.RA,7
2001-08,math.RT,9
2001-08,math.SG,3
2001-08,math.SP,2
2001-08,nlin.AO,6
2001-08,nlin.CD,20
2001-08,nlin.CG,1
2001-08,nlin.PS,9
2001-08,nlin.SI,19
2001-08,nucl-ex,30
2001-08,nucl-th,73
2001-08,physics.acc-ph,8
2001-08,physics.ao-ph,1
2001-08,physics.atm-clus,1
2001-08,physics.atom-ph,9
2001-08,physics.bio-ph,10
2001-08,physics.chem-ph,5
2001-08,physics.class-ph,1
2001-08,physics.comp-ph,1
2001-08,physics.data-an,4
2001-08,physics.ed-ph,2
2001-08,physics.flu-dyn,5
2001-08,physics.gen-ph,14
2001-08,physics.ins-det,1
2001-08,physics.optics,9
2001-08,physics.plasm-ph,2
2001-08,quant-ph,146
2001-09,astro-ph,573
2001-09,cond-mat,53
2001-09,cond-mat.dis-nn,35
2001-09,cond-mat.mes-hall,72
2001-09,cond-mat.mtrl-sci,51
2001-09,cond-mat.soft,49
2001-09,cond-mat.stat-mech,136
2001-09,cond-mat.str-el,91
2001-09,cond-mat.supr-con,76
2001-09,cs.AI,2
2001-09,cs.CC,1
2001-09,cs.CL,9
2001-09,cs.CR,2
2001-09,cs.CV,1
2001-09,cs.CY,82
2001-09,cs.DB,2
2001-09,cs.DC,3
2001-09,cs.LO,2
2001-09,cs.MM,1
2001-09,cs.NI,3
2001-09,cs.PL,9
2001-09,cs.SE,1
2001-09,gr-qc,100
2001-09,hep-ex,43
2001-09,hep-lat,38
2001-09,hep-ph,307
2001-09,hep-th,231
2001-09,math-ph,35
2001-09,math.AC,3
2001-09,math.AG,27
2001-09,math.AP,9
2001-09,math.AT,13
2001-09,math.CA,6
2001-09,math.CO,16
2001-09,math.CT,2
2001-09,math.CV,9
2001-09,math.DG,24
2001-09,math.DS,9
2001-09,math.FA,3
2001-09,math.GM,2
2001-09,math.GN,1
2001-09,math.GR,4
2001-09,math.GT,22
2001-09,math.KT,2
2001-09,math.LO,8
2001-09,math.MG,1
2001-09,math.NA,3
2001-09,math.NT,11
2001-09,math.OA,9
2001-09,math.OC,1
2001-09,math.PR,8
2001-09,math.QA,15
2001-09,math.RA,10
2001-09,math.RT,8
2001-09,math.SG,3
2001-09,math.SP,7
2001-09,math.ST,1
2001-09,nlin.AO,4
2001-09,nlin.CD,16
2001-09,nlin.PS,6
2001-09,nlin.SI,4
2001-09,nucl-ex,20
2001-09,nucl-th,84
2001-09,physics.acc-ph,13
2001-09,physics.atm-clus,2
2001-09,physics.atom-ph,7
2001-09,physics.bio-ph,5
2001-09,physics.chem-ph,11
2001-09,physics.class-ph,1
2001-09,physics.comp-ph,1
2001-09,physics.data-an,1
2001-09,physics.ed-ph,2
2001-09,physics.flu-dyn,4
2001-09,physics.gen-ph,15
2001-09,physics.geo-ph,1
2001-09,physics.hist-ph,1
2001-09,physics.ins-det,1
2001-09,physics.med-ph,1
2001-09,physics.optics,4
2001-09,physics.plasm-ph,5
2001-09,quant-ph,165
2001-10,astro-ph,701
2001-10,cond-mat,66
2001-10,cond-mat.dis-nn,38
2001-10,cond-mat.mes-hall,75
2001-10,cond-mat.mtrl-sci,62
2001-10,cond-mat.soft,51
2001-10,cond-mat.stat-mech,151
2001-10,cond-mat.str-el,105
2001-10,cond-mat.supr-con,100
2001-10,cs.AI,2
2001-10,cs.CC,6
2001-10,cs.CE,2
2001-10,cs.CG,3
2001-10,cs.CL,6
2001-10,cs.CR,3
2001-10,cs.CY,7
2001-10,cs.DB,4
2001-10,cs.DC,1
2001-10,cs.DM,2
2001-10,cs.DS,1
2001-10,cs.GL,1
2001-10,cs.HC,1
2001-10,cs.IR,2
2001-10,cs.LG,1
2001-10,cs.LO,8
2001-10,cs.NE,1
2001-10,cs.NI,2
2001-10,cs.OH,5
2001-10,cs.PL,6
2001-10,gr-qc,122
2001-10,hep-ex,88
2001-10,hep-lat,225
2001-10,hep-ph,406
2001-10,hep-th,298
2001-10,math-ph,41
2001-10,math.AC,2
2001-10,math.AG,67
2001-10,math.AP,9
2001-10,math.AT,16
2001-10,math.CA,5
2001-10,math.CO,28
2001-10,math.CT,2
2001-10,math.CV,4
2001-10,math.DG,33
2001-10,math.DS,15
2001-10,math.FA,15
2001-10,math.GM,2
2001-10,math.GN,1
2001-10,math.GR,9
2001-10,math.GT,15
2001-10,math.HO,3
2001-10,math.KT,2
2001-10,math.LO,1
2001-10,math.MG,6
2001-10,math.NA,5
2001-10,math.NT,18
2001-10,math.OA,10
2001-10,math.OC,2
2001-10,math.PR,12
2001-10,math.QA,27
2001-10,math.RA,3
2001-10,math.RT,7
2001-10,math.SG,10
2001-10,math.SP,9
2001-10,nlin.AO,2
2001-10,nlin.CD,20
2001-10,nlin.PS,7
2001-10,nlin.SI,19
2001-10,nucl-ex,18
2001-10,nucl-th,85
2001-10,physics.acc-ph,7
2001-10,physics.ao-ph,1
2001-10,physics.atm-clus,3
2001-10,physics.atom-ph,6
2001-10,physics.bio-ph,8
2001-10,physics.chem-ph,2
2001-10,physics.class-ph,8
2001-10,physics.comp-ph,1
2001-10,physics.data-an,3
2001-10,physics.ed-ph,1
2001-10,physics.flu-dyn,8
2001-10,physics.gen-ph,20
2001-10,physics.geo-ph,4
2001-10,physics.hist-ph,2
2001-10,physics.ins-det,2
2001-10,physics.med-ph,2
2001-10,physics.optics,5
2001-10,physics.plasm-ph,7
2001-10,physics.pop-ph,1
2001-10,physics.space-ph,1
2001-10,quant-ph,173
2001-11,astro-ph,605
2001-11,cond-mat,49
2001-11,cond-mat.dis-nn,50
2001-11,cond-mat.mes-hall,66
2001-11,cond-mat.mtrl-sci,69
2001-11,cond-mat.soft,57
2001-11,cond-mat.stat-mech,123
2001-11,cond-mat.str-el,83
2001-11,cond-mat.supr-con,101
2001-11,cs.AI,4
2001-11,cs.AR,3
2001-11,cs.CC,7
2001-11,cs.CE,1
2001-11,cs.CL,2
2001-11,cs.DB,3
2001-11,cs.DC,7
2001-11,cs.DL,1
2001-11,cs.DM,1
2001-11,cs.DS,1
2001-11,cs.HC,3
2001-11,cs.LG,1
2001-11,cs.LO,3
2001-11,cs.NI,3
2001-11,cs.OH,5
2001-11,cs.OS,1
2001-11,cs.PF,1
2001-11,cs.PL,8
2001-11,cs.SE,7
2001-11,gr-qc,114
2001-11,hep-ex,95
2001-11,hep-lat,64
2001-11,hep-ph,468
2001-11,hep-th,290
2001-11,math-ph,52
2001-11,math.AC,1
2001-11,math.AG,65
2001-11,math.AP,5
2001-11,math.AT,13
2001-11,math.CA,5
2001-11,math.CO,17
2001-11,math.CT,4
2001-11,math.CV,5
2001-11,math.DG,37
2001-11,math.DS,13
2001-11,math.FA,7
2001-11,math.GM,3
2001-11,math.GN,2
2001-11,math.GR,13
2001-11,math.GT,21
2001-11,math.HO,3
2001-11,math.KT,3
2001-11,math.LO,2
2001-11,math.MG,4
2001-11,math.NA,5
2001-11,math.NT,15
2001-11,math.OA,8
2001-11,math.OC,2
2001-11,math.PR,12
2001-11,math.QA,31
2001-11,math.RA,3
2001-11,math.RT,15
2001-11,math.SG,7
2001-11,math.SP,10
2001-11,math.ST,3
2001-11,nlin.AO,5
2001-11,nlin.CD,30
2001-11,nlin.PS,15
2001-11,nlin.SI,16
2001-11,nucl-ex,21
2001-11,nucl-th,86
2001-11,physics.acc-ph,86
2001-11,physics.ao-ph,1
2001-11,physics.atom-ph,17
2001-11,physics.bio-ph,8
2001-11,physics.chem-ph,5
2001-11,physics.class-ph,7
2001-11,physics.data-an,16
2001-11,physics.ed-ph,2
2001-11,physics.flu-dyn,7
2001-11,physics.gen-ph,9
2001-11,physics.ins-det,30
2001-11,physics.optics,11
2001-11,physics.plasm-ph,14
2001-11,physics.pop-ph,1
2001-11,physics.space-ph,2
2001-11,quant-ph,168
2001-12,astro-ph,567
2001-12,cond-mat,54
2001-12,cond-mat.dis-nn,29
2001-12,cond-mat.mes-hall,72
2001-12,cond-mat.mtrl-sci,37
2001-12,cond-mat.soft,45
2001-12,cond-mat.stat-mech,116
2001-12,cond-mat.str-el,80
2001-12,cond-mat.supr-con,71
2001-12,cs.AI,4
2001-12,cs.CC,3
2001-12,cs.CL,5
2001-12,cs.CR,2
2001-12,cs.DB,3
2001-12,cs.DC,1
2001-12,cs.DL,1
2001-12,cs.DM,2
2001-12,cs.DS,1
2001-12,cs.LO,1
2001-12,cs.NI,1
2001-12,gr-qc,83
2001-12,hep-ex,46
2001-12,hep-lat,52
2001-12,hep-ph,364
2001-12,hep-th,263
2001-12,math-ph,61
2001-12,math.AC,3
2001-12,math.AG,44
2001-12,math.AP,12
2001-12,math.AT,8
2001-12,math.CA,2
2001-12,math.CO,19
2001-12,math.CT,1
2001-12,math.CV,7
2001-12,math.DG,34
2001-12,math.DS,4
2001-12,math.FA,8
2001-12,math.GM,3
2001-12,math.GN,1
2001-12,math.GR,11
2001-12,math.GT,19
2001-12,math.HO,2
2001-12,math.KT,2
2001-12,math.LO,13
2001-12,math.MG,3
2001-12,math.NA,4
2001-12,math.NT,17
2001-12,math.OA,15
2001-12,math.OC,3
2001-12,math.PR,13
2001-12,math.QA,52
2001-12,math.RA,4
2001-12,math.RT,6
2001-12,math.SG,6
2001-12,math.SP,3
2001-12,math.ST,2
2001-12,nlin.AO,1
2001-12,nlin.CD,24
2001-12,nlin.PS,9
2001-12,nlin.SI,16
2001-12,nucl-ex,16
2001-12,nucl-th,85
2001-12,physics.acc-ph,11
2001-12,physics.ao-ph,3
2001-12,physics.atm-clus,9
2001-12,physics.atom-ph,13
2001-12,physics.bio-ph,7
2001-12,physics.chem-ph,5
2001-12,physics.class-ph,6
2001-12,physics.comp-ph,4
2001-12,physics.data-an,2
2001-12,physics.ed-ph,2
2001-12,physics.flu-dyn,2
2001-12,physics.gen-ph,12
2001-12,physics.hist-ph,1
2001-12,physics.ins-det,6
2001-12,physics.med-ph,1
2001-12,physics.optics,3
2001-12,physics.plasm-ph,2
2001-12,physics.soc-ph,2
2001-12,quant-ph,179
2002-01,astro-ph,556
2002-01,cond-mat,55
2002-01,cond-mat.dis-nn,30
2002-01,cond-mat.mes-hall,66
2002-01,cond-mat.mtrl-sci,68
2002-01,cond-mat.soft,54
2002-01,cond-mat.stat-mech,129
2002-01,cond-mat.str-el,88
2002-01,cond-mat.supr-con,102
2002-01,cs.AI,2
2002-01,cs.CC,1
2002-01,cs.CE,1
2002-01,cs.CG,1
2002-01,cs.CL,1
2002-01,cs.CR,1
2002-01,cs.CV,1
2002-01,cs.DC,1
2002-01,cs.DL,2
2002-01,cs.DS,1
2002-01,cs.GT,3
2002-01,cs.LG,4
2002-01,cs.LO,1
2002-01,cs.MS,1
2002-01,cs.NE,1
2002-01,cs.NI,1
2002-01,cs.PL,3
2002-01,cs.SE,2
2002-01,gr-qc,100
2002-01,hep-ex,50
2002-01,hep-lat,22
2002-01,hep-ph,312
2002-01,hep-th,273
2002-01,math-ph,67
2002-01,math.AC,4
2002-01,math.AG,51
2002-01,math.AP,7
2002-01,math.AT,8
2002-01,math.CA,6
2002-01,math.CO,12
2002-01,math.CT,1
2002-01,math.CV,9
2002-01,math.DG,37
2002-01,math.DS,13
2002-01,math.FA,13
2002-01,math.GM,3
2002-01,math.GN,2
2002-01,math.GR,12
2002-01,math.GT,30
2002-01,math.HO,1
2002-01,math.KT,5
2002-01,math.LO,3
2002-01,math.MG,3
2002-01,math.NA,3
2002-01,math.NT,16
2002-01,math.OA,11
2002-01,math.OC,2
2002-01,math.PR,8
2002-01,math.QA,24
2002-01,math.RA,4
2002-01,math.RT,15
2002-01,math.SG,12
2002-01,math.SP,7
2002-01,nlin.AO,3
2002-01,nlin.CD,31
2002-01,nlin.CG,1
2002-01,nlin.PS,11
2002-01,nlin.SI,20
2002-01,nucl-ex,21
2002-01,nucl-th,88
2002-01,physics.acc-ph,3
2002-01,physics.ao-ph,1
2002-01,physics.atm-clus,2
2002-01,physics.atom-ph,13
2002-01,physics.bio-ph,4
2002-01,physics.chem-ph,4
2002-01,physics.class-ph,4
2002-01,physics.comp-ph,4
2002-01,physics.data-an,3
2002-01,physics.ed-ph,2
2002-01,physics.flu-dyn,3
2002-01,physics.gen-ph,11
2002-01,physics.geo-ph,3
2002-01,physics.hist-ph,1
2002-01,physics.ins-det,1
2002-01,physics.med-ph,1
2002-01,physics.optics,4
2002-01,physics.plasm-ph,3
2002-01,physics.pop-ph,3
2002-01,physics.soc-ph,1
2002-01,quant-ph,152
2002-02,astro-ph,523
2002-02,cond-mat,62
2002-02,cond-mat.dis-nn,37
2002-02,cond-mat.mes-hall,70
2002-02,cond-mat.mtrl-sci,55
2002-02,cond-mat.soft,48
2002-02,cond-mat.stat-mech,115
2002-02,cond-mat.str-el,81
2002-02,cond-mat.supr-con,73
2002-02,cs.AI,10
2002-02,cs.CC,1
2002-02,cs.CE,1
2002-02,cs.CG,2
2002-02,cs.CV,1
2002-02,cs.DB,4
2002-02,cs.DC,2
2002-02,cs.DL,1
2002-02,cs.DS,1
2002-02,cs.GT,8
2002-02,cs.LO,1
2002-02,cs.NE,2
2002-02,cs.NI,1
2002-02,cs.PF,1
2002-02,cs.PL,2
2002-02,cs.SE,1
2002-02,gr-qc,105
2002-02,hep-ex,46
2002-02,hep-lat,30
2002-02,hep-ph,280
2002-02,hep-th,212
2002-02,math-ph,49
2002-02,math.AG,44
2002-02,math.AP,12
2002-02,math.AT,13
2002-02,math.CA,8
2002-02,math.CO,24
2002-02,math.CV,2
2002-02,math.DG,28
2002-02,math.DS,9
2002-02,math.FA,12
2002-02,math.GM,4
2002-02,math.GN,4
2002-02,math.GR,8
2002-02,math.GT,21
2002-02,math.HO,1
2002-02,math.KT,1
2002-02,math.LO,1
2002-02,math.MG,1
2002-02,math.NA,2
2002-02,math.NT,20
2002-02,math.OA,6
2002-02,math.OC,8
2002-02,math.PR,12
2002-02,math.QA,29
2002-02,math.RA,13
2002-02,math.RT,19
2002-02,math.SG,7
2002-02,math.SP,3
2002-02,math.ST,1
2002-02,nlin.AO,5
2002-02,nlin.CD,34
2002-02,nlin.PS,7
2002-02,nlin.SI,19
2002-02,nucl-ex,27
2002-02,nucl-th,86
2002-02,physics.acc-ph,3
2002-02,physics.ao-ph,4
2002-02,physics.atm-clus,2
2002-02,physics.atom-ph,17
2002-02,physics.bio-ph,8
2002-02,physics.chem-ph,4
2002-02,physics.class-ph,8
2002-02,physics.comp-ph,2
2002-02,physics.data-an,2
2002-02,physics.ed-ph,1
2002-02,physics.flu-dyn,1
2002-02,physics.gen-ph,6
2002-02,physics.geo-ph,3
2002-02,physics.ins-det,3
2002-02,physics.optics,8
2002-02,physics.plasm-ph,2
2002-02,quant-ph,176
2002-03,astro-ph,533
2002-03,cond-mat,66
2002-03,cond-mat.dis-nn,41
2002-03,cond-mat.mes-hall,78
2002-03,cond-mat.mtrl-sci,76
2002-03,cond-mat.other,1
2002-03,cond-mat.soft,64
2002-03,cond-mat.stat-mech,114
2002-03,cond-mat.str-el,90
2002-03,cond-mat.supr-con,102
2002-03,cs.AI,7
2002-03,cs.CC,4
2002-03,cs.CE,1
2002-03,cs.CG,3
2002-03,cs.DB,2
2002-03,cs.DC,2
2002-03,cs.DM,2
2002-03,cs.DS,1
2002-03,cs.IR,1
2002-03,cs.LG,2
2002-03,cs.LO,2
2002-03,cs.MA,1
2002-03,cs.NI,1
2002-03,cs.PL,2
2002-03,cs.SD,1
2002-03,gr-qc,107
2002-03,hep-ex,41
2002-03,hep-lat,30
2002-03,hep-ph,282
2002-03,hep-th,278
2002-03,math-ph,61
2002-03,math.AC,2
2002-03,math.AG,48
2002-03,math.AP,14
2002-03,math.AT,4
2002-03,math.CA,3
2002-03,math.CO,19
2002-03,math.CT,2
2002-03,math.CV,4
2002-03,math.DG,37
2002-03,math.DS,13
2002-03,math.FA,12
2002-03,math.GM,4
2002-03,math.GN,1
2002-03,math.GR,10
2002-03,math.GT,24
2002-03,math.HO,2
2002-03,math.KT,1
2002-03,math.LO,5
2002-03,math.MG,6
2002-03,math.NA,2
2002-03,math.NT,20
2002-03,math.OA,9
2002-03,math.OC,2
2002-03,math.PR,15
2002-03,math.QA,17
2002-03,math.RA,9
2002-03,math.RT,8
2002-03,math.SG,7
2002-03,math.SP,4
2002-03,math.ST,1
2002-03,nlin.AO,4
2002-03,nlin.CD,32
2002-03,nlin.CG,1
2002-03,nlin.PS,9
2002-03,nlin.SI,17
2002-03,nucl-ex,20
2002-03,nucl-th,81
2002-03,physics.acc-ph,3
2002-03,physics.ao-ph,2
2002-03,physics.atm-clus,4
2002-03,physics.atom-ph,13
2002-03,physics.bio-ph,11
2002-03,physics.chem-ph,3
2002-03,physics.class-ph,3
2002-03,physics.comp-ph,5
2002-03,physics.data-an,7
2002-03,physics.flu-dyn,6
2002-03,physics.gen-ph,10
2002-03,physics.geo-ph,1
2002-03,physics.hist-ph,1
2002-03,physics.ins-det,5
2002-03,physics.optics,14
2002-03,physics.plasm-ph,6
2002-03,physics.soc-ph,2
2002-03,quant-ph,155
2002-04,astro-ph,518
2002-04,cond-mat,58
2002-04,cond-mat.dis-nn,48
2002-04,cond-mat.mes-hall,85
2002-04,cond-mat.mtrl-sci,54
2002-04,cond-mat.quant-gas,1
2002-04,cond-mat.soft,54
2002-04,cond-mat.stat-mech,127
2002-04,cond-mat.str-el,102
2002-04,cond-mat.supr-con,101
2002-04,cs.AI,4
2002-04,cs.CC,1
2002-04,cs.CE,4
2002-04,cs.CG,2
2002-04,cs.CL,15
2002-04,cs.CR,1
2002-04,cs.CY,1
2002-04,cs.DB,3
2002-04,cs.DC,1
2002-04,cs.DM,1
2002-04,cs.DS,3
2002-04,cs.HC,1
2002-04,cs.IR,1
2002-04,cs.LG,2
2002-04,cs.LO,3
2002-04,cs.NI,2
2002-04,cs.PL,4
2002-04,cs.RO,1
2002-04,cs.SE,4
2002-04,gr-qc,94
2002-04,hep-ex,39
2002-04,hep-lat,33
2002-04,hep-ph,357
2002-04,hep-th,261
2002-04,math-ph,55
2002-04,math.AC,1
2002-04,math.AG,71
2002-04,math.AP,6
2002-04,math.AT,6
2002-04,math.CA,15
2002-04,math.CO,9
2002-04,math.CT,2
2002-04,math.CV,6
2002-04,math.DG,33
2002-04,math.DS,14
2002-04,math.FA,6
2002-04,math.GM,5
2002-04,math.GN,29
2002-04,math.GR,9
2002-04,math.GT,18
2002-04,math.KT,2
2002-04,math.LO,1
2002-04,math.MG,2
2002-04,math.NA,2
2002-04,math.NT,21
2002-04,math.OA,9
2002-04,math.OC,5
2002-04,math.PR,17
2002-04,math.QA,40
2002-04,math.RA,4
2002-04,math.RT,6
2002-04,math.SG,10
2002-04,nlin.AO,7
2002-04,nlin.CD,35
2002-04,nlin.CG,1
2002-04,nlin.PS,12
2002-04,nlin.SI,16
2002-04,nucl-ex,15
2002-04,nucl-th,76
2002-04,physics.acc-ph,1
2002-04,physics.atm-clus,1
2002-04,physics.atom-ph,15
2002-04,physics.bio-ph,8
2002-04,physics.chem-ph,6
2002-04,physics.class-ph,9
2002-04,physics.comp-ph,3
2002-04,physics.data-an,2
2002-04,physics.flu-dyn,3
2002-04,physics.gen-ph,11
2002-04,physics.geo-ph,1
2002-04,physics.hist-ph,1
2002-04,physics.ins-det,5
2002-04,physics.med-ph,1
2002-04,physics.optics,9
2002-04,physics.plasm-ph,8
2002-04,physics.pop-ph,1
2002-04,quant-ph,172
2002-05,astro-ph,560
2002-05,cond-mat,74
2002-05,cond-mat.dis-nn,52
2002-05,cond-mat.mes-hall,76
2002-05,cond-mat.mtrl-sci,64
2002-05,cond-mat.soft,67
2002-05,cond-mat.stat-mech,147
2002-05,cond-mat.str-el,102
2002-05,cond-mat.supr-con,86
2002-05,cs.AI,5
2002-05,cs.CC,5
2002-05,cs.CE,3
2002-05,cs.CL,13
2002-05,cs.CR,1
2002-05,cs.DB,1
2002-05,cs.DC,3
2002-05,cs.DL,1
2002-05,cs.DS,28
2002-05,cs.GT,5
2002-05,cs.HC,3
2002-05,cs.IR,1
2002-05,cs.LG,1
2002-05,cs.LO,2
2002-05,cs.NE,1
2002-05,cs.NI,3
2002-05,cs.PF,1
2002-05,cs.PL,1
2002-05,cs.RO,1
2002-05,cs.SE,1
2002-05,gr-qc,133
2002-05,hep-ex,108
2002-05,hep-lat,30
2002-05,hep-ph,347
2002-05,hep-th,318
2002-05,math-ph,47
2002-05,math.AC,7
2002-05,math.AG,57
2002-05,math.AP,12
2002-05,math.AT,11
2002-05,math.CA,21
2002-05,math.CO,24
2002-05,math.CV,4
2002-05,math.DG,26
2002-05,math.DS,7
2002-05,math.FA,11
2002-05,math.GM,3
2002-05,math.GN,2
2002-05,math.GR,2
2002-05,math.GT,29
2002-05,math.KT,3
2002-05,math.LO,4
2002-05,math.MG,4
2002-05,math.NA,3
2002-05,math.NT,11
2002-05,math.OA,20
2002-05,math.OC,3
2002-05,math.PR,16
2002-05,math.QA,25
2002-05,math.RA,8
2002-05,math.RT,11
2002-05,math.SG,8
2002-05,math.SP,3
2002-05,nlin.AO,7
2002-05,nlin.CD,30
2002-05,nlin.CG,2
2002-05,nlin.PS,9
2002-05,nlin.SI,20
2002-05,nucl-ex,21
2002-05,nucl-th,80
2002-05,physics.acc-ph,9
2002-05,physics.atm-clus,2
2002-05,physics.atom-ph,14
2002-05,physics.bio-ph,8
2002-05,physics.chem-ph,4
2002-05,physics.class-ph,5
2002-05,physics.comp-ph,2
2002-05,physics.data-an,7
2002-05,physics.ed-ph,2
2002-05,physics.flu-dyn,2
2002-05,physics.gen-ph,17
2002-05,physics.ins-det,6
2002-05,physics.optics,8
2002-05,physics.plasm-ph,7
2002-05,physics.soc-ph,1
2002-05,quant-ph,197
2002-06,astro-ph,521
2002-06,cond-mat,71
2002-06,cond-mat.dis-nn,52
2002-06,cond-mat.mes-hall,73
2002-06,cond-mat.mtrl-sci,56
2002-06,cond-mat.quant-gas,1
2002-06,cond-mat.soft,58
2002-06,cond-mat.stat-mech,104
2002-06,cond-mat.str-el,108
2002-06,cond-mat.supr-con,77
2002-06,cs.AI,6
2002-06,cs.CC,1
2002-06,cs.CE,3
2002-06,cs.CG,3
2002-06,cs.CL,9
2002-06,cs.CR,1
2002-06,cs.DB,2
2002-06,cs.DC,2
2002-06,cs.DS,3
2002-06,cs.GR,1
2002-06,cs.IR,1
2002-06,cs.LO,2
2002-06,cs.NE,1
2002-06,cs.NI,1
2002-06,cs.OH,1
2002-06,cs.SC,2
2002-06,cs.SE,1
2002-06,gr-qc,94
2002-06,hep-ex,77
2002-06,hep-lat,30
2002-06,hep-ph,319
2002-06,hep-th,260
2002-06,math-ph,50
2002-06,math.AC,5
2002-06,math.AG,52
2002-06,math.AP,14
2002-06,math.AT,7
2002-06,math.CA,10
2002-06,math.CO,16
2002-06,math.CT,1
2002-06,math.CV,14
2002-06,math.DG,21
2002-06,math.DS,10
2002-06,math.FA,18
2002-06,math.GM,3
2002-06,math.GN,1
2002-06,math.GR,5
2002-06,math.GT,23
2002-06,math.HO,3
2002-06,math.KT,1
2002-06,math.LO,1
2002-06,math.MG,2
2002-06,math.NA,2
2002-06,math.NT,18
2002-06,math.OA,10
2002-06,math.OC,6
2002-06,math.PR,10
2002-06,math.QA,25
2002-06,math.RA,11
2002-06,math.RT,13
2002-06,math.SG,6
2002-06,math.SP,3
2002-06,math.ST,4
2002-06,nlin.AO,2
2002-06,nlin.CD,22
2002-06,nlin.CG,4
2002-06,nlin.PS,9
2002-06,nlin.SI,15
2002-06,nucl-ex,20
2002-06,nucl-th,75
2002-06,physics.acc-ph,16
2002-06,physics.atm-clus,5
2002-06,physics.atom-ph,14
2002-06,physics.bio-ph,16
2002-06,physics.chem-ph,2
2002-06,physics.class-ph,3
2002-06,physics.comp-ph,4
2002-06,physics.data-an,1
2002-06,physics.ed-ph,4
2002-06,physics.flu-dyn,5
2002-06,physics.gen-ph,4
2002-06,physics.hist-ph,1
2002-06,physics.ins-det,8
2002-06,physics.med-ph,1
2002-06,physics.optics,6
2002-06,physics.plasm-ph,6
2002-06,physics.pop-ph,1
2002-06,physics.soc-ph,1
2002-06,quant-ph,201
2002-07,astro-ph,676
2002-07,cond-mat,84
2002-07,cond-mat.dis-nn,51
2002-07,cond-mat.mes-hall,77
2002-07,cond-mat.mtrl-sci,79
2002-07,cond-mat.quant-gas,1
2002-07,cond-mat.soft,63
2002-07,cond-mat.stat-mech,162
2002-07,cond-mat.str-el,115
2002-07,cond-mat.supr-con,104
2002-07,cs.AI,24
2002-07,cs.AR,2
2002-07,cs.CC,2
2002-07,cs.CE,10
2002-07,cs.CG,4
2002-07,cs.CL,5
2002-07,cs.CR,3
2002-07,cs.DB,2
2002-07,cs.DC,5
2002-07,cs.DS,6
2002-07,cs.HC,1
2002-07,cs.LO,12
2002-07,cs.MA,1
2002-07,cs.NI,3
2002-07,cs.OH,3
2002-07,cs.PL,1
2002-07,cs.SC,2
2002-07,cs.SE,10
2002-07,gr-qc,119
2002-07,hep-ex,98
2002-07,hep-lat,22
2002-07,hep-ph,369
2002-07,hep-th,279
2002-07,math-ph,45
2002-07,math.AC,3
2002-07,math.AG,60
2002-07,math.AP,9
2002-07,math.AT,5
2002-07,math.CA,8
2002-07,math.CO,29
2002-07,math.CT,2
2002-07,math.CV,2
2002-07,math.DG,24
2002-07,math.DS,16
2002-07,math.FA,6
2002-07,math.GM,3
2002-07,math.GR,3
2002-07,math.GT,15
2002-07,math.KT,9
2002-07,math.MG,3
2002-07,math.NA,7
2002-07,math.NT,19
2002-07,math.OA,11
2002-07,math.OC,2
2002-07,math.PR,15
2002-07,math.QA,30
2002-07,math.RA,7
2002-07,math.RT,8
2002-07,math.SG,9
2002-07,math.SP,2
2002-07,math.ST,2
2002-07,nlin.AO,4
2002-07,nlin.CD,26
2002-07,nlin.CG,5
2002-07,nlin.PS,11
2002-07,nlin.SI,14
2002-07,nucl-ex,19
2002-07,nucl-th,88
2002-07,physics.ao-ph,1
2002-07,physics.atm-clus,8
2002-07,physics.atom-ph,12
2002-07,physics.bio-ph,13
2002-07,physics.chem-ph,6
2002-07,physics.class-ph,3
2002-07,physics.comp-ph,3
2002-07,physics.data-an,7
2002-07,physics.ed-ph,17
2002-07,physics.flu-dyn,6
2002-07,physics.gen-ph,18
2002-07,physics.hist-ph,4
2002-07,physics.ins-det,5
2002-07,physics.med-ph,1
2002-07,physics.optics,10
2002-07,physics.plasm-ph,8
2002-07,physics.pop-ph,1
2002-07,physics.soc-ph,1
2002-07,quant-ph,182
2002-08,astro-ph,582
2002-08,cond-mat,55
2002-08,cond-mat.dis-nn,41
2002-08,cond-mat.mes-hall,86
2002-08,cond-mat.mtrl-sci,86
2002-08,cond-mat.soft,67
2002-08,cond-mat.stat-mech,91
2002-08,cond-mat.str-el,97
2002-08,cond-mat.supr-con,91
2002-08,cs.AI,3
2002-08,cs.CC,6
2002-08,cs.CE,4
2002-08,cs.CL,5
2002-08,cs.CR,5
2002-08,cs.CV,1
2002-08,cs.DB,2
2002-08,cs.DC,3
2002-08,cs.DL,3
2002-08,cs.DS,1
2002-08,cs.LO,3
2002-08,cs.NI,4
2002-08,cs.PL,3
2002-08,cs.SC,1
2002-08,gr-qc,94
2002-08,hep-ex,49
2002-08,hep-lat,82
2002-08,hep-ph,282
2002-08,hep-th,238
2002-08,math-ph,49
2002-08,math.AC,10
2002-08,math.AG,35
2002-08,math.AP,9
2002-08,math.AT,8
2002-08,math.CA,6
2002-08,math.CO,18
2002-08,math.CT,1
2002-08,math.CV,8
2002-08,math.DG,23
2002-08,math.DS,6
2002-08,math.FA,6
2002-08,math.GM,4
2002-08,math.GN,6
2002-08,math.GR,8
2002-08,math.GT,11
2002-08,math.HO,1
2002-08,math.KT,2
2002-08,math.LO,3
2002-08,math.MG,4
2002-08,math.NA,2
2002-08,math.NT,10
2002-08,math.OA,8
2002-08,math.OC,5
2002-08,math.PR,5
2002-08,math.QA,25
2002-08,math.RA,7
2002-08,math.RT,16
2002-08,math.SG,8
2002-08,math.SP,2
2002-08,nlin.AO,2
2002-08,nlin.CD,27
2002-08,nlin.PS,12
2002-08,nlin.SI,8
2002-08,nucl-ex,20
2002-08,nucl-th,81
2002-08,physics.acc-ph,9
2002-08,physics.ao-ph,3
2002-08,physics.atom-ph,13
2002-08,physics.bio-ph,13
2002-08,physics.chem-ph,7
2002-08,physics.class-ph,4
2002-08,physics.comp-ph,2
2002-08,physics.data-an,4
2002-08,physics.ed-ph,3
2002-08,physics.flu-dyn,5
2002-08,physics.gen-ph,12
2002-08,physics.hist-ph,1
2002-08,physics.ins-det,7
2002-08,physics.med-ph,1
2002-08,physics.optics,7
2002-08,physics.plasm-ph,9
2002-08,physics.pop-ph,1
2002-08,physics.soc-ph,2
2002-08,physics.space-ph,1
2002-08,quant-ph,200
2002-09,astro-ph,633
2002-09,cond-mat,65
2002-09,cond-mat.dis-nn,50
2002-09,cond-mat.mes-hall,91
2002-09,cond-mat.mtrl-sci,90
2002-09,cond-mat.soft,63
2002-09,cond-mat.stat-mech,140
2002-09,cond-mat.str-el,95
2002-09,cond-mat.supr-con,92
2002-09,cs.AI,2
2002-09,cs.CC,2
2002-09,cs.CE,1
2002-09,cs.CG,3
2002-09,cs.CL,5
2002-09,cs.CY,1
2002-09,cs.DC,3
2002-09,cs.DM,2
2002-09,cs.DS,2
2002-09,cs.IR,1
2002-09,cs.LO,1
2002-09,cs.NE,1
2002-09,cs.NI,8
2002-09,cs.OH,1
2002-09,gr-qc,114
2002-09,hep-ex,85
2002-09,hep-lat,166
2002-09,hep-ph,373
2002-09,hep-th,262
2002-09,math-ph,67
2002-09,math.AC,50
2002-09,math.AG,51
2002-09,math.AP,7
2002-09,math.AT,14
2002-09,math.CA,3
2002-09,math.CO,29
2002-09,math.CT,2
2002-09,math.CV,8
2002-09,math.DG,38
2002-09,math.DS,5
2002-09,math.FA,5
2002-09,math.GM,1
2002-09,math.GN,2
2002-09,math.GR,12
2002-09,math.GT,28
2002-09,math.KT,7
2002-09,math.LO,4
2002-09,math.MG,2
2002-09,math.NA,8
2002-09,math.NT,32
2002-09,math.OA,16
2002-09,math.OC,5
2002-09,math.PR,17
2002-09,math.QA,35
2002-09,math.RA,12
2002-09,math.RT,10
2002-09,math.SG,6
2002-09,math.SP,3
2002-09,nlin.AO,3
2002-09,nlin.CD,22
2002-09,nlin.CG,1
2002-09,nlin.PS,14
2002-09,nlin.SI,22
2002-09,nucl-ex,31
2002-09,nucl-th,92
2002-09,physics.acc-ph,8
2002-09,physics.ao-ph,1
2002-09,physics.atm-clus,1
2002-09,physics.atom-ph,18
2002-09,physics.bio-ph,16
2002-09,physics.chem-ph,9
2002-09,physics.class-ph,7
2002-09,physics.comp-ph,6
2002-09,physics.ed-ph,1
2002-09,physics.flu-dyn,8
2002-09,physics.gen-ph,10
2002-09,physics.geo-ph,1
2002-09,physics.hist-ph,2
2002-09,physics.ins-det,6
2002-09,physics.optics,11
2002-09,physics.plasm-ph,3
2002-09,physics.pop-ph,1
2002-09,quant-ph,165
2002-10,astro-ph,690
2002-10,cond-mat,89
2002-10,cond-mat.dis-nn,42
2002-10,cond-mat.mes-hall,89
2002-10,cond-mat.mtrl-sci,80
2002-10,cond-mat.other,1
2002-10,cond-mat.soft,70
2002-10,cond-mat.stat-mech,152
2002-10,cond-mat.str-el,101
2002-10,cond-mat.supr-con,85
2002-10,cs.AI,4
2002-10,cs.CC,3
2002-10,cs.CE,1
2002-10,cs.CG,1
2002-10,cs.CR,1
2002-10,cs.DB,1
2002-10,cs.DC,2
2002-10,cs.DL,1
2002-10,cs.DS,4
2002-10,cs.GL,1
2002-10,cs.GR,1
2002-10,cs.HC,1
2002-10,cs.LG,1
2002-10,cs.LO,2
2002-10,cs.MA,1
2002-10,cs.MM,1
2002-10,cs.NE,1
2002-10,cs.NI,2
2002-10,cs.PL,1
2002-10,gr-qc,111
2002-10,hep-ex,67
2002-10,hep-lat,54
2002-10,hep-ph,449
2002-10,hep-th,314
2002-10,math-ph,64
2002-10,math.AC,41
2002-10,math.AG,67
2002-10,math.AP,20
2002-10,math.AT,15
2002-10,math.CA,6
2002-10,math.CO,23
2002-10,math.CT,1
2002-10,math.CV,10
2002-10,math.DG,43
2002-10,math.DS,24
2002-10,math.FA,11
2002-10,math.GM,8
2002-10,math.GN,4
2002-10,math.GR,15
2002-10,math.GT,25
2002-10,math.HO,2
2002-10,math.KT,6
2002-10,math.LO,5
2002-10,math.MG,5
2002-10,math.NA,3
2002-10,math.NT,44
2002-10,math.OA,9
2002-10,math.OC,1
2002-10,math.PR,21
2002-10,math.QA,41
2002-10,math.RA,8
2002-10,math.RT,15
2002-10,math.SG,12
2002-10,math.SP,3
2002-10,math.ST,1
2002-10,nlin.AO,11
2002-10,nlin.CD,40
2002-10,nlin.CG,2
2002-10,nlin.PS,8
2002-10,nlin.SI,15
2002-10,nucl-ex,40
2002-10,nucl-th,90
2002-10,physics.acc-ph,3
2002-10,physics.ao-ph,3
2002-10,physics.atm-clus,1
2002-10,physics.atom-ph,15
2002-10,physics.bio-ph,11
2002-10,physics.chem-ph,9
2002-10,physics.class-ph,13
2002-10,physics.comp-ph,8
2002-10,physics.data-an,4
2002-10,physics.ed-ph,4
2002-10,physics.flu-dyn,4
2002-10,physics.gen-ph,16
2002-10,physics.geo-ph,4
2002-10,physics.hist-ph,3
2002-10,physics.ins-det,12
2002-10,physics.med-ph,1
2002-10,physics.optics,13
2002-10,physics.plasm-ph,5
2002-10,physics.pop-ph,1
2002-10,physics.soc-ph,2
2002-10,quant-ph,214
2002-11,astro-ph,661
2002-11,cond-mat,78
2002-11,cond-mat.dis-nn,30
2002-11,cond-mat.mes-hall,87
2002-11,cond-mat.mtrl-sci,81
2002-11,cond-mat.quant-gas,1
2002-11,cond-mat.soft,77
2002-11,cond-mat.stat-mech,134
2002-11,cond-mat.str-el,128
2002-11,cond-mat.supr-con,94
2002-11,cs.AI,10
2002-11,cs.CC,4
2002-11,cs.CL,1
2002-11,cs.CV,1
2002-11,cs.DB,3
2002-11,cs.DC,1
2002-11,cs.DM,1
2002-11,cs.DS,5
2002-11,cs.HC,1
2002-11,cs.IR,1
2002-11,cs.LG,2
2002-11,cs.LO,8
2002-11,cs.MA,2
2002-11,cs.PF,1
2002-11,gr-qc,110
2002-11,hep-ex,72
2002-11,hep-lat,44
2002-11,hep-ph,469
2002-11,hep-th,292
2002-11,math-ph,81
2002-11,math.AC,20
2002-11,math.AG,63
2002-11,math.AP,4
2002-11,math.AT,9
2002-11,math.CA,18
2002-11,math.CO,36
2002-11,math.CT,2
2002-11,math.CV,9
2002-11,math.DG,49
2002-11,math.DS,12
2002-11,math.FA,9
2002-11,math.GM,6
2002-11,math.GN,2
2002-11,math.GR,10
2002-11,math.GT,37
2002-11,math.HO,2
2002-11,math.KT,4
2002-11,math.LO,14
2002-11,math.MG,5
2002-11,math.NA,2
2002-11,math.NT,29
2002-11,math.OA,23
2002-11,math.OC,9
2002-11,math.PR,21
2002-11,math.QA,35
2002-11,math.RA,14
2002-11,math.RT,9
2002-11,math.SG,9
2002-11,math.SP,6
2002-11,math.ST,1
2002-11,nlin.AO,4
2002-11,nlin.CD,23
2002-11,nlin.CG,1
2002-11,nlin.PS,9
2002-11,nlin.SI,14
2002-11,nucl-ex,33
2002-11,nucl-th,102
2002-11,physics.acc-ph,9
2002-11,physics.ao-ph,4
2002-11,physics.atm-clus,1
2002-11,physics.atom-ph,9
2002-11,physics.bio-ph,10
2002-11,physics.chem-ph,10
2002-11,physics.class-ph,6
2002-11,physics.comp-ph,1
2002-11,physics.data-an,10
2002-11,physics.ed-ph,6
2002-11,physics.flu-dyn,4
2002-11,physics.gen-ph,15
2002-11,physics.geo-ph,4
2002-11,physics.hist-ph,1
2002-11,physics.ins-det,9
2002-11,physics.med-ph,3
2002-11,physics.optics,9
2002-11,physics.plasm-ph,7
2002-11,physics.soc-ph,3
2002-11,physics.space-ph,2
2002-11,quant-ph,200
2002-12,astro-ph,578
2002-12,cond-mat,60
2002-12,cond-mat.dis-nn,54
2002-12,cond-mat.mes-hall,86
2002-12,cond-mat.mtrl-sci,69
2002-12,cond-mat.soft,71
2002-12,cond-mat.stat-mech,146
2002-12,cond-mat.str-el,77
2002-12,cond-mat.supr-con,84
2002-12,cs.AI,2
2002-12,cs.CC,7
2002-12,cs.CG,3
2002-12,cs.CL,2
2002-12,cs.CR,1
2002-12,cs.DB,4
2002-12,cs.DC,1
2002-12,cs.DS,2
2002-12,cs.GR,1
2002-12,cs.IR,1
2002-12,cs.LG,21
2002-12,cs.LO,3
2002-12,cs.NE,4
2002-12,cs.PL,2
2002-12,cs.RO,2
2002-12,gr-qc,129
2002-12,hep-ex,66
2002-12,hep-lat,40
2002-12,hep-ph,403
2002-12,hep-th,348
2002-12,math-ph,79
2002-12,math.AC,17
2002-12,math.AG,46
2002-12,math.AP,19
2002-12,math.AT,14
2002-12,math.CA,16
2002-12,math.CO,22
2002-12,math.CT,4
2002-12,math.CV,7
2002-12,math.DG,22
2002-12,math.DS,7
2002-12,math.FA,20
2002-12,math.GM,8
2002-12,math.GR,17
2002-12,math.GT,21
2002-12,math.HO,1
2002-12,math.LO,21
2002-12,math.MG,7
2002-12,math.NA,8
2002-12,math.NT,27
2002-12,math.OA,12
2002-12,math.OC,7
2002-12,math.PR,24
2002-12,math.QA,33
2002-12,math.RA,6
2002-12,math.RT,15
2002-12,math.SG,7
2002-12,math.SP,2
2002-12,math.ST,5
2002-12,nlin.AO,4
2002-12,nlin.CD,26
2002-12,nlin.PS,9
2002-12,nlin.SI,13
2002-12,nucl-ex,28
2002-12,nucl-th,107
2002-12,physics.acc-ph,2
2002-12,physics.ao-ph,4
2002-12,physics.atm-clus,1
2002-12,physics.atom-ph,17
2002-12,physics.bio-ph,13
2002-12,physics.chem-ph,9
2002-12,physics.class-ph,4
2002-12,physics.comp-ph,5
2002-12,physics.data-an,2
2002-12,physics.ed-ph,2
2002-12,physics.flu-dyn,5
2002-12,physics.gen-ph,15
2002-12,physics.geo-ph,3
2002-12,physics.hist-ph,1
2002-12,physics.ins-det,6
2002-12,physics.med-ph,4
2002-12,physics.optics,8
2002-12,physics.plasm-ph,7
2002-12,physics.soc-ph,1
2002-12,physics.space-ph,4
2002-12,quant-ph,162
2003-01,astro-ph,655
2003-01,cond-mat,80
2003-01,cond-mat.dis-nn,50
2003-01,cond-mat.mes-hall,72
2003-01,cond-mat.mtrl-sci,75
2003-01,cond-mat.other,1
2003-01,cond-mat.soft,63
2003-01,cond-mat.stat-mech,123
2003-01,cond-mat.str-el,89
2003-01,cond-mat.supr-con,78
2003-01,cs.AI,3
2003-01,cs.CC,6
2003-01,cs.CE,1
2003-01,cs.CR,3
2003-01,cs.CV,1
2003-01,cs.DB,2
2003-01,cs.DC,2
2003-01,cs.DM,2
2003-01,cs.DS,4
2003-01,cs.GR,1
2003-01,cs.LG,2
2003-01,cs.LO,2
2003-01,cs.NI,1
2003-01,cs.PF,1
2003-01,cs.PL,2
2003-01,cs.SC,3
2003-01,gr-qc,129
2003-01,hep-ex,40
2003-01,hep-lat,29
2003-01,hep-ph,280
2003-01,hep-th,255
2003-01,math-ph,48
2003-01,math.AC,9
2003-01,math.AG,59
2003-01,math.AP,21
2003-01,math.AT,20
2003-01,math.CA,11
2003-01,math.CO,21
2003-01,math.CT,3
2003-01,math.CV,10
2003-01,math.DG,35
2003-01,math.DS,17
2003-01,math.FA,14
2003-01,math.GM,2
2003-01,math.GN,5
2003-01,math.GR,14
2003-01,math.GT,22
2003-01,math.KT,1
2003-01,math.LO,3
2003-01,math.MG,7
2003-01,math.NA,8
2003-01,math.NT,23
2003-01,math.OA,12
2003-01,math.OC,8
2003-01,math.PR,10
2003-01,math.QA,30
2003-01,math.RA,8
2003-01,math.RT,9
2003-01,math.SG,4
2003-01,math.SP,6
2003-01,math.ST,1
2003-01,nlin.AO,2
2003-01,nlin.CD,25
2003-01,nlin.PS,12
2003-01,nlin.SI,9
2003-01,nucl-ex,19
2003-01,nucl-th,103
2003-01,physics.acc-ph,2
2003-01,physics.atm-clus,1
2003-01,physics.atom-ph,5
2003-01,physics.bio-ph,15
2003-01,physics.chem-ph,8
2003-01,physics.class-ph,1
2003-01,physics.comp-ph,1
2003-01,physics.data-an,3
2003-01,physics.ed-ph,3
2003-01,physics.flu-dyn,7
2003-01,physics.gen-ph,14
2003-01,physics.geo-ph,1
2003-01,physics.hist-ph,1
2003-01,physics.ins-det,1
2003-01,physics.med-ph,1
2003-01,physics.optics,12
2003-01,physics.plasm-ph,2
2003-01,physics.soc-ph,4
2003-01,physics.space-ph,1
2003-01,quant-ph,183
2003-02,astro-ph,612
2003-02,cond-mat,53
2003-02,cond-mat.dis-nn,32
2003-02,cond-mat.mes-hall,89
2003-02,cond-mat.mtrl-sci,71
2003-02,cond-mat.other,1
2003-02,cond-mat.soft,50
2003-02,cond-mat.stat-mech,131
2003-02,cond-mat.str-el,99
2003-02,cond-mat.supr-con,97
2003-02,cs.AI,6
2003-02,cs.CC,3
2003-02,cs.CE,2
2003-02,cs.CG,2
2003-02,cs.CL,3
2003-02,cs.CR,2
2003-02,cs.DC,6
2003-02,cs.DM,1
2003-02,cs.DS,5
2003-02,cs.GR,1
2003-02,cs.IR,2
2003-02,cs.MS,1
2003-02,cs.NE,1
2003-02,cs.NI,2
2003-02,cs.PL,1
2003-02,cs.SE,1
2003-02,gr-qc,121
2003-02,hep-ex,41
2003-02,hep-lat,25
2003-02,hep-ph,275
2003-02,hep-th,230
2003-02,math-ph,70
2003-02,math.AC,10
2003-02,math.AG,51
2003-02,math.AP,29
2003-02,math.AT,9
2003-02,math.CA,11
2003-02,math.CO,25
2003-02,math.CV,6
2003-02,math.DG,41
2003-02,math.DS,12
2003-02,math.FA,3
2003-02,math.GM,1
2003-02,math.GN,5
2003-02,math.GR,18
2003-02,math.GT,15
2003-02,math.HO,3
2003-02,math.KT,1
2003-02,math.MG,4
2003-02,math.NA,3
2003-02,math.NT,24
2003-02,math.OA,11
2003-02,math.OC,6
2003-02,math.PR,16
2003-02,math.QA,23
2003-02,math.RA,4
2003-02,math.RT,13
2003-02,math.SG,6
2003-02,math.SP,5
2003-02,math.ST,2
2003-02,nlin.AO,3
2003-02,nlin.CD,25
2003-02,nlin.CG,1
2003-02,nlin.PS,19
2003-02,nlin.SI,16
2003-02,nucl-ex,32
2003-02,nucl-th,83
2003-02,physics.acc-ph,5
2003-02,physics.atm-clus,2
2003-02,physics.atom-ph,11
2003-02,physics.bio-ph,15
2003-02,physics.chem-ph,6
2003-02,physics.class-ph,9
2003-02,physics.comp-ph,3
2003-02,physics.data-an,2
2003-02,physics.ed-ph,2
2003-02,physics.flu-dyn,9
2003-02,physics.gen-ph,13
2003-02,physics.geo-ph,3
2003-02,physics.hist-ph,2
2003-02,physics.ins-det,3
2003-02,physics.med-ph,1
2003-02,physics.optics,15
2003-02,physics.plasm-ph,3
2003-02,physics.pop-ph,1
2003-02,physics.soc-ph,1
2003-02,quant-ph,203
2003-03,astro-ph,670
2003-03,cond-mat,67
2003-03,cond-mat.dis-nn,36
2003-03,cond-mat.mes-hall,92
2003-03,cond-mat.mtrl-sci,73
2003-03,cond-mat.other,3
2003-03,cond-mat.soft,62
2003-03,cond-mat.stat-mech,157
2003-03,cond-mat.str-el,81
2003-03,cond-mat.supr-con,88
2003-03,cs.AI,4
2003-03,cs.CC,2
2003-03,cs.CG,1
2003-03,cs.CL,2
2003-03,cs.CV,2
2003-03,cs.DC,7
2003-03,cs.DS,1
2003-03,cs.HC,1
2003-03,cs.LO,2
2003-03,cs.NE,1
2003-03,cs.NI,7
2003-03,cs.SD,1
2003-03,cs.SE,2
2003-03,gr-qc,118
2003-03,hep-ex,46
2003-03,hep-lat,27
2003-03,hep-ph,262
2003-03,hep-th,271
2003-03,math-ph,75
2003-03,math.AC,15
2003-03,math.AG,48
2003-03,math.AP,25
2003-03,math.AT,18
2003-03,math.CA,15
2003-03,math.CO,20
2003-03,math.CT,3
2003-03,math.CV,6
2003-03,math.DG,38
2003-03,math.DS,24
2003-03,math.FA,8
2003-03,math.GM,6
2003-03,math.GN,3
2003-03,math.GR,13
2003-03,math.GT,15
2003-03,math.HO,3
2003-03,math.KT,5
2003-03,math.LO,11
2003-03,math.MG,2
2003-03,math.NA,3
2003-03,math.NT,22
2003-03,math.OA,6
2003-03,math.OC,1
2003-03,math.PR,14
2003-03,math.QA,30
2003-03,math.RA,7
2003-03,math.RT,14
2003-03,math.SG,10
2003-03,math.SP,3
2003-03,nlin.AO,4
2003-03,nlin.CD,36
2003-03,nlin.CG,2
2003-03,nlin.PS,11
2003-03,nlin.SI,19
2003-03,nucl-ex,16
2003-03,nucl-th,76
2003-03,physics.acc-ph,2
2003-03,physics.atm-clus,6
2003-03,physics.atom-ph,13
2003-03,physics.bio-ph,14
2003-03,physics.chem-ph,5
2003-03,physics.class-ph,10
2003-03,physics.comp-ph,5
2003-03,physics.data-an,5
2003-03,physics.ed-ph,6
2003-03,physics.flu-dyn,10
2003-03,physics.gen-ph,16
2003-03,physics.geo-ph,2
2003-03,physics.ins-det,5
2003-03,physics.med-ph,2
2003-03,physics.optics,12
2003-03,physics.plasm-ph,5
2003-03,physics.soc-ph,1
2003-03,physics.space-ph,2
2003-03,quant-ph,189
2003-04,astro-ph,567
2003-04,cond-mat,67
2003-04,cond-mat.dis-nn,33
2003-04,cond-mat.mes-hall,106
2003-04,cond-mat.mtrl-sci,73
2003-04,cond-mat.other,2
2003-04,cond-mat.soft,51
2003-04,cond-mat.stat-mech,135
2003-04,cond-mat.str-el,127
2003-04,cond-mat.supr-con,110
2003-04,cs.CC,10
2003-04,cs.CE,1
2003-04,cs.CG,2
2003-04,cs.CL,7
2003-04,cs.CR,3
2003-04,cs.CY,4
2003-04,cs.DC,2
2003-04,cs.DM,1
2003-04,cs.DS,2
2003-04,cs.GR,1
2003-04,cs.HC,1
2003-04,cs.IR,1
2003-04,cs.LO,3
2003-04,cs.NE,1
2003-04,cs.OH,2
2003-04,cs.PF,1
2003-04,cs.SC,3
2003-04,gr-qc,110
2003-04,hep-ex,40
2003-04,hep-lat,19
2003-04,hep-ph,305
2003-04,hep-th,274
2003-04,math-ph,48
2003-04,math.AC,10
2003-04,math.AG,64
2003-04,math.AP,23
2003-04,math.AT,14
2003-04,math.CA,15
2003-04,math.CO,38
2003-04,math.CT,10
2003-04,math.CV,11
2003-04,math.DG,44
2003-04,math.DS,27
2003-04,math.FA,8
2003-04,math.GM,9
2003-04,math.GN,2
2003-04,math.GR,13
2003-04,math.GT,19
2003-04,math.HO,1
2003-04,math.KT,3
2003-04,math.LO,5
2003-04,math.MG,3
2003-04,math.NA,3
2003-04,math.NT,49
2003-04,math.OA,13
2003-04,math.OC,4
2003-04,math.PR,37
2003-04,math.QA,38
2003-04,math.RA,7
2003-04,math.RT,20
2003-04,math.SG,9
2003-04,math.SP,3
2003-04,nlin.AO,1
2003-04,nlin.CD,26
2003-04,nlin.CG,1
2003-04,nlin.PS,15
2003-04,nlin.SI,18
2003-04,nucl-ex,25
2003-04,nucl-th,86
2003-04,physics.acc-ph,8
2003-04,physics.ao-ph,2
2003-04,physics.atm-clus,2
2003-04,physics.atom-ph,22
2003-04,physics.bio-ph,8
2003-04,physics.chem-ph,5
2003-04,physics.class-ph,4
2003-04,physics.comp-ph,3
2003-04,physics.data-an,3
2003-04,physics.ed-ph,6
2003-04,physics.flu-dyn,15
2003-04,physics.gen-ph,13
2003-04,physics.geo-ph,3
2003-04,physics.ins-det,2
2003-04,physics.med-ph,2
2003-04,physics.optics,12
2003-04,physics.plasm-ph,5
2003-04,physics.soc-ph,2
2003-04,quant-ph,205
2003-05,astro-ph,615
2003-05,cond-mat,76
2003-05,cond-mat.dis-nn,46
2003-05,cond-mat.mes-hall,80
2003-05,cond-mat.mtrl-sci,84
2003-05,cond-mat.other,3
2003-05,cond-mat.soft,88
2003-05,cond-mat.stat-mech,128
2003-05,cond-mat.str-el,98
2003-05,cond-mat.supr-con,118
2003-05,cs.AI,23
2003-05,cs.CC,5
2003-05,cs.CE,2
2003-05,cs.CG,1
2003-05,cs.CL,2
2003-05,cs.CR,1
2003-05,cs.CY,1
2003-05,cs.DB,3
2003-05,cs.DC,15
2003-05,cs.DL,2
2003-05,cs.DM,3
2003-05,cs.DS,1
2003-05,cs.GR,1
2003-05,cs.HC,1
2003-05,cs.LG,1
2003-05,cs.LO,4
2003-05,cs.NI,2
2003-05,cs.OH,2
2003-05,cs.PF,2
2003-05,cs.SE,3
2003-05,gr-qc,110
2003-05,hep-ex,112
2003-05,hep-lat,25
2003-05,hep-ph,340
2003-05,hep-th,262
2003-05,math-ph,62
2003-05,math.AC,9
2003-05,math.AG,58
2003-05,math.AP,15
2003-05,math.AT,11
2003-05,math.CA,17
2003-05,math.CO,23
2003-05,math.CT,3
2003-05,math.CV,6
2003-05,math.DG,40
2003-05,math.DS,21
2003-05,math.FA,7
2003-05,math.GM,7
2003-05,math.GN,2
2003-05,math.GR,14
2003-05,math.GT,21
2003-05,math.HO,8
2003-05,math.KT,1
2003-05,math.LO,11
2003-05,math.MG,7
2003-05,math.NA,9
2003-05,math.NT,39
2003-05,math.OA,15
2003-05,math.OC,5
2003-05,math.PR,31
2003-05,math.QA,39
2003-05,math.RA,6
2003-05,math.RT,21
2003-05,math.SG,6
2003-05,math.SP,2
2003-05,math.ST,3
2003-05,nlin.AO,2
2003-05,nlin.CD,36
2003-05,nlin.CG,2
2003-05,nlin.PS,7
2003-05,nlin.SI,12
2003-05,nucl-ex,37
2003-05,nucl-th,103
2003-05,physics.acc-ph,9
2003-05,physics.ao-ph,2
2003-05,physics.atm-clus,2
2003-05,physics.atom-ph,9
2003-05,physics.bio-ph,4
2003-05,physics.chem-ph,5
2003-05,physics.class-ph,9
2003-05,physics.comp-ph,8
2003-05,physics.data-an,5
2003-05,physics.ed-ph,3
2003-05,physics.flu-dyn,7
2003-05,physics.gen-ph,21
2003-05,physics.geo-ph,8
2003-05,physics.hist-ph,2
2003-05,physics.ins-det,11
2003-05,physics.optics,27
2003-05,physics.plasm-ph,7
2003-05,physics.soc-ph,2
2003-05,physics.space-ph,2
2003-05,quant-ph,194
2003-06,astro-ph,623
2003-06,cond-mat,76
2003-06,cond-mat.dis-nn,46
2003-06,cond-mat.mes-hall,98
2003-06,cond-mat.mtrl-sci,76
2003-06,cond-mat.other,2
2003-06,cond-mat.soft,89
2003-06,cond-mat.stat-mech,144
2003-06,cond-mat.str-el,107
2003-06,cond-mat.supr-con,107
2003-06,cs.AI,4
2003-06,cs.CC,3
2003-06,cs.CE,2
2003-06,cs.CG,1
2003-06,cs.CL,7
2003-06,cs.CR,4
2003-06,cs.DB,13
2003-06,cs.DC,39
2003-06,cs.DM,1
2003-06,cs.DS,8
2003-06,cs.GL,1
2003-06,cs.GR,3
2003-06,cs.GT,2
2003-06,cs.HC,1
2003-06,cs.IR,3
2003-06,cs.LG,2
2003-06,cs.LO,8
2003-06,cs.MA,1
2003-06,cs.MM,1
2003-06,cs.MS,1
2003-06,cs.NE,1
2003-06,cs.NI,1
2003-06,cs.OH,3
2003-06,cs.PF,1
2003-06,cs.SE,15
2003-06,gr-qc,129
2003-06,hep-ex,59
2003-06,hep-lat,38
2003-06,hep-ph,309
2003-06,hep-th,297
2003-06,math-ph,78
2003-06,math.AC,8
2003-06,math.AG,58
2003-06,math.AP,20
2003-06,math.AT,20
2003-06,math.CA,16
2003-06,math.CO,34
2003-06,math.CT,9
2003-06,math.CV,9
2003-06,math.DG,38
2003-06,math.DS,23
2003-06,math.FA,7
2003-06,math.GM,8
2003-06,math.GN,1
2003-06,math.GR,15
2003-06,math.GT,40
2003-06,math.HO,3
2003-06,math.KT,7
2003-06,math.LO,1
2003-06,math.MG,6
2003-06,math.NA,6
2003-06,math.NT,20
2003-06,math.OA,9
2003-06,math.OC,6
2003-06,math.PR,20
2003-06,math.QA,22
2003-06,math.RA,8
2003-06,math.RT,6
2003-06,math.SG,4
2003-06,math.SP,2
2003-06,math.ST,1
2003-06,nlin.AO,7
2003-06,nlin.CD,20
2003-06,nlin.CG,4
2003-06,nlin.PS,12
2003-06,nlin.SI,19
2003-06,nucl-ex,34
2003-06,nucl-th,87
2003-06,physics.acc-ph,10
2003-06,physics.ao-ph,4
2003-06,physics.atm-clus,4
2003-06,physics.atom-ph,17
2003-06,physics.bio-ph,16
2003-06,physics.chem-ph,7
2003-06,physics.class-ph,9
2003-06,physics.comp-ph,35
2003-06,physics.data-an,26
2003-06,physics.ed-ph,4
2003-06,physics.flu-dyn,8
2003-06,physics.gen-ph,14
2003-06,physics.geo-ph,1
2003-06,physics.hist-ph,1
2003-06,physics.ins-det,17
2003-06,physics.med-ph,2
2003-06,physics.optics,10
2003-06,physics.plasm-ph,7
2003-06,physics.space-ph,1
2003-06,quant-ph,205
2003-07,astro-ph,568
2003-07,cond-mat,62
2003-07,cond-mat.dis-nn,39
2003-07,cond-mat.mes-hall,116
2003-07,cond-mat.mtrl-sci,104
2003-07,cond-mat.other,3
2003-07,cond-mat.soft,77
2003-07,cond-mat.stat-mech,170
2003-07,cond-mat.str-el,103
2003-07,cond-mat.supr-con,92
2003-07,cs.AI,14
2003-07,cs.AR,1
2003-07,cs.CC,2
2003-07,cs.CE,5
2003-07,cs.CG,4
2003-07,cs.CL,3
2003-07,cs.CR,3
2003-07,cs.CV,6
2003-07,cs.CY,1
2003-07,cs.DB,3
2003-07,cs.DC,7
2003-07,cs.DL,2
2003-07,cs.DS,3
2003-07,cs.GR,1
2003-07,cs.GT,5
2003-07,cs.IR,1
2003-07,cs.LG,1
2003-07,cs.LO,1
2003-07,cs.MS,1
2003-07,cs.NE,1
2003-07,cs.NI,3
2003-07,cs.OH,1
2003-07,cs.PF,1
2003-07,cs.PL,1
2003-07,cs.RO,1
2003-07,gr-qc,121
2003-07,hep-ex,89
2003-07,hep-lat,32
2003-07,hep-ph,395
2003-07,hep-th,303
2003-07,math-ph,66
2003-07,math.AC,15
2003-07,math.AG,48
2003-07,math.AP,23
2003-07,math.AT,11
2003-07,math.CA,15
2003-07,math.CO,33
2003-07,math.CT,1
2003-07,math.CV,4
2003-07,math.DG,39
2003-07,math.DS,20
2003-07,math.FA,12
2003-07,math.GM,10
2003-07,math.GN,2
2003-07,math.GR,8
2003-07,math.GT,29
2003-07,math.KT,2
2003-07,math.LO,5
2003-07,math.MG,5
2003-07,math.NA,3
2003-07,math.NT,21
2003-07,math.OA,6
2003-07,math.OC,5
2003-07,math.PR,16
2003-07,math.QA,27
2003-07,math.RA,15
2003-07,math.RT,17
2003-07,math.SG,12
2003-07,math.SP,3
2003-07,nlin.AO,5
2003-07,nlin.CD,28
2003-07,nlin.CG,3
2003-07,nlin.PS,13
2003-07,nlin.SI,10
2003-07,nucl-ex,26
2003-07,nucl-th,117
2003-07,physics.acc-ph,8
2003-07,physics.ao-ph,2
2003-07,physics.atm-clus,2
2003-07,physics.atom-ph,19
2003-07,physics.bio-ph,21
2003-07,physics.chem-ph,7
2003-07,physics.class-ph,5
2003-07,physics.comp-ph,6
2003-07,physics.data-an,7
2003-07,physics.ed-ph,6
2003-07,physics.flu-dyn,5
2003-07,physics.gen-ph,16
2003-07,physics.geo-ph,5
2003-07,physics.hist-ph,3
2003-07,physics.ins-det,9
2003-07,physics.med-ph,3
2003-07,physics.optics,26
2003-07,physics.plasm-ph,6
2003-07,physics.soc-ph,2
2003-07,quant-ph,243
2003-08,astro-ph,558
2003-08,cond-mat,68
2003-08,cond-mat.dis-nn,36
2003-08,cond-mat.mes-hall,93
2003-08,cond-mat.mtrl-sci,78
2003-08,cond-mat.other,5
2003-08,cond-mat.soft,70
2003-08,cond-mat.stat-mech,109
2003-08,cond-mat.str-el,100
2003-08,cond-mat.supr-con,89
2003-08,cs.AI,1
2003-08,cs.CC,3
2003-08,cs.CE,1
2003-08,cs.CL,7
2003-08,cs.CR,3
2003-08,cs.CV,5
2003-08,cs.CY,2
2003-08,cs.DB,2
2003-08,cs.DC,3
2003-08,cs.DS,5
2003-08,cs.ET,1
2003-08,cs.HC,1
2003-08,cs.IR,1
2003-08,cs.LG,1
2003-08,cs.LO,2
2003-08,cs.MA,1
2003-08,cs.NE,2
2003-08,cs.NI,1
2003-08,cs.PL,1
2003-08,cs.SE,1
2003-08,gr-qc,93
2003-08,hep-ex,78
2003-08,hep-lat,39
2003-08,hep-ph,326
2003-08,hep-th,214
2003-08,math-ph,46
2003-08,math.AC,9
2003-08,math.AG,41
2003-08,math.AP,10
2003-08,math.AT,9
2003-08,math.CA,11
2003-08,math.CO,12
2003-08,math.CV,1
2003-08,math.DG,31
2003-08,math.DS,9
2003-08,math.FA,12
2003-08,math.GM,6
2003-08,math.GN,3
2003-08,math.GR,7
2003-08,math.GT,19
2003-08,math.HO,3
2003-08,math.KT,3
2003-08,math.LO,3
2003-08,math.MG,8
2003-08,math.NA,1
2003-08,math.NT,19
2003-08,math.OA,19
2003-08,math.OC,2
2003-08,math.PR,22
2003-08,math.QA,23
2003-08,math.RA,5
2003-08,math.RT,8
2003-08,math.SG,12
2003-08,math.ST,1
2003-08,nlin.AO,1
2003-08,nlin.CD,16
2003-08,nlin.PS,12
2003-08,nlin.SI,4
2003-08,nucl-ex,32
2003-08,nucl-th,89
2003-08,physics.acc-ph,2
2003-08,physics.ao-ph,4
2003-08,physics.atm-clus,3
2003-08,physics.atom-ph,16
2003-08,physics.bio-ph,9
2003-08,physics.chem-ph,3
2003-08,physics.class-ph,9
2003-08,physics.comp-ph,6
2003-08,physics.data-an,9
2003-08,physics.ed-ph,3
2003-08,physics.flu-dyn,7
2003-08,physics.gen-ph,11
2003-08,physics.geo-ph,4
2003-08,physics.hist-ph,1
2003-08,physics.ins-det,9
2003-08,physics.med-ph,2
2003-08,physics.optics,18
2003-08,physics.plasm-ph,4
2003-08,physics.pop-ph,1
2003-08,physics.soc-ph,1
2003-08,physics.space-ph,4
2003-08,quant-ph,183
2003-09,astro-ph,832
2003-09,cond-mat,119
2003-09,cond-mat.dis-nn,31
2003-09,cond-mat.mes-hall,83
2003-09,cond-mat.mtrl-sci,69
2003-09,cond-mat.other,4
2003-09,cond-mat.soft,75
2003-09,cond-mat.stat-mech,128
2003-09,cond-mat.str-el,108
2003-09,cond-mat.supr-con,86
2003-09,cs.AI,5
2003-09,cs.CC,3
2003-09,cs.CG,1
2003-09,cs.CL,4
2003-09,cs.CR,2
2003-09,cs.CY,1
2003-09,cs.DB,1
2003-09,cs.DC,5
2003-09,cs.DL,1
2003-09,cs.DM,1
2003-09,cs.DS,3
2003-09,cs.GT,1
2003-09,cs.IR,1
2003-09,cs.LG,1
2003-09,cs.LO,4
2003-09,cs.NE,3
2003-09,cs.NI,2
2003-09,cs.OS,1
2003-09,cs.PL,3
2003-09,cs.SC,2
2003-09,cs.SE,8
2003-09,gr-qc,133
2003-09,hep-ex,77
2003-09,hep-lat,189
2003-09,hep-ph,344
2003-09,hep-th,266
2003-09,math-ph,66
2003-09,math.AC,7
2003-09,math.AG,60
2003-09,math.AP,16
2003-09,math.AT,13
2003-09,math.CA,20
2003-09,math.CO,37
2003-09,math.CT,6
2003-09,math.CV,16
2003-09,math.DG,28
2003-09,math.DS,18
2003-09,math.FA,11
2003-09,math.GM,11
2003-09,math.GN,2
2003-09,math.GR,14
2003-09,math.GT,26
2003-09,math.HO,1
2003-09,math.KT,2
2003-09,math.LO,3
2003-09,math.MG,5
2003-09,math.NA,7
2003-09,math.NT,25
2003-09,math.OA,32
2003-09,math.OC,6
2003-09,math.PR,23
2003-09,math.QA,35
2003-09,math.RA,5
2003-09,math.RT,22
2003-09,math.SG,14
2003-09,math.SP,5
2003-09,math.ST,1
2003-09,nlin.AO,6
2003-09,nlin.CD,26
2003-09,nlin.CG,2
2003-09,nlin.PS,27
2003-09,nlin.SI,16
2003-09,nucl-ex,22
2003-09,nucl-th,84
2003-09,physics.acc-ph,3
2003-09,physics.ao-ph,2
2003-09,physics.atm-clus,6
2003-09,physics.atom-ph,21
2003-09,physics.bio-ph,4
2003-09,physics.chem-ph,2
2003-09,physics.class-ph,8
2003-09,physics.comp-ph,4
2003-09,physics.data-an,4
2003-09,physics.ed-ph,2
2003-09,physics.flu-dyn,4
2003-09,physics.gen-ph,16
2003-09,physics.hist-ph,5
2003-09,physics.ins-det,4
2003-09,physics.med-ph,1
2003-09,physics.optics,20
2003-09,physics.plasm-ph,8
2003-09,physics.soc-ph,1
2003-09,q-bio.BM,6
2003-09,q-bio.CB,1
2003-09,q-bio.GN,1
2003-09,q-bio.MN,4
2003-09,q-bio.NC,1
2003-09,q-bio.OT,1
2003-09,q-bio.PE,1
2003-09,q-bio.QM,6
2003-09,q-bio.SC,1
2003-09,quant-ph,210
2003-10,astro-ph,910
2003-10,cond-mat,86
2003-10,cond-mat.dis-nn,46
2003-10,cond-mat.mes-hall,114
2003-10,cond-mat.mtrl-sci,97
2003-10,cond-mat.other,3
2003-10,cond-mat.soft,76
2003-10,cond-mat.stat-mech,162
2003-10,cond-mat.str-el,114
2003-10,cond-mat.supr-con,84
2003-10,cs.AI,8
2003-10,cs.AR,1
2003-10,cs.CC,2
2003-10,cs.CE,2
2003-10,cs.CG,4
2003-10,cs.CL,3
2003-10,cs.CR,3
2003-10,cs.CY,1
2003-10,cs.DB,5
2003-10,cs.DC,5
2003-10,cs.DS,7
2003-10,cs.GR,1
2003-10,cs.GT,1
2003-10,cs.HC,2
2003-10,cs.LO,3
2003-10,cs.MS,1
2003-10,cs.NE,2
2003-10,cs.PL,1
2003-10,cs.SC,2
2003-10,cs.SE,10
2003-10,gr-qc,136
2003-10,hep-ex,63
2003-10,hep-lat,65
2003-10,hep-ph,365
2003-10,hep-th,299
2003-10,math-ph,69
2003-10,math.AC,12
2003-10,math.AG,74
2003-10,math.AP,17
2003-10,math.AT,9
2003-10,math.CA,21
2003-10,math.CO,45
2003-10,math.CT,4
2003-10,math.CV,13
2003-10,math.DG,57
2003-10,math.DS,16
2003-10,math.FA,20
2003-10,math.GM,3
2003-10,math.GN,1
2003-10,math.GR,14
2003-10,math.GT,31
2003-10,math.HO,4
2003-10,math.KT,4
2003-10,math.LO,3
2003-10,math.MG,2
2003-10,math.NA,3
2003-10,math.NT,31
2003-10,math.OA,19
2003-10,math.OC,7
2003-10,math.PR,28
2003-10,math.QA,17
2003-10,math.RA,10
2003-10,math.RT,10
2003-10,math.SG,18
2003-10,math.SP,4
2003-10,math.ST,2
2003-10,nlin.AO,5
2003-10,nlin.CD,14
2003-10,nlin.CG,2
2003-10,nlin.PS,14
2003-10,nlin.SI,15
2003-10,nucl-ex,34
2003-10,nucl-th,91
2003-10,physics.acc-ph,7
2003-10,physics.ao-ph,11
2003-10,physics.atm-clus,5
2003-10,physics.atom-ph,19
2003-10,physics.bio-ph,12
2003-10,physics.chem-ph,12
2003-10,physics.class-ph,10
2003-10,physics.comp-ph,3
2003-10,physics.data-an,7
2003-10,physics.ed-ph,8
2003-10,physics.flu-dyn,7
2003-10,physics.gen-ph,13
2003-10,physics.geo-ph,1
2003-10,physics.hist-ph,2
2003-10,physics.ins-det,13
2003-10,physics.med-ph,2
2003-10,physics.optics,22
2003-10,physics.plasm-ph,7
2003-10,physics.pop-ph,1
2003-10,physics.soc-ph,3
2003-10,physics.space-ph,1
2003-10,q-bio.BM,6
2003-10,q-bio.CB,4
2003-10,q-bio.GN,4
2003-10,q-bio.MN,6
2003-10,q-bio.NC,6
2003-10,q-bio.OT,1
2003-10,q-bio.PE,9
2003-10,q-bio.QM,3
2003-10,q-bio.TO,1
2003-10,quant-ph,194
2003-11,astro-ph,645
2003-11,cond-mat,60
2003-11,cond-mat.dis-nn,32
2003-11,cond-mat.mes-hall,107
2003-11,cond-mat.mtrl-sci,80
2003-11,cond-mat.other,3
2003-11,cond-mat.soft,65
2003-11,cond-mat.stat-mech,140
2003-11,cond-mat.str-el,107
2003-11,cond-mat.supr-con,73
2003-11,cs.AI,10
2003-11,cs.CE,1
2003-11,cs.CL,2
2003-11,cs.CR,3
2003-11,cs.CV,1
2003-11,cs.CY,2
2003-11,cs.DB,2
2003-11,cs.DC,6
2003-11,cs.DS,2
2003-11,cs.GR,1
2003-11,cs.HC,1
2003-11,cs.IR,2
2003-11,cs.LG,3
2003-11,cs.LO,5
2003-11,cs.NE,1
2003-11,cs.NI,4
2003-11,cs.PL,7
2003-11,cs.RO,1
2003-11,cs.SC,1
2003-11,cs.SE,1
2003-11,gr-qc,98
2003-11,hep-ex,65
2003-11,hep-lat,43
2003-11,hep-ph,379
2003-11,hep-th,281
2003-11,math-ph,61
2003-11,math.AC,10
2003-11,math.AG,61
2003-11,math.AP,18
2003-11,math.AT,10
2003-11,math.CA,19
2003-11,math.CO,38
2003-11,math.CT,1
2003-11,math.CV,16
2003-11,math.DG,65
2003-11,math.DS,20
2003-11,math.FA,14
2003-11,math.GM,7
2003-11,math.GN,3
2003-11,math.GR,16
2003-11,math.GT,37
2003-11,math.HO,3
2003-11,math.KT,5
2003-11,math.LO,10
2003-11,math.MG,7
2003-11,math.NA,4
2003-11,math.NT,47
2003-11,math.OA,20
2003-11,math.OC,6
2003-11,math.PR,16
2003-11,math.QA,47
2003-11,math.RA,12
2003-11,math.RT,26
2003-11,math.SG,7
2003-11,math.SP,10
2003-11,nlin.AO,4
2003-11,nlin.CD,25
2003-11,nlin.PS,13
2003-11,nlin.SI,18
2003-11,nucl-ex,24
2003-11,nucl-th,109
2003-11,physics.acc-ph,5
2003-11,physics.ao-ph,4
2003-11,physics.atm-clus,6
2003-11,physics.atom-ph,13
2003-11,physics.bio-ph,2
2003-11,physics.chem-ph,11
2003-11,physics.class-ph,13
2003-11,physics.comp-ph,2
2003-11,physics.data-an,6
2003-11,physics.ed-ph,3
2003-11,physics.flu-dyn,7
2003-11,physics.gen-ph,10
2003-11,physics.geo-ph,4
2003-11,physics.hist-ph,4
2003-11,physics.ins-det,11
2003-11,physics.med-ph,3
2003-11,physics.optics,27
2003-11,physics.plasm-ph,7
2003-11,physics.pop-ph,1
2003-11,physics.space-ph,1
2003-11,q-bio.BM,10
2003-11,q-bio.CB,1
2003-11,q-bio.GN,3
2003-11,q-bio.MN,5
2003-11,q-bio.NC,8
2003-11,q-bio.OT,1
2003-11,q-bio.PE,5
2003-11,q-bio.QM,9
2003-11,quant-ph,205
2003-12,astro-ph,641
2003-12,cond-mat,58
2003-12,cond-mat.dis-nn,34
2003-12,cond-mat.mes-hall,103
2003-12,cond-mat.mtrl-sci,74
2003-12,cond-mat.other,8
2003-12,cond-mat.soft,68
2003-12,cond-mat.stat-mech,160
2003-12,cond-mat.str-el,115
2003-12,cond-mat.supr-con,95
2003-12,cs.AI,8
2003-12,cs.CC,3
2003-12,cs.CG,1
2003-12,cs.CL,6
2003-12,cs.CR,3
2003-12,cs.CV,1
2003-12,cs.CY,2
2003-12,cs.DB,4
2003-12,cs.DC,3
2003-12,cs.DL,1
2003-12,cs.DS,2
2003-12,cs.GR,1
2003-12,cs.GT,1
2003-12,cs.HC,3
2003-12,cs.IR,2
2003-12,cs.LO,11
2003-12,cs.NE,2
2003-12,cs.PL,3
2003-12,gr-qc,121
2003-12,hep-ex,61
2003-12,hep-lat,44
2003-12,hep-ph,384
2003-12,hep-th,323
2003-12,math-ph,68
2003-12,math.AC,10
2003-12,math.AG,63
2003-12,math.AP,18
2003-12,math.AT,14
2003-12,math.CA,27
2003-12,math.CO,41
2003-12,math.CT,3
2003-12,math.CV,8
2003-12,math.DG,29
2003-12,math.DS,23
2003-12,math.FA,19
2003-12,math.GM,10
2003-12,math.GN,7
2003-12,math.GR,16
2003-12,math.GT,23
2003-12,math.HO,4
2003-12,math.KT,4
2003-12,math.LO,4
2003-12,math.MG,8
2003-12,math.NA,3
2003-12,math.NT,32
2003-12,math.OA,24
2003-12,math.OC,6
2003-12,math.PR,27
2003-12,math.QA,23
2003-12,math.RA,9
2003-12,math.RT,29
2003-12,math.SG,15
2003-12,math.SP,13
2003-12,math.ST,1
2003-12,nlin.AO,4
2003-12,nlin.CD,36
2003-12,nlin.CG,1
2003-12,nlin.PS,15
2003-12,nlin.SI,14
2003-12,nucl-ex,22
2003-12,nucl-th,128
2003-12,physics.acc-ph,5
2003-12,physics.ao-ph,7
2003-12,physics.atm-clus,4
2003-12,physics.atom-ph,23
2003-12,physics.bio-ph,2
2003-12,physics.chem-ph,3
2003-12,physics.class-ph,15
2003-12,physics.comp-ph,11
2003-12,physics.data-an,11
2003-12,physics.flu-dyn,13
2003-12,physics.gen-ph,9
2003-12,physics.geo-ph,2
2003-12,physics.ins-det,13
2003-12,physics.med-ph,2
2003-12,physics.optics,17
2003-12,physics.plasm-ph,12
2003-12,physics.pop-ph,1
2003-12,physics.soc-ph,1
2003-12,q-bio.BM,15
2003-12,q-bio.GN,6
2003-12,q-bio.MN,6
2003-12,q-bio.NC,6
2003-12,q-bio.OT,2
2003-12,q-bio.PE,6
2003-12,q-bio.QM,2
2003-12,q-bio.SC,3
2003-12,q-bio.TO,1
2003-12,quant-ph,225
2004-01,astro-ph,651
2004-01,cond-mat,25
2004-01,cond-mat.dis-nn,46
2004-01,cond-mat.mes-hall,101
2004-01,cond-mat.mtrl-sci,70
2004-01,cond-mat.other,27
2004-01,cond-mat.soft,58
2004-01,cond-mat.stat-mech,154
2004-01,cond-mat.str-el,102
2004-01,cond-mat.supr-con,83
2004-01,cs.AI,1
2004-01,cs.CR,2
2004-01,cs.CV,3
2004-01,cs.DB,2
2004-01,cs.DC,2
2004-01,cs.DL,3
2004-01,cs.DS,2
2004-01,cs.GR,1
2004-01,cs.HC,2
2004-01,cs.LG,1
2004-01,cs.LO,1
2004-01,cs.MA,2
2004-01,cs.MS,1
2004-01,cs.NE,1
2004-01,cs.NI,1
2004-01,cs.OH,2
2004-01,cs.PL,3
2004-01,cs.SC,1
2004-01,gr-qc,129
2004-01,hep-ex,43
2004-01,hep-lat,33
2004-01,hep-ph,255
2004-01,hep-th,244
2004-01,math-ph,58
2004-01,math.AC,6
2004-01,math.AG,45
2004-01,math.AP,24
2004-01,math.AT,17
2004-01,math.CA,13
2004-01,math.CO,38
2004-01,math.CT,1
2004-01,math.CV,14
2004-01,math.DG,38
2004-01,math.DS,13
2004-01,math.FA,14
2004-01,math.GM,5
2004-01,math.GN,1
2004-01,math.GR,20
2004-01,math.GT,29
2004-01,math.HO,1
2004-01,math.KT,6
2004-01,math.LO,5
2004-01,math.MG,6
2004-01,math.NA,5
2004-01,math.NT,36
2004-01,math.OA,12
2004-01,math.OC,4
2004-01,math.PR,30
2004-01,math.QA,21
2004-01,math.RA,8
2004-01,math.RT,26
2004-01,math.SG,9
2004-01,math.SP,3
2004-01,nlin.AO,4
2004-01,nlin.CD,23
2004-01,nlin.PS,10
2004-01,nlin.SI,9
2004-01,nucl-ex,41
2004-01,nucl-th,64
2004-01,physics.acc-ph,13
2004-01,physics.ao-ph,9
2004-01,physics.atm-clus,1
2004-01,physics.atom-ph,19
2004-01,physics.bio-ph,5
2004-01,physics.chem-ph,10
2004-01,physics.class-ph,9
2004-01,physics.comp-ph,6
2004-01,physics.data-an,8
2004-01,physics.ed-ph,7
2004-01,physics.flu-dyn,8
2004-01,physics.gen-ph,19
2004-01,physics.geo-ph,4
2004-01,physics.hist-ph,2
2004-01,physics.ins-det,10
2004-01,physics.med-ph,3
2004-01,physics.optics,16
2004-01,physics.plasm-ph,11
2004-01,physics.pop-ph,2
2004-01,physics.soc-ph,1
2004-01,physics.space-ph,5
2004-01,q-bio.BM,8
2004-01,q-bio.CB,2
2004-01,q-bio.GN,4
2004-01,q-bio.MN,6
2004-01,q-bio.NC,6
2004-01,q-bio.OT,1
2004-01,q-bio.PE,12
2004-01,q-bio.QM,3
2004-01,q-bio.SC,2
2004-01,quant-ph,188
2004-02,astro-ph,683
2004-02,cond-mat.dis-nn,60
2004-02,cond-mat.mes-hall,108
2004-02,cond-mat.mtrl-sci,76
2004-02,cond-mat.other,54
2004-02,cond-mat.soft,73
2004-02,cond-mat.stat-mech,142
2004-02,cond-mat.str-el,95
2004-02,cond-mat.supr-con,84
2004-02,cs.AI,6
2004-02,cs.CC,2
2004-02,cs.CL,1
2004-02,cs.CR,7
2004-02,cs.CV,2
2004-02,cs.DB,9
2004-02,cs.DC,4
2004-02,cs.DL,1
2004-02,cs.DS,4
2004-02,cs.GL,1
2004-02,cs.HC,1
2004-02,cs.IR,2
2004-02,cs.LO,7
2004-02,cs.NE,7
2004-02,cs.NI,2
2004-02,cs.PL,3
2004-02,cs.SE,2
2004-02,gr-qc,130
2004-02,hep-ex,41
2004-02,hep-lat,38
2004-02,hep-ph,299
2004-02,hep-th,242
2004-02,math-ph,76
2004-02,math.AC,12
2004-02,math.AG,51
2004-02,math.AP,21
2004-02,math.AT,9
2004-02,math.CA,12
2004-02,math.CO,36
2004-02,math.CT,2
2004-02,math.CV,15
2004-02,math.DG,66
2004-02,math.DS,16
2004-02,math.FA,9
2004-02,math.GM,8
2004-02,math.GN,6
2004-02,math.GR,16
2004-02,math.GT,31
2004-02,math.HO,3
2004-02,math.KT,3
2004-02,math.LO,1
2004-02,math.MG,7
2004-02,math.NA,4
2004-02,math.NT,27
2004-02,math.OA,12
2004-02,math.OC,8
2004-02,math.PR,22
2004-02,math.QA,36
2004-02,math.RA,9
2004-02,math.RT,19
2004-02,math.SG,7
2004-02,math.SP,6
2004-02,nlin.AO,8
2004-02,nlin.CD,21
2004-02,nlin.CG,2
2004-02,nlin.PS,10
2004-02,nlin.SI,14
2004-02,nucl-ex,24
2004-02,nucl-th,106
2004-02,physics.acc-ph,2
2004-02,physics.ao-ph,5
2004-02,physics.atm-clus,5
2004-02,physics.atom-ph,22
2004-02,physics.bio-ph,4
2004-02,physics.chem-ph,5
2004-02,physics.class-ph,9
2004-02,physics.comp-ph,6
2004-02,physics.data-an,10
2004-02,physics.ed-ph,6
2004-02,physics.flu-dyn,8
2004-02,physics.gen-ph,12
2004-02,physics.geo-ph,4
2004-02,physics.hist-ph,3
2004-02,physics.ins-det,10
2004-02,physics.med-ph,2
2004-02,physics.optics,16
2004-02,physics.plasm-ph,7
2004-02,physics.space-ph,2
2004-02,q-bio.BM,7
2004-02,q-bio.CB,1
2004-02,q-bio.GN,5
2004-02,q-bio.MN,4
2004-02,q-bio.NC,7
2004-02,q-bio.PE,16
2004-02,q-bio.QM,4
2004-02,q-bio.SC,2
2004-02,q-bio.TO,2
2004-02,quant-ph,219
2004-03,astro-ph,711
2004-03,cond-mat.dis-nn,55
2004-03,cond-mat.mes-hall,119
2004-03,cond-mat.mtrl-sci,103
2004-03,cond-mat.other,44
2004-03,cond-mat.soft,94
2004-03,cond-mat.stat-mech,134
2004-03,cond-mat.str-el,118
2004-03,cond-mat.supr-con,83
2004-03,cs.AI,5
2004-03,cs.CL,1
2004-03,cs.CR,2
2004-03,cs.DB,5
2004-03,cs.DC,1
2004-03,cs.DM,1
2004-03,cs.DS,3
2004-03,cs.GT,1
2004-03,cs.LG,2
2004-03,cs.LO,4
2004-03,cs.MA,1
2004-03,cs.NE,1
2004-03,cs.NI,6
2004-03,cs.OH,4
2004-03,cs.OS,2
2004-03,cs.PL,3
2004-03,cs.SC,1
2004-03,gr-qc,117
2004-03,hep-ex,54
2004-03,hep-lat,30
2004-03,hep-ph,299
2004-03,hep-th,288
2004-03,math-ph,62
2004-03,math.AC,13
2004-03,math.AG,65
2004-03,math.AP,14
2004-03,math.AT,12
2004-03,math.CA,25
2004-03,math.CO,43
2004-03,math.CT,6
2004-03,math.CV,12
2004-03,math.DG,44
2004-03,math.DS,21
2004-03,math.FA,18
2004-03,math.GM,7
2004-03,math.GN,4
2004-03,math.GR,19
2004-03,math.GT,33
2004-03,math.HO,1
2004-03,math.KT,4
2004-03,math.LO,2
2004-03,math.MG,7
2004-03,math.NA,6
2004-03,math.NT,36
2004-03,math.OA,11
2004-03,math.OC,4
2004-03,math.PR,37
2004-03,math.QA,36
2004-03,math.RA,13
2004-03,math.RT,23
2004-03,math.SG,14
2004-03,math.SP,10
2004-03,math.ST,1
2004-03,nlin.AO,7
2004-03,nlin.CD,20
2004-03,nlin.CG,1
2004-03,nlin.PS,14
2004-03,nlin.SI,18
2004-03,nucl-ex,61
2004-03,nucl-th,86
2004-03,physics.acc-ph,10
2004-03,physics.ao-ph,5
2004-03,physics.atm-clus,5
2004-03,physics.atom-ph,20
2004-03,physics.bio-ph,3
2004-03,physics.chem-ph,7
2004-03,physics.class-ph,7
2004-03,physics.comp-ph,3
2004-03,physics.data-an,10
2004-03,physics.ed-ph,2
2004-03,physics.flu-dyn,5
2004-03,physics.gen-ph,15
2004-03,physics.geo-ph,2
2004-03,physics.hist-ph,4
2004-03,physics.ins-det,12
2004-03,physics.med-ph,4
2004-03,physics.optics,17
2004-03,physics.plasm-ph,8
2004-03,physics.pop-ph,2
2004-03,physics.soc-ph,3
2004-03,physics.space-ph,1
2004-03,q-bio.BM,4
2004-03,q-bio.CB,1
2004-03,q-bio.GN,6
2004-03,q-bio.MN,5
2004-03,q-bio.NC,8
2004-03,q-bio.PE,15
2004-03,q-bio.QM,4
2004-03,quant-ph,228
2004-04,astro-ph,606
2004-04,cond-mat.dis-nn,38
2004-04,cond-mat.mes-hall,117
2004-04,cond-mat.mtrl-sci,107
2004-04,cond-mat.other,48
2004-04,cond-mat.soft,82
2004-04,cond-mat.stat-mech,125
2004-04,cond-mat.str-el,121
2004-04,cond-mat.supr-con,115
2004-04,cs.AI,4
2004-04,cs.CC,4
2004-04,cs.CL,7
2004-04,cs.CR,2
2004-04,cs.CV,1
2004-04,cs.CY,1
2004-04,cs.DB,1
2004-04,cs.DC,5
2004-04,cs.DM,1
2004-04,cs.DS,2
2004-04,cs.GL,2
2004-04,cs.GR,1
2004-04,cs.GT,2
2004-04,cs.LG,2
2004-04,cs.LO,4
2004-04,cs.NE,4
2004-04,cs.NI,1
2004-04,cs.PF,3
2004-04,cs.PL,5
2004-04,cs.RO,2
2004-04,cs.SC,1
2004-04,cs.SE,1
2004-04,gr-qc,129
2004-04,hep-ex,42
2004-04,hep-lat,21
2004-04,hep-ph,293
2004-04,hep-th,264
2004-04,math-ph,78
2004-04,math.AC,9
2004-04,math.AG,52
2004-04,math.AP,17
2004-04,math.AT,15
2004-04,math.CA,12
2004-04,math.CO,44
2004-04,math.CT,6
2004-04,math.CV,9
2004-04,math.DG,41
2004-04,math.DS,22
2004-04,math.FA,19
2004-04,math.GM,8
2004-04,math.GN,1
2004-04,math.GR,22
2004-04,math.GT,26
2004-04,math.HO,1
2004-04,math.KT,5
2004-04,math.LO,26
2004-04,math.MG,10
2004-04,math.NA,6
2004-04,math.NT,54
2004-04,math.OA,25
2004-04,math.OC,6
2004-04,math.PR,58
2004-04,math.QA,26
2004-04,math.RA,11
2004-04,math.RT,9
2004-04,math.SG,16
2004-04,math.SP,7
2004-04,nlin.AO,11
2004-04,nlin.CD,25
2004-04,nlin.CG,2
2004-04,nlin.PS,10
2004-04,nlin.SI,12
2004-04,nucl-ex,41
2004-04,nucl-th,94
2004-04,physics.acc-ph,9
2004-04,physics.ao-ph,2
2004-04,physics.atm-clus,2
2004-04,physics.atom-ph,20
2004-04,physics.bio-ph,4
2004-04,physics.chem-ph,13
2004-04,physics.class-ph,7
2004-04,physics.comp-ph,5
2004-04,physics.data-an,9
2004-04,physics.ed-ph,5
2004-04,physics.flu-dyn,11
2004-04,physics.gen-ph,16
2004-04,physics.geo-ph,4
2004-04,physics.ins-det,7
2004-04,physics.med-ph,2
2004-04,physics.optics,19
2004-04,physics.plasm-ph,7
2004-04,physics.pop-ph,1
2004-04,physics.soc-ph,2
2004-04,physics.space-ph,1
2004-04,q-bio.BM,11
2004-04,q-bio.CB,1
2004-04,q-bio.GN,4
2004-04,q-bio.MN,6
2004-04,q-bio.NC,4
2004-04,q-bio.PE,11
2004-04,q-bio.SC,2
2004-04,q-bio.TO,3
2004-04,quant-ph,181
2004-05,astro-ph,640
2004-05,cond-mat.dis-nn,42
2004-05,cond-mat.mes-hall,111
2004-05,cond-mat.mtrl-sci,104
2004-05,cond-mat.other,49
2004-05,cond-mat.soft,73
2004-05,cond-mat.stat-mech,124
2004-05,cond-mat.str-el,101
2004-05,cond-mat.supr-con,104
2004-05,cs.AI,34
2004-05,cs.AR,1
2004-05,cs.CC,3
2004-05,cs.CE,6
2004-05,cs.CG,3
2004-05,cs.CL,2
2004-05,cs.CR,6
2004-05,cs.CV,3
2004-05,cs.CY,2
2004-05,cs.DB,4
2004-05,cs.DC,6
2004-05,cs.DM,5
2004-05,cs.DS,4
2004-05,cs.GR,1
2004-05,cs.HC,4
2004-05,cs.IR,1
2004-05,cs.LG,2
2004-05,cs.LO,3
2004-05,cs.NE,4
2004-05,cs.NI,4
2004-05,cs.OH,1
2004-05,cs.PL,13
2004-05,cs.SC,1
2004-05,gr-qc,148
2004-05,hep-ex,82
2004-05,hep-lat,31
2004-05,hep-ph,310
2004-05,hep-th,287
2004-05,math-ph,67
2004-05,math.AC,14
2004-05,math.AG,56
2004-05,math.AP,18
2004-05,math.AT,6
2004-05,math.CA,15
2004-05,math.CO,40
2004-05,math.CT,1
2004-05,math.CV,12
2004-05,math.DG,57
2004-05,math.DS,27
2004-05,math.FA,11
2004-05,math.GM,7
2004-05,math.GN,3
2004-05,math.GR,23
2004-05,math.GT,49
2004-05,math.HO,3
2004-05,math.KT,4
2004-05,math.LO,16
2004-05,math.MG,7
2004-05,math.NA,6
2004-05,math.NT,48
2004-05,math.OA,22
2004-05,math.OC,12
2004-05,math.PR,65
2004-05,math.QA,26
2004-05,math.RA,12
2004-05,math.RT,18
2004-05,math.SG,16
2004-05,math.SP,5
2004-05,math.ST,5
2004-05,nlin.AO,6
2004-05,nlin.CD,33
2004-05,nlin.CG,1
2004-05,nlin.PS,11
2004-05,nlin.SI,18
2004-05,nucl-ex,36
2004-05,nucl-th,83
2004-05,physics.acc-ph,9
2004-05,physics.atm-clus,1
2004-05,physics.atom-ph,33
2004-05,physics.bio-ph,4
2004-05,physics.chem-ph,14
2004-05,physics.class-ph,10
2004-05,physics.comp-ph,7
2004-05,physics.data-an,4
2004-05,physics.ed-ph,4
2004-05,physics.flu-dyn,7
2004-05,physics.gen-ph,19
2004-05,physics.geo-ph,3
2004-05,physics.hist-ph,5
2004-05,physics.ins-det,4
2004-05,physics.optics,20
2004-05,physics.plasm-ph,12
2004-05,physics.soc-ph,1
2004-05,physics.space-ph,1
2004-05,q-bio.BM,8
2004-05,q-bio.CB,1
2004-05,q-bio.GN,1
2004-05,q-bio.MN,4
2004-05,q-bio.NC,2
2004-05,q-bio.PE,6
2004-05,q-bio.QM,4
2004-05,q-bio.SC,1
2004-05,q-bio.TO,1
2004-05,quant-ph,192
2004-06,astro-ph,686
2004-06,cond-mat.dis-nn,47
2004-06,cond-mat.mes-hall,122
2004-06,cond-mat.mtrl-sci,104
2004-06,cond-mat.other,71
2004-06,cond-mat.quant-gas,1
2004-06,cond-mat.soft,67
2004-06,cond-mat.stat-mech,133
2004-06,cond-mat.str-el,132
2004-06,cond-mat.supr-con,95
2004-06,cs.AI,3
2004-06,cs.CC,6
2004-06,cs.CE,2
2004-06,cs.CL,4
2004-06,cs.CR,4
2004-06,cs.CV,2
2004-06,cs.DB,4
2004-06,cs.DM,2
2004-06,cs.DS,9
2004-06,cs.GT,1
2004-06,cs.IR,1
2004-06,cs.IT,4
2004-06,cs.LG,1
2004-06,cs.LO,3
2004-06,cs.MS,1
2004-06,cs.NE,2
2004-06,cs.NI,3
2004-06,cs.OH,1
2004-06,cs.OS,1
2004-06,cs.PL,3
2004-06,cs.SC,1
2004-06,cs.SE,3
2004-06,gr-qc,123
2004-06,hep-ex,86
2004-06,hep-lat,41
2004-06,hep-ph,339
2004-06,hep-th,277
2004-06,math-ph,68
2004-06,math.AC,20
2004-06,math.AG,49
2004-06,math.AP,24
2004-06,math.AT,15
2004-06,math.CA,16
2004-06,math.CO,50
2004-06,math.CT,5
2004-06,math.CV,18
2004-06,math.DG,64
2004-06,math.DS,30
2004-06,math.FA,20
2004-06,math.GM,8
2004-06,math.GN,2
2004-06,math.GR,23
2004-06,math.GT,30
2004-06,math.HO,2
2004-06,math.KT,1
2004-06,math.LO,16
2004-06,math.MG,14
2004-06,math.NA,4
2004-06,math.NT,43
2004-06,math.OA,12
2004-06,math.OC,6
2004-06,math.PR,48
2004-06,math.QA,24
2004-06,math.RA,16
2004-06,math.RT,13
2004-06,math.SG,9
2004-06,math.SP,6
2004-06,math.ST,41
2004-06,nlin.AO,11
2004-06,nlin.CD,29
2004-06,nlin.PS,9
2004-06,nlin.SI,19
2004-06,nucl-ex,35
2004-06,nucl-th,82
2004-06,physics.acc-ph,8
2004-06,physics.ao-ph,3
2004-06,physics.atm-clus,3
2004-06,physics.atom-ph,24
2004-06,physics.bio-ph,3
2004-06,physics.chem-ph,17
2004-06,physics.class-ph,8
2004-06,physics.comp-ph,1
2004-06,physics.data-an,3
2004-06,physics.ed-ph,3
2004-06,physics.flu-dyn,7
2004-06,physics.gen-ph,19
2004-06,physics.geo-ph,2
2004-06,physics.hist-ph,5
2004-06,physics.ins-det,10
2004-06,physics.med-ph,8
2004-06,physics.optics,25
2004-06,physics.plasm-ph,5
2004-06,physics.pop-ph,2
2004-06,physics.soc-ph,3
2004-06,q-bio.BM,13
2004-06,q-bio.CB,2
2004-06,q-bio.MN,9
2004-06,q-bio.NC,3
2004-06,q-bio.OT,3
2004-06,q-bio.PE,10
2004-06,q-bio.QM,9
2004-06,q-bio.SC,2
2004-06,q-bio.TO,1
2004-06,quant-ph,239
2004-07,astro-ph,654
2004-07,cond-mat.dis-nn,57
2004-07,cond-mat.mes-hall,134
2004-07,cond-mat.mtrl-sci,139
2004-07,cond-mat.other,77
2004-07,cond-mat.soft,61
2004-07,cond-mat.stat-mech,126
2004-07,cond-mat.str-el,118
2004-07,cond-mat.supr-con,110
2004-07,cs.AI,8
2004-07,cs.AR,2
2004-07,cs.CC,2
2004-07,cs.CE,1
2004-07,cs.CG,3
2004-07,cs.CL,7
2004-07,cs.CV,1
2004-07,cs.DB,2
2004-07,cs.DC,6
2004-07,cs.DM,2
2004-07,cs.DS,4
2004-07,cs.IR,4
2004-07,cs.IT,4
2004-07,cs.LG,2
2004-07,cs.LO,7
2004-07,cs.MA,3
2004-07,cs.MS,1
2004-07,cs.NI,2
2004-07,cs.OH,1
2004-07,cs.PL,1
2004-07,cs.SC,2
2004-07,cs.SE,3
2004-07,gr-qc,120
2004-07,hep-ex,55
2004-07,hep-lat,42
2004-07,hep-ph,373
2004-07,hep-th,279
2004-07,math-ph,80
2004-07,math.AC,15
2004-07,math.AG,72
2004-07,math.AP,20
2004-07,math.AT,16
2004-07,math.CA,9
2004-07,math.CO,40
2004-07,math.CT,3
2004-07,math.CV,8
2004-07,math.DG,51
2004-07,math.DS,16
2004-07,math.FA,18
2004-07,math.GM,4
2004-07,math.GN,5
2004-07,math.GR,16
2004-07,math.GT,34
2004-07,math.HO,2
2004-07,math.KT,6
2004-07,math.LO,6
2004-07,math.MG,13
2004-07,math.NA,6
2004-07,math.NT,39
2004-07,math.OA,10
2004-07,math.OC,3
2004-07,math.PR,49
2004-07,math.QA,23
2004-07,math.RA,16
2004-07,math.RT,17
2004-07,math.SG,13
2004-07,math.SP,5
2004-07,math.ST,1
2004-07,nlin.AO,9
2004-07,nlin.CD,26
2004-07,nlin.PS,15
2004-07,nlin.SI,19
2004-07,nucl-ex,23
2004-07,nucl-th,120
2004-07,physics.acc-ph,14
2004-07,physics.ao-ph,9
2004-07,physics.atm-clus,6
2004-07,physics.atom-ph,26
2004-07,physics.bio-ph,4
2004-07,physics.chem-ph,12
2004-07,physics.class-ph,6
2004-07,physics.comp-ph,6
2004-07,physics.ed-ph,4
2004-07,physics.flu-dyn,10
2004-07,physics.gen-ph,11
2004-07,physics.geo-ph,6
2004-07,physics.hist-ph,2
2004-07,physics.ins-det,5
2004-07,physics.med-ph,1
2004-07,physics.optics,22
2004-07,physics.plasm-ph,9
2004-07,physics.pop-ph,1
2004-07,physics.soc-ph,2
2004-07,physics.space-ph,2
2004-07,q-bio.BM,10
2004-07,q-bio.CB,2
2004-07,q-bio.GN,3
2004-07,q-bio.MN,2
2004-07,q-bio.NC,4
2004-07,q-bio.OT,1
2004-07,q-bio.PE,11
2004-07,q-bio.QM,4
2004-07,q-bio.SC,3
2004-07,q-bio.TO,3
2004-07,quant-ph,265
2004-08,astro-ph,585
2004-08,cond-mat.dis-nn,44
2004-08,cond-mat.mes-hall,113
2004-08,cond-mat.mtrl-sci,102
2004-08,cond-mat.other,74
2004-08,cond-mat.soft,42
2004-08,cond-mat.stat-mech,117
2004-08,cond-mat.str-el,110
2004-08,cond-mat.supr-con,96
2004-08,cs.AI,7
2004-08,cs.CE,1
2004-08,cs.CL,9
2004-08,cs.CR,1
2004-08,cs.CV,1
2004-08,cs.CY,2
2004-08,cs.DB,3
2004-08,cs.DC,7
2004-08,cs.DL,1
2004-08,cs.DM,3
2004-08,cs.DS,2
2004-08,cs.GT,1
2004-08,cs.IR,1
2004-08,cs.IT,6
2004-08,cs.LG,2
2004-08,cs.LO,3
2004-08,cs.MS,1
2004-08,cs.NE,3
2004-08,cs.NI,5
2004-08,cs.PL,6
2004-08,gr-qc,100
2004-08,hep-ex,152
2004-08,hep-lat,48
2004-08,hep-ph,363
2004-08,hep-th,243
2004-08,math-ph,61
2004-08,math.AC,13
2004-08,math.AG,42
2004-08,math.AP,15
2004-08,math.AT,12
2004-08,math.CA,15
2004-08,math.CO,36
2004-08,math.CT,6
2004-08,math.CV,10
2004-08,math.DG,38
2004-08,math.DS,33
2004-08,math.FA,9
2004-08,math.GM,6
2004-08,math.GN,6
2004-08,math.GR,17
2004-08,math.GT,22
2004-08,math.HO,2
2004-08,math.KT,5
2004-08,math.LO,4
2004-08,math.MG,5
2004-08,math.NA,8
2004-08,math.NT,38
2004-08,math.OA,14
2004-08,math.OC,1
2004-08,math.PR,19
2004-08,math.QA,21
2004-08,math.RA,11
2004-08,math.RT,9
2004-08,math.SG,10
2004-08,math.SP,7
2004-08,math.ST,4
2004-08,nlin.AO,10
2004-08,nlin.CD,29
2004-08,nlin.CG,2
2004-08,nlin.PS,7
2004-08,nlin.SI,13
2004-08,nucl-ex,23
2004-08,nucl-th,71
2004-08,physics.acc-ph,6
2004-08,physics.ao-ph,4
2004-08,physics.atm-clus,5
2004-08,physics.atom-ph,23
2004-08,physics.bio-ph,6
2004-08,physics.chem-ph,6
2004-08,physics.class-ph,5
2004-08,physics.comp-ph,1
2004-08,physics.data-an,6
2004-08,physics.ed-ph,3
2004-08,physics.flu-dyn,10
2004-08,physics.gen-ph,13
2004-08,physics.geo-ph,3
2004-08,physics.hist-ph,3
2004-08,physics.ins-det,14
2004-08,physics.med-ph,1
2004-08,physics.optics,17
2004-08,physics.plasm-ph,7
2004-08,physics.pop-ph,1
2004-08,physics.soc-ph,2
2004-08,physics.space-ph,2
2004-08,q-bio.BM,8
2004-08,q-bio.CB,1
2004-08,q-bio.GN,2
2004-08,q-bio.MN,2
2004-08,q-bio.NC,2
2004-08,q-bio.PE,8
2004-08,q-bio.QM,3
2004-08,quant-ph,194
2004-09,astro-ph,770
2004-09,cond-mat.dis-nn,39
2004-09,cond-mat.mes-hall,107
2004-09,cond-mat.mtrl-sci,135
2004-09,cond-mat.other,81
2004-09,cond-mat.soft,53
2004-09,cond-mat.stat-mech,153
2004-09,cond-mat.str-el,116
2004-09,cond-mat.supr-con,99
2004-09,cs.AI,8
2004-09,cs.AR,1
2004-09,cs.CC,5
2004-09,cs.CL,2
2004-09,cs.CR,7
2004-09,cs.CV,1
2004-09,cs.CY,2
2004-09,cs.DB,1
2004-09,cs.DC,2
2004-09,cs.DM,3
2004-09,cs.DS,2
2004-09,cs.GT,2
2004-09,cs.HC,2
2004-09,cs.IT,5
2004-09,cs.LO,3
2004-09,cs.MM,1
2004-09,cs.NI,2
2004-09,cs.OH,1
2004-09,cs.OS,1
2004-09,cs.PL,3
2004-09,cs.SC,3
2004-09,gr-qc,123
2004-09,hep-ex,66
2004-09,hep-lat,167
2004-09,hep-ph,360
2004-09,hep-th,320
2004-09,math-ph,81
2004-09,math.AC,22
2004-09,math.AG,57
2004-09,math.AP,23
2004-09,math.AT,11
2004-09,math.CA,20
2004-09,math.CO,47
2004-09,math.CT,7
2004-09,math.CV,15
2004-09,math.DG,50
2004-09,math.DS,31
2004-09,math.FA,11
2004-09,math.GM,6
2004-09,math.GN,8
2004-09,math.GR,26
2004-09,math.GT,30
2004-09,math.HO,5
2004-09,math.KT,6
2004-09,math.LO,8
2004-09,math.MG,4
2004-09,math.NA,6
2004-09,math.NT,51
2004-09,math.OA,18
2004-09,math.OC,2
2004-09,math.PR,42
2004-09,math.QA,25
2004-09,math.RA,29
2004-09,math.RT,23
2004-09,math.SG,15
2004-09,math.SP,8
2004-09,math.ST,8
2004-09,nlin.AO,6
2004-09,nlin.CD,25
2004-09,nlin.CG,1
2004-09,nlin.PS,18
2004-09,nlin.SI,15
2004-09,nucl-ex,34
2004-09,nucl-th,79
2004-09,physics.acc-ph,2
2004-09,physics.ao-ph,6
2004-09,physics.atm-clus,1
2004-09,physics.atom-ph,22
2004-09,physics.bio-ph,3
2004-09,physics.chem-ph,3
2004-09,physics.class-ph,9
2004-09,physics.comp-ph,5
2004-09,physics.data-an,7
2004-09,physics.ed-ph,4
2004-09,physics.flu-dyn,14
2004-09,physics.gen-ph,16
2004-09,physics.geo-ph,6
2004-09,physics.hist-ph,2
2004-09,physics.ins-det,14
2004-09,physics.optics,21
2004-09,physics.plasm-ph,22
2004-09,physics.space-ph,2
2004-09,q-bio.BM,12
2004-09,q-bio.GN,4
2004-09,q-bio.MN,2
2004-09,q-bio.NC,3
2004-09,q-bio.OT,2
2004-09,q-bio.PE,6
2004-09,q-bio.QM,4
2004-09,q-bio.SC,2
2004-09,q-bio.TO,4
2004-09,quant-ph,220
2004-10,astro-ph,761
2004-10,cond-mat.dis-nn,44
2004-10,cond-mat.mes-hall,105
2004-10,cond-mat.mtrl-sci,114
2004-10,cond-mat.other,92
2004-10,cond-mat.soft,61
2004-10,cond-mat.stat-mech,160
2004-10,cond-mat.str-el,101
2004-10,cond-mat.supr-con,108
2004-10,cs.AI,5
2004-10,cs.CC,6
2004-10,cs.CE,1
2004-10,cs.CG,1
2004-10,cs.CL,4
2004-10,cs.CR,5
2004-10,cs.CV,2
2004-10,cs.DB,5
2004-10,cs.DC,8
2004-10,cs.DL,1
2004-10,cs.DM,2
2004-10,cs.DS,3
2004-10,cs.GL,1
2004-10,cs.GT,2
2004-10,cs.HC,1
2004-10,cs.IR,1
2004-10,cs.IT,7
2004-10,cs.LG,2
2004-10,cs.LO,8
2004-10,cs.MA,1
2004-10,cs.MM,1
2004-10,cs.MS,1
2004-10,cs.NE,1
2004-10,cs.OH,1
2004-10,cs.OS,1
2004-10,cs.PF,1
2004-10,cs.RO,1
2004-10,cs.SD,1
2004-10,gr-qc,153
2004-10,hep-ex,96
2004-10,hep-lat,53
2004-10,hep-ph,417
2004-10,hep-th,303
2004-10,math-ph,65
2004-10,math.AC,16
2004-10,math.AG,74
2004-10,math.AP,34
2004-10,math.AT,12
2004-10,math.CA,18
2004-10,math.CO,40
2004-10,math.CT,5
2004-10,math.CV,20
2004-10,math.DG,43
2004-10,math.DS,23
2004-10,math.FA,22
2004-10,math.GM,4
2004-10,math.GN,2
2004-10,math.GR,16
2004-10,math.GT,36
2004-10,math.HO,2
2004-10,math.KT,7
2004-10,math.LO,1
2004-10,math.MG,9
2004-10,math.NA,4
2004-10,math.NT,29
2004-10,math.OA,19
2004-10,math.OC,4
2004-10,math.PR,91
2004-10,math.QA,33
2004-10,math.RA,13
2004-10,math.RT,19
2004-10,math.SG,13
2004-10,math.SP,5
2004-10,math.ST,27
2004-10,nlin.AO,2
2004-10,nlin.CD,23
2004-10,nlin.CG,2
2004-10,nlin.PS,24
2004-10,nlin.SI,15
2004-10,nucl-ex,44
2004-10,nucl-th,120
2004-10,physics.acc-ph,6
2004-10,physics.ao-ph,4
2004-10,physics.atm-clus,5
2004-10,physics.atom-ph,22
2004-10,physics.bio-ph,5
2004-10,physics.chem-ph,12
2004-10,physics.class-ph,12
2004-10,physics.comp-ph,3
2004-10,physics.data-an,2
2004-10,physics.ed-ph,6
2004-10,physics.flu-dyn,9
2004-10,physics.gen-ph,12
2004-10,physics.geo-ph,7
2004-10,physics.hist-ph,1
2004-10,physics.ins-det,17
2004-10,physics.med-ph,4
2004-10,physics.optics,23
2004-10,physics.plasm-ph,133
2004-10,physics.pop-ph,1
2004-10,physics.space-ph,3
2004-10,q-bio.BM,8
2004-10,q-bio.GN,3
2004-10,q-bio.MN,10
2004-10,q-bio.NC,7
2004-10,q-bio.OT,1
2004-10,q-bio.PE,8
2004-10,q-bio.QM,2
2004-10,q-bio.TO,1
2004-10,quant-ph,250
2004-11,astro-ph,790
2004-11,cond-mat.dis-nn,47
2004-11,cond-mat.mes-hall,138
2004-11,cond-mat.mtrl-sci,112
2004-11,cond-mat.other,71
2004-11,cond-mat.soft,64
2004-11,cond-mat.stat-mech,118
2004-11,cond-mat.str-el,101
2004-11,cond-mat.supr-con,99
2004-11,cs.AI,5
2004-11,cs.AR,1
2004-11,cs.CC,4
2004-11,cs.CL,1
2004-11,cs.CR,8
2004-11,cs.CY,1
2004-11,cs.DB,1
2004-11,cs.DC,5
2004-11,cs.DL,4
2004-11,cs.DM,1
2004-11,cs.DS,3
2004-11,cs.GL,1
2004-11,cs.IR,1
2004-11,cs.IT,8
2004-11,cs.LG,1
2004-11,cs.LO,7
2004-11,cs.NE,1
2004-11,cs.NI,32
2004-11,cs.OS,1
2004-11,cs.PL,1
2004-11,cs.RO,7
2004-11,cs.SC,1
2004-11,cs.SE,1
2004-11,gr-qc,143
2004-11,hep-ex,90
2004-11,hep-lat,39
2004-11,hep-ph,398
2004-11,hep-th,274
2004-11,math-ph,83
2004-11,math.AC,24
2004-11,math.AG,78
2004-11,math.AP,29
2004-11,math.AT,16
2004-11,math.CA,18
2004-11,math.CO,48
2004-11,math.CT,7
2004-11,math.CV,15
2004-11,math.DG,57
2004-11,math.DS,20
2004-11,math.FA,12
2004-11,math.GM,1
2004-11,math.GR,34
2004-11,math.GT,46
2004-11,math.HO,6
2004-11,math.KT,2
2004-11,math.LO,5
2004-11,math.MG,7
2004-11,math.NA,8
2004-11,math.NT,46
2004-11,math.OA,27
2004-11,math.OC,9
2004-11,math.PR,33
2004-11,math.QA,33
2004-11,math.RA,15
2004-11,math.RT,24
2004-11,math.SG,12
2004-11,math.SP,6
2004-11,math.ST,12
2004-11,nlin.AO,6
2004-11,nlin.CD,27
2004-11,nlin.CG,1
2004-11,nlin.PS,20
2004-11,nlin.SI,13
2004-11,nucl-ex,57
2004-11,nucl-th,123
2004-11,physics.acc-ph,9
2004-11,physics.ao-ph,1
2004-11,physics.atm-clus,1
2004-11,physics.atom-ph,26
2004-11,physics.bio-ph,15
2004-11,physics.chem-ph,13
2004-11,physics.class-ph,13
2004-11,physics.comp-ph,13
2004-11,physics.data-an,9
2004-11,physics.ed-ph,7
2004-11,physics.flu-dyn,19
2004-11,physics.gen-ph,12
2004-11,physics.geo-ph,5
2004-11,physics.hist-ph,10
2004-11,physics.ins-det,17
2004-11,physics.med-ph,1
2004-11,physics.optics,29
2004-11,physics.plasm-ph,42
2004-11,physics.pop-ph,1
2004-11,physics.soc-ph,1
2004-11,physics.space-ph,4
2004-11,q-bio.BM,12
2004-11,q-bio.CB,3
2004-11,q-bio.GN,6
2004-11,q-bio.MN,6
2004-11,q-bio.NC,5
2004-11,q-bio.OT,2
2004-11,q-bio.PE,7
2004-11,q-bio.QM,7
2004-11,q-bio.SC,2
2004-11,q-bio.TO,1
2004-11,quant-ph,207
2004-12,astro-ph,705
2004-12,cond-mat.dis-nn,56
2004-12,cond-mat.mes-hall,107
2004-12,cond-mat.mtrl-sci,94
2004-12,cond-mat.other,82
2004-12,cond-mat.soft,70
2004-12,cond-mat.stat-mech,152
2004-12,cond-mat.str-el,128
2004-12,cond-mat.supr-con,87
2004-12,cs.AI,19
2004-12,cs.AR,2
2004-12,cs.CC,8
2004-12,cs.CE,6
2004-12,cs.CG,3
2004-12,cs.CL,7
2004-12,cs.CR,5
2004-12,cs.CV,1
2004-12,cs.CY,2
2004-12,cs.DB,2
2004-12,cs.DC,8
2004-12,cs.DL,2
2004-12,cs.DM,1
2004-12,cs.DS,7
2004-12,cs.GL,1
2004-12,cs.HC,1
2004-12,cs.IT,7
2004-12,cs.LG,1
2004-12,cs.LO,4
2004-12,cs.MA,2
2004-12,cs.MM,1
2004-12,cs.NE,4
2004-12,cs.NI,7
2004-12,cs.OH,2
2004-12,cs.PF,1
2004-12,cs.PL,3
2004-12,cs.RO,9
2004-12,cs.SC,2
2004-12,gr-qc,139
2004-12,hep-ex,78
2004-12,hep-lat,43
2004-12,hep-ph,428
2004-12,hep-th,337
2004-12,math-ph,98
2004-12,math.AC,13
2004-12,math.AG,57
2004-12,math.AP,27
2004-12,math.AT,14
2004-12,math.CA,13
2004-12,math.CO,30
2004-12,math.CT,4
2004-12,math.CV,14
2004-12,math.DG,43
2004-12,math.DS,26
2004-12,math.FA,22
2004-12,math.GM,7
2004-12,math.GN,9
2004-12,math.GR,20
2004-12,math.GT,39
2004-12,math.HO,3
2004-12,math.KT,6
2004-12,math.LO,3
2004-12,math.MG,11
2004-12,math.NA,5
2004-12,math.NT,48
2004-12,math.OA,15
2004-12,math.OC,11
2004-12,math.PR,48
2004-12,math.QA,25
2004-12,math.RA,11
2004-12,math.RT,17
2004-12,math.SG,12
2004-12,math.SP,7
2004-12,math.ST,8
2004-12,nlin.AO,2
2004-12,nlin.CD,29
2004-12,nlin.CG,1
2004-12,nlin.PS,14
2004-12,nlin.SI,29
2004-12,nucl-ex,55
2004-12,nucl-th,114
2004-12,physics.acc-ph,9
2004-12,physics.ao-ph,4
2004-12,physics.atm-clus,2
2004-12,physics.atom-ph,24
2004-12,physics.bio-ph,8
2004-12,physics.chem-ph,11
2004-12,physics.class-ph,6
2004-12,physics.comp-ph,6
2004-12,physics.data-an,8
2004-12,physics.ed-ph,4
2004-12,physics.flu-dyn,9
2004-12,physics.gen-ph,19
2004-12,physics.geo-ph,2
2004-12,physics.hist-ph,3
2004-12,physics.ins-det,20
2004-12,physics.med-ph,4
2004-12,physics.optics,26
2004-12,physics.plasm-ph,12
2004-12,physics.soc-ph,2
2004-12,physics.space-ph,4
2004-12,q-bio.BM,15
2004-12,q-bio.CB,2
2004-12,q-bio.GN,4
2004-12,q-bio.MN,8
2004-12,q-bio.NC,2
2004-12,q-bio.OT,1
2004-12,q-bio.PE,8
2004-12,q-bio.QM,5
2004-12,q-bio.SC,2
2004-12,q-bio.TO,2
2004-12,quant-ph,221
2005-01,astro-ph,683
2005-01,cond-mat.dis-nn,42
2005-01,cond-mat.mes-hall,105
2005-01,cond-mat.mtrl-sci,104
2005-01,cond-mat.other,72
2005-01,cond-mat.soft,73
2005-01,cond-mat.stat-mech,162
2005-01,cond-mat.str-el,121
2005-01,cond-mat.supr-con,88
2005-01,cs.AI,10
2005-01,cs.CC,5
2005-01,cs.CG,3
2005-01,cs.CL,1
2005-01,cs.CR,7
2005-01,cs.CY,2
2005-01,cs.DB,4
2005-01,cs.DC,2
2005-01,cs.DL,4
2005-01,cs.DS,1
2005-01,cs.IR,1
2005-01,cs.IT,29
2005-01,cs.LG,2
2005-01,cs.LO,10
2005-01,cs.MA,1
2005-01,cs.MM,2
2005-01,cs.NE,1
2005-01,cs.NI,2
2005-01,cs.PL,1
2005-01,cs.RO,1
2005-01,cs.SC,2
2005-01,cs.SE,3
2005-01,gr-qc,108
2005-01,hep-ex,75
2005-01,hep-lat,31
2005-01,hep-ph,297
2005-01,hep-th,257
2005-01,math-ph,75
2005-01,math.AC,18
2005-01,math.AG,52
2005-01,math.AP,21
2005-01,math.AT,12
2005-01,math.CA,15
2005-01,math.CO,44
2005-01,math.CT,4
2005-01,math.CV,10
2005-01,math.DG,52
2005-01,math.DS,24
2005-01,math.FA,23
2005-01,math.GM,34
2005-01,math.GN,10
2005-01,math.GR,17
2005-01,math.GT,30
2005-01,math.HO,3
2005-01,math.KT,2
2005-01,math.LO,5
2005-01,math.MG,3
2005-01,math.NA,7
2005-01,math.NT,27
2005-01,math.OA,16
2005-01,math.OC,5
2005-01,math.PR,49
2005-01,math.QA,25
2005-01,math.RA,12
2005-01,math.RT,15
2005-01,math.SG,10
2005-01,math.SP,5
2005-01,math.ST,11
2005-01,nlin.AO,1
2005-01,nlin.CD,26
2005-01,nlin.CG,2
2005-01,nlin.PS,15
2005-01,nlin.SI,9
2005-01,nucl-ex,33
2005-01,nucl-th,84
2005-01,physics.acc-ph,11
2005-01,physics.ao-ph,6
2005-01,physics.atm-clus,3
2005-01,physics.atom-ph,25
2005-01,physics.bio-ph,8
2005-01,physics.chem-ph,8
2005-01,physics.class-ph,10
2005-01,physics.comp-ph,5
2005-01,physics.data-an,7
2005-01,physics.ed-ph,3
2005-01,physics.flu-dyn,9
2005-01,physics.gen-ph,12
2005-01,physics.geo-ph,6
2005-01,physics.hist-ph,2
2005-01,physics.ins-det,9
2005-01,physics.med-ph,2
2005-01,physics.optics,15
2005-01,physics.plasm-ph,17
2005-01,physics.soc-ph,3
2005-01,physics.space-ph,4
2005-01,q-bio.BM,6
2005-01,q-bio.CB,1
2005-01,q-bio.GN,9
2005-01,q-bio.MN,4
2005-01,q-bio.NC,3
2005-01,q-bio.OT,1
2005-01,q-bio.PE,9
2005-01,q-bio.QM,2
2005-01,q-bio.SC,4
2005-01,quant-ph,186
2005-02,astro-ph,590
2005-02,cond-mat.dis-nn,38
2005-02,cond-mat.mes-hall,107
2005-02,cond-mat.mtrl-sci,87
2005-02,cond-mat.other,61
2005-02,cond-mat.soft,60
2005-02,cond-mat.stat-mech,117
2005-02,cond-mat.str-el,133
2005-02,cond-mat.supr-con,64
2005-02,cs.AI,6
2005-02,cs.CC,6
2005-02,cs.CE,1
2005-02,cs.CG,1
2005-02,cs.CR,7
2005-02,cs.CV,1
2005-02,cs.DB,3
2005-02,cs.DC,11
2005-02,cs.DL,2
2005-02,cs.DM,2
2005-02,cs.DS,7
2005-02,cs.IT,19
2005-02,cs.LG,6
2005-02,cs.LO,4
2005-02,cs.MA,2
2005-02,cs.NE,8
2005-02,cs.NI,2
2005-02,cs.OS,1
2005-02,cs.PF,1
2005-02,cs.SC,2
2005-02,cs.SE,1
2005-02,gr-qc,123
2005-02,hep-ex,46
2005-02,hep-lat,14
2005-02,hep-ph,255
2005-02,hep-th,242
2005-02,math-ph,54
2005-02,math.AC,17
2005-02,math.AG,71
2005-02,math.AP,26
2005-02,math.AT,22
2005-02,math.CA,16
2005-02,math.CO,27
2005-02,math.CT,3
2005-02,math.CV,17
2005-02,math.DG,45
2005-02,math.DS,24
2005-02,math.FA,18
2005-02,math.GM,7
2005-02,math.GN,7
2005-02,math.GR,25
2005-02,math.GT,36
2005-02,math.HO,5
2005-02,math.KT,4
2005-02,math.LO,7
2005-02,math.MG,7
2005-02,math.NA,11
2005-02,math.NT,47
2005-02,math.OA,16
2005-02,math.OC,7
2005-02,math.PR,30
2005-02,math.QA,19
2005-02,math.RA,12
2005-02,math.RT,26
2005-02,math.SG,11
2005-02,math.SP,12
2005-02,math.ST,12
2005-02,nlin.AO,6
2005-02,nlin.CD,28
2005-02,nlin.CG,2
2005-02,nlin.PS,14
2005-02,nlin.SI,14
2005-02,nucl-ex,23
2005-02,nucl-th,87
2005-02,physics.acc-ph,3
2005-02,physics.ao-ph,5
2005-02,physics.atm-clus,2
2005-02,physics.atom-ph,17
2005-02,physics.bio-ph,2
2005-02,physics.chem-ph,14
2005-02,physics.class-ph,8
2005-02,physics.comp-ph,6
2005-02,physics.data-an,5
2005-02,physics.ed-ph,4
2005-02,physics.flu-dyn,7
2005-02,physics.gen-ph,23
2005-02,physics.geo-ph,4
2005-02,physics.ins-det,14
2005-02,physics.med-ph,2
2005-02,physics.optics,18
2005-02,physics.plasm-ph,5
2005-02,physics.soc-ph,15
2005-02,q-bio.BM,9
2005-02,q-bio.CB,2
2005-02,q-bio.GN,2
2005-02,q-bio.MN,7
2005-02,q-bio.NC,8
2005-02,q-bio.PE,9
2005-02,q-bio.QM,3
2005-02,q-bio.SC,4
2005-02,q-bio.TO,3
2005-02,quant-ph,186
2005-03,astro-ph,715
2005-03,cond-mat.dis-nn,43
2005-03,cond-mat.mes-hall,120
2005-03,cond-mat.mtrl-sci,132
2005-03,cond-mat.other,82
2005-03,cond-mat.soft,59
2005-03,cond-mat.stat-mech,125
2005-03,cond-mat.str-el,135
2005-03,cond-mat.supr-con,80
2005-03,cs.AI,7
2005-03,cs.AR,1
2005-03,cs.CC,5
2005-03,cs.CE,2
2005-03,cs.CG,1
2005-03,cs.CL,2
2005-03,cs.CR,5
2005-03,cs.CV,4
2005-03,cs.DB,7
2005-03,cs.DC,3
2005-03,cs.DL,4
2005-03,cs.DM,3
2005-03,cs.DS,1
2005-03,cs.GR,1
2005-03,cs.GT,1
2005-03,cs.IR,3
2005-03,cs.IT,19
2005-03,cs.LG,2
2005-03,cs.LO,1
2005-03,cs.MS,1
2005-03,cs.NE,1
2005-03,cs.NI,5
2005-03,cs.OH,2
2005-03,cs.PL,3
2005-03,cs.SC,2
2005-03,cs.SE,6
2005-03,gr-qc,123
2005-03,hep-ex,54
2005-03,hep-lat,41
2005-03,hep-ph,297
2005-03,hep-th,249
2005-03,math-ph,75
2005-03,math.AC,13
2005-03,math.AG,71
2005-03,math.AP,38
2005-03,math.AT,11
2005-03,math.CA,15
2005-03,math.CO,50
2005-03,math.CT,3
2005-03,math.CV,18
2005-03,math.DG,50
2005-03,math.DS,39
2005-03,math.FA,18
2005-03,math.GM,15
2005-03,math.GN,7
2005-03,math.GR,17
2005-03,math.GT,27
2005-03,math.HO,2
2005-03,math.KT,4
2005-03,math.LO,1
2005-03,math.MG,7
2005-03,math.NA,8
2005-03,math.NT,49
2005-03,math.OA,16
2005-03,math.OC,12
2005-03,math.PR,138
2005-03,math.QA,32
2005-03,math.RA,16
2005-03,math.RT,26
2005-03,math.SG,14
2005-03,math.SP,9
2005-03,math.ST,27
2005-03,nlin.AO,2
2005-03,nlin.CD,40
2005-03,nlin.CG,1
2005-03,nlin.PS,15
2005-03,nlin.SI,15
2005-03,nucl-ex,23
2005-03,nucl-th,89
2005-03,physics.acc-ph,3
2005-03,physics.ao-ph,7
2005-03,physics.atm-clus,3
2005-03,physics.atom-ph,19
2005-03,physics.bio-ph,7
2005-03,physics.chem-ph,6
2005-03,physics.class-ph,9
2005-03,physics.comp-ph,6
2005-03,physics.data-an,9
2005-03,physics.ed-ph,17
2005-03,physics.flu-dyn,20
2005-03,physics.gen-ph,30
2005-03,physics.geo-ph,4
2005-03,physics.hist-ph,6
2005-03,physics.ins-det,19
2005-03,physics.optics,24
2005-03,physics.plasm-ph,11
2005-03,physics.pop-ph,4
2005-03,physics.soc-ph,42
2005-03,physics.space-ph,2
2005-03,q-bio.BM,13
2005-03,q-bio.CB,2
2005-03,q-bio.GN,1
2005-03,q-bio.MN,10
2005-03,q-bio.NC,1
2005-03,q-bio.OT,2
2005-03,q-bio.PE,6
2005-03,q-bio.QM,2
2005-03,q-bio.SC,1
2005-03,q-bio.TO,2
2005-03,quant-ph,243
2005-04,astro-ph,677
2005-04,cond-mat.dis-nn,42
2005-04,cond-mat.mes-hall,122
2005-04,cond-mat.mtrl-sci,149
2005-04,cond-mat.other,69
2005-04,cond-mat.soft,54
2005-04,cond-mat.stat-mech,134
2005-04,cond-mat.str-el,135
2005-04,cond-mat.supr-con,95
2005-04,cs.AI,12
2005-04,cs.CC,6
2005-04,cs.CE,1
2005-04,cs.CL,3
2005-04,cs.CR,10
2005-04,cs.CV,2
2005-04,cs.DB,1
2005-04,cs.DC,5
2005-04,cs.DL,1
2005-04,cs.DM,4
2005-04,cs.DS,5
2005-04,cs.GT,1
2005-04,cs.IR,2
2005-04,cs.IT,25
2005-04,cs.LG,2
2005-04,cs.LO,3
2005-04,cs.MM,1
2005-04,cs.NE,14
2005-04,cs.NI,8
2005-04,cs.OH,1
2005-04,cs.PL,2
2005-04,cs.RO,1
2005-04,cs.SC,1
2005-04,cs.SE,2
2005-04,gr-qc,151
2005-04,hep-ex,60
2005-04,hep-lat,23
2005-04,hep-ph,294
2005-04,hep-th,238
2005-04,math-ph,87
2005-04,math.AC,8
2005-04,math.AG,73
2005-04,math.AP,40
2005-04,math.AT,13
2005-04,math.CA,19
2005-04,math.CO,38
2005-04,math.CT,3
2005-04,math.CV,16
2005-04,math.DG,66
2005-04,math.DS,7
2005-04,math.FA,18
2005-04,math.GM,7
2005-04,math.GN,2
2005-04,math.GR,30
2005-04,math.GT,37
2005-04,math.HO,4
2005-04,math.KT,4
2005-04,math.LO,11
2005-04,math.MG,3
2005-04,math.NA,6
2005-04,math.NT,35
2005-04,math.OA,22
2005-04,math.OC,7
2005-04,math.PR,41
2005-04,math.QA,24
2005-04,math.RA,13
2005-04,math.RT,29
2005-04,math.SG,9
2005-04,math.SP,4
2005-04,math.ST,21
2005-04,nlin.AO,5
2005-04,nlin.CD,27
2005-04,nlin.CG,2
2005-04,nlin.PS,14
2005-04,nlin.SI,16
2005-04,nucl-ex,31
2005-04,nucl-th,89
2005-04,physics.acc-ph,3
2005-04,physics.ao-ph,3
2005-04,physics.atm-clus,1
2005-04,physics.atom-ph,22
2005-04,physics.bio-ph,16
2005-04,physics.chem-ph,11
2005-04,physics.class-ph,15
2005-04,physics.comp-ph,1
2005-04,physics.data-an,4
2005-04,physics.ed-ph,9
2005-04,physics.flu-dyn,9
2005-04,physics.gen-ph,23
2005-04,physics.geo-ph,2
2005-04,physics.hist-ph,4
2005-04,physics.ins-det,18
2005-04,physics.optics,31
2005-04,physics.plasm-ph,6
2005-04,physics.soc-ph,48
2005-04,physics.space-ph,1
2005-04,q-bio.BM,2
2005-04,q-bio.GN,4
2005-04,q-bio.MN,7
2005-04,q-bio.NC,2
2005-04,q-bio.PE,11
2005-04,q-bio.QM,5
2005-04,q-bio.SC,3
2005-04,q-bio.TO,1
2005-04,quant-ph,232
2005-05,astro-ph,626
2005-05,cond-mat.dis-nn,47
2005-05,cond-mat.mes-hall,105
2005-05,cond-mat.mtrl-sci,130
2005-05,cond-mat.other,91
2005-05,cond-mat.quant-gas,1
2005-05,cond-mat.soft,60
2005-05,cond-mat.stat-mech,128
2005-05,cond-mat.str-el,129
2005-05,cond-mat.supr-con,75
2005-05,cs.AI,4
2005-05,cs.AR,1
2005-05,cs.CC,3
2005-05,cs.CG,2
2005-05,cs.CR,4
2005-05,cs.CV,2
2005-05,cs.CY,1
2005-05,cs.DB,5
2005-05,cs.DC,1
2005-05,cs.DM,5
2005-05,cs.DS,7
2005-05,cs.GR,1
2005-05,cs.HC,2
2005-05,cs.IR,6
2005-05,cs.IT,10
2005-05,cs.LG,2
2005-05,cs.LO,12
2005-05,cs.MA,1
2005-05,cs.MS,1
2005-05,cs.NE,9
2005-05,cs.OH,1
2005-05,cs.PL,1
2005-05,cs.RO,1
2005-05,cs.SC,1
2005-05,cs.SE,1
2005-05,gr-qc,163
2005-05,hep-ex,101
2005-05,hep-lat,26
2005-05,hep-ph,262
2005-05,hep-th,273
2005-05,math-ph,83
2005-05,math.AC,17
2005-05,math.AG,91
2005-05,math.AP,28
2005-05,math.AT,11
2005-05,math.CA,22
2005-05,math.CO,48
2005-05,math.CT,1
2005-05,math.CV,17
2005-05,math.DG,64
2005-05,math.DS,30
2005-05,math.FA,20
2005-05,math.GM,9
2005-05,math.GN,2
2005-05,math.GR,18
2005-05,math.GT,38
2005-05,math.HO,5
2005-05,math.KT,5
2005-05,math.LO,5
2005-05,math.MG,7
2005-05,math.NA,9
2005-05,math.NT,34
2005-05,math.OA,23
2005-05,math.OC,4
2005-05,math.PR,78
2005-05,math.QA,10
2005-05,math.RA,19
2005-05,math.RT,23
2005-05,math.SG,13
2005-05,math.SP,10
2005-05,math.ST,29
2005-05,nlin.AO,7
2005-05,nlin.CD,21
2005-05,nlin.CG,1
2005-05,nlin.PS,9
2005-05,nlin.SI,22
2005-05,nucl-ex,26
2005-05,nucl-th,80
2005-05,physics.acc-ph,3
2005-05,physics.ao-ph,3
2005-05,physics.atm-clus,4
2005-05,physics.atom-ph,10
2005-05,physics.bio-ph,8
2005-05,physics.chem-ph,14
2005-05,physics.class-ph,5
2005-05,physics.comp-ph,9
2005-05,physics.data-an,4
2005-05,physics.ed-ph,10
2005-05,physics.flu-dyn,20
2005-05,physics.gen-ph,31
2005-05,physics.geo-ph,6
2005-05,physics.hist-ph,1
2005-05,physics.ins-det,5
2005-05,physics.med-ph,2
2005-05,physics.optics,31
2005-05,physics.plasm-ph,7
2005-05,physics.pop-ph,5
2005-05,physics.soc-ph,33
2005-05,q-bio.BM,13
2005-05,q-bio.CB,2
2005-05,q-bio.GN,4
2005-05,q-bio.MN,2
2005-05,q-bio.NC,10
2005-05,q-bio.OT,2
2005-05,q-bio.PE,14
2005-05,q-bio.QM,5
2005-05,q-bio.SC,2
2005-05,q-bio.TO,1
2005-05,quant-ph,229
2005-06,astro-ph,774
2005-06,cond-mat.dis-nn,52
2005-06,cond-mat.mes-hall,109
2005-06,cond-mat.mtrl-sci,112
2005-06,cond-mat.other,93
2005-06,cond-mat.soft,99
2005-06,cond-mat.stat-mech,123
2005-06,cond-mat.str-el,127
2005-06,cond-mat.supr-con,97
2005-06,cs.AI,4
2005-06,cs.CC,9
2005-06,cs.CE,3
2005-06,cs.CL,1
2005-06,cs.CR,7
2005-06,cs.CV,2
2005-06,cs.CY,1
2005-06,cs.DB,4
2005-06,cs.DC,3
2005-06,cs.DL,3
2005-06,cs.DS,1
2005-06,cs.GT,3
2005-06,cs.IR,3
2005-06,cs.IT,35
2005-06,cs.LG,6
2005-06,cs.LO,7
2005-06,cs.MA,1
2005-06,cs.MM,1
2005-06,cs.NE,1
2005-06,cs.NI,4
2005-06,cs.PL,3
2005-06,cs.SE,2
2005-06,gr-qc,137
2005-06,hep-ex,83
2005-06,hep-lat,36
2005-06,hep-ph,336
2005-06,hep-th,269
2005-06,math-ph,79
2005-06,math.AC,16
2005-06,math.AG,68
2005-06,math.AP,22
2005-06,math.AT,10
2005-06,math.CA,12
2005-06,math.CO,51
2005-06,math.CT,9
2005-06,math.CV,15
2005-06,math.DG,55
2005-06,math.DS,29
2005-06,math.FA,15
2005-06,math.GM,6
2005-06,math.GN,2
2005-06,math.GR,29
2005-06,math.GT,40
2005-06,math.HO,3
2005-06,math.KT,2
2005-06,math.LO,7
2005-06,math.MG,12
2005-06,math.NA,7
2005-06,math.NT,40
2005-06,math.OA,11
2005-06,math.OC,11
2005-06,math.PR,46
2005-06,math.QA,33
2005-06,math.RA,23
2005-06,math.RT,19
2005-06,math.SG,13
2005-06,math.SP,11
2005-06,math.ST,13
2005-06,nlin.AO,8
2005-06,nlin.CD,29
2005-06,nlin.CG,1
2005-06,nlin.PS,14
2005-06,nlin.SI,13
2005-06,nucl-ex,30
2005-06,nucl-th,88
2005-06,physics.acc-ph,2
2005-06,physics.ao-ph,3
2005-06,physics.atm-clus,2
2005-06,physics.atom-ph,23
2005-06,physics.bio-ph,4
2005-06,physics.chem-ph,10
2005-06,physics.class-ph,24
2005-06,physics.comp-ph,11
2005-06,physics.data-an,4
2005-06,physics.ed-ph,5
2005-06,physics.flu-dyn,9
2005-06,physics.gen-ph,32
2005-06,physics.geo-ph,4
2005-06,physics.hist-ph,2
2005-06,physics.ins-det,16
2005-06,physics.med-ph,2
2005-06,physics.optics,31
2005-06,physics.plasm-ph,9
2005-06,physics.pop-ph,2
2005-06,physics.soc-ph,35
2005-06,physics.space-ph,1
2005-06,q-bio.BM,10
2005-06,q-bio.CB,4
2005-06,q-bio.GN,4
2005-06,q-bio.MN,2
2005-06,q-bio.NC,3
2005-06,q-bio.OT,1
2005-06,q-bio.PE,10
2005-06,q-bio.QM,3
2005-06,q-bio.SC,2
2005-06,q-bio.TO,4
2005-06,quant-ph,271
2005-07,astro-ph,727
2005-07,cond-mat.dis-nn,50
2005-07,cond-mat.mes-hall,103
2005-07,cond-mat.mtrl-sci,100
2005-07,cond-mat.other,71
2005-07,cond-mat.soft,70
2005-07,cond-mat.stat-mech,140
2005-07,cond-mat.str-el,130
2005-07,cond-mat.supr-con,90
2005-07,cs.AI,4
2005-07,cs.CC,5
2005-07,cs.CE,2
2005-07,cs.CG,5
2005-07,cs.CL,1
2005-07,cs.CR,3
2005-07,cs.CV,1
2005-07,cs.DB,2
2005-07,cs.DC,4
2005-07,cs.DL,1
2005-07,cs.DM,2
2005-07,cs.DS,2
2005-07,cs.GR,2
2005-07,cs.GT,2
2005-07,cs.HC,1
2005-07,cs.IR,3
2005-07,cs.IT,13
2005-07,cs.LG,6
2005-07,cs.LO,7
2005-07,cs.NI,4
2005-07,cs.OH,1
2005-07,cs.PF,1
2005-07,cs.PL,3
2005-07,cs.SE,1
2005-07,gr-qc,143
2005-07,hep-ex,111
2005-07,hep-lat,38
2005-07,hep-ph,345
2005-07,hep-th,294
2005-07,math-ph,75
2005-07,math.AC,10
2005-07,math.AG,83
2005-07,math.AP,23
2005-07,math.AT,15
2005-07,math.CA,14
2005-07,math.CO,57
2005-07,math.CT,3
2005-07,math.CV,25
2005-07,math.DG,36
2005-07,math.DS,24
2005-07,math.FA,22
2005-07,math.GM,12
2005-07,math.GN,4
2005-07,math.GR,26
2005-07,math.GT,28
2005-07,math.HO,7
2005-07,math.KT,8
2005-07,math.LO,4
2005-07,math.MG,4
2005-07,math.NA,4
2005-07,math.NT,38
2005-07,math.OA,14
2005-07,math.OC,7
2005-07,math.PR,54
2005-07,math.QA,27
2005-07,math.RA,16
2005-07,math.RT,27
2005-07,math.SG,9
2005-07,math.SP,6
2005-07,math.ST,27
2005-07,nlin.AO,5
2005-07,nlin.CD,29
2005-07,nlin.CG,1
2005-07,nlin.PS,16
2005-07,nlin.SI,19
2005-07,nucl-ex,33
2005-07,nucl-th,79
2005-07,physics.acc-ph,6
2005-07,physics.ao-ph,1
2005-07,physics.atm-clus,5
2005-07,physics.atom-ph,18
2005-07,physics.bio-ph,7
2005-07,physics.chem-ph,5
2005-07,physics.class-ph,15
2005-07,physics.comp-ph,1
2005-07,physics.data-an,6
2005-07,physics.ed-ph,11
2005-07,physics.flu-dyn,11
2005-07,physics.gen-ph,25
2005-07,physics.geo-ph,6
2005-07,physics.hist-ph,3
2005-07,physics.ins-det,21
2005-07,physics.med-ph,7
2005-07,physics.optics,20
2005-07,physics.plasm-ph,8
2005-07,physics.pop-ph,1
2005-07,physics.soc-ph,39
2005-07,physics.space-ph,1
2005-07,q-bio.BM,6
2005-07,q-bio.CB,5
2005-07,q-bio.GN,6
2005-07,q-bio.MN,4
2005-07,q-bio.NC,5
2005-07,q-bio.OT,1
2005-07,q-bio.PE,10
2005-07,q-bio.QM,6
2005-07,q-bio.SC,2
2005-07,q-bio.TO,2
2005-07,quant-ph,285
2005-08,astro-ph,681
2005-08,cond-mat.dis-nn,45
2005-08,cond-mat.mes-hall,123
2005-08,cond-mat.mtrl-sci,128
2005-08,cond-mat.other,77
2005-08,cond-mat.soft,64
2005-08,cond-mat.stat-mech,112
2005-08,cond-mat.str-el,108
2005-08,cond-mat.supr-con,102
2005-08,cs.AI,3
2005-08,cs.AR,2
2005-08,cs.CC,3
2005-08,cs.CE,3
2005-08,cs.CL,1
2005-08,cs.CR,7
2005-08,cs.CV,1
2005-08,cs.CY,2
2005-08,cs.DB,1
2005-08,cs.DC,1
2005-08,cs.DL,3
2005-08,cs.DM,2
2005-08,cs.DS,9
2005-08,cs.GT,2
2005-08,cs.HC,2
2005-08,cs.IR,2
2005-08,cs.IT,58
2005-08,cs.LG,3
2005-08,cs.LO,7
2005-08,cs.MM,1
2005-08,cs.NE,1
2005-08,cs.NI,7
2005-08,cs.OH,1
2005-08,cs.PF,1
2005-08,cs.PL,5
2005-08,cs.SC,1
2005-08,cs.SE,4
2005-08,gr-qc,124
2005-08,hep-ex,58
2005-08,hep-lat,36
2005-08,hep-ph,308
2005-08,hep-th,247
2005-08,math-ph,66
2005-08,math.AC,22
2005-08,math.AG,48
2005-08,math.AP,30
2005-08,math.AT,16
2005-08,math.CA,16
2005-08,math.CO,51
2005-08,math.CT,3
2005-08,math.CV,14
2005-08,math.DG,47
2005-08,math.DS,19
2005-08,math.FA,24
2005-08,math.GM,7
2005-08,math.GN,2
2005-08,math.GR,20
2005-08,math.GT,29
2005-08,math.HO,4
2005-08,math.KT,5
2005-08,math.LO,6
2005-08,math.MG,10
2005-08,math.NA,13
2005-08,math.NT,43
2005-08,math.OA,15
2005-08,math.OC,2
2005-08,math.PR,55
2005-08,math.QA,24
2005-08,math.RA,14
2005-08,math.RT,18
2005-08,math.SG,11
2005-08,math.SP,9
2005-08,math.ST,52
2005-08,nlin.AO,1
2005-08,nlin.CD,16
2005-08,nlin.CG,1
2005-08,nlin.PS,11
2005-08,nlin.SI,7
2005-08,nucl-ex,36
2005-08,nucl-th,65
2005-08,physics.acc-ph,6
2005-08,physics.ao-ph,2
2005-08,physics.atm-clus,2
2005-08,physics.atom-ph,26
2005-08,physics.bio-ph,7
2005-08,physics.chem-ph,11
2005-08,physics.class-ph,12
2005-08,physics.comp-ph,3
2005-08,physics.data-an,12
2005-08,physics.ed-ph,16
2005-08,physics.flu-dyn,13
2005-08,physics.gen-ph,20
2005-08,physics.geo-ph,6
2005-08,physics.hist-ph,13
2005-08,physics.ins-det,13
2005-08,physics.med-ph,1
2005-08,physics.optics,20
2005-08,physics.plasm-ph,6
2005-08,physics.pop-ph,4
2005-08,physics.soc-ph,41
2005-08,physics.space-ph,1
2005-08,q-bio.BM,11
2005-08,q-bio.CB,1
2005-08,q-bio.GN,4
2005-08,q-bio.MN,3
2005-08,q-bio.NC,7
2005-08,q-bio.OT,1
2005-08,q-bio.PE,15
2005-08,q-bio.QM,2
2005-08,quant-ph,234
2005-09,astro-ph,921
2005-09,cond-mat.dis-nn,37
2005-09,cond-mat.mes-hall,116
2005-09,cond-mat.mtrl-sci,114
2005-09,cond-mat.other,75
2005-09,cond-mat.soft,70
2005-09,cond-mat.stat-mech,172
2005-09,cond-mat.str-el,145
2005-09,cond-mat.supr-con,82
2005-09,cs.AI,6
2005-09,cs.CC,3
2005-09,cs.CE,4
2005-09,cs.CG,2
2005-09,cs.CL,1
2005-09,cs.CR,6
2005-09,cs.CV,4
2005-09,cs.DB,1
2005-09,cs.DC,1
2005-09,cs.DL,4
2005-09,cs.DM,7
2005-09,cs.DS,6
2005-09,cs.GT,2
2005-09,cs.IR,3
2005-09,cs.IT,33
2005-09,cs.LG,1
2005-09,cs.LO,2
2005-09,cs.MA,3
2005-09,cs.MM,1
2005-09,cs.NI,3
2005-09,cs.PL,2
2005-09,cs.SC,1
2005-09,cs.SE,1
2005-09,gr-qc,126
2005-09,hep-ex,45
2005-09,hep-lat,202
2005-09,hep-ph,369
2005-09,hep-th,236
2005-09,math-ph,79
2005-09,math.AC,18
2005-09,math.AG,77
2005-09,math.AP,40
2005-09,math.AT,15
2005-09,math.CA,14
2005-09,math.CO,54
2005-09,math.CT,8
2005-09,math.CV,16
2005-09,math.DG,48
2005-09,math.DS,25
2005-09,math.FA,29
2005-09,math.GM,6
2005-09,math.GN,6
2005-09,math.GR,24
2005-09,math.GT,47
2005-09,math.HO,3
2005-09,math.KT,12
2005-09,math.LO,16
2005-09,math.MG,3
2005-09,math.NA,7
2005-09,math.NT,48
2005-09,math.OA,30
2005-09,math.OC,16
2005-09,math.PR,65
2005-09,math.QA,25
2005-09,math.RA,22
2005-09,math.RT,23
2005-09,math.SG,9
2005-09,math.SP,10
2005-09,math.ST,16
2005-09,nlin.AO,6
2005-09,nlin.CD,23
2005-09,nlin.PS,11
2005-09,nlin.SI,15
2005-09,nucl-ex,43
2005-09,nucl-th,106
2005-09,physics.acc-ph,6
2005-09,physics.ao-ph,5
2005-09,physics.atm-clus,2
2005-09,physics.atom-ph,32
2005-09,physics.bio-ph,9
2005-09,physics.chem-ph,15
2005-09,physics.class-ph,16
2005-09,physics.comp-ph,5
2005-09,physics.data-an,8
2005-09,physics.ed-ph,4
2005-09,physics.flu-dyn,17
2005-09,physics.gen-ph,29
2005-09,physics.geo-ph,9
2005-09,physics.hist-ph,1
2005-09,physics.ins-det,12
2005-09,physics.med-ph,2
2005-09,physics.optics,36
2005-09,physics.plasm-ph,12
2005-09,physics.pop-ph,2
2005-09,physics.soc-ph,39
2005-09,physics.space-ph,3
2005-09,q-bio.BM,8
2005-09,q-bio.CB,2
2005-09,q-bio.GN,4
2005-09,q-bio.MN,7
2005-09,q-bio.NC,2
2005-09,q-bio.PE,18
2005-09,q-bio.QM,2
2005-09,quant-ph,222
2005-10,astro-ph,861
2005-10,cond-mat.dis-nn,52
2005-10,cond-mat.mes-hall,128
2005-10,cond-mat.mtrl-sci,124
2005-10,cond-mat.other,67
2005-10,cond-mat.soft,79
2005-10,cond-mat.stat-mech,149
2005-10,cond-mat.str-el,136
2005-10,cond-mat.supr-con,104
2005-10,cs.AI,9
2005-10,cs.AR,1
2005-10,cs.CE,2
2005-10,cs.CG,5
2005-10,cs.CL,1
2005-10,cs.CR,6
2005-10,cs.CV,3
2005-10,cs.DB,1
2005-10,cs.DC,3
2005-10,cs.DM,1
2005-10,cs.DS,3
2005-10,cs.GR,1
2005-10,cs.GT,1
2005-10,cs.HC,1
2005-10,cs.IR,4
2005-10,cs.IT,32
2005-10,cs.LG,1
2005-10,cs.LO,8
2005-10,cs.MA,1
2005-10,cs.NI,5
2005-10,cs.PL,1
2005-10,cs.RO,1
2005-10,cs.SC,4
2005-10,gr-qc,130
2005-10,hep-ex,82
2005-10,hep-lat,111
2005-10,hep-ph,424
2005-10,hep-th,271
2005-10,math-ph,98
2005-10,math.AC,15
2005-10,math.AG,59
2005-10,math.AP,39
2005-10,math.AT,14
2005-10,math.CA,18
2005-10,math.CO,43
2005-10,math.CT,6
2005-10,math.CV,12
2005-10,math.DG,55
2005-10,math.DS,27
2005-10,math.FA,28
2005-10,math.GM,13
2005-10,math.GN,5
2005-10,math.GR,40
2005-10,math.GT,45
2005-10,math.HO,1
2005-10,math.KT,6
2005-10,math.LO,10
2005-10,math.MG,5
2005-10,math.NA,6
2005-10,math.NT,43
2005-10,math.OA,21
2005-10,math.OC,8
2005-10,math.PR,63
2005-10,math.QA,29
2005-10,math.RA,11
2005-10,math.RT,28
2005-10,math.SG,8
2005-10,math.SP,10
2005-10,math.ST,11
2005-10,nlin.AO,3
2005-10,nlin.CD,39
2005-10,nlin.CG,2
2005-10,nlin.PS,12
2005-10,nlin.SI,21
2005-10,nucl-ex,83
2005-10,nucl-th,97
2005-10,physics.acc-ph,3
2005-10,physics.ao-ph,4
2005-10,physics.atm-clus,10
2005-10,physics.atom-ph,37
2005-10,physics.bio-ph,13
2005-10,physics.chem-ph,9
2005-10,physics.class-ph,14
2005-10,physics.comp-ph,9
2005-10,physics.data-an,8
2005-10,physics.ed-ph,8
2005-10,physics.flu-dyn,9
2005-10,physics.gen-ph,24
2005-10,physics.geo-ph,11
2005-10,physics.hist-ph,6
2005-10,physics.ins-det,23
2005-10,physics.med-ph,4
2005-10,physics.optics,31
2005-10,physics.plasm-ph,19
2005-10,physics.pop-ph,3
2005-10,physics.soc-ph,34
2005-10,q-bio.BM,9
2005-10,q-bio.CB,1
2005-10,q-bio.GN,6
2005-10,q-bio.MN,8
2005-10,q-bio.NC,9
2005-10,q-bio.PE,12
2005-10,q-bio.QM,6
2005-10,q-bio.SC,1
2005-10,q-bio.TO,2
2005-10,quant-ph,235
2005-11,astro-ph,839
2005-11,cond-mat.dis-nn,49
2005-11,cond-mat.mes-hall,109
2005-11,cond-mat.mtrl-sci,122
2005-11,cond-mat.other,68
2005-11,cond-mat.soft,67
2005-11,cond-mat.stat-mech,130
2005-11,cond-mat.str-el,132
2005-11,cond-mat.supr-con,77
2005-11,cs.AI,7
2005-11,cs.CC,5
2005-11,cs.CE,1
2005-11,cs.CG,1
2005-11,cs.CL,2
2005-11,cs.CR,3
2005-11,cs.CV,1
2005-11,cs.CY,2
2005-11,cs.DB,1
2005-11,cs.DC,2
2005-11,cs.DL,1
2005-11,cs.DM,2
2005-11,cs.DS,6
2005-11,cs.GR,1
2005-11,cs.GT,2
2005-11,cs.IR,1
2005-11,cs.IT,32
2005-11,cs.LG,6
2005-11,cs.LO,9
2005-11,cs.NE,2
2005-11,cs.NI,10
2005-11,cs.OS,1
2005-11,cs.PF,1
2005-11,cs.PL,2
2005-11,cs.RO,3
2005-11,cs.SC,2
2005-11,cs.SE,1
2005-11,gr-qc,168
2005-11,hep-ex,62
2005-11,hep-lat,61
2005-11,hep-ph,352
2005-11,hep-th,309
2005-11,math-ph,93
2005-11,math.AC,11
2005-11,math.AG,78
2005-11,math.AP,42
2005-11,math.AT,15
2005-11,math.CA,18
2005-11,math.CO,56
2005-11,math.CT,5
2005-11,math.CV,28
2005-11,math.DG,58
2005-11,math.DS,34
2005-11,math.FA,30
2005-11,math.GM,7
2005-11,math.GN,3
2005-11,math.GR,31
2005-11,math.GT,21
2005-11,math.HO,2
2005-11,math.KT,8
2005-11,math.LO,6
2005-11,math.MG,8
2005-11,math.NA,3
2005-11,math.NT,55
2005-11,math.OA,20
2005-11,math.OC,4
2005-11,math.PR,68
2005-11,math.QA,43
2005-11,math.RA,24
2005-11,math.RT,27
2005-11,math.SG,11
2005-11,math.SP,14
2005-11,math.ST,19
2005-11,nlin.AO,9
2005-11,nlin.CD,24
2005-11,nlin.CG,1
2005-11,nlin.PS,14
2005-11,nlin.SI,24
2005-11,nucl-ex,56
2005-11,nucl-th,90
2005-11,physics.acc-ph,7
2005-11,physics.ao-ph,3
2005-11,physics.atm-clus,7
2005-11,physics.atom-ph,20
2005-11,physics.bio-ph,7
2005-11,physics.chem-ph,19
2005-11,physics.class-ph,25
2005-11,physics.comp-ph,5
2005-11,physics.data-an,14
2005-11,physics.ed-ph,5
2005-11,physics.flu-dyn,14
2005-11,physics.gen-ph,26
2005-11,physics.geo-ph,3
2005-11,physics.hist-ph,2
2005-11,physics.ins-det,18
2005-11,physics.med-ph,2
2005-11,physics.optics,28
2005-11,physics.plasm-ph,13
2005-11,physics.pop-ph,6
2005-11,physics.soc-ph,28
2005-11,physics.space-ph,2
2005-11,q-bio.BM,8
2005-11,q-bio.CB,2
2005-11,q-bio.GN,3
2005-11,q-bio.MN,4
2005-11,q-bio.NC,2
2005-11,q-bio.OT,3
2005-11,q-bio.PE,15
2005-11,q-bio.QM,6
2005-11,q-bio.SC,4
2005-11,q-bio.TO,5
2005-11,quant-ph,277
2005-12,astro-ph,661
2005-12,cond-mat.dis-nn,44
2005-12,cond-mat.mes-hall,139
2005-12,cond-mat.mtrl-sci,99
2005-12,cond-mat.other,65
2005-12,cond-mat.soft,65
2005-12,cond-mat.stat-mech,123
2005-12,cond-mat.str-el,128
2005-12,cond-mat.supr-con,69
2005-12,cs.AI,5
2005-12,cs.AR,1
2005-12,cs.CC,5
2005-12,cs.CG,2
2005-12,cs.CL,1
2005-12,cs.CR,4
2005-12,cs.CV,1
2005-12,cs.DC,3
2005-12,cs.DL,1
2005-12,cs.DM,5
2005-12,cs.DS,8
2005-12,cs.GR,1
2005-12,cs.GT,2
2005-12,cs.IR,3
2005-12,cs.IT,26
2005-12,cs.LG,2
2005-12,cs.LO,8
2005-12,cs.MA,2
2005-12,cs.MS,2
2005-12,cs.NE,5
2005-12,cs.NI,8
2005-12,cs.OH,2
2005-12,cs.PL,6
2005-12,cs.SC,1
2005-12,gr-qc,168
2005-12,hep-ex,79
2005-12,hep-lat,46
2005-12,hep-ph,380
2005-12,hep-th,360
2005-12,math-ph,99
2005-12,math.AC,14
2005-12,math.AG,71
2005-12,math.AP,25
2005-12,math.AT,10
2005-12,math.CA,33
2005-12,math.CO,57
2005-12,math.CT,6
2005-12,math.CV,19
2005-12,math.DG,41
2005-12,math.DS,16
2005-12,math.FA,25
2005-12,math.GM,5
2005-12,math.GN,6
2005-12,math.GR,20
2005-12,math.GT,36
2005-12,math.HO,2
2005-12,math.KT,3
2005-12,math.LO,8
2005-12,math.MG,6
2005-12,math.NA,6
2005-12,math.NT,49
2005-12,math.OA,19
2005-12,math.OC,5
2005-12,math.PR,73
2005-12,math.QA,33
2005-12,math.RA,34
2005-12,math.RT,29
2005-12,math.SG,5
2005-12,math.SP,6
2005-12,math.ST,10
2005-12,nlin.AO,8
2005-12,nlin.CD,18
2005-12,nlin.CG,1
2005-12,nlin.PS,15
2005-12,nlin.SI,35
2005-12,nucl-ex,45
2005-12,nucl-th,109
2005-12,physics.acc-ph,3
2005-12,physics.ao-ph,8
2005-12,physics.atm-clus,6
2005-12,physics.atom-ph,38
2005-12,physics.bio-ph,12
2005-12,physics.chem-ph,10
2005-12,physics.class-ph,14
2005-12,physics.comp-ph,9
2005-12,physics.data-an,12
2005-12,physics.ed-ph,5
2005-12,physics.flu-dyn,17
2005-12,physics.gen-ph,30
2005-12,physics.geo-ph,11
2005-12,physics.hist-ph,7
2005-12,physics.ins-det,23
2005-12,physics.med-ph,2
2005-12,physics.optics,27
2005-12,physics.plasm-ph,12
2005-12,physics.pop-ph,4
2005-12,physics.soc-ph,25
2005-12,physics.space-ph,1
2005-12,q-bio.BM,8
2005-12,q-bio.CB,2
2005-12,q-bio.GN,3
2005-12,q-bio.MN,3
2005-12,q-bio.NC,5
2005-12,q-bio.OT,3
2005-12,q-bio.PE,12
2005-12,q-bio.QM,5
2005-12,q-bio.SC,5
2005-12,q-bio.TO,2
2005-12,quant-ph,264
2006-01,astro-ph,714
2006-01,cond-mat.dis-nn,32
2006-01,cond-mat.mes-hall,110
2006-01,cond-mat.mtrl-sci,115
2006-01,cond-mat.other,70
2006-01,cond-mat.soft,70
2006-01,cond-mat.stat-mech,123
2006-01,cond-mat.str-el,116
2006-01,cond-mat.supr-con,83
2006-01,cs.AI,11
2006-01,cs.CC,4
2006-01,cs.CG,3
2006-01,cs.CL,2
2006-01,cs.CR,6
2006-01,cs.CV,3
2006-01,cs.DB,1
2006-01,cs.DC,2
2006-01,cs.DL,3
2006-01,cs.DM,2
2006-01,cs.DS,8
2006-01,cs.HC,2
2006-01,cs.IR,4
2006-01,cs.IT,39
2006-01,cs.LG,4
2006-01,cs.LO,11
2006-01,cs.NE,1
2006-01,cs.NI,4
2006-01,cs.OS,1
2006-01,cs.PF,1
2006-01,cs.PL,6
2006-01,cs.RO,14
2006-01,cs.SC,1
2006-01,cs.SE,3
2006-01,gr-qc,140
2006-01,hep-ex,46
2006-01,hep-lat,34
2006-01,hep-ph,267
2006-01,hep-th,232
2006-01,math-ph,68
2006-01,math.AC,22
2006-01,math.AG,82
2006-01,math.AP,50
2006-01,math.AT,15
2006-01,math.CA,27
2006-01,math.CO,52
2006-01,math.CT,6
2006-01,math.CV,22
2006-01,math.DG,58
2006-01,math.DS,46
2006-01,math.FA,18
2006-01,math.GM,5
2006-01,math.GN,3
2006-01,math.GR,23
2006-01,math.GT,46
2006-01,math.KT,7
2006-01,math.LO,4
2006-01,math.MG,9
2006-01,math.NA,12
2006-01,math.NT,49
2006-01,math.OA,28
2006-01,math.OC,11
2006-01,math.PR,61
2006-01,math.QA,41
2006-01,math.RA,16
2006-01,math.RT,26
2006-01,math.SG,9
2006-01,math.SP,8
2006-01,math.ST,12
2006-01,nlin.AO,7
2006-01,nlin.CD,34
2006-01,nlin.PS,13
2006-01,nlin.SI,20
2006-01,nucl-ex,40
2006-01,nucl-th,101
2006-01,physics.acc-ph,4
2006-01,physics.ao-ph,4
2006-01,physics.atm-clus,2
2006-01,physics.atom-ph,17
2006-01,physics.bio-ph,11
2006-01,physics.chem-ph,12
2006-01,physics.class-ph,9
2006-01,physics.comp-ph,5
2006-01,physics.data-an,11
2006-01,physics.ed-ph,4
2006-01,physics.flu-dyn,19
2006-01,physics.gen-ph,29
2006-01,physics.geo-ph,7
2006-01,physics.hist-ph,6
2006-01,physics.ins-det,11
2006-01,physics.optics,29
2006-01,physics.plasm-ph,12
2006-01,physics.pop-ph,1
2006-01,physics.soc-ph,30
2006-01,physics.space-ph,1
2006-01,q-bio.BM,12
2006-01,q-bio.CB,4
2006-01,q-bio.GN,1
2006-01,q-bio.MN,4
2006-01,q-bio.NC,9
2006-01,q-bio.OT,3
2006-01,q-bio.PE,8
2006-01,q-bio.QM,5
2006-01,q-bio.SC,2
2006-01,q-bio.TO,2
2006-01,quant-ph,209
2006-02,astro-ph,634
2006-02,cond-mat.dis-nn,37
2006-02,cond-mat.mes-hall,120
2006-02,cond-mat.mtrl-sci,104
2006-02,cond-mat.other,57
2006-02,cond-mat.soft,50
2006-02,cond-mat.stat-mech,113
2006-02,cond-mat.str-el,123
2006-02,cond-mat.supr-con,75
2006-02,cs.AI,3
2006-02,cs.AR,2
2006-02,cs.CC,5
2006-02,cs.CG,4
2006-02,cs.CR,7
2006-02,cs.CV,3
2006-02,cs.CY,1
2006-02,cs.DB,4
2006-02,cs.DC,5
2006-02,cs.DL,2
2006-02,cs.DM,2
2006-02,cs.DS,5
2006-02,cs.GL,1
2006-02,cs.GT,2
2006-02,cs.IR,2
2006-02,cs.IT,26
2006-02,cs.LG,3
2006-02,cs.LO,4
2006-02,cs.MA,2
2006-02,cs.MS,1
2006-02,cs.NE,3
2006-02,cs.NI,2
2006-02,cs.OH,3
2006-02,cs.PL,4
2006-02,cs.SC,1
2006-02,gr-qc,121
2006-02,hep-ex,51
2006-02,hep-lat,32
2006-02,hep-ph,254
2006-02,hep-th,294
2006-02,math-ph,67
2006-02,math.AC,11
2006-02,math.AG,90
2006-02,math.AP,26
2006-02,math.AT,14
2006-02,math.CA,10
2006-02,math.CO,65
2006-02,math.CT,7
2006-02,math.CV,7
2006-02,math.DG,67
2006-02,math.DS,35
2006-02,math.FA,13
2006-02,math.GM,6
2006-02,math.GN,2
2006-02,math.GR,28
2006-02,math.GT,26
2006-02,math.HO,2
2006-02,math.KT,2
2006-02,math.LO,10
2006-02,math.MG,3
2006-02,math.NA,15
2006-02,math.NT,42
2006-02,math.OA,26
2006-02,math.OC,8
2006-02,math.PR,72
2006-02,math.QA,23
2006-02,math.RA,14
2006-02,math.RT,13
2006-02,math.SG,10
2006-02,math.SP,7
2006-02,math.ST,29
2006-02,nlin.AO,2
2006-02,nlin.CD,26
2006-02,nlin.CG,1
2006-02,nlin.PS,19
2006-02,nlin.SI,13
2006-02,nucl-ex,23
2006-02,nucl-th,74
2006-02,physics.acc-ph,7
2006-02,physics.ao-ph,3
2006-02,physics.atm-clus,1
2006-02,physics.atom-ph,21
2006-02,physics.bio-ph,8
2006-02,physics.chem-ph,5
2006-02,physics.class-ph,8
2006-02,physics.comp-ph,4
2006-02,physics.data-an,10
2006-02,physics.ed-ph,5
2006-02,physics.flu-dyn,9
2006-02,physics.gen-ph,26
2006-02,physics.geo-ph,6
2006-02,physics.hist-ph,9
2006-02,physics.ins-det,10
2006-02,physics.med-ph,1
2006-02,physics.optics,22
2006-02,physics.plasm-ph,8
2006-02,physics.pop-ph,1
2006-02,physics.soc-ph,24
2006-02,physics.space-ph,3
2006-02,q-bio.BM,7
2006-02,q-bio.CB,1
2006-02,q-bio.MN,3
2006-02,q-bio.NC,5
2006-02,q-bio.OT,1
2006-02,q-bio.PE,7
2006-02,q-bio.QM,3
2006-02,quant-ph,236
2006-03,astro-ph,853
2006-03,cond-mat.dis-nn,55
2006-03,cond-mat.mes-hall,134
2006-03,cond-mat.mtrl-sci,142
2006-03,cond-mat.other,70
2006-03,cond-mat.soft,74
2006-03,cond-mat.stat-mech,157
2006-03,cond-mat.str-el,143
2006-03,cond-mat.supr-con,89
2006-03,cs.AI,5
2006-03,cs.AR,4
2006-03,cs.CC,6
2006-03,cs.CE,1
2006-03,cs.CG,2
2006-03,cs.CR,11
2006-03,cs.CV,3
2006-03,cs.DB,1
2006-03,cs.DC,5
2006-03,cs.DL,3
2006-03,cs.DM,3
2006-03,cs.DS,7
2006-03,cs.GR,1
2006-03,cs.GT,1
2006-03,cs.HC,1
2006-03,cs.IT,33
2006-03,cs.LG,1
2006-03,cs.LO,9
2006-03,cs.MA,3
2006-03,cs.MM,1
2006-03,cs.MS,3
2006-03,cs.NE,4
2006-03,cs.NI,7
2006-03,cs.OH,3
2006-03,cs.PF,1
2006-03,cs.PL,4
2006-03,cs.RO,3
2006-03,cs.SC,2
2006-03,cs.SE,3
2006-03,gr-qc,134
2006-03,hep-ex,56
2006-03,hep-lat,31
2006-03,hep-ph,269
2006-03,hep-th,255
2006-03,math-ph,84
2006-03,math.AC,17
2006-03,math.AG,82
2006-03,math.AP,42
2006-03,math.AT,11
2006-03,math.CA,24
2006-03,math.CO,45
2006-03,math.CT,4
2006-03,math.CV,17
2006-03,math.DG,59
2006-03,math.DS,29
2006-03,math.FA,17
2006-03,math.GM,12
2006-03,math.GN,2
2006-03,math.GR,30
2006-03,math.GT,39
2006-03,math.KT,10
2006-03,math.LO,9
2006-03,math.MG,5
2006-03,math.NA,9
2006-03,math.NT,46
2006-03,math.OA,18
2006-03,math.OC,13
2006-03,math.PR,89
2006-03,math.QA,25
2006-03,math.RA,10
2006-03,math.RT,25
2006-03,math.SG,9
2006-03,math.SP,10
2006-03,math.ST,37
2006-03,nlin.AO,6
2006-03,nlin.CD,28
2006-03,nlin.CG,1
2006-03,nlin.PS,15
2006-03,nlin.SI,27
2006-03,nucl-ex,32
2006-03,nucl-th,74
2006-03,physics.acc-ph,6
2006-03,physics.ao-ph,4
2006-03,physics.atm-clus,2
2006-03,physics.atom-ph,22
2006-03,physics.bio-ph,13
2006-03,physics.chem-ph,8
2006-03,physics.class-ph,9
2006-03,physics.comp-ph,8
2006-03,physics.data-an,10
2006-03,physics.ed-ph,7
2006-03,physics.flu-dyn,18
2006-03,physics.gen-ph,38
2006-03,physics.geo-ph,4
2006-03,physics.hist-ph,7
2006-03,physics.ins-det,11
2006-03,physics.med-ph,7
2006-03,physics.optics,42
2006-03,physics.plasm-ph,13
2006-03,physics.pop-ph,2
2006-03,physics.soc-ph,39
2006-03,physics.space-ph,2
2006-03,q-bio.BM,8
2006-03,q-bio.CB,1
2006-03,q-bio.MN,5
2006-03,q-bio.NC,3
2006-03,q-bio.PE,7
2006-03,q-bio.QM,7
2006-03,q-bio.SC,3
2006-03,q-bio.TO,4
2006-03,quant-ph,285
2006-04,astro-ph,634
2006-04,cond-mat.dis-nn,35
2006-04,cond-mat.mes-hall,117
2006-04,cond-mat.mtrl-sci,105
2006-04,cond-mat.other,62
2006-04,cond-mat.soft,73
2006-04,cond-mat.stat-mech,105
2006-04,cond-mat.str-el,108
2006-04,cond-mat.supr-con,90
2006-04,cs.AI,7
2006-04,cs.CC,6
2006-04,cs.CE,1
2006-04,cs.CG,3
2006-04,cs.CL,1
2006-04,cs.CR,6
2006-04,cs.CV,1
2006-04,cs.DB,3
2006-04,cs.DC,4
2006-04,cs.DL,1
2006-04,cs.DM,10
2006-04,cs.DS,12
2006-04,cs.GT,1
2006-04,cs.HC,2
2006-04,cs.IR,1
2006-04,cs.IT,27
2006-04,cs.LG,2
2006-04,cs.LO,3
2006-04,cs.MA,3
2006-04,cs.MM,1
2006-04,cs.MS,4
2006-04,cs.NE,1
2006-04,cs.NI,6
2006-04,cs.PF,1
2006-04,cs.RO,1
2006-04,cs.SC,5
2006-04,cs.SE,2
2006-04,gr-qc,132
2006-04,hep-ex,61
2006-04,hep-lat,23
2006-04,hep-ph,285
2006-04,hep-th,228
2006-04,math-ph,73
2006-04,math.AC,15
2006-04,math.AG,72
2006-04,math.AP,35
2006-04,math.AT,13
2006-04,math.CA,18
2006-04,math.CO,33
2006-04,math.CT,6
2006-04,math.CV,11
2006-04,math.DG,69
2006-04,math.DS,25
2006-04,math.FA,25
2006-04,math.GM,11
2006-04,math.GN,4
2006-04,math.GR,17
2006-04,math.GT,29
2006-04,math.HO,2
2006-04,math.KT,5
2006-04,math.LO,12
2006-04,math.MG,4
2006-04,math.NA,6
2006-04,math.NT,45
2006-04,math.OA,19
2006-04,math.OC,8
2006-04,math.PR,70
2006-04,math.QA,27
2006-04,math.RA,17
2006-04,math.RT,28
2006-04,math.SG,12
2006-04,math.SP,12
2006-04,math.ST,15
2006-04,nlin.AO,5
2006-04,nlin.CD,23
2006-04,nlin.CG,1
2006-04,nlin.PS,15
2006-04,nlin.SI,32
2006-04,nucl-ex,19
2006-04,nucl-th,74
2006-04,physics.acc-ph,7
2006-04,physics.ao-ph,5
2006-04,physics.atm-clus,1
2006-04,physics.atom-ph,34
2006-04,physics.bio-ph,10
2006-04,physics.chem-ph,17
2006-04,physics.class-ph,12
2006-04,physics.comp-ph,12
2006-04,physics.data-an,8
2006-04,physics.ed-ph,5
2006-04,physics.flu-dyn,10
2006-04,physics.gen-ph,21
2006-04,physics.geo-ph,4
2006-04,physics.hist-ph,9
2006-04,physics.ins-det,17
2006-04,physics.med-ph,1
2006-04,physics.optics,28
2006-04,physics.plasm-ph,12
2006-04,physics.pop-ph,1
2006-04,physics.soc-ph,25
2006-04,physics.space-ph,1
2006-04,q-bio.BM,9
2006-04,q-bio.CB,1
2006-04,q-bio.GN,2
2006-04,q-bio.MN,7
2006-04,q-bio.NC,7
2006-04,q-bio.PE,8
2006-04,q-bio.QM,2
2006-04,q-bio.SC,1
2006-04,q-bio.TO,1
2006-04,quant-ph,224
2006-05,astro-ph,746
2006-05,cond-mat.dis-nn,28
2006-05,cond-mat.mes-hall,104
2006-05,cond-mat.mtrl-sci,124
2006-05,cond-mat.other,68
2006-05,cond-mat.soft,76
2006-05,cond-mat.stat-mech,134
2006-05,cond-mat.str-el,131
2006-05,cond-mat.supr-con,81
2006-05,cs.AI,10
2006-05,cs.AR,8
2006-05,cs.CC,2
2006-05,cs.CE,1
2006-05,cs.CG,1
2006-05,cs.CL,1
2006-05,cs.CR,9
2006-05,cs.CV,3
2006-05,cs.CY,2
2006-05,cs.DB,3
2006-05,cs.DC,6
2006-05,cs.DL,5
2006-05,cs.DM,6
2006-05,cs.DS,3
2006-05,cs.GT,1
2006-05,cs.HC,2
2006-05,cs.IR,1
2006-05,cs.IT,39
2006-05,cs.LG,5
2006-05,cs.LO,10
2006-05,cs.MA,2
2006-05,cs.MS,2
2006-05,cs.NE,1
2006-05,cs.NI,11
2006-05,cs.OH,2
2006-05,cs.PL,1
2006-05,cs.RO,1
2006-05,cs.SC,3
2006-05,cs.SE,3
2006-05,gr-qc,151
2006-05,hep-ex,120
2006-05,hep-lat,20
2006-05,hep-ph,333
2006-05,hep-th,289
2006-05,math-ph,88
2006-05,math.AC,18
2006-05,math.AG,91
2006-05,math.AP,43
2006-05,math.AT,17
2006-05,math.CA,14
2006-05,math.CO,64
2006-05,math.CT,6
2006-05,math.CV,16
2006-05,math.DG,77
2006-05,math.DS,33
2006-05,math.FA,14
2006-05,math.GM,12
2006-05,math.GN,5
2006-05,math.GR,18
2006-05,math.GT,33
2006-05,math.HO,5
2006-05,math.KT,8
2006-05,math.LO,12
2006-05,math.MG,13
2006-05,math.NA,8
2006-05,math.NT,48
2006-05,math.OA,21
2006-05,math.OC,7
2006-05,math.PR,68
2006-05,math.QA,30
2006-05,math.RA,16
2006-05,math.RT,29
2006-05,math.SG,11
2006-05,math.SP,2
2006-05,math.ST,37
2006-05,nlin.AO,5
2006-05,nlin.CD,20
2006-05,nlin.CG,4
2006-05,nlin.PS,9
2006-05,nlin.SI,15
2006-05,nucl-ex,37
2006-05,nucl-th,83
2006-05,physics.acc-ph,4
2006-05,physics.ao-ph,3
2006-05,physics.atm-clus,2
2006-05,physics.atom-ph,30
2006-05,physics.bio-ph,4
2006-05,physics.chem-ph,6
2006-05,physics.class-ph,8
2006-05,physics.comp-ph,4
2006-05,physics.data-an,16
2006-05,physics.ed-ph,8
2006-05,physics.flu-dyn,21
2006-05,physics.gen-ph,21
2006-05,physics.geo-ph,6
2006-05,physics.hist-ph,7
2006-05,physics.ins-det,21
2006-05,physics.med-ph,3
2006-05,physics.optics,39
2006-05,physics.plasm-ph,14
2006-05,physics.pop-ph,5
2006-05,physics.soc-ph,28
2006-05,physics.space-ph,4
2006-05,q-bio.BM,7
2006-05,q-bio.CB,3
2006-05,q-bio.GN,2
2006-05,q-bio.MN,6
2006-05,q-bio.NC,8
2006-05,q-bio.OT,2
2006-05,q-bio.PE,11
2006-05,q-bio.QM,4
2006-05,q-bio.SC,3
2006-05,q-bio.TO,1
2006-05,quant-ph,249
2006-06,astro-ph,756
2006-06,cond-mat.dis-nn,49
2006-06,cond-mat.mes-hall,134
2006-06,cond-mat.mtrl-sci,124
2006-06,cond-mat.other,69
2006-06,cond-mat.soft,56
2006-06,cond-mat.stat-mech,127
2006-06,cond-mat.str-el,132
2006-06,cond-mat.supr-con,121
2006-06,cs.AI,8
2006-06,cs.CC,13
2006-06,cs.CE,4
2006-06,cs.CG,6
2006-06,cs.CL,4
2006-06,cs.CR,9
2006-06,cs.CV,1
2006-06,cs.CY,2
2006-06,cs.DB,3
2006-06,cs.DC,4
2006-06,cs.DL,2
2006-06,cs.DM,3
2006-06,cs.DS,8
2006-06,cs.GR,1
2006-06,cs.GT,2
2006-06,cs.HC,3
2006-06,cs.IR,5
2006-06,cs.IT,19
2006-06,cs.LG,3
2006-06,cs.LO,6
2006-06,cs.MM,1
2006-06,cs.MS,2
2006-06,cs.NE,1
2006-06,cs.NI,6
2006-06,cs.OH,2
2006-06,cs.PL,2
2006-06,cs.SC,2
2006-06,cs.SE,6
2006-06,gr-qc,135
2006-06,hep-ex,64
2006-06,hep-lat,22
2006-06,hep-ph,322
2006-06,hep-th,287
2006-06,math-ph,71
2006-06,math.AC,32
2006-06,math.AG,58
2006-06,math.AP,40
2006-06,math.AT,27
2006-06,math.CA,22
2006-06,math.CO,53
2006-06,math.CT,7
2006-06,math.CV,12
2006-06,math.DG,56
2006-06,math.DS,28
2006-06,math.FA,15
2006-06,math.GM,3
2006-06,math.GN,5
2006-06,math.GR,26
2006-06,math.GT,50
2006-06,math.HO,5
2006-06,math.KT,10
2006-06,math.LO,8
2006-06,math.MG,9
2006-06,math.NA,8
2006-06,math.NT,62
2006-06,math.OA,29
2006-06,math.OC,15
2006-06,math.PR,81
2006-06,math.QA,28
2006-06,math.RA,25
2006-06,math.RT,37
2006-06,math.SG,12
2006-06,math.SP,7
2006-06,math.ST,28
2006-06,nlin.AO,10
2006-06,nlin.CD,25
2006-06,nlin.CG,1
2006-06,nlin.PS,6
2006-06,nlin.SI,30
2006-06,nucl-ex,33
2006-06,nucl-th,62
2006-06,physics.acc-ph,5
2006-06,physics.ao-ph,7
2006-06,physics.atm-clus,2
2006-06,physics.atom-ph,30
2006-06,physics.bio-ph,2
2006-06,physics.chem-ph,7
2006-06,physics.class-ph,15
2006-06,physics.comp-ph,7
2006-06,physics.data-an,11
2006-06,physics.ed-ph,4
2006-06,physics.flu-dyn,12
2006-06,physics.gen-ph,28
2006-06,physics.geo-ph,3
2006-06,physics.hist-ph,2
2006-06,physics.ins-det,16
2006-06,physics.med-ph,19
2006-06,physics.optics,40
2006-06,physics.plasm-ph,15
2006-06,physics.pop-ph,2
2006-06,physics.soc-ph,35
2006-06,physics.space-ph,1
2006-06,q-bio.BM,6
2006-06,q-bio.GN,5
2006-06,q-bio.MN,2
2006-06,q-bio.NC,7
2006-06,q-bio.OT,2
2006-06,q-bio.PE,9
2006-06,q-bio.QM,9
2006-06,q-bio.SC,1
2006-06,q-bio.TO,2
2006-06,quant-ph,247
2006-07,astro-ph,677
2006-07,cond-mat.dis-nn,45
2006-07,cond-mat.mes-hall,141
2006-07,cond-mat.mtrl-sci,127
2006-07,cond-mat.other,84
2006-07,cond-mat.soft,64
2006-07,cond-mat.stat-mech,127
2006-07,cond-mat.str-el,140
2006-07,cond-mat.supr-con,109
2006-07,cs.AI,12
2006-07,cs.CC,7
2006-07,cs.CE,4
2006-07,cs.CG,3
2006-07,cs.CL,4
2006-07,cs.CR,11
2006-07,cs.DB,1
2006-07,cs.DC,7
2006-07,cs.DL,2
2006-07,cs.DM,12
2006-07,cs.DS,8
2006-07,cs.GL,1
2006-07,cs.GR,1
2006-07,cs.GT,1
2006-07,cs.HC,1
2006-07,cs.IR,2
2006-07,cs.IT,27
2006-07,cs.LG,7
2006-07,cs.LO,5
2006-07,cs.MA,1
2006-07,cs.MM,1
2006-07,cs.NE,4
2006-07,cs.NI,5
2006-07,cs.OH,2
2006-07,cs.PL,1
2006-07,cs.RO,1
2006-07,cs.SE,15
2006-07,gr-qc,146
2006-07,hep-ex,115
2006-07,hep-lat,38
2006-07,hep-ph,346
2006-07,hep-th,250
2006-07,math-ph,73
2006-07,math.AC,21
2006-07,math.AG,66
2006-07,math.AP,78
2006-07,math.AT,20
2006-07,math.CA,22
2006-07,math.CO,56
2006-07,math.CT,5
2006-07,math.CV,33
2006-07,math.DG,54
2006-07,math.DS,28
2006-07,math.FA,21
2006-07,math.GM,12
2006-07,math.GN,7
2006-07,math.GR,29
2006-07,math.GT,36
2006-07,math.HO,3
2006-07,math.KT,6
2006-07,math.LO,10
2006-07,math.MG,15
2006-07,math.NA,14
2006-07,math.NT,56
2006-07,math.OA,20
2006-07,math.OC,17
2006-07,math.PR,71
2006-07,math.QA,29
2006-07,math.RA,16
2006-07,math.RT,30
2006-07,math.SG,9
2006-07,math.SP,9
2006-07,math.ST,31
2006-07,nlin.AO,7
2006-07,nlin.CD,38
2006-07,nlin.PS,18
2006-07,nlin.SI,12
2006-07,nucl-ex,34
2006-07,nucl-th,72
2006-07,physics.acc-ph,13
2006-07,physics.ao-ph,4
2006-07,physics.atm-clus,3
2006-07,physics.atom-ph,22
2006-07,physics.bio-ph,10
2006-07,physics.chem-ph,10
2006-07,physics.class-ph,16
2006-07,physics.comp-ph,5
2006-07,physics.data-an,20
2006-07,physics.ed-ph,5
2006-07,physics.flu-dyn,16
2006-07,physics.gen-ph,43
2006-07,physics.geo-ph,3
2006-07,physics.hist-ph,3
2006-07,physics.ins-det,9
2006-07,physics.med-ph,5
2006-07,physics.optics,45
2006-07,physics.plasm-ph,15
2006-07,physics.pop-ph,1
2006-07,physics.soc-ph,47
2006-07,physics.space-ph,1
2006-07,q-bio.BM,8
2006-07,q-bio.CB,3
2006-07,q-bio.GN,4
2006-07,q-bio.MN,3
2006-07,q-bio.NC,9
2006-07,q-bio.PE,11
2006-07,q-bio.QM,6
2006-07,q-bio.SC,1
2006-07,q-bio.TO,6
2006-07,quant-ph,226
2006-08,astro-ph,716
2006-08,cond-mat.dis-nn,38
2006-08,cond-mat.mes-hall,121
2006-08,cond-mat.mtrl-sci,131
2006-08,cond-mat.other,58
2006-08,cond-mat.soft,59
2006-08,cond-mat.stat-mech,118
2006-08,cond-mat.str-el,127
2006-08,cond-mat.supr-con,82
2006-08,cs.AI,6
2006-08,cs.AR,1
2006-08,cs.CC,10
2006-08,cs.CG,2
2006-08,cs.CL,1
2006-08,cs.CR,8
2006-08,cs.CV,2
2006-08,cs.DC,13
2006-08,cs.DL,3
2006-08,cs.DM,5
2006-08,cs.DS,7
2006-08,cs.GL,1
2006-08,cs.GR,1
2006-08,cs.GT,4
2006-08,cs.HC,1
2006-08,cs.IR,3
2006-08,cs.IT,20
2006-08,cs.LG,1
2006-08,cs.LO,8
2006-08,cs.MM,1
2006-08,cs.NE,1
2006-08,cs.NI,13
2006-08,cs.PF,1
2006-08,cs.PL,5
2006-08,cs.RO,1
2006-08,cs.SC,3
2006-08,cs.SE,2
2006-08,gr-qc,140
2006-08,hep-ex,62
2006-08,hep-lat,26
2006-08,hep-ph,348
2006-08,hep-th,230
2006-08,math-ph,69
2006-08,math.AC,14
2006-08,math.AG,64
2006-08,math.AP,39
2006-08,math.AT,18
2006-08,math.CA,30
2006-08,math.CO,58
2006-08,math.CT,11
2006-08,math.CV,30
2006-08,math.DG,68
2006-08,math.DS,51
2006-08,math.FA,12
2006-08,math.GM,11
2006-08,math.GN,5
2006-08,math.GR,32
2006-08,math.GT,41
2006-08,math.HO,6
2006-08,math.KT,8
2006-08,math.LO,14
2006-08,math.MG,9
2006-08,math.NA,10
2006-08,math.NT,51
2006-08,math.OA,15
2006-08,math.OC,9
2006-08,math.PR,75
2006-08,math.QA,28
2006-08,math.RA,18
2006-08,math.RT,37
2006-08,math.SG,8
2006-08,math.SP,7
2006-08,math.ST,27
2006-08,nlin.AO,6
2006-08,nlin.CD,34
2006-08,nlin.CG,1
2006-08,nlin.PS,9
2006-08,nlin.SI,19
2006-08,nucl-ex,54
2006-08,nucl-th,79
2006-08,physics.acc-ph,9
2006-08,physics.ao-ph,8
2006-08,physics.atm-clus,5
2006-08,physics.atom-ph,31
2006-08,physics.bio-ph,13
2006-08,physics.chem-ph,8
2006-08,physics.class-ph,9
2006-08,physics.comp-ph,8
2006-08,physics.data-an,19
2006-08,physics.ed-ph,14
2006-08,physics.flu-dyn,21
2006-08,physics.gen-ph,30
2006-08,physics.geo-ph,6
2006-08,physics.hist-ph,5
2006-08,physics.ins-det,19
2006-08,physics.med-ph,2
2006-08,physics.optics,29
2006-08,physics.plasm-ph,14
2006-08,physics.pop-ph,4
2006-08,physics.soc-ph,54
2006-08,physics.space-ph,6
2006-08,q-bio.BM,5
2006-08,q-bio.CB,2
2006-08,q-bio.GN,1
2006-08,q-bio.MN,5
2006-08,q-bio.NC,4
2006-08,q-bio.OT,2
2006-08,q-bio.PE,13
2006-08,q-bio.QM,6
2006-08,q-bio.SC,3
2006-08,q-bio.TO,1
2006-08,quant-ph,249
2006-09,astro-ph,841
2006-09,cond-mat.dis-nn,42
2006-09,cond-mat.mes-hall,135
2006-09,cond-mat.mtrl-sci,134
2006-09,cond-mat.other,78
2006-09,cond-mat.soft,78
2006-09,cond-mat.stat-mech,114
2006-09,cond-mat.str-el,135
2006-09,cond-mat.supr-con,72
2006-09,cs.AI,11
2006-09,cs.AR,4
2006-09,cs.CC,10
2006-09,cs.CE,3
2006-09,cs.CG,4
2006-09,cs.CL,14
2006-09,cs.CR,6
2006-09,cs.CV,6
2006-09,cs.CY,1
2006-09,cs.DB,1
2006-09,cs.DC,3
2006-09,cs.DL,1
2006-09,cs.DM,2
2006-09,cs.DS,9
2006-09,cs.GR,1
2006-09,cs.GT,4
2006-09,cs.IT,32
2006-09,cs.LG,4
2006-09,cs.LO,18
2006-09,cs.MA,1
2006-09,cs.MM,1
2006-09,cs.MS,2
2006-09,cs.NE,1
2006-09,cs.NI,16
2006-09,cs.OH,2
2006-09,cs.PL,3
2006-09,cs.RO,2
2006-09,cs.SC,1
2006-09,cs.SE,3
2006-09,gr-qc,131
2006-09,hep-ex,59
2006-09,hep-lat,86
2006-09,hep-ph,319
2006-09,hep-th,230
2006-09,math-ph,92
2006-09,math.AC,17
2006-09,math.AG,70
2006-09,math.AP,74
2006-09,math.AT,21
2006-09,math.CA,15
2006-09,math.CO,83
2006-09,math.CT,2
2006-09,math.CV,15
2006-09,math.DG,77
2006-09,math.DS,44
2006-09,math.FA,28
2006-09,math.GM,19
2006-09,math.GN,7
2006-09,math.GR,17
2006-09,math.GT,43
2006-09,math.HO,4
2006-09,math.KT,11
2006-09,math.LO,10
2006-09,math.MG,7
2006-09,math.NA,11
2006-09,math.NT,55
2006-09,math.OA,26
2006-09,math.OC,22
2006-09,math.PR,70
2006-09,math.QA,24
2006-09,math.RA,14
2006-09,math.RT,30
2006-09,math.SG,13
2006-09,math.SP,3
2006-09,math.ST,42
2006-09,nlin.AO,8
2006-09,nlin.CD,32
2006-09,nlin.CG,1
2006-09,nlin.PS,11
2006-09,nlin.SI,20
2006-09,nucl-ex,48
2006-09,nucl-th,85
2006-09,physics.acc-ph,10
2006-09,physics.ao-ph,4
2006-09,physics.atm-clus,1
2006-09,physics.atom-ph,25
2006-09,physics.bio-ph,9
2006-09,physics.chem-ph,12
2006-09,physics.class-ph,7
2006-09,physics.comp-ph,12
2006-09,physics.data-an,11
2006-09,physics.ed-ph,7
2006-09,physics.flu-dyn,15
2006-09,physics.gen-ph,37
2006-09,physics.geo-ph,4
2006-09,physics.hist-ph,3
2006-09,physics.ins-det,11
2006-09,physics.med-ph,2
2006-09,physics.optics,38
2006-09,physics.plasm-ph,11
2006-09,physics.pop-ph,2
2006-09,physics.soc-ph,38
2006-09,q-bio.BM,8
2006-09,q-bio.CB,3
2006-09,q-bio.GN,4
2006-09,q-bio.MN,6
2006-09,q-bio.NC,3
2006-09,q-bio.OT,2
2006-09,q-bio.PE,21
2006-09,q-bio.QM,6
2006-09,quant-ph,239
2006-10,astro-ph,955
2006-10,cond-mat.dis-nn,56
2006-10,cond-mat.mes-hall,147
2006-10,cond-mat.mtrl-sci,149
2006-10,cond-mat.other,87
2006-10,cond-mat.soft,73
2006-10,cond-mat.stat-mech,112
2006-10,cond-mat.str-el,146
2006-10,cond-mat.supr-con,109
2006-10,cs.AI,16
2006-10,cs.AR,1
2006-10,cs.CC,7
2006-10,cs.CE,1
2006-10,cs.CG,1
2006-10,cs.CL,3
2006-10,cs.CR,8
2006-10,cs.CV,2
2006-10,cs.DB,2
2006-10,cs.DC,1
2006-10,cs.DL,8
2006-10,cs.DM,4
2006-10,cs.DS,6
2006-10,cs.GL,1
2006-10,cs.GR,1
2006-10,cs.GT,3
2006-10,cs.IR,5
2006-10,cs.IT,43
2006-10,cs.LG,2
2006-10,cs.LO,25
2006-10,cs.MA,2
2006-10,cs.MS,2
2006-10,cs.NE,2
2006-10,cs.NI,16
2006-10,cs.OH,1
2006-10,cs.PF,1
2006-10,cs.PL,2
2006-10,cs.SC,2
2006-10,cs.SE,3
2006-10,gr-qc,161
2006-10,hep-ex,90
2006-10,hep-lat,122
2006-10,hep-ph,437
2006-10,hep-th,333
2006-10,math-ph,87
2006-10,math.AC,15
2006-10,math.AG,97
2006-10,math.AP,53
2006-10,math.AT,23
2006-10,math.CA,25
2006-10,math.CO,66
2006-10,math.CT,9
2006-10,math.CV,21
2006-10,math.DG,80
2006-10,math.DS,34
2006-10,math.FA,37
2006-10,math.GM,12
2006-10,math.GN,7
2006-10,math.GR,26
2006-10,math.GT,51
2006-10,math.HO,2
2006-10,math.KT,3
2006-10,math.LO,9
2006-10,math.MG,13
2006-10,math.NA,16
2006-10,math.NT,67
2006-10,math.OA,13
2006-10,math.OC,11
2006-10,math.PR,119
2006-10,math.QA,38
2006-10,math.RA,20
2006-10,math.RT,46
2006-10,math.SG,12
2006-10,math.SP,11
2006-10,math.ST,33
2006-10,nlin.AO,8
2006-10,nlin.CD,25
2006-10,nlin.CG,3
2006-10,nlin.PS,15
2006-10,nlin.SI,26
2006-10,nucl-ex,48
2006-10,nucl-th,126
2006-10,physics.acc-ph,5
2006-10,physics.ao-ph,6
2006-10,physics.atm-clus,4
2006-10,physics.atom-ph,29
2006-10,physics.bio-ph,7
2006-10,physics.chem-ph,5
2006-10,physics.class-ph,10
2006-10,physics.comp-ph,6
2006-10,physics.data-an,8
2006-10,physics.ed-ph,5
2006-10,physics.flu-dyn,14
2006-10,physics.gen-ph,37
2006-10,physics.geo-ph,6
2006-10,physics.hist-ph,8
2006-10,physics.ins-det,22
2006-10,physics.med-ph,26
2006-10,physics.optics,49
2006-10,physics.plasm-ph,11
2006-10,physics.pop-ph,1
2006-10,physics.soc-ph,25
2006-10,physics.space-ph,3
2006-10,q-bio.BM,9
2006-10,q-bio.CB,5
2006-10,q-bio.GN,5
2006-10,q-bio.MN,7
2006-10,q-bio.NC,6
2006-10,q-bio.OT,1
2006-10,q-bio.PE,11
2006-10,q-bio.QM,12
2006-10,q-bio.SC,1
2006-10,q-bio.TO,1
2006-10,quant-ph,272
2006-11,astro-ph,951
2006-11,cond-mat.dis-nn,39
2006-11,cond-mat.mes-hall,156
2006-11,cond-mat.mtrl-sci,131
2006-11,cond-mat.other,63
2006-11,cond-mat.soft,69
2006-11,cond-mat.stat-mech,122
2006-11,cond-mat.str-el,126
2006-11,cond-mat.supr-con,84
2006-11,cs.AI,12
2006-11,cs.CC,8
2006-11,cs.CE,7
2006-11,cs.CG,1
2006-11,cs.CL,3
2006-11,cs.CR,9
2006-11,cs.CV,1
2006-11,cs.CY,1
2006-11,cs.DB,3
2006-11,cs.DC,9
2006-11,cs.DL,5
2006-11,cs.DM,3
2006-11,cs.DS,7
2006-11,cs.GT,1
2006-11,cs.HC,12
2006-11,cs.IR,1
2006-11,cs.IT,33
2006-11,cs.LG,5
2006-11,cs.LO,10
2006-11,cs.MS,1
2006-11,cs.NE,6
2006-11,cs.NI,12
2006-11,cs.OH,4
2006-11,cs.OS,1
2006-11,cs.PF,3
2006-11,cs.PL,1
2006-11,cs.RO,3
2006-11,cs.SC,1
2006-11,cs.SE,5
2006-11,gr-qc,158
2006-11,hep-ex,56
2006-11,hep-lat,36
2006-11,hep-ph,393
2006-11,hep-th,351
2006-11,math-ph,92
2006-11,math.AC,30
2006-11,math.AG,93
2006-11,math.AP,86
2006-11,math.AT,19
2006-11,math.CA,30
2006-11,math.CO,50
2006-11,math.CT,6
2006-11,math.CV,19
2006-11,math.DG,67
2006-11,math.DS,27
2006-11,math.FA,27
2006-11,math.GM,12
2006-11,math.GN,4
2006-11,math.GR,29
2006-11,math.GT,48
2006-11,math.HO,5
2006-11,math.KT,5
2006-11,math.LO,4
2006-11,math.MG,8
2006-11,math.NA,19
2006-11,math.NT,54
2006-11,math.OA,38
2006-11,math.OC,13
2006-11,math.PR,93
2006-11,math.QA,25
2006-11,math.RA,19
2006-11,math.RT,34
2006-11,math.SG,14
2006-11,math.SP,8
2006-11,math.ST,74
2006-11,nlin.AO,9
2006-11,nlin.CD,18
2006-11,nlin.CG,5
2006-11,nlin.PS,10
2006-11,nlin.SI,21
2006-11,nucl-ex,41
2006-11,nucl-th,107
2006-11,physics.acc-ph,8
2006-11,physics.ao-ph,9
2006-11,physics.atm-clus,1
2006-11,physics.atom-ph,30
2006-11,physics.bio-ph,7
2006-11,physics.chem-ph,16
2006-11,physics.class-ph,14
2006-11,physics.comp-ph,8
2006-11,physics.data-an,10
2006-11,physics.ed-ph,4
2006-11,physics.flu-dyn,28
2006-11,physics.gen-ph,28
2006-11,physics.geo-ph,4
2006-11,physics.hist-ph,5
2006-11,physics.ins-det,26
2006-11,physics.med-ph,6
2006-11,physics.optics,58
2006-11,physics.plasm-ph,14
2006-11,physics.pop-ph,1
2006-11,physics.soc-ph,27
2006-11,physics.space-ph,1
2006-11,q-bio.BM,20
2006-11,q-bio.CB,3
2006-11,q-bio.GN,14
2006-11,q-bio.MN,6
2006-11,q-bio.NC,12
2006-11,q-bio.OT,6
2006-11,q-bio.PE,18
2006-11,q-bio.QM,11
2006-11,q-bio.SC,1
2006-11,q-bio.TO,3
2006-11,quant-ph,293
2006-12,astro-ph,800
2006-12,cond-mat.dis-nn,35
2006-12,cond-mat.mes-hall,111
2006-12,cond-mat.mtrl-sci,119
2006-12,cond-mat.other,62
2006-12,cond-mat.quant-gas,1
2006-12,cond-mat.soft,50
2006-12,cond-mat.stat-mech,144
2006-12,cond-mat.str-el,112
2006-12,cond-mat.supr-con,81
2006-12,cs.AI,5
2006-12,cs.CC,3
2006-12,cs.CE,2
2006-12,cs.CG,4
2006-12,cs.CL,2
2006-12,cs.CR,4
2006-12,cs.CY,1
2006-12,cs.DB,14
2006-12,cs.DC,12
2006-12,cs.DL,2
2006-12,cs.DM,4
2006-12,cs.DS,9
2006-12,cs.GT,2
2006-12,cs.HC,13
2006-12,cs.IR,1
2006-12,cs.IT,28
2006-12,cs.LG,3
2006-12,cs.LO,5
2006-12,cs.MA,2
2006-12,cs.MS,1
2006-12,cs.NE,2
2006-12,cs.NI,10
2006-12,cs.OH,1
2006-12,cs.OS,1
2006-12,cs.PF,3
2006-12,cs.PL,1
2006-12,cs.RO,1
2006-12,cs.SC,3
2006-12,cs.SD,3
2006-12,cs.SE,3
2006-12,gr-qc,203
2006-12,hep-ex,66
2006-12,hep-lat,34
2006-12,hep-ph,379
2006-12,hep-th,317
2006-12,math-ph,88
2006-12,math.AC,18
2006-12,math.AG,59
2006-12,math.AP,57
2006-12,math.AT,15
2006-12,math.CA,28
2006-12,math.CO,68
2006-12,math.CT,8
2006-12,math.CV,24
2006-12,math.DG,75
2006-12,math.DS,36
2006-12,math.FA,29
2006-12,math.GM,14
2006-12,math.GN,2
2006-12,math.GR,30
2006-12,math.GT,43
2006-12,math.HO,1
2006-12,math.KT,5
2006-12,math.LO,16
2006-12,math.MG,14
2006-12,math.NA,9
2006-12,math.NT,57
2006-12,math.OA,15
2006-12,math.OC,19
2006-12,math.PR,81
2006-12,math.QA,33
2006-12,math.RA,31
2006-12,math.RT,34
2006-12,math.SG,14
2006-12,math.SP,13
2006-12,math.ST,42
2006-12,nlin.AO,4
2006-12,nlin.CD,33
2006-12,nlin.CG,1
2006-12,nlin.PS,11
2006-12,nlin.SI,23
2006-12,nucl-ex,30
2006-12,nucl-th,111
2006-12,physics.acc-ph,9
2006-12,physics.ao-ph,9
2006-12,physics.atm-clus,5
2006-12,physics.atom-ph,30
2006-12,physics.bio-ph,12
2006-12,physics.chem-ph,10
2006-12,physics.class-ph,18
2006-12,physics.comp-ph,10
2006-12,physics.data-an,16
2006-12,physics.ed-ph,9
2006-12,physics.flu-dyn,9
2006-12,physics.gen-ph,25
2006-12,physics.geo-ph,5
2006-12,physics.hist-ph,4
2006-12,physics.ins-det,13
2006-12,physics.med-ph,4
2006-12,physics.optics,31
2006-12,physics.plasm-ph,13
2006-12,physics.pop-ph,1
2006-12,physics.soc-ph,36
2006-12,physics.space-ph,2
2006-12,q-bio.BM,8
2006-12,q-bio.CB,1
2006-12,q-bio.GN,7
2006-12,q-bio.MN,8
2006-12,q-bio.NC,10
2006-12,q-bio.OT,1
2006-12,q-bio.PE,11
2006-12,q-bio.QM,3
2006-12,q-bio.SC,1
2006-12,q-bio.TO,2
2006-12,quant-ph,228
2007-01,astro-ph,914
2007-01,cond-mat.dis-nn,33
2007-01,cond-mat.mes-hall,132
2007-01,cond-mat.mtrl-sci,124
2007-01,cond-mat.other,71
2007-01,cond-mat.soft,64
2007-01,cond-mat.stat-mech,141
2007-01,cond-mat.str-el,128
2007-01,cond-mat.supr-con,77
2007-01,cs.AI,5
2007-01,cs.CC,9
2007-01,cs.CE,1
2007-01,cs.CG,4
2007-01,cs.CL,4
2007-01,cs.CR,4
2007-01,cs.CV,3
2007-01,cs.DB,19
2007-01,cs.DC,8
2007-01,cs.DL,4
2007-01,cs.DS,6
2007-01,cs.GT,3
2007-01,cs.HC,1
2007-01,cs.IR,5
2007-01,cs.IT,68
2007-01,cs.LG,2
2007-01,cs.LO,11
2007-01,cs.MA,2
2007-01,cs.MS,1
2007-01,cs.NI,5
2007-01,cs.OH,1
2007-01,cs.OS,1
2007-01,cs.PF,1
2007-01,cs.PL,16
2007-01,cs.RO,1
2007-01,cs.SC,3
2007-01,cs.SD,1
2007-01,cs.SE,4
2007-01,gr-qc,165
2007-01,hep-ex,58
2007-01,hep-lat,22
2007-01,hep-ph,275
2007-01,hep-th,287
2007-01,math-ph,80
2007-01,math.AC,21
2007-01,math.AG,77
2007-01,math.AP,70
2007-01,math.AT,20
2007-01,math.CA,31
2007-01,math.CO,48
2007-01,math.CT,6
2007-01,math.CV,41
2007-01,math.DG,61
2007-01,math.DS,26
2007-01,math.FA,28
2007-01,math.GM,15
2007-01,math.GN,2
2007-01,math.GR,52
2007-01,math.GT,48
2007-01,math.HO,11
2007-01,math.KT,12
2007-01,math.LO,8
2007-01,math.MG,11
2007-01,math.NA,11
2007-01,math.NT,44
2007-01,math.OA,14
2007-01,math.OC,14
2007-01,math.PR,80
2007-01,math.QA,30
2007-01,math.RA,24
2007-01,math.RT,27
2007-01,math.SG,13
2007-01,math.SP,15
2007-01,math.ST,53
2007-01,nlin.AO,4
2007-01,nlin.CD,17
2007-01,nlin.PS,11
2007-01,nlin.SI,24
2007-01,nucl-ex,81
2007-01,nucl-th,96
2007-01,physics.acc-ph,1
2007-01,physics.ao-ph,15
2007-01,physics.atm-clus,3
2007-01,physics.atom-ph,29
2007-01,physics.bio-ph,8
2007-01,physics.chem-ph,8
2007-01,physics.class-ph,24
2007-01,physics.comp-ph,7
2007-01,physics.data-an,13
2007-01,physics.ed-ph,7
2007-01,physics.flu-dyn,21
2007-01,physics.gen-ph,54
2007-01,physics.geo-ph,1
2007-01,physics.hist-ph,7
2007-01,physics.ins-det,19
2007-01,physics.med-ph,17
2007-01,physics.optics,31
2007-01,physics.plasm-ph,18
2007-01,physics.pop-ph,3
2007-01,physics.soc-ph,44
2007-01,physics.space-ph,1
2007-01,q-bio.BM,4
2007-01,q-bio.GN,2
2007-01,q-bio.MN,9
2007-01,q-bio.NC,8
2007-01,q-bio.OT,4
2007-01,q-bio.PE,14
2007-01,q-bio.QM,6
2007-01,q-bio.SC,2
2007-01,q-bio.TO,3
2007-01,quant-ph,248
2007-02,astro-ph,755
2007-02,cond-mat.dis-nn,18
2007-02,cond-mat.mes-hall,117
2007-02,cond-mat.mtrl-sci,140
2007-02,cond-mat.other,73
2007-02,cond-mat.soft,60
2007-02,cond-mat.stat-mech,109
2007-02,cond-mat.str-el,111
2007-02,cond-mat.supr-con,70
2007-02,cs.AI,2
2007-02,cs.AR,1
2007-02,cs.CC,10
2007-02,cs.CE,10
2007-02,cs.CG,7
2007-02,cs.CL,1
2007-02,cs.CR,7
2007-02,cs.CV,1
2007-02,cs.CY,2
2007-02,cs.DB,4
2007-02,cs.DC,10
2007-02,cs.DL,2
2007-02,cs.DM,7
2007-02,cs.DS,10
2007-02,cs.GL,1
2007-02,cs.GR,1
2007-02,cs.GT,3
2007-02,cs.HC,6
2007-02,cs.IR,4
2007-02,cs.IT,50
2007-02,cs.LO,12
2007-02,cs.MA,1
2007-02,cs.NE,4
2007-02,cs.NI,7
2007-02,cs.OH,5
2007-02,cs.PF,1
2007-02,cs.PL,2
2007-02,cs.SC,2
2007-02,cs.SE,1
2007-02,gr-qc,152
2007-02,hep-ex,52
2007-02,hep-lat,28
2007-02,hep-ph,295
2007-02,hep-th,229
2007-02,math-ph,104
2007-02,math.AC,23
2007-02,math.AG,72
2007-02,math.AP,66
2007-02,math.AT,19
2007-02,math.CA,20
2007-02,math.CO,65
2007-02,math.CT,9
2007-02,math.CV,27
2007-02,math.DG,75
2007-02,math.DS,26
2007-02,math.FA,30
2007-02,math.GM,11
2007-02,math.GN,3
2007-02,math.GR,26
2007-02,math.GT,25
2007-02,math.HO,5
2007-02,math.KT,10
2007-02,math.LO,13
2007-02,math.MG,19
2007-02,math.NA,12
2007-02,math.NT,50
2007-02,math.OA,14
2007-02,math.OC,10
2007-02,math.PR,100
2007-02,math.QA,31
2007-02,math.RA,31
2007-02,math.RT,23
2007-02,math.SG,7
2007-02,math.SP,10
2007-02,math.ST,63
2007-02,nlin.AO,7
2007-02,nlin.CD,21
2007-02,nlin.CG,1
2007-02,nlin.PS,18
2007-02,nlin.SI,11
2007-02,nucl-ex,59
2007-02,nucl-th,89
2007-02,physics.acc-ph,2
2007-02,physics.ao-ph,8
2007-02,physics.atm-clus,3
2007-02,physics.atom-ph,20
2007-02,physics.bio-ph,9
2007-02,physics.chem-ph,9
2007-02,physics.class-ph,17
2007-02,physics.comp-ph,10
2007-02,physics.data-an,10
2007-02,physics.ed-ph,9
2007-02,physics.flu-dyn,20
2007-02,physics.gen-ph,33
2007-02,physics.geo-ph,2
2007-02,physics.hist-ph,4
2007-02,physics.ins-det,19
2007-02,physics.med-ph,3
2007-02,physics.optics,32
2007-02,physics.plasm-ph,14
2007-02,physics.pop-ph,2
2007-02,physics.soc-ph,25
2007-02,physics.space-ph,3
2007-02,q-bio.BM,3
2007-02,q-bio.CB,2
2007-02,q-bio.GN,4
2007-02,q-bio.MN,12
2007-02,q-bio.NC,5
2007-02,q-bio.OT,2
2007-02,q-bio.PE,16
2007-02,q-bio.QM,12
2007-02,q-bio.SC,5
2007-02,quant-ph,267
2007-03,astro-ph,809
2007-03,cond-mat.dis-nn,31
2007-03,cond-mat.mes-hall,160
2007-03,cond-mat.mtrl-sci,156
2007-03,cond-mat.other,67
2007-03,cond-mat.soft,71
2007-03,cond-mat.stat-mech,142
2007-03,cond-mat.str-el,125
2007-03,cond-mat.supr-con,69
2007-03,cs.AI,5
2007-03,cs.AR,1
2007-03,cs.CC,6
2007-03,cs.CE,1
2007-03,cs.CG,7
2007-03,cs.CL,2
2007-03,cs.CR,4
2007-03,cs.CV,2
2007-03,cs.CY,4
2007-03,cs.DB,7
2007-03,cs.DC,7
2007-03,cs.DL,3
2007-03,cs.DM,4
2007-03,cs.DS,8
2007-03,cs.GT,5
2007-03,cs.HC,4
2007-03,cs.IR,5
2007-03,cs.IT,36
2007-03,cs.LG,3
2007-03,cs.LO,7
2007-03,cs.MS,2
2007-03,cs.NE,2
2007-03,cs.NI,5
2007-03,cs.OH,4
2007-03,cs.PF,1
2007-03,cs.PL,8
2007-03,cs.RO,1
2007-03,cs.SC,2
2007-03,cs.SD,1
2007-03,cs.SE,4
2007-03,gr-qc,157
2007-03,hep-ex,49
2007-03,hep-lat,23
2007-03,hep-ph,321
2007-03,hep-th,290
2007-03,math-ph,90
2007-03,math.AC,30
2007-03,math.AG,79
2007-03,math.AP,60
2007-03,math.AT,12
2007-03,math.CA,44
2007-03,math.CO,63
2007-03,math.CT,4
2007-03,math.CV,20
2007-03,math.DG,73
2007-03,math.DS,40
2007-03,math.FA,27
2007-03,math.GM,9
2007-03,math.GN,5
2007-03,math.GR,37
2007-03,math.GT,37
2007-03,math.HO,2
2007-03,math.KT,9
2007-03,math.LO,10
2007-03,math.MG,7
2007-03,math.NA,10
2007-03,math.NT,74
2007-03,math.OA,28
2007-03,math.OC,29
2007-03,math.PR,101
2007-03,math.QA,21
2007-03,math.RA,22
2007-03,math.RT,40
2007-03,math.SG,13
2007-03,math.SP,9
2007-03,math.ST,32
2007-03,nlin.AO,8
2007-03,nlin.CD,25
2007-03,nlin.CG,3
2007-03,nlin.PS,21
2007-03,nlin.SI,13
2007-03,nucl-ex,46
2007-03,nucl-th,104
2007-03,physics.acc-ph,5
2007-03,physics.ao-ph,5
2007-03,physics.atm-clus,2
2007-03,physics.atom-ph,25
2007-03,physics.bio-ph,11
2007-03,physics.chem-ph,14
2007-03,physics.class-ph,13
2007-03,physics.comp-ph,6
2007-03,physics.data-an,10
2007-03,physics.ed-ph,5
2007-03,physics.flu-dyn,25
2007-03,physics.gen-ph,35
2007-03,physics.geo-ph,6
2007-03,physics.hist-ph,3
2007-03,physics.ins-det,23
2007-03,physics.med-ph,4
2007-03,physics.optics,51
2007-03,physics.plasm-ph,10
2007-03,physics.pop-ph,3
2007-03,physics.soc-ph,29
2007-03,physics.space-ph,2
2007-03,q-bio.BM,8
2007-03,q-bio.CB,2
2007-03,q-bio.GN,4
2007-03,q-bio.MN,8
2007-03,q-bio.NC,7
2007-03,q-bio.OT,1
2007-03,q-bio.PE,25
2007-03,q-bio.QM,11
2007-03,q-bio.SC,2
2007-03,q-bio.TO,1
2007-03,quant-ph,277
2007-04,astro-ph,799
2007-04,cond-mat.dis-nn,33
2007-04,cond-mat.mes-hall,120
2007-04,cond-mat.mtrl-sci,135
2007-04,cond-mat.other,62
2007-04,cond-mat.soft,60
2007-04,cond-mat.stat-mech,100
2007-04,cond-mat.str-el,122
2007-04,cond-mat.supr-con,79
2007-04,cs.AI,10
2007-04,cs.AR,1
2007-04,cs.CC,11
2007-04,cs.CE,2
2007-04,cs.CG,2
2007-04,cs.CL,4
2007-04,cs.CR,3
2007-04,cs.CV,2
2007-04,cs.CY,1
2007-04,cs.DB,3
2007-04,cs.DC,4
2007-04,cs.DL,4
2007-04,cs.DM,4
2007-04,cs.DS,7
2007-04,cs.GT,3
2007-04,cs.HC,3
2007-04,cs.IR,3
2007-04,cs.IT,74
2007-04,cs.LG,6
2007-04,cs.LO,6
2007-04,cs.MS,1
2007-04,cs.NE,6
2007-04,cs.NI,5
2007-04,cs.OH,4
2007-04,cs.PF,5
2007-04,cs.PL,1
2007-04,cs.RO,1
2007-04,cs.SC,1
2007-04,cs.SE,1
2007-04,gr-qc,132
2007-04,hep-ex,51
2007-04,hep-lat,27
2007-04,hep-ph,249
2007-04,hep-th,247
2007-04,math-ph,78
2007-04,math.AC,18
2007-04,math.AG,84
2007-04,math.AP,63
2007-04,math.AT,14
2007-04,math.CA,29
2007-04,math.CO,53
2007-04,math.CT,3
2007-04,math.CV,34
2007-04,math.DG,61
2007-04,math.DS,32
2007-04,math.FA,21
2007-04,math.GM,15
2007-04,math.GR,19
2007-04,math.GT,35
2007-04,math.HO,6
2007-04,math.KT,10
2007-04,math.LO,8
2007-04,math.MG,8
2007-04,math.NA,14
2007-04,math.NT,34
2007-04,math.OA,36
2007-04,math.OC,12
2007-04,math.PR,66
2007-04,math.QA,32
2007-04,math.RA,29
2007-04,math.RT,29
2007-04,math.SG,11
2007-04,math.SP,3
2007-04,math.ST,20
2007-04,nlin.AO,5
2007-04,nlin.CD,19
2007-04,nlin.CG,1
2007-04,nlin.PS,9
2007-04,nlin.SI,10
2007-04,nucl-ex,29
2007-04,nucl-th,85
2007-04,physics.acc-ph,2
2007-04,physics.ao-ph,3
2007-04,physics.atm-clus,3
2007-04,physics.atom-ph,27
2007-04,physics.bio-ph,14
2007-04,physics.chem-ph,12
2007-04,physics.class-ph,15
2007-04,physics.comp-ph,9
2007-04,physics.data-an,12
2007-04,physics.ed-ph,6
2007-04,physics.flu-dyn,15
2007-04,physics.gen-ph,45
2007-04,physics.geo-ph,6
2007-04,physics.hist-ph,3
2007-04,physics.ins-det,9
2007-04,physics.med-ph,4
2007-04,physics.optics,48
2007-04,physics.plasm-ph,11
2007-04,physics.pop-ph,1
2007-04,physics.soc-ph,24
2007-04,physics.space-ph,3
2007-04,q-bio.BM,8
2007-04,q-bio.CB,3
2007-04,q-bio.GN,3
2007-04,q-bio.MN,4
2007-04,q-bio.NC,6
2007-04,q-bio.OT,2
2007-04,q-bio.PE,10
2007-04,q-bio.QM,10
2007-04,q-bio.SC,4
2007-04,q-fin.CP,2
2007-04,q-fin.GN,3
2007-04,q-fin.PM,1
2007-04,q-fin.PR,2
2007-04,q-fin.RM,2
2007-04,q-fin.ST,9
2007-04,quant-ph,213
2007-04,stat.AP,5
2007-04,stat.ME,3
2007-05,astro-ph,808
2007-05,cond-mat.dis-nn,36
2007-05,cond-mat.mes-hall,150
2007-05,cond-mat.mtrl-sci,121
2007-05,cond-mat.other,75
2007-05,cond-mat.soft,84
2007-05,cond-mat.stat-mech,137
2007-05,cond-mat.str-el,136
2007-05,cond-mat.supr-con,85
2007-05,cs.AI,22
2007-05,cs.CC,3
2007-05,cs.CE,10
2007-05,cs.CG,11
2007-05,cs.CR,9
2007-05,cs.CV,6
2007-05,cs.CY,3
2007-05,cs.DB,12
2007-05,cs.DC,2
2007-05,cs.DL,3
2007-05,cs.DM,7
2007-05,cs.DS,16
2007-05,cs.GL,1
2007-05,cs.GT,7
2007-05,cs.HC,3
2007-05,cs.IR,4
2007-05,cs.IT,60
2007-05,cs.LG,3
2007-05,cs.LO,12
2007-05,cs.MA,2
2007-05,cs.MM,1
2007-05,cs.MS,1
2007-05,cs.NE,8
2007-05,cs.NI,12
2007-05,cs.OH,1
2007-05,cs.OS,1
2007-05,cs.PF,2
2007-05,cs.PL,5
2007-05,cs.RO,31
2007-05,cs.SC,1
2007-05,cs.SD,1
2007-05,cs.SE,2
2007-05,gr-qc,166
2007-05,hep-ex,84
2007-05,hep-lat,32
2007-05,hep-ph,339
2007-05,hep-th,332
2007-05,math-ph,95
2007-05,math.AC,22
2007-05,math.AG,101
2007-05,math.AP,49
2007-05,math.AT,12
2007-05,math.CA,35
2007-05,math.CO,54
2007-05,math.CT,6
2007-05,math.CV,19
2007-05,math.DG,58
2007-05,math.DS,37
2007-05,math.FA,33
2007-05,math.GM,14
2007-05,math.GN,5
2007-05,math.GR,20
2007-05,math.GT,43
2007-05,math.HO,7
2007-05,math.KT,10
2007-05,math.LO,26
2007-05,math.MG,12
2007-05,math.NA,17
2007-05,math.NT,48
2007-05,math.OA,29
2007-05,math.OC,11
2007-05,math.PR,62
2007-05,math.QA,19
2007-05,math.RA,16
2007-05,math.RT,43
2007-05,math.SG,16
2007-05,math.SP,20
2007-05,math.ST,23
2007-05,nlin.AO,5
2007-05,nlin.CD,23
2007-05,nlin.PS,12
2007-05,nlin.SI,18
2007-05,nucl-ex,57
2007-05,nucl-th,74
2007-05,physics.acc-ph,8
2007-05,physics.ao-ph,8
2007-05,physics.atm-clus,4
2007-05,physics.atom-ph,37
2007-05,physics.bio-ph,11
2007-05,physics.chem-ph,8
2007-05,physics.class-ph,13
2007-05,physics.comp-ph,9
2007-05,physics.data-an,17
2007-05,physics.ed-ph,5
2007-05,physics.flu-dyn,24
2007-05,physics.gen-ph,56
2007-05,physics.geo-ph,5
2007-05,physics.hist-ph,11
2007-05,physics.ins-det,13
2007-05,physics.med-ph,5
2007-05,physics.optics,44
2007-05,physics.plasm-ph,16
2007-05,physics.pop-ph,2
2007-05,physics.soc-ph,18
2007-05,physics.space-ph,1
2007-05,q-bio.BM,8
2007-05,q-bio.CB,2
2007-05,q-bio.GN,3
2007-05,q-bio.MN,7
2007-05,q-bio.NC,5
2007-05,q-bio.OT,2
2007-05,q-bio.PE,18
2007-05,q-bio.QM,9
2007-05,q-bio.SC,2
2007-05,q-bio.TO,2
2007-05,q-fin.GN,4
2007-05,q-fin.PM,3
2007-05,q-fin.PR,4
2007-05,q-fin.ST,3
2007-05,q-fin.TR,4
2007-05,quant-ph,282
2007-05,stat.AP,7
2007-05,stat.ME,7
2007-05,stat.ML,1
2007-06,astro-ph,818
2007-06,cond-mat.dis-nn,31
2007-06,cond-mat.mes-hall,138
2007-06,cond-mat.mtrl-sci,118
2007-06,cond-mat.other,97
2007-06,cond-mat.soft,71
2007-06,cond-mat.stat-mech,124
2007-06,cond-mat.str-el,135
2007-06,cond-mat.supr-con,84
2007-06,cs.AI,5
2007-06,cs.AR,4
2007-06,cs.CC,4
2007-06,cs.CE,4
2007-06,cs.CG,3
2007-06,cs.CR,10
2007-06,cs.CV,2
2007-06,cs.CY,5
2007-06,cs.DC,13
2007-06,cs.DL,1
2007-06,cs.DM,9
2007-06,cs.DS,9
2007-06,cs.GL,1
2007-06,cs.GR,1
2007-06,cs.GT,3
2007-06,cs.HC,5
2007-06,cs.IR,1
2007-06,cs.IT,30
2007-06,cs.LG,3
2007-06,cs.LO,13
2007-06,cs.MA,2
2007-06,cs.MM,3
2007-06,cs.NE,3
2007-06,cs.NI,11
2007-06,cs.OH,5
2007-06,cs.OS,1
2007-06,cs.PL,4
2007-06,cs.SC,2
2007-06,cs.SE,2
2007-06,gr-qc,151
2007-06,hep-ex,76
2007-06,hep-lat,31
2007-06,hep-ph,330
2007-06,hep-th,304
2007-06,math-ph,84
2007-06,math.AC,18
2007-06,math.AG,94
2007-06,math.AP,56
2007-06,math.AT,26
2007-06,math.CA,30
2007-06,math.CO,80
2007-06,math.CT,9
2007-06,math.CV,19
2007-06,math.DG,73
2007-06,math.DS,40
2007-06,math.FA,28
2007-06,math.GM,12
2007-06,math.GN,8
2007-06,math.GR,22
2007-06,math.GT,41
2007-06,math.HO,7
2007-06,math.KT,10
2007-06,math.LO,9
2007-06,math.MG,14
2007-06,math.NA,14
2007-06,math.NT,61
2007-06,math.OA,20
2007-06,math.OC,18
2007-06,math.PR,87
2007-06,math.QA,32
2007-06,math.RA,27
2007-06,math.RT,28
2007-06,math.SG,10
2007-06,math.SP,5
2007-06,math.ST,15
2007-06,nlin.AO,5
2007-06,nlin.CD,31
2007-06,nlin.CG,2
2007-06,nlin.PS,15
2007-06,nlin.SI,19
2007-06,nucl-ex,31
2007-06,nucl-th,97
2007-06,physics.acc-ph,5
2007-06,physics.ao-ph,4
2007-06,physics.atm-clus,2
2007-06,physics.atom-ph,29
2007-06,physics.bio-ph,15
2007-06,physics.chem-ph,25
2007-06,physics.class-ph,14
2007-06,physics.comp-ph,3
2007-06,physics.data-an,10
2007-06,physics.ed-ph,4
2007-06,physics.flu-dyn,21
2007-06,physics.gen-ph,40
2007-06,physics.geo-ph,8
2007-06,physics.hist-ph,5
2007-06,physics.ins-det,23
2007-06,physics.med-ph,5
2007-06,physics.optics,47
2007-06,physics.plasm-ph,14
2007-06,physics.pop-ph,4
2007-06,physics.soc-ph,18
2007-06,physics.space-ph,2
2007-06,q-bio.BM,11
2007-06,q-bio.CB,1
2007-06,q-bio.GN,6
2007-06,q-bio.MN,6
2007-06,q-bio.NC,6
2007-06,q-bio.OT,4
2007-06,q-bio.PE,10
2007-06,q-bio.QM,11
2007-06,q-bio.SC,8
2007-06,q-bio.TO,1
2007-06,q-fin.GN,3
2007-06,q-fin.PM,6
2007-06,q-fin.PR,2
2007-06,q-fin.RM,1
2007-06,q-fin.ST,5
2007-06,quant-ph,264
2007-06,stat.AP,3
2007-06,stat.CO,3
2007-06,stat.ME,8
2007-06,stat.ML,3
2007-07,astro-ph,787
2007-07,cond-mat.dis-nn,35
2007-07,cond-mat.mes-hall,189
2007-07,cond-mat.mtrl-sci,147
2007-07,cond-mat.other,92
2007-07,cond-mat.soft,68
2007-07,cond-mat.stat-mech,104
2007-07,cond-mat.str-el,135
2007-07,cond-mat.supr-con,80
2007-07,cs.AI,7
2007-07,cs.AR,1
2007-07,cs.CC,6
2007-07,cs.CE,4
2007-07,cs.CG,3
2007-07,cs.CL,5
2007-07,cs.CR,2
2007-07,cs.CV,1
2007-07,cs.CY,2
2007-07,cs.DB,10
2007-07,cs.DC,11
2007-07,cs.DL,3
2007-07,cs.DM,13
2007-07,cs.DS,13
2007-07,cs.GT,5
2007-07,cs.HC,3
2007-07,cs.IT,59
2007-07,cs.LG,2
2007-07,cs.LO,13
2007-07,cs.MA,1
2007-07,cs.MM,2
2007-07,cs.MS,2
2007-07,cs.NE,7
2007-07,cs.NI,6
2007-07,cs.OH,9
2007-07,cs.PL,3
2007-07,cs.RO,35
2007-07,cs.SE,4
2007-07,gr-qc,159
2007-07,hep-ex,105
2007-07,hep-lat,30
2007-07,hep-ph,357
2007-07,hep-th,257
2007-07,math-ph,92
2007-07,math.AC,22
2007-07,math.AG,98
2007-07,math.AP,47
2007-07,math.AT,26
2007-07,math.CA,36
2007-07,math.CO,63
2007-07,math.CT,3
2007-07,math.CV,13
2007-07,math.DG,74
2007-07,math.DS,36
2007-07,math.FA,35
2007-07,math.GM,20
2007-07,math.GN,3
2007-07,math.GR,23
2007-07,math.GT,45
2007-07,math.HO,10
2007-07,math.KT,9
2007-07,math.LO,9
2007-07,math.MG,11
2007-07,math.NA,14
2007-07,math.NT,71
2007-07,math.OA,28
2007-07,math.OC,20
2007-07,math.PR,109
2007-07,math.QA,27
2007-07,math.RA,19
2007-07,math.RT,26
2007-07,math.SG,8
2007-07,math.SP,17
2007-07,math.ST,21
2007-07,nlin.AO,7
2007-07,nlin.CD,22
2007-07,nlin.CG,5
2007-07,nlin.PS,11
2007-07,nlin.SI,21
2007-07,nucl-ex,43
2007-07,nucl-th,79
2007-07,physics.acc-ph,10
2007-07,physics.ao-ph,3
2007-07,physics.atm-clus,6
2007-07,physics.atom-ph,29
2007-07,physics.bio-ph,13
2007-07,physics.chem-ph,14
2007-07,physics.class-ph,13
2007-07,physics.comp-ph,9
2007-07,physics.data-an,11
2007-07,physics.ed-ph,3
2007-07,physics.flu-dyn,26
2007-07,physics.gen-ph,45
2007-07,physics.geo-ph,18
2007-07,physics.hist-ph,2
2007-07,physics.ins-det,15
2007-07,physics.med-ph,4
2007-07,physics.optics,44
2007-07,physics.plasm-ph,12
2007-07,physics.pop-ph,3
2007-07,physics.soc-ph,19
2007-07,physics.space-ph,2
2007-07,q-bio.BM,10
2007-07,q-bio.CB,5
2007-07,q-bio.GN,6
2007-07,q-bio.MN,8
2007-07,q-bio.NC,6
2007-07,q-bio.OT,5
2007-07,q-bio.PE,20
2007-07,q-bio.QM,5
2007-07,q-bio.SC,2
2007-07,q-fin.GN,7
2007-07,q-fin.PM,2
2007-07,q-fin.RM,1
2007-07,q-fin.ST,5
2007-07,quant-ph,249
2007-07,stat.AP,5
2007-07,stat.CO,2
2007-07,stat.ME,7
2007-07,stat.ML,3
2007-08,astro-ph,777
2007-08,cond-mat.dis-nn,37
2007-08,cond-mat.mes-hall,132
2007-08,cond-mat.mtrl-sci,183
2007-08,cond-mat.other,71
2007-08,cond-mat.soft,62
2007-08,cond-mat.stat-mech,94
2007-08,cond-mat.str-el,130
2007-08,cond-mat.supr-con,81
2007-08,cs.AI,6
2007-08,cs.AR,4
2007-08,cs.CC,4
2007-08,cs.CE,7
2007-08,cs.CG,2
2007-08,cs.CL,1
2007-08,cs.CR,7
2007-08,cs.CV,4
2007-08,cs.CY,4
2007-08,cs.DB,4
2007-08,cs.DC,6
2007-08,cs.DL,1
2007-08,cs.DM,11
2007-08,cs.DS,9
2007-08,cs.FL,1
2007-08,cs.GR,1
2007-08,cs.GT,1
2007-08,cs.HC,11
2007-08,cs.IR,3
2007-08,cs.IT,47
2007-08,cs.LG,4
2007-08,cs.LO,9
2007-08,cs.MA,1
2007-08,cs.MS,2
2007-08,cs.NI,13
2007-08,cs.PL,1
2007-08,cs.RO,12
2007-08,cs.SC,1
2007-08,gr-qc,147
2007-08,hep-ex,70
2007-08,hep-lat,37
2007-08,hep-ph,289
2007-08,hep-th,280
2007-08,math-ph,96
2007-08,math.AC,20
2007-08,math.AG,69
2007-08,math.AP,42
2007-08,math.AT,21
2007-08,math.CA,16
2007-08,math.CO,48
2007-08,math.CT,17
2007-08,math.CV,28
2007-08,math.DG,69
2007-08,math.DS,29
2007-08,math.FA,21
2007-08,math.GM,7
2007-08,math.GN,5
2007-08,math.GR,34
2007-08,math.GT,41
2007-08,math.HO,2
2007-08,math.KT,10
2007-08,math.LO,14
2007-08,math.MG,11
2007-08,math.NA,13
2007-08,math.NT,66
2007-08,math.OA,22
2007-08,math.OC,12
2007-08,math.PR,77
2007-08,math.QA,26
2007-08,math.RA,19
2007-08,math.RT,40
2007-08,math.SG,13
2007-08,math.SP,17
2007-08,math.ST,81
2007-08,nlin.AO,9
2007-08,nlin.CD,23
2007-08,nlin.PS,14
2007-08,nlin.SI,15
2007-08,nucl-ex,31
2007-08,nucl-th,76
2007-08,physics.acc-ph,1
2007-08,physics.ao-ph,3
2007-08,physics.atm-clus,3
2007-08,physics.atom-ph,31
2007-08,physics.bio-ph,13
2007-08,physics.chem-ph,12
2007-08,physics.class-ph,11
2007-08,physics.comp-ph,5
2007-08,physics.data-an,12
2007-08,physics.ed-ph,12
2007-08,physics.flu-dyn,18
2007-08,physics.gen-ph,43
2007-08,physics.geo-ph,3
2007-08,physics.hist-ph,5
2007-08,physics.ins-det,11
2007-08,physics.med-ph,2
2007-08,physics.optics,37
2007-08,physics.plasm-ph,12
2007-08,physics.soc-ph,33
2007-08,physics.space-ph,1
2007-08,q-bio.BM,12
2007-08,q-bio.CB,3
2007-08,q-bio.GN,5
2007-08,q-bio.MN,8
2007-08,q-bio.NC,7
2007-08,q-bio.OT,3
2007-08,q-bio.PE,10
2007-08,q-bio.QM,5
2007-08,q-bio.SC,4
2007-08,q-bio.TO,9
2007-08,q-fin.CP,1
2007-08,q-fin.GN,4
2007-08,q-fin.PM,3
2007-08,q-fin.PR,6
2007-08,q-fin.RM,5
2007-08,q-fin.ST,8
2007-08,q-fin.TR,4
2007-08,quant-ph,255
2007-08,stat.AP,10
2007-08,stat.CO,3
2007-08,stat.ME,39
2007-08,stat.ML,1
2007-09,astro-ph,955
2007-09,cond-mat.dis-nn,42
2007-09,cond-mat.mes-hall,125
2007-09,cond-mat.mtrl-sci,163
2007-09,cond-mat.other,89
2007-09,cond-mat.quant-gas,2
2007-09,cond-mat.soft,93
2007-09,cond-mat.stat-mech,120
2007-09,cond-mat.str-el,114
2007-09,cond-mat.supr-con,81
2007-09,cs.AI,14
2007-09,cs.CC,11
2007-09,cs.CE,2
2007-09,cs.CG,9
2007-09,cs.CL,2
2007-09,cs.CR,5
2007-09,cs.CV,4
2007-09,cs.CY,2
2007-09,cs.DB,5
2007-09,cs.DC,7
2007-09,cs.DL,1
2007-09,cs.DM,14
2007-09,cs.DS,5
2007-09,cs.GR,1
2007-09,cs.GT,6
2007-09,cs.HC,5
2007-09,cs.IR,2
2007-09,cs.IT,34
2007-09,cs.LG,7
2007-09,cs.LO,6
2007-09,cs.MA,1
2007-09,cs.MS,1
2007-09,cs.NE,5
2007-09,cs.NI,7
2007-09,cs.OS,1
2007-09,cs.RO,3
2007-09,gr-qc,151
2007-09,hep-ex,60
2007-09,hep-lat,70
2007-09,hep-ph,371
2007-09,hep-th,255
2007-09,math-ph,100
2007-09,math.AC,28
2007-09,math.AG,83
2007-09,math.AP,59
2007-09,math.AT,19
2007-09,math.CA,52
2007-09,math.CO,79
2007-09,math.CT,3
2007-09,math.CV,29
2007-09,math.DG,90
2007-09,math.DS,42
2007-09,math.FA,44
2007-09,math.GM,8
2007-09,math.GN,5
2007-09,math.GR,31
2007-09,math.GT,44
2007-09,math.HO,5
2007-09,math.KT,11
2007-09,math.LO,20
2007-09,math.MG,20
2007-09,math.NA,12
2007-09,math.NT,79
2007-09,math.OA,18
2007-09,math.OC,19
2007-09,math.PR,83
2007-09,math.QA,14
2007-09,math.RA,21
2007-09,math.RT,46
2007-09,math.SG,18
2007-09,math.SP,12
2007-09,math.ST,32
2007-09,nlin.AO,3
2007-09,nlin.CD,15
2007-09,nlin.CG,3
2007-09,nlin.PS,7
2007-09,nlin.SI,10
2007-09,nucl-ex,49
2007-09,nucl-th,80
2007-09,physics.acc-ph,10
2007-09,physics.ao-ph,2
2007-09,physics.atm-clus,3
2007-09,physics.atom-ph,33
2007-09,physics.bio-ph,11
2007-09,physics.chem-ph,9
2007-09,physics.class-ph,15
2007-09,physics.comp-ph,11
2007-09,physics.data-an,16
2007-09,physics.ed-ph,6
2007-09,physics.flu-dyn,25
2007-09,physics.gen-ph,31
2007-09,physics.geo-ph,12
2007-09,physics.hist-ph,12
2007-09,physics.ins-det,37
2007-09,physics.med-ph,9
2007-09,physics.optics,46
2007-09,physics.plasm-ph,10
2007-09,physics.pop-ph,4
2007-09,physics.soc-ph,31
2007-09,q-bio.BM,7
2007-09,q-bio.CB,1
2007-09,q-bio.GN,7
2007-09,q-bio.MN,7
2007-09,q-bio.NC,5
2007-09,q-bio.OT,1
2007-09,q-bio.PE,13
2007-09,q-bio.QM,10
2007-09,q-bio.SC,2
2007-09,q-fin.GN,8
2007-09,q-fin.PM,4
2007-09,q-fin.PR,3
2007-09,q-fin.RM,1
2007-09,q-fin.ST,21
2007-09,q-fin.TR,4
2007-09,quant-ph,223
2007-09,stat.AP,9
2007-09,stat.CO,3
2007-09,stat.ME,18
2007-09,stat.ML,4
2007-10,astro-ph,982
2007-10,cond-mat.dis-nn,43
2007-10,cond-mat.mes-hall,138
2007-10,cond-mat.mtrl-sci,148
2007-10,cond-mat.other,76
2007-10,cond-mat.soft,92
2007-10,cond-mat.stat-mech,135
2007-10,cond-mat.str-el,139
2007-10,cond-mat.supr-con,86
2007-10,cs.AI,6
2007-10,cs.AR,109
2007-10,cs.CC,10
2007-10,cs.CE,5
2007-10,cs.CG,4
2007-10,cs.CL,10
2007-10,cs.CR,13
2007-10,cs.CV,5
2007-10,cs.CY,6
2007-10,cs.DB,5
2007-10,cs.DC,6
2007-10,cs.DM,8
2007-10,cs.DS,8
2007-10,cs.GT,2
2007-10,cs.HC,4
2007-10,cs.IR,2
2007-10,cs.IT,58
2007-10,cs.LG,4
2007-10,cs.LO,21
2007-10,cs.MA,1
2007-10,cs.MM,5
2007-10,cs.NE,6
2007-10,cs.NI,27
2007-10,cs.OH,21
2007-10,cs.OS,2
2007-10,cs.PF,6
2007-10,cs.PL,9
2007-10,cs.RO,1
2007-10,cs.SC,2
2007-10,cs.SE,6
2007-10,gr-qc,202
2007-10,hep-ex,118
2007-10,hep-lat,224
2007-10,hep-ph,500
2007-10,hep-th,352
2007-10,math-ph,114
2007-10,math.AC,26
2007-10,math.AG,121
2007-10,math.AP,52
2007-10,math.AT,30
2007-10,math.CA,34
2007-10,math.CO,88
2007-10,math.CT,7
2007-10,math.CV,41
2007-10,math.DG,109
2007-10,math.DS,44
2007-10,math.FA,35
2007-10,math.GM,4
2007-10,math.GN,5
2007-10,math.GR,34
2007-10,math.GT,44
2007-10,math.HO,11
2007-10,math.KT,15
2007-10,math.LO,7
2007-10,math.MG,20
2007-10,math.NA,20
2007-10,math.NT,77
2007-10,math.OA,18
2007-10,math.OC,8
2007-10,math.PR,89
2007-10,math.QA,39
2007-10,math.RA,34
2007-10,math.RT,63
2007-10,math.SG,16
2007-10,math.SP,14
2007-10,math.ST,42
2007-10,nlin.AO,3
2007-10,nlin.CD,30
2007-10,nlin.PS,13
2007-10,nlin.SI,27
2007-10,nucl-ex,46
2007-10,nucl-th,113
2007-10,physics.acc-ph,4
2007-10,physics.ao-ph,3
2007-10,physics.atm-clus,5
2007-10,physics.atom-ph,28
2007-10,physics.bio-ph,15
2007-10,physics.chem-ph,16
2007-10,physics.class-ph,17
2007-10,physics.comp-ph,10
2007-10,physics.data-an,12
2007-10,physics.ed-ph,3
2007-10,physics.flu-dyn,19
2007-10,physics.gen-ph,38
2007-10,physics.geo-ph,7
2007-10,physics.hist-ph,8
2007-10,physics.ins-det,17
2007-10,physics.med-ph,4
2007-10,physics.optics,40
2007-10,physics.plasm-ph,22
2007-10,physics.pop-ph,2
2007-10,physics.soc-ph,38
2007-10,physics.space-ph,1
2007-10,q-bio.BM,7
2007-10,q-bio.CB,2
2007-10,q-bio.GN,8
2007-10,q-bio.MN,7
2007-10,q-bio.NC,4
2007-10,q-bio.OT,2
2007-10,q-bio.PE,13
2007-10,q-bio.QM,10
2007-10,q-fin.CP,1
2007-10,q-fin.GN,9
2007-10,q-fin.PM,1
2007-10,q-fin.PR,5
2007-10,q-fin.RM,2
2007-10,q-fin.ST,7
2007-10,q-fin.TR,2
2007-10,quant-ph,268
2007-10,stat.AP,14
2007-10,stat.CO,3
2007-10,stat.ME,32
2007-10,stat.ML,5
2007-11,astro-ph,921
2007-11,cond-mat.dis-nn,42
2007-11,cond-mat.mes-hall,141
2007-11,cond-mat.mtrl-sci,145
2007-11,cond-mat.other,74
2007-11,cond-mat.quant-gas,1
2007-11,cond-mat.soft,61
2007-11,cond-mat.stat-mech,137
2007-11,cond-mat.str-el,116
2007-11,cond-mat.supr-con,61
2007-11,cs.AI,6
2007-11,cs.AR,4
2007-11,cs.CC,8
2007-11,cs.CE,2
2007-11,cs.CG,5
2007-11,cs.CL,16
2007-11,cs.CR,5
2007-11,cs.CV,1
2007-11,cs.CY,3
2007-11,cs.DB,3
2007-11,cs.DC,13
2007-11,cs.DL,1
2007-11,cs.DM,15
2007-11,cs.DS,13
2007-11,cs.GT,6
2007-11,cs.HC,7
2007-11,cs.IR,6
2007-11,cs.IT,53
2007-11,cs.LG,5
2007-11,cs.LO,6
2007-11,cs.MM,1
2007-11,cs.MS,1
2007-11,cs.NE,4
2007-11,cs.NI,10
2007-11,cs.OH,53
2007-11,cs.PL,9
2007-11,cs.RO,2
2007-11,cs.SE,5
2007-11,gr-qc,168
2007-11,hep-ex,65
2007-11,hep-lat,55
2007-11,hep-ph,361
2007-11,hep-th,287
2007-11,math-ph,128
2007-11,math.AC,15
2007-11,math.AG,76
2007-11,math.AP,70
2007-11,math.AT,23
2007-11,math.CA,42
2007-11,math.CO,91
2007-11,math.CT,13
2007-11,math.CV,33
2007-11,math.DG,76
2007-11,math.DS,47
2007-11,math.FA,35
2007-11,math.GM,12
2007-11,math.GN,3
2007-11,math.GR,42
2007-11,math.GT,28
2007-11,math.HO,5
2007-11,math.KT,12
2007-11,math.LO,30
2007-11,math.MG,12
2007-11,math.NA,11
2007-11,math.NT,66
2007-11,math.OA,20
2007-11,math.OC,16
2007-11,math.PR,98
2007-11,math.QA,40
2007-11,math.RA,21
2007-11,math.RT,49
2007-11,math.SG,11
2007-11,math.SP,19
2007-11,math.ST,38
2007-11,nlin.AO,5
2007-11,nlin.CD,25
2007-11,nlin.CG,4
2007-11,nlin.PS,14
2007-11,nlin.SI,20
2007-11,nucl-ex,45
2007-11,nucl-th,120
2007-11,physics.acc-ph,6
2007-11,physics.ao-ph,2
2007-11,physics.atm-clus,4
2007-11,physics.atom-ph,41
2007-11,physics.bio-ph,14
2007-11,physics.chem-ph,7
2007-11,physics.class-ph,17
2007-11,physics.comp-ph,9
2007-11,physics.data-an,9
2007-11,physics.ed-ph,6
2007-11,physics.flu-dyn,11
2007-11,physics.gen-ph,41
2007-11,physics.geo-ph,7
2007-11,physics.hist-ph,2
2007-11,physics.ins-det,20
2007-11,physics.med-ph,8
2007-11,physics.optics,48
2007-11,physics.plasm-ph,15
2007-11,physics.pop-ph,5
2007-11,physics.soc-ph,32
2007-11,physics.space-ph,3
2007-11,q-bio.BM,15
2007-11,q-bio.CB,4
2007-11,q-bio.MN,13
2007-11,q-bio.NC,6
2007-11,q-bio.OT,2
2007-11,q-bio.PE,16
2007-11,q-bio.QM,11
2007-11,q-bio.SC,1
2007-11,q-bio.TO,3
2007-11,q-fin.GN,3
2007-11,q-fin.PM,1
2007-11,q-fin.PR,5
2007-11,q-fin.ST,6
2007-11,q-fin.TR,1
2007-11,quant-ph,284
2007-11,stat.AP,5
2007-11,stat.CO,3
2007-11,stat.ME,18
2007-11,stat.ML,2
2007-12,astro-ph,834
2007-12,cond-mat.dis-nn,36
2007-12,cond-mat.mes-hall,146
2007-12,cond-mat.mtrl-sci,124
2007-12,cond-mat.other,73
2007-12,cond-mat.soft,47
2007-12,cond-mat.stat-mech,99
2007-12,cond-mat.str-el,111
2007-12,cond-mat.supr-con,69
2007-12,cs.AI,14
2007-12,cs.AR,2
2007-12,cs.CC,7
2007-12,cs.CE,2
2007-12,cs.CG,4
2007-12,cs.CL,1
2007-12,cs.CR,18
2007-12,cs.CV,7
2007-12,cs.CY,1
2007-12,cs.DB,3
2007-12,cs.DC,4
2007-12,cs.DL,3
2007-12,cs.DM,16
2007-12,cs.DS,11
2007-12,cs.GL,1
2007-12,cs.GR,2
2007-12,cs.GT,7
2007-12,cs.HC,7
2007-12,cs.IR,2
2007-12,cs.IT,46
2007-12,cs.LG,7
2007-12,cs.LO,15
2007-12,cs.MA,3
2007-12,cs.NE,9
2007-12,cs.NI,16
2007-12,cs.OH,9
2007-12,cs.OS,1
2007-12,cs.PF,1
2007-12,cs.PL,10
2007-12,cs.SC,2
2007-12,cs.SE,6
2007-12,gr-qc,166
2007-12,hep-ex,77
2007-12,hep-lat,27
2007-12,hep-ph,336
2007-12,hep-th,328
2007-12,math-ph,110
2007-12,math.AC,26
2007-12,math.AG,89
2007-12,math.AP,69
2007-12,math.AT,27
2007-12,math.CA,33
2007-12,math.CO,66
2007-12,math.CT,11
2007-12,math.CV,17
2007-12,math.DG,71
2007-12,math.DS,43
2007-12,math.FA,27
2007-12,math.GM,9
2007-12,math.GN,4
2007-12,math.GR,19
2007-12,math.GT,40
2007-12,math.HO,8
2007-12,math.KT,4
2007-12,math.LO,7
2007-12,math.MG,7
2007-12,math.NA,24
2007-12,math.NT,72
2007-12,math.OA,23
2007-12,math.OC,15
2007-12,math.PR,123
2007-12,math.QA,28
2007-12,math.RA,35
2007-12,math.RT,42
2007-12,math.SG,15
2007-12,math.SP,13
2007-12,math.ST,26
2007-12,nlin.AO,8
2007-12,nlin.CD,20
2007-12,nlin.CG,2
2007-12,nlin.PS,17
2007-12,nlin.SI,12
2007-12,nucl-ex,40
2007-12,nucl-th,99
2007-12,physics.acc-ph,9
2007-12,physics.ao-ph,5
2007-12,physics.atm-clus,1
2007-12,physics.atom-ph,22
2007-12,physics.bio-ph,20
2007-12,physics.chem-ph,14
2007-12,physics.class-ph,18
2007-12,physics.comp-ph,14
2007-12,physics.data-an,14
2007-12,physics.ed-ph,6
2007-12,physics.flu-dyn,21
2007-12,physics.gen-ph,33
2007-12,physics.geo-ph,2
2007-12,physics.hist-ph,3
2007-12,physics.ins-det,14
2007-12,physics.med-ph,3
2007-12,physics.optics,45
2007-12,physics.plasm-ph,18
2007-12,physics.pop-ph,2
2007-12,physics.soc-ph,27
2007-12,physics.space-ph,2
2007-12,q-bio.BM,8
2007-12,q-bio.CB,1
2007-12,q-bio.GN,3
2007-12,q-bio.MN,10
2007-12,q-bio.NC,9
2007-12,q-bio.OT,2
2007-12,q-bio.PE,13
2007-12,q-bio.QM,13
2007-12,q-bio.SC,1
2007-12,q-bio.TO,2
2007-12,q-fin.CP,1
2007-12,q-fin.GN,4
2007-12,q-fin.PM,2
2007-12,q-fin.PR,3
2007-12,q-fin.RM,1
2007-12,q-fin.ST,4
2007-12,q-fin.TR,8
2007-12,quant-ph,204
2007-12,stat.AP,19
2007-12,stat.CO,4
2007-12,stat.ME,13
2007-12,stat.ML,2
2008-01,astro-ph,980
2008-01,cond-mat.dis-nn,36
2008-01,cond-mat.mes-hall,148
2008-01,cond-mat.mtrl-sci,145
2008-01,cond-mat.other,70
2008-01,cond-mat.soft,64
2008-01,cond-mat.stat-mech,106
2008-01,cond-mat.str-el,137
2008-01,cond-mat.supr-con,74
2008-01,cs.AI,3
2008-01,cs.AR,1
2008-01,cs.CC,19
2008-01,cs.CE,2
2008-01,cs.CG,6
2008-01,cs.CL,7
2008-01,cs.CR,10
2008-01,cs.CV,2
2008-01,cs.CY,9
2008-01,cs.DB,1
2008-01,cs.DC,4
2008-01,cs.DL,2
2008-01,cs.DM,13
2008-01,cs.DS,8
2008-01,cs.GR,3
2008-01,cs.GT,3
2008-01,cs.HC,7
2008-01,cs.IR,3
2008-01,cs.IT,70
2008-01,cs.LG,2
2008-01,cs.LO,15
2008-01,cs.MA,2
2008-01,cs.MM,1
2008-01,cs.NE,15
2008-01,cs.NI,5
2008-01,cs.OH,9
2008-01,cs.OS,1
2008-01,cs.PL,7
2008-01,cs.RO,1
2008-01,cs.SC,3
2008-01,cs.SE,7
2008-01,gr-qc,149
2008-01,hep-ex,43
2008-01,hep-lat,25
2008-01,hep-ph,280
2008-01,hep-th,255
2008-01,math-ph,82
2008-01,math.AC,24
2008-01,math.AG,87
2008-01,math.AP,68
2008-01,math.AT,14
2008-01,math.CA,17
2008-01,math.CO,76
2008-01,math.CT,3
2008-01,math.CV,30
2008-01,math.DG,60
2008-01,math.DS,49
2008-01,math.FA,30
2008-01,math.GM,13
2008-01,math.GN,6
2008-01,math.GR,25
2008-01,math.GT,45
2008-01,math.HO,6
2008-01,math.KT,8
2008-01,math.LO,22
2008-01,math.MG,8
2008-01,math.NA,14
2008-01,math.NT,72
2008-01,math.OA,22
2008-01,math.OC,18
2008-01,math.PR,99
2008-01,math.QA,27
2008-01,math.RA,38
2008-01,math.RT,44
2008-01,math.SG,12
2008-01,math.SP,16
2008-01,math.ST,25
2008-01,nlin.AO,3
2008-01,nlin.CD,35
2008-01,nlin.CG,3
2008-01,nlin.PS,8
2008-01,nlin.SI,9
2008-01,nucl-ex,45
2008-01,nucl-th,91
2008-01,physics.acc-ph,3
2008-01,physics.ao-ph,7
2008-01,physics.atm-clus,5
2008-01,physics.atom-ph,33
2008-01,physics.bio-ph,10
2008-01,physics.chem-ph,15
2008-01,physics.class-ph,21
2008-01,physics.comp-ph,11
2008-01,physics.data-an,12
2008-01,physics.ed-ph,2
2008-01,physics.flu-dyn,33
2008-01,physics.gen-ph,75
2008-01,physics.geo-ph,19
2008-01,physics.hist-ph,6
2008-01,physics.ins-det,7
2008-01,physics.med-ph,4
2008-01,physics.optics,44
2008-01,physics.plasm-ph,25
2008-01,physics.pop-ph,5
2008-01,physics.soc-ph,28
2008-01,physics.space-ph,2
2008-01,q-bio.BM,6
2008-01,q-bio.CB,1
2008-01,q-bio.GN,2
2008-01,q-bio.MN,2
2008-01,q-bio.NC,10
2008-01,q-bio.OT,7
2008-01,q-bio.PE,24
2008-01,q-bio.QM,7
2008-01,q-bio.SC,4
2008-01,q-bio.TO,2
2008-01,q-fin.GN,4
2008-01,q-fin.PM,3
2008-01,q-fin.PR,2
2008-01,q-fin.ST,9
2008-01,q-fin.TR,4
2008-01,quant-ph,260
2008-01,stat.AP,8
2008-01,stat.CO,7
2008-01,stat.ME,16
2008-01,stat.ML,1
2008-02,astro-ph,853
2008-02,cond-mat.dis-nn,33
2008-02,cond-mat.mes-hall,146
2008-02,cond-mat.mtrl-sci,140
2008-02,cond-mat.other,69
2008-02,cond-mat.soft,52
2008-02,cond-mat.stat-mech,109
2008-02,cond-mat.str-el,107
2008-02,cond-mat.supr-con,69
2008-02,cs.AI,4
2008-02,cs.AR,1
2008-02,cs.CC,25
2008-02,cs.CE,1
2008-02,cs.CG,9
2008-02,cs.CL,3
2008-02,cs.CR,12
2008-02,cs.CV,4
2008-02,cs.CY,4
2008-02,cs.DB,3
2008-02,cs.DC,7
2008-02,cs.DL,1
2008-02,cs.DM,14
2008-02,cs.DS,31
2008-02,cs.GT,4
2008-02,cs.HC,10
2008-02,cs.IR,4
2008-02,cs.IT,75
2008-02,cs.LG,6
2008-02,cs.LO,14
2008-02,cs.MA,2
2008-02,cs.NE,11
2008-02,cs.NI,15
2008-02,cs.OH,71
2008-02,cs.PL,3
2008-02,cs.RO,1
2008-02,cs.SC,2
2008-02,cs.SE,12
2008-02,gr-qc,129
2008-02,hep-ex,44
2008-02,hep-lat,22
2008-02,hep-ph,286
2008-02,hep-th,213
2008-02,math-ph,107
2008-02,math.AC,14
2008-02,math.AG,91
2008-02,math.AP,63
2008-02,math.AT,13
2008-02,math.CA,31
2008-02,math.CO,55
2008-02,math.CT,10
2008-02,math.CV,29
2008-02,math.DG,77
2008-02,math.DS,44
2008-02,math.FA,28
2008-02,math.GM,16
2008-02,math.GN,6
2008-02,math.GR,27
2008-02,math.GT,55
2008-02,math.HO,3
2008-02,math.KT,6
2008-02,math.LO,11
2008-02,math.MG,4
2008-02,math.NA,18
2008-02,math.NT,66
2008-02,math.OA,19
2008-02,math.OC,16
2008-02,math.PR,74
2008-02,math.QA,22
2008-02,math.RA,20
2008-02,math.RT,38
2008-02,math.SG,12
2008-02,math.SP,16
2008-02,math.ST,30
2008-02,nlin.AO,4
2008-02,nlin.CD,23
2008-02,nlin.CG,6
2008-02,nlin.PS,11
2008-02,nlin.SI,24
2008-02,nucl-ex,31
2008-02,nucl-th,81
2008-02,physics.acc-ph,8
2008-02,physics.ao-ph,6
2008-02,physics.atm-clus,6
2008-02,physics.atom-ph,36
2008-02,physics.bio-ph,8
2008-02,physics.chem-ph,13
2008-02,physics.class-ph,15
2008-02,physics.comp-ph,7
2008-02,physics.data-an,11
2008-02,physics.ed-ph,6
2008-02,physics.flu-dyn,24
2008-02,physics.gen-ph,30
2008-02,physics.geo-ph,3
2008-02,physics.hist-ph,5
2008-02,physics.ins-det,8
2008-02,physics.med-ph,2
2008-02,physics.optics,36
2008-02,physics.plasm-ph,14
2008-02,physics.soc-ph,29
2008-02,physics.space-ph,1
2008-02,q-bio.BM,14
2008-02,q-bio.CB,2
2008-02,q-bio.MN,12
2008-02,q-bio.NC,11
2008-02,q-bio.OT,2
2008-02,q-bio.PE,8
2008-02,q-bio.QM,7
2008-02,q-bio.TO,1
2008-02,q-fin.CP,3
2008-02,q-fin.GN,3
2008-02,q-fin.PR,7
2008-02,q-fin.RM,1
2008-02,q-fin.ST,8
2008-02,q-fin.TR,3
2008-02,quant-ph,230
2008-02,stat.AP,15
2008-02,stat.CO,4
2008-02,stat.ME,31
2008-02,stat.ML,6
2008-03,astro-ph,716
2008-03,cond-mat.dis-nn,41
2008-03,cond-mat.mes-hall,151
2008-03,cond-mat.mtrl-sci,134
2008-03,cond-mat.other,84
2008-03,cond-mat.soft,55
2008-03,cond-mat.stat-mech,139
2008-03,cond-mat.str-el,128
2008-03,cond-mat.supr-con,121
2008-03,cs.AI,10
2008-03,cs.CC,7
2008-03,cs.CG,2
2008-03,cs.CL,1
2008-03,cs.CR,10
2008-03,cs.CV,5
2008-03,cs.CY,3
2008-03,cs.DB,8
2008-03,cs.DC,10
2008-03,cs.DL,2
2008-03,cs.DM,14
2008-03,cs.DS,14
2008-03,cs.GT,3
2008-03,cs.HC,17
2008-03,cs.IR,2
2008-03,cs.IT,44
2008-03,cs.LG,2
2008-03,cs.LO,13
2008-03,cs.MM,1
2008-03,cs.MS,3
2008-03,cs.NE,36
2008-03,cs.NI,16
2008-03,cs.OH,5
2008-03,cs.OS,3
2008-03,cs.RO,1
2008-03,cs.SC,6
2008-03,cs.SD,1
2008-03,cs.SE,8
2008-03,gr-qc,140
2008-03,hep-ex,36
2008-03,hep-lat,32
2008-03,hep-ph,291
2008-03,hep-th,260
2008-03,math-ph,96
2008-03,math.AC,23
2008-03,math.AG,94
2008-03,math.AP,72
2008-03,math.AT,16
2008-03,math.CA,28
2008-03,math.CO,82
2008-03,math.CT,8
2008-03,math.CV,25
2008-03,math.DG,76
2008-03,math.DS,37
2008-03,math.FA,30
2008-03,math.GM,20
2008-03,math.GN,11
2008-03,math.GR,32
2008-03,math.GT,44
2008-03,math.HO,4
2008-03,math.KT,16
2008-03,math.LO,11
2008-03,math.MG,9
2008-03,math.NA,22
2008-03,math.NT,83
2008-03,math.OA,26
2008-03,math.OC,19
2008-03,math.PR,69
2008-03,math.QA,28
2008-03,math.RA,24
2008-03,math.RT,35
2008-03,math.SG,12
2008-03,math.SP,18
2008-03,math.ST,58
2008-03,nlin.AO,6
2008-03,nlin.CD,25
2008-03,nlin.CG,1
2008-03,nlin.PS,14
2008-03,nlin.SI,16
2008-03,nucl-ex,20
2008-03,nucl-th,72
2008-03,physics.acc-ph,3
2008-03,physics.ao-ph,7
2008-03,physics.atm-clus,2
2008-03,physics.atom-ph,26
2008-03,physics.bio-ph,8
2008-03,physics.chem-ph,14
2008-03,physics.class-ph,16
2008-03,physics.comp-ph,10
2008-03,physics.data-an,12
2008-03,physics.ed-ph,4
2008-03,physics.flu-dyn,13
2008-03,physics.gen-ph,43
2008-03,physics.geo-ph,16
2008-03,physics.hist-ph,8
2008-03,physics.ins-det,7
2008-03,physics.med-ph,6
2008-03,physics.optics,43
2008-03,physics.plasm-ph,19
2008-03,physics.pop-ph,4
2008-03,physics.soc-ph,34
2008-03,physics.space-ph,3
2008-03,q-bio.BM,2
2008-03,q-bio.CB,1
2008-03,q-bio.GN,5
2008-03,q-bio.MN,7
2008-03,q-bio.NC,5
2008-03,q-bio.OT,1
2008-03,q-bio.PE,16
2008-03,q-bio.QM,11
2008-03,q-bio.SC,4
2008-03,q-fin.GN,9
2008-03,q-fin.PM,2
2008-03,q-fin.PR,8
2008-03,q-fin.RM,1
2008-03,q-fin.ST,8
2008-03,q-fin.TR,2
2008-03,quant-ph,251
2008-03,stat.AP,24
2008-03,stat.CO,4
2008-03,stat.ME,9
2008-03,stat.ML,2
2008-04,astro-ph,764
2008-04,cond-mat.dis-nn,26
2008-04,cond-mat.mes-hall,142
2008-04,cond-mat.mtrl-sci,154
2008-04,cond-mat.other,81
2008-04,cond-mat.soft,62
2008-04,cond-mat.stat-mech,125
2008-04,cond-mat.str-el,158
2008-04,cond-mat.supr-con,120
2008-04,cs.AI,7
2008-04,cs.CC,12
2008-04,cs.CE,1
2008-04,cs.CG,9
2008-04,cs.CL,5
2008-04,cs.CR,12
2008-04,cs.CV,4
2008-04,cs.CY,4
2008-04,cs.DB,2
2008-04,cs.DC,6
2008-04,cs.DL,3
2008-04,cs.DM,15
2008-04,cs.DS,19
2008-04,cs.GL,3
2008-04,cs.GR,2
2008-04,cs.GT,11
2008-04,cs.HC,8
2008-04,cs.IR,3
2008-04,cs.IT,75
2008-04,cs.LG,10
2008-04,cs.LO,23
2008-04,cs.MA,3
2008-04,cs.MM,2
2008-04,cs.NE,11
2008-04,cs.NI,10
2008-04,cs.OH,1
2008-04,cs.PL,5
2008-04,cs.RO,20
2008-04,cs.SC,8
2008-04,cs.SD,1
2008-04,cs.SE,4
2008-04,gr-qc,141
2008-04,hep-ex,44
2008-04,hep-lat,27
2008-04,hep-ph,319
2008-04,hep-th,308
2008-04,math-ph,114
2008-04,math.AC,16
2008-04,math.AG,102
2008-04,math.AP,70
2008-04,math.AT,17
2008-04,math.CA,32
2008-04,math.CO,104
2008-04,math.CT,4
2008-04,math.CV,30
2008-04,math.DG,107
2008-04,math.DS,52
2008-04,math.FA,48
2008-04,math.GM,22
2008-04,math.GN,6
2008-04,math.GR,42
2008-04,math.GT,41
2008-04,math.HO,3
2008-04,math.KT,8
2008-04,math.LO,13
2008-04,math.MG,12
2008-04,math.NA,24
2008-04,math.NT,56
2008-04,math.OA,22
2008-04,math.OC,17
2008-04,math.PR,90
2008-04,math.QA,28
2008-04,math.RA,35
2008-04,math.RT,45
2008-04,math.SG,14
2008-04,math.SP,9
2008-04,math.ST,41
2008-04,nlin.AO,3
2008-04,nlin.CD,33
2008-04,nlin.CG,1
2008-04,nlin.PS,12
2008-04,nlin.SI,17
2008-04,nucl-ex,63
2008-04,nucl-th,78
2008-04,physics.acc-ph,4
2008-04,physics.ao-ph,5
2008-04,physics.atm-clus,5
2008-04,physics.atom-ph,26
2008-04,physics.bio-ph,9
2008-04,physics.chem-ph,17
2008-04,physics.class-ph,14
2008-04,physics.comp-ph,8
2008-04,physics.data-an,10
2008-04,physics.ed-ph,1
2008-04,physics.flu-dyn,29
2008-04,physics.gen-ph,41
2008-04,physics.geo-ph,5
2008-04,physics.hist-ph,6
2008-04,physics.ins-det,8
2008-04,physics.med-ph,1
2008-04,physics.optics,52
2008-04,physics.plasm-ph,18
2008-04,physics.pop-ph,3
2008-04,physics.soc-ph,23
2008-04,physics.space-ph,4
2008-04,q-bio.BM,9
2008-04,q-bio.MN,5
2008-04,q-bio.NC,6
2008-04,q-bio.OT,3
2008-04,q-bio.PE,12
2008-04,q-bio.QM,12
2008-04,q-bio.SC,2
2008-04,q-bio.TO,1
2008-04,q-fin.CP,1
2008-04,q-fin.GN,4
2008-04,q-fin.PM,1
2008-04,q-fin.PR,6
2008-04,q-fin.RM,2
2008-04,q-fin.ST,10
2008-04,q-fin.TR,2
2008-04,quant-ph,271
2008-04,stat.AP,20
2008-04,stat.CO,6
2008-04,stat.ME,23
2008-04,stat.ML,4
2008-05,astro-ph,789
2008-05,cond-mat.dis-nn,32
2008-05,cond-mat.mes-hall,137
2008-05,cond-mat.mtrl-sci,141
2008-05,cond-mat.other,60
2008-05,cond-mat.soft,81
2008-05,cond-mat.stat-mech,120
2008-05,cond-mat.str-el,129
2008-05,cond-mat.supr-con,115
2008-05,cs.AI,22
2008-05,cs.AR,1
2008-05,cs.CC,8
2008-05,cs.CE,2
2008-05,cs.CG,5
2008-05,cs.CL,6
2008-05,cs.CR,12
2008-05,cs.CV,6
2008-05,cs.CY,3
2008-05,cs.DB,5
2008-05,cs.DC,6
2008-05,cs.DL,5
2008-05,cs.DM,8
2008-05,cs.DS,10
2008-05,cs.GT,14
2008-05,cs.HC,2
2008-05,cs.IR,4
2008-05,cs.IT,77
2008-05,cs.LG,8
2008-05,cs.LO,19
2008-05,cs.MA,4
2008-05,cs.MM,2
2008-05,cs.NE,6
2008-05,cs.NI,13
2008-05,cs.OH,85
2008-05,cs.OS,3
2008-05,cs.PF,3
2008-05,cs.PL,1
2008-05,cs.RO,1
2008-05,cs.SC,2
2008-05,cs.SE,9
2008-05,gr-qc,160
2008-05,hep-ex,90
2008-05,hep-lat,24
2008-05,hep-ph,362
2008-05,hep-th,309
2008-05,math-ph,87
2008-05,math.AC,17
2008-05,math.AG,108
2008-05,math.AP,75
2008-05,math.AT,20
2008-05,math.CA,33
2008-05,math.CO,81
2008-05,math.CT,6
2008-05,math.CV,22
2008-05,math.DG,71
2008-05,math.DS,35
2008-05,math.FA,58
2008-05,math.GM,22
2008-05,math.GN,8
2008-05,math.GR,23
2008-05,math.GT,34
2008-05,math.HO,7
2008-05,math.KT,9
2008-05,math.LO,11
2008-05,math.MG,7
2008-05,math.NA,17
2008-05,math.NT,60
2008-05,math.OA,23
2008-05,math.OC,25
2008-05,math.PR,80
2008-05,math.QA,18
2008-05,math.RA,28
2008-05,math.RT,30
2008-05,math.SG,11
2008-05,math.SP,14
2008-05,math.ST,75
2008-05,nlin.AO,6
2008-05,nlin.CD,27
2008-05,nlin.CG,1
2008-05,nlin.PS,11
2008-05,nlin.SI,20
2008-05,nucl-ex,58
2008-05,nucl-th,99
2008-05,physics.acc-ph,3
2008-05,physics.ao-ph,4
2008-05,physics.atm-clus,4
2008-05,physics.atom-ph,25
2008-05,physics.bio-ph,7
2008-05,physics.chem-ph,10
2008-05,physics.class-ph,15
2008-05,physics.comp-ph,6
2008-05,physics.data-an,5
2008-05,physics.ed-ph,3
2008-05,physics.flu-dyn,23
2008-05,physics.gen-ph,47
2008-05,physics.geo-ph,11
2008-05,physics.hist-ph,7
2008-05,physics.ins-det,25
2008-05,physics.med-ph,3
2008-05,physics.optics,47
2008-05,physics.plasm-ph,28
2008-05,physics.pop-ph,2
2008-05,physics.soc-ph,31
2008-05,physics.space-ph,2
2008-05,q-bio.BM,3
2008-05,q-bio.CB,1
2008-05,q-bio.GN,7
2008-05,q-bio.MN,6
2008-05,q-bio.NC,12
2008-05,q-bio.OT,5
2008-05,q-bio.PE,8
2008-05,q-bio.QM,1
2008-05,q-bio.TO,4
2008-05,q-fin.CP,2
2008-05,q-fin.GN,2
2008-05,q-fin.PM,4
2008-05,q-fin.PR,1
2008-05,q-fin.RM,1
2008-05,q-fin.ST,6
2008-05,q-fin.TR,2
2008-05,quant-ph,254
2008-05,stat.AP,20
2008-05,stat.CO,5
2008-05,stat.ME,12
2008-05,stat.ML,4
2008-06,astro-ph,813
2008-06,cond-mat.dis-nn,24
2008-06,cond-mat.mes-hall,140
2008-06,cond-mat.mtrl-sci,146
2008-06,cond-mat.other,79
2008-06,cond-mat.quant-gas,1
2008-06,cond-mat.soft,67
2008-06,cond-mat.stat-mech,112
2008-06,cond-mat.str-el,168
2008-06,cond-mat.supr-con,178
2008-06,cs.AI,15
2008-06,cs.CC,3
2008-06,cs.CG,15
2008-06,cs.CL,3
2008-06,cs.CR,9
2008-06,cs.CV,14
2008-06,cs.CY,3
2008-06,cs.DB,6
2008-06,cs.DC,8
2008-06,cs.DL,2
2008-06,cs.DM,9
2008-06,cs.DS,17
2008-06,cs.GT,8
2008-06,cs.HC,4
2008-06,cs.IR,2
2008-06,cs.IT,71
2008-06,cs.LG,8
2008-06,cs.LO,21
2008-06,cs.MA,3
2008-06,cs.MM,2
2008-06,cs.NE,3
2008-06,cs.NI,22
2008-06,cs.OH,3
2008-06,cs.OS,3
2008-06,cs.PL,1
2008-06,cs.RO,6
2008-06,cs.SE,5
2008-06,gr-qc,168
2008-06,hep-ex,60
2008-06,hep-lat,30
2008-06,hep-ph,353
2008-06,hep-th,279
2008-06,math-ph,107
2008-06,math.AC,20
2008-06,math.AG,92
2008-06,math.AP,78
2008-06,math.AT,19
2008-06,math.CA,32
2008-06,math.CO,105
2008-06,math.CT,6
2008-06,math.CV,20
2008-06,math.DG,86
2008-06,math.DS,38
2008-06,math.FA,30
2008-06,math.GM,16
2008-06,math.GN,3
2008-06,math.GR,28
2008-06,math.GT,36
2008-06,math.HO,9
2008-06,math.KT,3
2008-06,math.LO,13
2008-06,math.MG,7
2008-06,math.NA,25
2008-06,math.NT,61
2008-06,math.OA,30
2008-06,math.OC,26
2008-06,math.PR,95
2008-06,math.QA,33
2008-06,math.RA,24
2008-06,math.RT,37
2008-06,math.SG,12
2008-06,math.SP,8
2008-06,math.ST,31
2008-06,nlin.AO,6
2008-06,nlin.CD,28
2008-06,nlin.CG,1
2008-06,nlin.PS,13
2008-06,nlin.SI,13
2008-06,nucl-ex,48
2008-06,nucl-th,96
2008-06,physics.acc-ph,9
2008-06,physics.ao-ph,3
2008-06,physics.atm-clus,3
2008-06,physics.atom-ph,36
2008-06,physics.bio-ph,9
2008-06,physics.chem-ph,14
2008-06,physics.class-ph,7
2008-06,physics.comp-ph,1
2008-06,physics.data-an,12
2008-06,physics.ed-ph,7
2008-06,physics.flu-dyn,34
2008-06,physics.gen-ph,42
2008-06,physics.geo-ph,12
2008-06,physics.hist-ph,8
2008-06,physics.ins-det,9
2008-06,physics.med-ph,1
2008-06,physics.optics,53
2008-06,physics.plasm-ph,29
2008-06,physics.pop-ph,2
2008-06,physics.soc-ph,24
2008-06,physics.space-ph,4
2008-06,q-bio.BM,10
2008-06,q-bio.CB,9
2008-06,q-bio.GN,4
2008-06,q-bio.MN,3
2008-06,q-bio.NC,11
2008-06,q-bio.OT,1
2008-06,q-bio.PE,16
2008-06,q-bio.QM,13
2008-06,q-bio.SC,3
2008-06,q-bio.TO,7
2008-06,q-fin.CP,3
2008-06,q-fin.GN,4
2008-06,q-fin.PM,3
2008-06,q-fin.PR,5
2008-06,q-fin.RM,3
2008-06,q-fin.ST,1
2008-06,q-fin.TR,3
2008-06,quant-ph,257
2008-06,stat.AP,6
2008-06,stat.CO,2
2008-06,stat.ME,9
2008-06,stat.ML,5
2008-07,astro-ph,875
2008-07,cond-mat.dis-nn,34
2008-07,cond-mat.mes-hall,179
2008-07,cond-mat.mtrl-sci,179
2008-07,cond-mat.other,71
2008-07,cond-mat.soft,83
2008-07,cond-mat.stat-mech,125
2008-07,cond-mat.str-el,150
2008-07,cond-mat.supr-con,177
2008-07,cs.AI,12
2008-07,cs.AR,2
2008-07,cs.CC,3
2008-07,cs.CE,2
2008-07,cs.CG,7
2008-07,cs.CL,3
2008-07,cs.CR,11
2008-07,cs.CV,4
2008-07,cs.CY,4
2008-07,cs.DB,5
2008-07,cs.DC,6
2008-07,cs.DL,1
2008-07,cs.DM,15
2008-07,cs.DS,14
2008-07,cs.GL,1
2008-07,cs.GR,1
2008-07,cs.GT,4
2008-07,cs.HC,10
2008-07,cs.IR,2
2008-07,cs.IT,53
2008-07,cs.LG,4
2008-07,cs.LO,10
2008-07,cs.MA,1
2008-07,cs.NE,1
2008-07,cs.NI,14
2008-07,cs.OH,2
2008-07,cs.OS,1
2008-07,cs.PF,5
2008-07,cs.PL,3
2008-07,cs.RO,4
2008-07,cs.SE,6
2008-07,gr-qc,166
2008-07,hep-ex,91
2008-07,hep-lat,33
2008-07,hep-ph,384
2008-07,hep-th,308
2008-07,math-ph,89
2008-07,math.AC,22
2008-07,math.AG,86
2008-07,math.AP,79
2008-07,math.AT,17
2008-07,math.CA,21
2008-07,math.CO,66
2008-07,math.CT,9
2008-07,math.CV,30
2008-07,math.DG,79
2008-07,math.DS,44
2008-07,math.FA,38
2008-07,math.GM,12
2008-07,math.GN,6
2008-07,math.GR,33
2008-07,math.GT,44
2008-07,math.HO,5
2008-07,math.KT,8
2008-07,math.LO,12
2008-07,math.MG,8
2008-07,math.NA,23
2008-07,math.NT,66
2008-07,math.OA,23
2008-07,math.OC,25
2008-07,math.PR,89
2008-07,math.QA,35
2008-07,math.RA,25
2008-07,math.RT,46
2008-07,math.SG,18
2008-07,math.SP,4
2008-07,math.ST,31
2008-07,nlin.AO,7
2008-07,nlin.CD,21
2008-07,nlin.CG,2
2008-07,nlin.PS,13
2008-07,nlin.SI,14
2008-07,nucl-ex,42
2008-07,nucl-th,81
2008-07,physics.acc-ph,2
2008-07,physics.ao-ph,3
2008-07,physics.atm-clus,8
2008-07,physics.atom-ph,29
2008-07,physics.bio-ph,22
2008-07,physics.chem-ph,23
2008-07,physics.class-ph,19
2008-07,physics.comp-ph,5
2008-07,physics.data-an,15
2008-07,physics.ed-ph,6
2008-07,physics.flu-dyn,25
2008-07,physics.gen-ph,40
2008-07,physics.geo-ph,10
2008-07,physics.hist-ph,5
2008-07,physics.ins-det,30
2008-07,physics.med-ph,2
2008-07,physics.optics,61
2008-07,physics.plasm-ph,17
2008-07,physics.pop-ph,7
2008-07,physics.soc-ph,36
2008-07,physics.space-ph,7
2008-07,q-bio.BM,9
2008-07,q-bio.CB,7
2008-07,q-bio.GN,11
2008-07,q-bio.MN,7
2008-07,q-bio.NC,7
2008-07,q-bio.PE,20
2008-07,q-bio.QM,6
2008-07,q-bio.SC,6
2008-07,q-bio.TO,5
2008-07,q-fin.CP,2
2008-07,q-fin.GN,5
2008-07,q-fin.PR,4
2008-07,q-fin.RM,1
2008-07,q-fin.ST,12
2008-07,q-fin.TR,4
2008-07,quant-ph,281
2008-07,stat.AP,26
2008-07,stat.CO,5
2008-07,stat.ME,11
2008-07,stat.ML,4
2008-08,astro-ph,701
2008-08,cond-mat.dis-nn,22
2008-08,cond-mat.mes-hall,120
2008-08,cond-mat.mtrl-sci,155
2008-08,cond-mat.other,70
2008-08,cond-mat.quant-gas,1
2008-08,cond-mat.soft,63
2008-08,cond-mat.stat-mech,118
2008-08,cond-mat.str-el,146
2008-08,cond-mat.supr-con,134
2008-08,cs.AI,7
2008-08,cs.AR,2
2008-08,cs.CC,11
2008-08,cs.CG,2
2008-08,cs.CL,6
2008-08,cs.CR,16
2008-08,cs.CV,1
2008-08,cs.CY,2
2008-08,cs.DB,2
2008-08,cs.DC,11
2008-08,cs.DL,5
2008-08,cs.DM,9
2008-08,cs.DS,15
2008-08,cs.GL,1
2008-08,cs.GT,7
2008-08,cs.IR,2
2008-08,cs.IT,62
2008-08,cs.LG,3
2008-08,cs.LO,10
2008-08,cs.MA,2
2008-08,cs.MM,1
2008-08,cs.MS,2
2008-08,cs.NE,1
2008-08,cs.NI,9
2008-08,cs.OH,1
2008-08,cs.OS,1
2008-08,cs.PF,2
2008-08,cs.PL,4
2008-08,cs.RO,4
2008-08,cs.SC,4
2008-08,cs.SE,6
2008-08,gr-qc,149
2008-08,hep-ex,105
2008-08,hep-lat,36
2008-08,hep-ph,292
2008-08,hep-th,257
2008-08,math-ph,93
2008-08,math.AC,19
2008-08,math.AG,89
2008-08,math.AP,41
2008-08,math.AT,17
2008-08,math.CA,25
2008-08,math.CO,46
2008-08,math.CT,5
2008-08,math.CV,23
2008-08,math.DG,71
2008-08,math.DS,35
2008-08,math.FA,46
2008-08,math.GM,4
2008-08,math.GN,5
2008-08,math.GR,31
2008-08,math.GT,51
2008-08,math.HO,5
2008-08,math.KT,4
2008-08,math.LO,14
2008-08,math.MG,11
2008-08,math.NA,14
2008-08,math.NT,57
2008-08,math.OA,22
2008-08,math.OC,4
2008-08,math.PR,67
2008-08,math.QA,16
2008-08,math.RA,17
2008-08,math.RT,23
2008-08,math.SG,22
2008-08,math.SP,14
2008-08,math.ST,22
2008-08,nlin.AO,5
2008-08,nlin.CD,16
2008-08,nlin.PS,9
2008-08,nlin.SI,15
2008-08,nucl-ex,33
2008-08,nucl-th,82
2008-08,physics.acc-ph,7
2008-08,physics.ao-ph,3
2008-08,physics.atm-clus,2
2008-08,physics.atom-ph,25
2008-08,physics.bio-ph,15
2008-08,physics.chem-ph,13
2008-08,physics.class-ph,14
2008-08,physics.comp-ph,6
2008-08,physics.data-an,9
2008-08,physics.ed-ph,5
2008-08,physics.flu-dyn,14
2008-08,physics.gen-ph,33
2008-08,physics.geo-ph,11
2008-08,physics.hist-ph,6
2008-08,physics.ins-det,14
2008-08,physics.med-ph,3
2008-08,physics.optics,45
2008-08,physics.plasm-ph,13
2008-08,physics.pop-ph,5
2008-08,physics.soc-ph,20
2008-08,physics.space-ph,3
2008-08,q-bio.BM,7
2008-08,q-bio.CB,4
2008-08,q-bio.GN,1
2008-08,q-bio.MN,3
2008-08,q-bio.NC,5
2008-08,q-bio.OT,1
2008-08,q-bio.PE,19
2008-08,q-bio.QM,3
2008-08,q-bio.SC,2
2008-08,q-fin.CP,1
2008-08,q-fin.GN,2
2008-08,q-fin.PR,1
2008-08,q-fin.ST,6
2008-08,q-fin.TR,3
2008-08,quant-ph,246
2008-08,stat.AP,7
2008-08,stat.CO,3
2008-08,stat.ME,32
2008-08,stat.ML,4
2008-09,astro-ph,979
2008-09,cond-mat.dis-nn,36
2008-09,cond-mat.mes-hall,138
2008-09,cond-mat.mtrl-sci,142
2008-09,cond-mat.other,74
2008-09,cond-mat.quant-gas,1
2008-09,cond-mat.soft,67
2008-09,cond-mat.stat-mech,126
2008-09,cond-mat.str-el,155
2008-09,cond-mat.supr-con,98
2008-09,cs.AI,22
2008-09,cs.CC,10
2008-09,cs.CE,3
2008-09,cs.CG,6
2008-09,cs.CL,1
2008-09,cs.CR,14
2008-09,cs.CV,6
2008-09,cs.CY,3
2008-09,cs.DB,10
2008-09,cs.DC,7
2008-09,cs.DL,2
2008-09,cs.DM,14
2008-09,cs.DS,20
2008-09,cs.GR,1
2008-09,cs.GT,10
2008-09,cs.HC,8
2008-09,cs.IR,4
2008-09,cs.IT,72
2008-09,cs.LG,8
2008-09,cs.LO,13
2008-09,cs.MA,1
2008-09,cs.MM,3
2008-09,cs.NE,2
2008-09,cs.NI,27
2008-09,cs.OH,3
2008-09,cs.OS,3
2008-09,cs.PF,2
2008-09,cs.PL,2
2008-09,cs.RO,7
2008-09,cs.SC,3
2008-09,cs.SD,1
2008-09,cs.SE,13
2008-09,gr-qc,160
2008-09,hep-ex,93
2008-09,hep-lat,62
2008-09,hep-ph,388
2008-09,hep-th,305
2008-09,math-ph,103
2008-09,math.AC,29
2008-09,math.AG,118
2008-09,math.AP,74
2008-09,math.AT,29
2008-09,math.CA,38
2008-09,math.CO,78
2008-09,math.CT,16
2008-09,math.CV,17
2008-09,math.DG,89
2008-09,math.DS,53
2008-09,math.FA,46
2008-09,math.GM,16
2008-09,math.GN,3
2008-09,math.GR,41
2008-09,math.GT,38
2008-09,math.HO,7
2008-09,math.KT,3
2008-09,math.LO,13
2008-09,math.MG,10
2008-09,math.NA,26
2008-09,math.NT,50
2008-09,math.OA,20
2008-09,math.OC,25
2008-09,math.PR,91
2008-09,math.QA,23
2008-09,math.RA,24
2008-09,math.RT,41
2008-09,math.SG,11
2008-09,math.SP,14
2008-09,math.ST,21
2008-09,nlin.AO,9
2008-09,nlin.CD,21
2008-09,nlin.CG,3
2008-09,nlin.PS,20
2008-09,nlin.SI,17
2008-09,nucl-ex,60
2008-09,nucl-th,78
2008-09,physics.acc-ph,11
2008-09,physics.ao-ph,3
2008-09,physics.atm-clus,4
2008-09,physics.atom-ph,32
2008-09,physics.bio-ph,26
2008-09,physics.chem-ph,12
2008-09,physics.class-ph,18
2008-09,physics.comp-ph,3
2008-09,physics.data-an,8
2008-09,physics.ed-ph,3
2008-09,physics.flu-dyn,25
2008-09,physics.gen-ph,30
2008-09,physics.geo-ph,5
2008-09,physics.hist-ph,6
2008-09,physics.ins-det,19
2008-09,physics.med-ph,1
2008-09,physics.optics,57
2008-09,physics.plasm-ph,15
2008-09,physics.pop-ph,3
2008-09,physics.soc-ph,23
2008-09,physics.space-ph,5
2008-09,q-bio.BM,11
2008-09,q-bio.GN,2
2008-09,q-bio.MN,4
2008-09,q-bio.NC,13
2008-09,q-bio.PE,19
2008-09,q-bio.QM,5
2008-09,q-bio.SC,3
2008-09,q-fin.CP,4
2008-09,q-fin.GN,3
2008-09,q-fin.PR,6
2008-09,q-fin.RM,2
2008-09,q-fin.ST,8
2008-09,q-fin.TR,5
2008-09,quant-ph,252
2008-09,stat.AP,8
2008-09,stat.CO,6
2008-09,stat.ME,14
2008-09,stat.ML,3
2008-10,astro-ph,1033
2008-10,cond-mat.dis-nn,36
2008-10,cond-mat.mes-hall,161
2008-10,cond-mat.mtrl-sci,189
2008-10,cond-mat.other,73
2008-10,cond-mat.soft,68
2008-10,cond-mat.stat-mech,152
2008-10,cond-mat.str-el,131
2008-10,cond-mat.supr-con,143
2008-10,cs.AI,13
2008-10,cs.CC,6
2008-10,cs.CG,3
2008-10,cs.CL,8
2008-10,cs.CR,8
2008-10,cs.CV,7
2008-10,cs.CY,4
2008-10,cs.DB,3
2008-10,cs.DC,14
2008-10,cs.DM,9
2008-10,cs.DS,18
2008-10,cs.GR,1
2008-10,cs.GT,11
2008-10,cs.HC,3
2008-10,cs.IR,5
2008-10,cs.IT,72
2008-10,cs.LG,7
2008-10,cs.LO,16
2008-10,cs.MA,2
2008-10,cs.MM,1
2008-10,cs.NE,4
2008-10,cs.NI,18
2008-10,cs.OH,1
2008-10,cs.PF,3
2008-10,cs.PL,8
2008-10,cs.RO,4
2008-10,cs.SC,5
2008-10,cs.SE,1
2008-10,gr-qc,158
2008-10,hep-ex,217
2008-10,hep-lat,119
2008-10,hep-ph,432
2008-10,hep-th,278
2008-10,math-ph,120
2008-10,math.AC,23
2008-10,math.AG,103
2008-10,math.AP,95
2008-10,math.AT,29
2008-10,math.CA,22
2008-10,math.CO,95
2008-10,math.CT,7
2008-10,math.CV,38
2008-10,math.DG,104
2008-10,math.DS,59
2008-10,math.FA,48
2008-10,math.GM,8
2008-10,math.GN,11
2008-10,math.GR,47
2008-10,math.GT,47
2008-10,math.HO,8
2008-10,math.KT,8
2008-10,math.LO,15
2008-10,math.MG,8
2008-10,math.NA,28
2008-10,math.NT,80
2008-10,math.OA,29
2008-10,math.OC,18
2008-10,math.PR,94
2008-10,math.QA,33
2008-10,math.RA,23
2008-10,math.RT,64
2008-10,math.SG,19
2008-10,math.SP,16
2008-10,math.ST,39
2008-10,nlin.AO,4
2008-10,nlin.CD,14
2008-10,nlin.CG,2
2008-10,nlin.PS,15
2008-10,nlin.SI,28
2008-10,nucl-ex,67
2008-10,nucl-th,85
2008-10,physics.acc-ph,7
2008-10,physics.ao-ph,8
2008-10,physics.atm-clus,5
2008-10,physics.atom-ph,49
2008-10,physics.bio-ph,12
2008-10,physics.chem-ph,7
2008-10,physics.class-ph,23
2008-10,physics.comp-ph,15
2008-10,physics.data-an,7
2008-10,physics.ed-ph,2
2008-10,physics.flu-dyn,37
2008-10,physics.gen-ph,38
2008-10,physics.geo-ph,11
2008-10,physics.hist-ph,5
2008-10,physics.ins-det,36
2008-10,physics.med-ph,5
2008-10,physics.optics,58
2008-10,physics.plasm-ph,33
2008-10,physics.pop-ph,5
2008-10,physics.soc-ph,37
2008-10,physics.space-ph,3
2008-10,q-bio.BM,10
2008-10,q-bio.CB,2
2008-10,q-bio.GN,1
2008-10,q-bio.MN,5
2008-10,q-bio.NC,9
2008-10,q-bio.PE,18
2008-10,q-bio.QM,8
2008-10,q-bio.SC,2
2008-10,q-bio.TO,4
2008-10,q-fin.CP,1
2008-10,q-fin.GN,3
2008-10,q-fin.PM,2
2008-10,q-fin.PR,3
2008-10,q-fin.ST,5
2008-10,q-fin.TR,2
2008-10,quant-ph,273
2008-10,stat.AP,9
2008-10,stat.CO,3
2008-10,stat.ME,6
2008-10,stat.ML,5
2008-11,astro-ph,835
2008-11,cond-mat.dis-nn,31
2008-11,cond-mat.mes-hall,121
2008-11,cond-mat.mtrl-sci,159
2008-11,cond-mat.other,71
2008-11,cond-mat.soft,68
2008-11,cond-mat.stat-mech,106
2008-11,cond-mat.str-el,167
2008-11,cond-mat.supr-con,148
2008-11,cs.AI,15
2008-11,cs.CC,17
2008-11,cs.CE,1
2008-11,cs.CG,4
2008-11,cs.CL,3
2008-11,cs.CR,5
2008-11,cs.CV,1
2008-11,cs.CY,4
2008-11,cs.DB,8
2008-11,cs.DC,5
2008-11,cs.DL,3
2008-11,cs.DM,10
2008-11,cs.DS,22
2008-11,cs.GL,1
2008-11,cs.GR,3
2008-11,cs.GT,5
2008-11,cs.HC,1
2008-11,cs.IR,4
2008-11,cs.IT,61
2008-11,cs.LG,7
2008-11,cs.LO,14
2008-11,cs.MA,1
2008-11,cs.MM,5
2008-11,cs.MS,1
2008-11,cs.NE,1
2008-11,cs.NI,11
2008-11,cs.OH,9
2008-11,cs.PF,2
2008-11,cs.PL,5
2008-11,cs.RO,4
2008-11,cs.SC,3
2008-11,cs.SE,10
2008-11,gr-qc,168
2008-11,hep-ex,44
2008-11,hep-lat,49
2008-11,hep-ph,365
2008-11,hep-th,241
2008-11,math-ph,132
2008-11,math.AC,20
2008-11,math.AG,105
2008-11,math.AP,83
2008-11,math.AT,26
2008-11,math.CA,38
2008-11,math.CO,64
2008-11,math.CT,12
2008-11,math.CV,24
2008-11,math.DG,74
2008-11,math.DS,53
2008-11,math.FA,43
2008-11,math.GM,4
2008-11,math.GN,14
2008-11,math.GR,39
2008-11,math.GT,37
2008-11,math.HO,5
2008-11,math.KT,6
2008-11,math.LO,14
2008-11,math.MG,11
2008-11,math.NA,27
2008-11,math.NT,75
2008-11,math.OA,22
2008-11,math.OC,15
2008-11,math.PR,93
2008-11,math.QA,16
2008-11,math.RA,26
2008-11,math.RT,41
2008-11,math.SG,17
2008-11,math.SP,8
2008-11,math.ST,28
2008-11,nlin.AO,10
2008-11,nlin.CD,27
2008-11,nlin.CG,4
2008-11,nlin.PS,10
2008-11,nlin.SI,20
2008-11,nucl-ex,40
2008-11,nucl-th,92
2008-11,physics.acc-ph,3
2008-11,physics.ao-ph,9
2008-11,physics.atm-clus,3
2008-11,physics.atom-ph,37
2008-11,physics.bio-ph,10
2008-11,physics.chem-ph,10
2008-11,physics.class-ph,17
2008-11,physics.comp-ph,7
2008-11,physics.data-an,15
2008-11,physics.ed-ph,2
2008-11,physics.flu-dyn,33
2008-11,physics.gen-ph,29
2008-11,physics.geo-ph,6
2008-11,physics.hist-ph,4
2008-11,physics.ins-det,32
2008-11,physics.med-ph,5
2008-11,physics.optics,52
2008-11,physics.plasm-ph,24
2008-11,physics.pop-ph,5
2008-11,physics.soc-ph,18
2008-11,physics.space-ph,4
2008-11,q-bio.BM,11
2008-11,q-bio.CB,3
2008-11,q-bio.GN,9
2008-11,q-bio.MN,9
2008-11,q-bio.NC,4
2008-11,q-bio.PE,14
2008-11,q-bio.QM,11
2008-11,q-bio.SC,7
2008-11,q-bio.TO,3
2008-11,q-fin.CP,3
2008-11,q-fin.GN,14
2008-11,q-fin.PM,1
2008-11,q-fin.RM,1
2008-11,q-fin.ST,6
2008-11,q-fin.TR,1
2008-11,quant-ph,247
2008-11,stat.AP,18
2008-11,stat.CO,5
2008-11,stat.ME,8
2008-11,stat.ML,9
2008-12,astro-ph,789
2008-12,astro-ph.GA,6
2008-12,astro-ph.HE,6
2008-12,astro-ph.SR,6
2008-12,cond-mat.dis-nn,27
2008-12,cond-mat.mes-hall,143
2008-12,cond-mat.mtrl-sci,143
2008-12,cond-mat.other,78
2008-12,cond-mat.quant-gas,1
2008-12,cond-mat.soft,75
2008-12,cond-mat.stat-mech,106
2008-12,cond-mat.str-el,127
2008-12,cond-mat.supr-con,115
2008-12,cs.AI,15
2008-12,cs.AR,1
2008-12,cs.CC,12
2008-12,cs.CE,1
2008-12,cs.CG,12
2008-12,cs.CL,2
2008-12,cs.CR,6
2008-12,cs.CV,6
2008-12,cs.CY,1
2008-12,cs.DB,8
2008-12,cs.DC,6
2008-12,cs.DL,3
2008-12,cs.DM,14
2008-12,cs.DS,24
2008-12,cs.FL,1
2008-12,cs.GR,2
2008-12,cs.GT,14
2008-12,cs.HC,1
2008-12,cs.IR,5
2008-12,cs.IT,61
2008-12,cs.LG,12
2008-12,cs.LO,14
2008-12,cs.MA,2
2008-12,cs.MM,6
2008-12,cs.MS,1
2008-12,cs.NE,4
2008-12,cs.NI,16
2008-12,cs.OH,1
2008-12,cs.PF,2
2008-12,cs.PL,4
2008-12,cs.RO,2
2008-12,cs.SC,1
2008-12,cs.SD,1
2008-12,cs.SE,3
2008-12,gr-qc,183
2008-12,hep-ex,59
2008-12,hep-lat,57
2008-12,hep-ph,429
2008-12,hep-th,313
2008-12,math-ph,126
2008-12,math.AC,22
2008-12,math.AG,99
2008-12,math.AP,75
2008-12,math.AT,24
2008-12,math.CA,31
2008-12,math.CO,87
2008-12,math.CT,5
2008-12,math.CV,27
2008-12,math.DG,83
2008-12,math.DS,53
2008-12,math.FA,31
2008-12,math.GM,13
2008-12,math.GN,7
2008-12,math.GR,32
2008-12,math.GT,35
2008-12,math.HO,4
2008-12,math.KT,10
2008-12,math.LO,14
2008-12,math.MG,15
2008-12,math.NA,21
2008-12,math.NT,62
2008-12,math.OA,32
2008-12,math.OC,11
2008-12,math.PR,95
2008-12,math.QA,45
2008-12,math.RA,30
2008-12,math.RT,46
2008-12,math.SG,18
2008-12,math.SP,9
2008-12,math.ST,32
2008-12,nlin.AO,6
2008-12,nlin.CD,29
2008-12,nlin.CG,2
2008-12,nlin.PS,17
2008-12,nlin.SI,25
2008-12,nucl-ex,45
2008-12,nucl-th,112
2008-12,physics.acc-ph,5
2008-12,physics.ao-ph,9
2008-12,physics.atm-clus,3
2008-12,physics.atom-ph,37
2008-12,physics.bio-ph,9
2008-12,physics.chem-ph,21
2008-12,physics.class-ph,29
2008-12,physics.comp-ph,15
2008-12,physics.data-an,19
2008-12,physics.ed-ph,3
2008-12,physics.flu-dyn,19
2008-12,physics.gen-ph,40
2008-12,physics.geo-ph,8
2008-12,physics.hist-ph,6
2008-12,physics.ins-det,31
2008-12,physics.med-ph,6
2008-12,physics.optics,47
2008-12,physics.plasm-ph,22
2008-12,physics.pop-ph,6
2008-12,physics.soc-ph,23
2008-12,physics.space-ph,1
2008-12,q-bio.BM,7
2008-12,q-bio.CB,3
2008-12,q-bio.GN,5
2008-12,q-bio.MN,11
2008-12,q-bio.NC,3
2008-12,q-bio.PE,21
2008-12,q-bio.QM,7
2008-12,q-bio.SC,3
2008-12,q-fin.CP,7
2008-12,q-fin.GN,5
2008-12,q-fin.PM,1
2008-12,q-fin.PR,9
2008-12,q-fin.RM,3
2008-12,q-fin.ST,6
2008-12,q-fin.TR,2
2008-12,quant-ph,255
2008-12,stat.AP,8
2008-12,stat.CO,3
2008-12,stat.ME,12
2008-12,stat.ML,8
2009-01,astro-ph.CO,200
2009-01,astro-ph.EP,58
2009-01,astro-ph.GA,209
2009-01,astro-ph.HE,130
2009-01,astro-ph.IM,51
2009-01,astro-ph.SR,241
2009-01,cond-mat.dis-nn,33
2009-01,cond-mat.mes-hall,132
2009-01,cond-mat.mtrl-sci,152
2009-01,cond-mat.other,67
2009-01,cond-mat.quant-gas,3
2009-01,cond-mat.soft,49
2009-01,cond-mat.stat-mech,104
2009-01,cond-mat.str-el,104
2009-01,cond-mat.supr-con,126
2009-01,cs.AI,11
2009-01,cs.AR,3
2009-01,cs.CC,9
2009-01,cs.CE,1
2009-01,cs.CG,3
2009-01,cs.CL,7
2009-01,cs.CR,11
2009-01,cs.CV,1
2009-01,cs.CY,4
2009-01,cs.DB,3
2009-01,cs.DC,7
2009-01,cs.DL,3
2009-01,cs.DM,8
2009-01,cs.DS,17
2009-01,cs.GT,6
2009-01,cs.HC,2
2009-01,cs.IR,1
2009-01,cs.IT,140
2009-01,cs.LG,8
2009-01,cs.LO,14
2009-01,cs.MM,1
2009-01,cs.MS,2
2009-01,cs.NE,4
2009-01,cs.NI,17
2009-01,cs.OH,7
2009-01,cs.PL,6
2009-01,cs.RO,3
2009-01,cs.SC,7
2009-01,cs.SD,2
2009-01,cs.SE,4
2009-01,gr-qc,152
2009-01,hep-ex,82
2009-01,hep-lat,31
2009-01,hep-ph,340
2009-01,hep-th,278
2009-01,math-ph,119
2009-01,math.AC,31
2009-01,math.AG,80
2009-01,math.AP,83
2009-01,math.AT,21
2009-01,math.CA,34
2009-01,math.CO,64
2009-01,math.CT,6
2009-01,math.CV,23
2009-01,math.DG,59
2009-01,math.DS,52
2009-01,math.FA,29
2009-01,math.GM,9
2009-01,math.GN,8
2009-01,math.GR,31
2009-01,math.GT,53
2009-01,math.HO,8
2009-01,math.KT,1
2009-01,math.LO,18
2009-01,math.MG,12
2009-01,math.NA,27
2009-01,math.NT,52
2009-01,math.OA,26
2009-01,math.OC,17
2009-01,math.PR,89
2009-01,math.QA,16
2009-01,math.RA,28
2009-01,math.RT,37
2009-01,math.SG,13
2009-01,math.SP,9
2009-01,math.ST,34
2009-01,nlin.AO,13
2009-01,nlin.CD,15
2009-01,nlin.CG,2
2009-01,nlin.PS,10
2009-01,nlin.SI,13
2009-01,nucl-ex,31
2009-01,nucl-th,92
2009-01,physics.acc-ph,7
2009-01,physics.ao-ph,9
2009-01,physics.atm-clus,3
2009-01,physics.atom-ph,41
2009-01,physics.bio-ph,21
2009-01,physics.chem-ph,9
2009-01,physics.class-ph,27
2009-01,physics.comp-ph,11
2009-01,physics.data-an,21
2009-01,physics.ed-ph,5
2009-01,physics.flu-dyn,32
2009-01,physics.gen-ph,47
2009-01,physics.geo-ph,7
2009-01,physics.hist-ph,2
2009-01,physics.ins-det,41
2009-01,physics.med-ph,1
2009-01,physics.optics,52
2009-01,physics.plasm-ph,36
2009-01,physics.pop-ph,3
2009-01,physics.soc-ph,23
2009-01,physics.space-ph,5
2009-01,q-bio.BM,7
2009-01,q-bio.CB,2
2009-01,q-bio.GN,6
2009-01,q-bio.MN,10
2009-01,q-bio.NC,7
2009-01,q-bio.PE,17
2009-01,q-bio.QM,8
2009-01,q-bio.SC,6
2009-01,q-bio.TO,1
2009-01,q-fin.CP,5
2009-01,q-fin.GN,7
2009-01,q-fin.PM,3
2009-01,q-fin.PR,8
2009-01,q-fin.RM,1
2009-01,q-fin.ST,8
2009-01,q-fin.TR,2
2009-01,quant-ph,239
2009-01,stat.AP,23
2009-01,stat.CO,4
2009-01,stat.ME,12
2009-01,stat.ML,7
2009-02,astro-ph.CO,289
2009-02,astro-ph.EP,68
2009-02,astro-ph.GA,167
2009-02,astro-ph.HE,164
2009-02,astro-ph.IM,51
2009-02,astro-ph.SR,188
2009-02,cond-mat.dis-nn,22
2009-02,cond-mat.mes-hall,127
2009-02,cond-mat.mtrl-sci,159
2009-02,cond-mat.other,67
2009-02,cond-mat.soft,58
2009-02,cond-mat.stat-mech,109
2009-02,cond-mat.str-el,139
2009-02,cond-mat.supr-con,134
2009-02,cs.AI,20
2009-02,cs.CC,23
2009-02,cs.CE,2
2009-02,cs.CG,2
2009-02,cs.CL,6
2009-02,cs.CR,7
2009-02,cs.CV,6
2009-02,cs.CY,3
2009-02,cs.DB,4
2009-02,cs.DC,9
2009-02,cs.DL,5
2009-02,cs.DM,17
2009-02,cs.DS,26
2009-02,cs.FL,5
2009-02,cs.GT,7
2009-02,cs.HC,1
2009-02,cs.IR,1
2009-02,cs.IT,62
2009-02,cs.LG,10
2009-02,cs.LO,17
2009-02,cs.MA,4
2009-02,cs.MM,1
2009-02,cs.MS,3
2009-02,cs.NE,6
2009-02,cs.NI,18
2009-02,cs.OH,3
2009-02,cs.PF,5
2009-02,cs.PL,3
2009-02,cs.RO,2
2009-02,cs.SC,5
2009-02,cs.SD,1
2009-02,cs.SE,5
2009-02,gr-qc,152
2009-02,hep-ex,39
2009-02,hep-lat,24
2009-02,hep-ph,300
2009-02,hep-th,266
2009-02,math-ph,135
2009-02,math.AC,24
2009-02,math.AG,106
2009-02,math.AP,94
2009-02,math.AT,32
2009-02,math.CA,41
2009-02,math.CO,72
2009-02,math.CT,14
2009-02,math.CV,21
2009-02,math.DG,86
2009-02,math.DS,53
2009-02,math.FA,42
2009-02,math.GM,7
2009-02,math.GN,5
2009-02,math.GR,36
2009-02,math.GT,38
2009-02,math.HO,5
2009-02,math.KT,7
2009-02,math.LO,17
2009-02,math.MG,13
2009-02,math.NA,19
2009-02,math.NT,52
2009-02,math.OA,25
2009-02,math.OC,34
2009-02,math.PR,99
2009-02,math.QA,25
2009-02,math.RA,27
2009-02,math.RT,42
2009-02,math.SG,8
2009-02,math.SP,9
2009-02,math.ST,28
2009-02,nlin.AO,1
2009-02,nlin.CD,17
2009-02,nlin.CG,5
2009-02,nlin.PS,10
2009-02,nlin.SI,24
2009-02,nucl-ex,41
2009-02,nucl-th,85
2009-02,physics.acc-ph,4
2009-02,physics.ao-ph,2
2009-02,physics.atm-clus,8
2009-02,physics.atom-ph,31
2009-02,physics.bio-ph,15
2009-02,physics.chem-ph,12
2009-02,physics.class-ph,17
2009-02,physics.comp-ph,7
2009-02,physics.data-an,13
2009-02,physics.ed-ph,5
2009-02,physics.flu-dyn,25
2009-02,physics.gen-ph,33
2009-02,physics.geo-ph,7
2009-02,physics.hist-ph,1
2009-02,physics.ins-det,31
2009-02,physics.med-ph,6
2009-02,physics.optics,52
2009-02,physics.plasm-ph,37
2009-02,physics.soc-ph,24
2009-02,physics.space-ph,6
2009-02,q-bio.BM,15
2009-02,q-bio.CB,1
2009-02,q-bio.GN,1
2009-02,q-bio.MN,9
2009-02,q-bio.NC,8
2009-02,q-bio.OT,2
2009-02,q-bio.PE,12
2009-02,q-bio.QM,13
2009-02,q-bio.SC,2
2009-02,q-bio.TO,1
2009-02,q-fin.CP,3
2009-02,q-fin.GN,6
2009-02,q-fin.PM,1
2009-02,q-fin.PR,2
2009-02,q-fin.RM,2
2009-02,q-fin.ST,3
2009-02,q-fin.TR,6
2009-02,quant-ph,258
2009-02,stat.AP,4
2009-02,stat.CO,5
2009-02,stat.ME,18
2009-02,stat.ML,11
2009-03,astro-ph.CO,336
2009-03,astro-ph.EP,59
2009-03,astro-ph.GA,160
2009-03,astro-ph.HE,120
2009-03,astro-ph.IM,62
2009-03,astro-ph.SR,216
2009-03,cond-mat.dis-nn,33
2009-03,cond-mat.mes-hall,156
2009-03,cond-mat.mtrl-sci,173
2009-03,cond-mat.other,79
2009-03,cond-mat.quant-gas,11
2009-03,cond-mat.soft,83
2009-03,cond-mat.stat-mech,132
2009-03,cond-mat.str-el,119
2009-03,cond-mat.supr-con,131
2009-03,cs.AI,36
2009-03,cs.CC,6
2009-03,cs.CE,1
2009-03,cs.CG,6
2009-03,cs.CL,1
2009-03,cs.CR,8
2009-03,cs.CV,7
2009-03,cs.CY,8
2009-03,cs.DB,9
2009-03,cs.DC,13
2009-03,cs.DL,1
2009-03,cs.DM,21
2009-03,cs.DS,23
2009-03,cs.FL,4
2009-03,cs.GT,8
2009-03,cs.HC,2
2009-03,cs.IR,5
2009-03,cs.IT,87
2009-03,cs.LG,14
2009-03,cs.LO,17
2009-03,cs.MA,2
2009-03,cs.MM,5
2009-03,cs.MS,3
2009-03,cs.NE,1
2009-03,cs.NI,22
2009-03,cs.OH,7
2009-03,cs.PF,2
2009-03,cs.PL,11
2009-03,cs.RO,4
2009-03,cs.SC,4
2009-03,cs.SD,2
2009-03,cs.SE,8
2009-03,gr-qc,166
2009-03,hep-ex,55
2009-03,hep-lat,30
2009-03,hep-ph,347
2009-03,hep-th,280
2009-03,math-ph,137
2009-03,math.AC,29
2009-03,math.AG,107
2009-03,math.AP,81
2009-03,math.AT,59
2009-03,math.CA,54
2009-03,math.CO,94
2009-03,math.CT,11
2009-03,math.CV,39
2009-03,math.DG,90
2009-03,math.DS,63
2009-03,math.FA,57
2009-03,math.GM,9
2009-03,math.GN,14
2009-03,math.GR,35
2009-03,math.GT,52
2009-03,math.HO,10
2009-03,math.KT,11
2009-03,math.LO,17
2009-03,math.MG,17
2009-03,math.NA,22
2009-03,math.NT,76
2009-03,math.OA,20
2009-03,math.OC,28
2009-03,math.PR,104
2009-03,math.QA,30
2009-03,math.RA,43
2009-03,math.RT,57
2009-03,math.SG,17
2009-03,math.SP,16
2009-03,math.ST,39
2009-03,nlin.AO,5
2009-03,nlin.CD,29
2009-03,nlin.PS,17
2009-03,nlin.SI,24
2009-03,nucl-ex,46
2009-03,nucl-th,72
2009-03,physics.acc-ph,11
2009-03,physics.ao-ph,2
2009-03,physics.atm-clus,8
2009-03,physics.atom-ph,35
2009-03,physics.bio-ph,14
2009-03,physics.chem-ph,28
2009-03,physics.class-ph,18
2009-03,physics.comp-ph,10
2009-03,physics.data-an,13
2009-03,physics.ed-ph,2
2009-03,physics.flu-dyn,17
2009-03,physics.gen-ph,32
2009-03,physics.geo-ph,12
2009-03,physics.hist-ph,11
2009-03,physics.ins-det,14
2009-03,physics.med-ph,5
2009-03,physics.optics,62
2009-03,physics.plasm-ph,15
2009-03,physics.pop-ph,6
2009-03,physics.soc-ph,31
2009-03,physics.space-ph,4
2009-03,q-bio.BM,8
2009-03,q-bio.CB,3
2009-03,q-bio.GN,4
2009-03,q-bio.MN,4
2009-03,q-bio.NC,13
2009-03,q-bio.OT,1
2009-03,q-bio.PE,11
2009-03,q-bio.QM,7
2009-03,q-bio.SC,4
2009-03,q-bio.TO,1
2009-03,q-fin.CP,2
2009-03,q-fin.GN,6
2009-03,q-fin.PM,1
2009-03,q-fin.PR,5
2009-03,q-fin.ST,7
2009-03,q-fin.TR,1
2009-03,quant-ph,291
2009-03,stat.AP,8
2009-03,stat.CO,2
2009-03,stat.ME,18
2009-03,stat.ML,2
2009-04,astro-ph.CO,280
2009-04,astro-ph.EP,49
2009-04,astro-ph.GA,109
2009-04,astro-ph.HE,129
2009-04,astro-ph.IM,49
2009-04,astro-ph.SR,165
2009-04,cond-mat.dis-nn,26
2009-04,cond-mat.mes-hall,183
2009-04,cond-mat.mtrl-sci,121
2009-04,cond-mat.other,27
2009-04,cond-mat.quant-gas,62
2009-04,cond-mat.soft,58
2009-04,cond-mat.stat-mech,90
2009-04,cond-mat.str-el,123
2009-04,cond-mat.supr-con,132
2009-04,cs.AI,19
2009-04,cs.AR,1
2009-04,cs.CC,12
2009-04,cs.CE,1
2009-04,cs.CG,5
2009-04,cs.CL,1
2009-04,cs.CR,11
2009-04,cs.CV,3
2009-04,cs.CY,3
2009-04,cs.DB,13
2009-04,cs.DC,3
2009-04,cs.DL,1
2009-04,cs.DM,16
2009-04,cs.DS,29
2009-04,cs.FL,4
2009-04,cs.GL,2
2009-04,cs.GT,11
2009-04,cs.HC,2
2009-04,cs.IR,3
2009-04,cs.IT,74
2009-04,cs.LG,11
2009-04,cs.LO,29
2009-04,cs.MA,2
2009-04,cs.MM,2
2009-04,cs.MS,1
2009-04,cs.NE,3
2009-04,cs.NI,23
2009-04,cs.OH,11
2009-04,cs.PF,1
2009-04,cs.PL,2
2009-04,cs.RO,6
2009-04,cs.SC,6
2009-04,cs.SE,11
2009-04,gr-qc,161
2009-04,hep-ex,53
2009-04,hep-lat,18
2009-04,hep-ph,308
2009-04,hep-th,276
2009-04,math-ph,129
2009-04,math.AC,25
2009-04,math.AG,117
2009-04,math.AP,114
2009-04,math.AT,32
2009-04,math.CA,35
2009-04,math.CO,73
2009-04,math.CT,14
2009-04,math.CV,18
2009-04,math.DG,84
2009-04,math.DS,42
2009-04,math.FA,49
2009-04,math.GM,10
2009-04,math.GN,9
2009-04,math.GR,41
2009-04,math.GT,58
2009-04,math.HO,6
2009-04,math.KT,9
2009-04,math.LO,18
2009-04,math.MG,7
2009-04,math.NA,19
2009-04,math.NT,56
2009-04,math.OA,21
2009-04,math.OC,23
2009-04,math.PR,86
2009-04,math.QA,19
2009-04,math.RA,23
2009-04,math.RT,40
2009-04,math.SG,12
2009-04,math.SP,4
2009-04,math.ST,38
2009-04,nlin.AO,9
2009-04,nlin.CD,22
2009-04,nlin.PS,11
2009-04,nlin.SI,14
2009-04,nucl-ex,40
2009-04,nucl-th,84
2009-04,physics.acc-ph,3
2009-04,physics.ao-ph,3
2009-04,physics.atm-clus,4
2009-04,physics.atom-ph,28
2009-04,physics.bio-ph,18
2009-04,physics.chem-ph,48
2009-04,physics.class-ph,19
2009-04,physics.comp-ph,10
2009-04,physics.data-an,8
2009-04,physics.ed-ph,1
2009-04,physics.flu-dyn,40
2009-04,physics.gen-ph,44
2009-04,physics.geo-ph,3
2009-04,physics.hist-ph,6
2009-04,physics.ins-det,19
2009-04,physics.med-ph,9
2009-04,physics.optics,53
2009-04,physics.plasm-ph,25
2009-04,physics.pop-ph,3
2009-04,physics.soc-ph,22
2009-04,physics.space-ph,1
2009-04,q-bio.BM,15
2009-04,q-bio.CB,4
2009-04,q-bio.GN,9
2009-04,q-bio.MN,13
2009-04,q-bio.NC,2
2009-04,q-bio.OT,2
2009-04,q-bio.PE,11
2009-04,q-bio.QM,9
2009-04,q-bio.SC,4
2009-04,q-bio.TO,2
2009-04,q-fin.CP,3
2009-04,q-fin.GN,10
2009-04,q-fin.PM,1
2009-04,q-fin.PR,8
2009-04,q-fin.RM,15
2009-04,q-fin.ST,4
2009-04,q-fin.TR,6
2009-04,quant-ph,257
2009-04,stat.AP,4
2009-04,stat.CO,5
2009-04,stat.ME,15
2009-04,stat.ML,4
2009-05,astro-ph.CO,323
2009-05,astro-ph.EP,50
2009-05,astro-ph.GA,117
2009-05,astro-ph.HE,128
2009-05,astro-ph.IM,47
2009-05,astro-ph.SR,180
2009-05,cond-mat.dis-nn,26
2009-05,cond-mat.mes-hall,172
2009-05,cond-mat.mtrl-sci,126
2009-05,cond-mat.other,28
2009-05,cond-mat.quant-gas,52
2009-05,cond-mat.soft,67
2009-05,cond-mat.stat-mech,111
2009-05,cond-mat.str-el,141
2009-05,cond-mat.supr-con,104
2009-05,cs.AI,21
2009-05,cs.CC,3
2009-05,cs.CE,1
2009-05,cs.CG,10
2009-05,cs.CL,4
2009-05,cs.CR,10
2009-05,cs.CV,7
2009-05,cs.CY,4
2009-05,cs.DB,5
2009-05,cs.DC,13
2009-05,cs.DL,5
2009-05,cs.DM,12
2009-05,cs.DS,21
2009-05,cs.FL,5
2009-05,cs.GT,12
2009-05,cs.HC,5
2009-05,cs.IR,7
2009-05,cs.IT,78
2009-05,cs.LG,5
2009-05,cs.LO,20
2009-05,cs.MA,1
2009-05,cs.MM,3
2009-05,cs.MS,3
2009-05,cs.NE,6
2009-05,cs.NI,10
2009-05,cs.OH,9
2009-05,cs.PF,1
2009-05,cs.PL,6
2009-05,cs.RO,1
2009-05,cs.SC,1
2009-05,cs.SD,2
2009-05,cs.SE,10
2009-05,cs.SI,1
2009-05,gr-qc,189
2009-05,hep-ex,102
2009-05,hep-lat,32
2009-05,hep-ph,329
2009-05,hep-th,290
2009-05,math-ph,120
2009-05,math.AC,14
2009-05,math.AG,113
2009-05,math.AP,72
2009-05,math.AT,28
2009-05,math.CA,36
2009-05,math.CO,110
2009-05,math.CT,12
2009-05,math.CV,22
2009-05,math.DG,78
2009-05,math.DS,51
2009-05,math.FA,42
2009-05,math.GM,10
2009-05,math.GN,4
2009-05,math.GR,43
2009-05,math.GT,49
2009-05,math.HO,9
2009-05,math.KT,14
2009-05,math.LO,52
2009-05,math.MG,9
2009-05,math.NA,35
2009-05,math.NT,77
2009-05,math.OA,23
2009-05,math.OC,24
2009-05,math.PR,87
2009-05,math.QA,25
2009-05,math.RA,33
2009-05,math.RT,35
2009-05,math.SG,16
2009-05,math.SP,15
2009-05,math.ST,16
2009-05,nlin.AO,11
2009-05,nlin.CD,18
2009-05,nlin.PS,9
2009-05,nlin.SI,18
2009-05,nucl-ex,41
2009-05,nucl-th,70
2009-05,physics.acc-ph,2
2009-05,physics.ao-ph,7
2009-05,physics.atom-ph,38
2009-05,physics.bio-ph,21
2009-05,physics.chem-ph,19
2009-05,physics.class-ph,14
2009-05,physics.comp-ph,11
2009-05,physics.data-an,13
2009-05,physics.ed-ph,3
2009-05,physics.flu-dyn,30
2009-05,physics.gen-ph,34
2009-05,physics.geo-ph,12
2009-05,physics.hist-ph,12
2009-05,physics.ins-det,21
2009-05,physics.med-ph,4
2009-05,physics.optics,54
2009-05,physics.plasm-ph,15
2009-05,physics.pop-ph,9
2009-05,physics.soc-ph,32
2009-05,physics.space-ph,2
2009-05,q-bio.BM,7
2009-05,q-bio.CB,4
2009-05,q-bio.GN,2
2009-05,q-bio.MN,9
2009-05,q-bio.NC,10
2009-05,q-bio.OT,1
2009-05,q-bio.PE,10
2009-05,q-bio.QM,15
2009-05,q-bio.SC,2
2009-05,q-fin.GN,7
2009-05,q-fin.PM,3
2009-05,q-fin.PR,7
2009-05,q-fin.RM,4
2009-05,q-fin.ST,8
2009-05,q-fin.TR,4
2009-05,quant-ph,262
2009-05,stat.AP,12
2009-05,stat.CO,4
2009-05,stat.ME,13
2009-05,stat.ML,5
2009-06,astro-ph.CO,340
2009-06,astro-ph.EP,69
2009-06,astro-ph.GA,117
2009-06,astro-ph.HE,169
2009-06,astro-ph.IM,58
2009-06,astro-ph.SR,214
2009-06,cond-mat.dis-nn,22
2009-06,cond-mat.mes-hall,191
2009-06,cond-mat.mtrl-sci,129
2009-06,cond-mat.other,27
2009-06,cond-mat.quant-gas,51
2009-06,cond-mat.soft,53
2009-06,cond-mat.stat-mech,110
2009-06,cond-mat.str-el,159
2009-06,cond-mat.supr-con,97
2009-06,cs.AI,20
2009-06,cs.AR,2
2009-06,cs.CC,33
2009-06,cs.CG,10
2009-06,cs.CL,6
2009-06,cs.CR,25
2009-06,cs.CV,12
2009-06,cs.CY,7
2009-06,cs.DB,14
2009-06,cs.DC,13
2009-06,cs.DL,6
2009-06,cs.DM,14
2009-06,cs.DS,33
2009-06,cs.FL,6
2009-06,cs.GR,3
2009-06,cs.GT,7
2009-06,cs.HC,3
2009-06,cs.IR,12
2009-06,cs.IT,79
2009-06,cs.LG,15
2009-06,cs.LO,19
2009-06,cs.MA,2
2009-06,cs.MM,5
2009-06,cs.NE,5
2009-06,cs.NI,14
2009-06,cs.OH,7
2009-06,cs.OS,1
2009-06,cs.PF,2
2009-06,cs.PL,9
2009-06,cs.RO,2
2009-06,cs.SC,6
2009-06,cs.SE,15
2009-06,gr-qc,173
2009-06,hep-ex,84
2009-06,hep-lat,32
2009-06,hep-ph,317
2009-06,hep-th,296
2009-06,math-ph,112
2009-06,math.AC,26
2009-06,math.AG,102
2009-06,math.AP,102
2009-06,math.AT,16
2009-06,math.CA,34
2009-06,math.CO,115
2009-06,math.CT,8
2009-06,math.CV,35
2009-06,math.DG,96
2009-06,math.DS,52
2009-06,math.FA,49
2009-06,math.GM,13
2009-06,math.GN,5
2009-06,math.GR,42
2009-06,math.GT,45
2009-06,math.HO,5
2009-06,math.KT,8
2009-06,math.LO,18
2009-06,math.MG,15
2009-06,math.NA,26
2009-06,math.NT,73
2009-06,math.OA,44
2009-06,math.OC,22
2009-06,math.PR,101
2009-06,math.QA,16
2009-06,math.RA,31
2009-06,math.RT,41
2009-06,math.SG,16
2009-06,math.SP,14
2009-06,math.ST,36
2009-06,nlin.AO,9
2009-06,nlin.CD,33
2009-06,nlin.PS,14
2009-06,nlin.SI,22
2009-06,nucl-ex,47
2009-06,nucl-th,107
2009-06,physics.acc-ph,15
2009-06,physics.ao-ph,10
2009-06,physics.atom-ph,39
2009-06,physics.bio-ph,9
2009-06,physics.chem-ph,18
2009-06,physics.class-ph,26
2009-06,physics.comp-ph,10
2009-06,physics.data-an,13
2009-06,physics.ed-ph,3
2009-06,physics.flu-dyn,39
2009-06,physics.gen-ph,41
2009-06,physics.geo-ph,7
2009-06,physics.hist-ph,5
2009-06,physics.ins-det,24
2009-06,physics.med-ph,2
2009-06,physics.optics,66
2009-06,physics.plasm-ph,36
2009-06,physics.pop-ph,3
2009-06,physics.soc-ph,27
2009-06,physics.space-ph,5
2009-06,q-bio.BM,7
2009-06,q-bio.CB,3
2009-06,q-bio.GN,2
2009-06,q-bio.MN,2
2009-06,q-bio.NC,12
2009-06,q-bio.OT,3
2009-06,q-bio.PE,14
2009-06,q-bio.QM,6
2009-06,q-bio.SC,7
2009-06,q-bio.TO,1
2009-06,q-fin.CP,1
2009-06,q-fin.EC,1
2009-06,q-fin.GN,5
2009-06,q-fin.PM,2
2009-06,q-fin.PR,6
2009-06,q-fin.RM,2
2009-06,q-fin.ST,4
2009-06,q-fin.TR,1
2009-06,quant-ph,296
2009-06,stat.AP,13
2009-06,stat.CO,3
2009-06,stat.ME,22
2009-06,stat.ML,7
2009-07,astro-ph.CO,330
2009-07,astro-ph.EP,55
2009-07,astro-ph.GA,113
2009-07,astro-ph.HE,192
2009-07,astro-ph.IM,65
2009-07,astro-ph.SR,208
2009-07,cond-mat.dis-nn,33
2009-07,cond-mat.mes-hall,182
2009-07,cond-mat.mtrl-sci,138
2009-07,cond-mat.other,42
2009-07,cond-mat.quant-gas,72
2009-07,cond-mat.soft,70
2009-07,cond-mat.stat-mech,155
2009-07,cond-mat.str-el,135
2009-07,cond-mat.supr-con,112
2009-07,cs.AI,17
2009-07,cs.CC,17
2009-07,cs.CE,1
2009-07,cs.CG,10
2009-07,cs.CL,7
2009-07,cs.CR,22
2009-07,cs.CV,12
2009-07,cs.CY,4
2009-07,cs.DB,6
2009-07,cs.DC,12
2009-07,cs.DL,3
2009-07,cs.DM,17
2009-07,cs.DS,26
2009-07,cs.FL,32
2009-07,cs.GR,1
2009-07,cs.GT,18
2009-07,cs.HC,3
2009-07,cs.IR,9
2009-07,cs.IT,59
2009-07,cs.LG,10
2009-07,cs.LO,17
2009-07,cs.MA,1
2009-07,cs.MS,2
2009-07,cs.NE,20
2009-07,cs.NI,34
2009-07,cs.PF,1
2009-07,cs.PL,10
2009-07,cs.SC,4
2009-07,cs.SD,1
2009-07,cs.SE,7
2009-07,gr-qc,158
2009-07,hep-ex,75
2009-07,hep-lat,36
2009-07,hep-ph,398
2009-07,hep-th,297
2009-07,math-ph,110
2009-07,math.AC,17
2009-07,math.AG,102
2009-07,math.AP,91
2009-07,math.AT,13
2009-07,math.CA,29
2009-07,math.CO,95
2009-07,math.CT,15
2009-07,math.CV,32
2009-07,math.DG,87
2009-07,math.DS,48
2009-07,math.FA,48
2009-07,math.GM,12
2009-07,math.GN,5
2009-07,math.GR,30
2009-07,math.GT,52
2009-07,math.HO,2
2009-07,math.KT,8
2009-07,math.LO,15
2009-07,math.MG,10
2009-07,math.NA,20
2009-07,math.NT,94
2009-07,math.OA,31
2009-07,math.OC,30
2009-07,math.PR,122
2009-07,math.QA,21
2009-07,math.RA,34
2009-07,math.RT,34
2009-07,math.SG,18
2009-07,math.SP,16
2009-07,math.ST,18
2009-07,nlin.AO,5
2009-07,nlin.CD,19
2009-07,nlin.CG,1
2009-07,nlin.PS,17
2009-07,nlin.SI,18
2009-07,nucl-ex,131
2009-07,nucl-th,126
2009-07,physics.acc-ph,7
2009-07,physics.ao-ph,7
2009-07,physics.atm-clus,3
2009-07,physics.atom-ph,32
2009-07,physics.bio-ph,21
2009-07,physics.chem-ph,8
2009-07,physics.class-ph,24
2009-07,physics.comp-ph,11
2009-07,physics.data-an,11
2009-07,physics.ed-ph,4
2009-07,physics.flu-dyn,24
2009-07,physics.gen-ph,41
2009-07,physics.geo-ph,4
2009-07,physics.hist-ph,5
2009-07,physics.ins-det,20
2009-07,physics.med-ph,6
2009-07,physics.optics,68
2009-07,physics.plasm-ph,21
2009-07,physics.pop-ph,4
2009-07,physics.soc-ph,35
2009-07,physics.space-ph,1
2009-07,q-bio.BM,5
2009-07,q-bio.CB,3
2009-07,q-bio.GN,2
2009-07,q-bio.MN,9
2009-07,q-bio.NC,8
2009-07,q-bio.OT,1
2009-07,q-bio.PE,8
2009-07,q-bio.QM,10
2009-07,q-bio.SC,1
2009-07,q-bio.TO,1
2009-07,q-fin.CP,2
2009-07,q-fin.GN,4
2009-07,q-fin.PM,2
2009-07,q-fin.PR,6
2009-07,q-fin.RM,3
2009-07,q-fin.ST,3
2009-07,q-fin.TR,3
2009-07,quant-ph,296
2009-07,stat.AP,11
2009-07,stat.CO,9
2009-07,stat.ME,15
2009-07,stat.ML,9
2009-08,astro-ph.CO,303
2009-08,astro-ph.EP,60
2009-08,astro-ph.GA,114
2009-08,astro-ph.HE,137
2009-08,astro-ph.IM,51
2009-08,astro-ph.SR,169
2009-08,cond-mat.dis-nn,26
2009-08,cond-mat.mes-hall,176
2009-08,cond-mat.mtrl-sci,127
2009-08,cond-mat.other,27
2009-08,cond-mat.quant-gas,61
2009-08,cond-mat.soft,47
2009-08,cond-mat.stat-mech,91
2009-08,cond-mat.str-el,127
2009-08,cond-mat.supr-con,102
2009-08,cs.AI,7
2009-08,cs.CC,11
2009-08,cs.CE,4
2009-08,cs.CG,11
2009-08,cs.CL,2
2009-08,cs.CR,24
2009-08,cs.CV,6
2009-08,cs.CY,8
2009-08,cs.DB,6
2009-08,cs.DC,6
2009-08,cs.DM,5
2009-08,cs.DS,18
2009-08,cs.FL,5
2009-08,cs.GL,1
2009-08,cs.GT,9
2009-08,cs.HC,14
2009-08,cs.IR,11
2009-08,cs.IT,94
2009-08,cs.LG,6
2009-08,cs.LO,7
2009-08,cs.MA,2
2009-08,cs.MM,1
2009-08,cs.NE,6
2009-08,cs.NI,30
2009-08,cs.OH,2
2009-08,cs.OS,1
2009-08,cs.PF,2
2009-08,cs.PL,2
2009-08,cs.RO,3
2009-08,cs.SE,7
2009-08,gr-qc,158
2009-08,hep-ex,47
2009-08,hep-lat,20
2009-08,hep-ph,293
2009-08,hep-th,240
2009-08,math-ph,103
2009-08,math.AC,18
2009-08,math.AG,69
2009-08,math.AP,77
2009-08,math.AT,29
2009-08,math.CA,17
2009-08,math.CO,83
2009-08,math.CT,5
2009-08,math.CV,15
2009-08,math.DG,83
2009-08,math.DS,33
2009-08,math.FA,37
2009-08,math.GM,6
2009-08,math.GN,8
2009-08,math.GR,31
2009-08,math.GT,39
2009-08,math.HO,3
2009-08,math.KT,4
2009-08,math.LO,7
2009-08,math.MG,14
2009-08,math.NA,17
2009-08,math.NT,66
2009-08,math.OA,23
2009-08,math.OC,19
2009-08,math.PR,106
2009-08,math.QA,30
2009-08,math.RA,18
2009-08,math.RT,28
2009-08,math.SG,12
2009-08,math.SP,8
2009-08,math.ST,59
2009-08,nlin.AO,5
2009-08,nlin.CD,18
2009-08,nlin.CG,2
2009-08,nlin.PS,15
2009-08,nlin.SI,11
2009-08,nucl-ex,37
2009-08,nucl-th,72
2009-08,physics.acc-ph,14
2009-08,physics.ao-ph,6
2009-08,physics.atm-clus,5
2009-08,physics.atom-ph,32
2009-08,physics.bio-ph,11
2009-08,physics.chem-ph,14
2009-08,physics.class-ph,13
2009-08,physics.comp-ph,7
2009-08,physics.data-an,17
2009-08,physics.ed-ph,2
2009-08,physics.flu-dyn,21
2009-08,physics.gen-ph,40
2009-08,physics.geo-ph,12
2009-08,physics.hist-ph,2
2009-08,physics.ins-det,17
2009-08,physics.med-ph,4
2009-08,physics.optics,57
2009-08,physics.plasm-ph,9
2009-08,physics.pop-ph,2
2009-08,physics.soc-ph,42
2009-08,physics.space-ph,3
2009-08,q-bio.BM,8
2009-08,q-bio.CB,1
2009-08,q-bio.GN,1
2009-08,q-bio.MN,8
2009-08,q-bio.NC,4
2009-08,q-bio.OT,3
2009-08,q-bio.PE,14
2009-08,q-bio.QM,9
2009-08,q-bio.SC,1
2009-08,q-bio.TO,2
2009-08,q-fin.CP,1
2009-08,q-fin.GN,3
2009-08,q-fin.PM,6
2009-08,q-fin.PR,5
2009-08,q-fin.ST,4
2009-08,q-fin.TR,2
2009-08,quant-ph,251
2009-08,stat.AP,27
2009-08,stat.CO,3
2009-08,stat.ME,14
2009-08,stat.ML,10
2009-09,astro-ph.CO,398
2009-09,astro-ph.EP,62
2009-09,astro-ph.GA,129
2009-09,astro-ph.HE,154
2009-09,astro-ph.IM,59
2009-09,astro-ph.SR,285
2009-09,cond-mat.dis-nn,42
2009-09,cond-mat.mes-hall,203
2009-09,cond-mat.mtrl-sci,117
2009-09,cond-mat.other,38
2009-09,cond-mat.quant-gas,70
2009-09,cond-mat.soft,67
2009-09,cond-mat.stat-mech,110
2009-09,cond-mat.str-el,153
2009-09,cond-mat.supr-con,111
2009-09,cs.AI,24
2009-09,cs.AR,3
2009-09,cs.CC,14
2009-09,cs.CE,4
2009-09,cs.CG,15
2009-09,cs.CL,12
2009-09,cs.CR,33
2009-09,cs.CV,11
2009-09,cs.CY,4
2009-09,cs.DB,36
2009-09,cs.DC,9
2009-09,cs.DL,2
2009-09,cs.DM,14
2009-09,cs.DS,34
2009-09,cs.FL,2
2009-09,cs.GT,14
2009-09,cs.HC,6
2009-09,cs.IR,7
2009-09,cs.IT,71
2009-09,cs.LG,14
2009-09,cs.LO,12
2009-09,cs.MA,3
2009-09,cs.MM,4
2009-09,cs.MS,2
2009-09,cs.NE,1
2009-09,cs.NI,26
2009-09,cs.OH,8
2009-09,cs.OS,1
2009-09,cs.PF,1
2009-09,cs.PL,5
2009-09,cs.RO,7
2009-09,cs.SC,4
2009-09,cs.SD,3
2009-09,cs.SE,14
2009-09,gr-qc,166
2009-09,hep-ex,88
2009-09,hep-lat,36
2009-09,hep-ph,409
2009-09,hep-th,256
2009-09,math-ph,126
2009-09,math.AC,18
2009-09,math.AG,120
2009-09,math.AP,83
2009-09,math.AT,29
2009-09,math.CA,37
2009-09,math.CO,125
2009-09,math.CT,12
2009-09,math.CV,22
2009-09,math.DG,94
2009-09,math.DS,60
2009-09,math.FA,44
2009-09,math.GM,11
2009-09,math.GN,12
2009-09,math.GR,49
2009-09,math.GT,43
2009-09,math.HO,5
2009-09,math.KT,9
2009-09,math.LO,17
2009-09,math.MG,16
2009-09,math.NA,26
2009-09,math.NT,82
2009-09,math.OA,19
2009-09,math.OC,22
2009-09,math.PR,100
2009-09,math.QA,38
2009-09,math.RA,25
2009-09,math.RT,51
2009-09,math.SG,21
2009-09,math.SP,11
2009-09,math.ST,48
2009-09,nlin.AO,4
2009-09,nlin.CD,15
2009-09,nlin.CG,1
2009-09,nlin.PS,18
2009-09,nlin.SI,12
2009-09,nucl-ex,41
2009-09,nucl-th,107
2009-09,physics.acc-ph,5
2009-09,physics.ao-ph,9
2009-09,physics.atm-clus,5
2009-09,physics.atom-ph,26
2009-09,physics.bio-ph,13
2009-09,physics.chem-ph,17
2009-09,physics.class-ph,21
2009-09,physics.comp-ph,11
2009-09,physics.data-an,16
2009-09,physics.ed-ph,1
2009-09,physics.flu-dyn,36
2009-09,physics.gen-ph,26
2009-09,physics.geo-ph,14
2009-09,physics.hist-ph,1
2009-09,physics.ins-det,30
2009-09,physics.med-ph,5
2009-09,physics.optics,58
2009-09,physics.plasm-ph,23
2009-09,physics.soc-ph,29
2009-09,physics.space-ph,2
2009-09,q-bio.BM,5
2009-09,q-bio.CB,1
2009-09,q-bio.GN,7
2009-09,q-bio.MN,3
2009-09,q-bio.NC,1
2009-09,q-bio.OT,2
2009-09,q-bio.PE,11
2009-09,q-bio.QM,9
2009-09,q-bio.SC,4
2009-09,q-bio.TO,1
2009-09,q-fin.CP,3
2009-09,q-fin.GN,5
2009-09,q-fin.PM,2
2009-09,q-fin.PR,4
2009-09,q-fin.RM,2
2009-09,q-fin.ST,5
2009-09,q-fin.TR,1
2009-09,quant-ph,298
2009-09,stat.AP,7
2009-09,stat.CO,5
2009-09,stat.ME,14
2009-09,stat.ML,15
2009-10,astro-ph.CO,400
2009-10,astro-ph.EP,63
2009-10,astro-ph.GA,139
2009-10,astro-ph.HE,166
2009-10,astro-ph.IM,64
2009-10,astro-ph.SR,218
2009-10,cond-mat.dis-nn,29
2009-10,cond-mat.mes-hall,208
2009-10,cond-mat.mtrl-sci,137
2009-10,cond-mat.other,22
2009-10,cond-mat.quant-gas,65
2009-10,cond-mat.soft,77
2009-10,cond-mat.stat-mech,123
2009-10,cond-mat.str-el,145
2009-10,cond-mat.supr-con,110
2009-10,cs.AI,27
2009-10,cs.AR,4
2009-10,cs.CC,18
2009-10,cs.CE,6
2009-10,cs.CG,8
2009-10,cs.CL,6
2009-10,cs.CR,24
2009-10,cs.CV,14
2009-10,cs.CY,3
2009-10,cs.DB,2
2009-10,cs.DC,17
2009-10,cs.DL,4
2009-10,cs.DM,10
2009-10,cs.DS,29
2009-10,cs.FL,7
2009-10,cs.GL,1
2009-10,cs.GR,1
2009-10,cs.GT,10
2009-10,cs.HC,2
2009-10,cs.IR,6
2009-10,cs.IT,86
2009-10,cs.LG,13
2009-10,cs.LO,18
2009-10,cs.MA,4
2009-10,cs.MM,3
2009-10,cs.MS,1
2009-10,cs.NE,5
2009-10,cs.NI,21
2009-10,cs.OH,6
2009-10,cs.OS,2
2009-10,cs.PF,3
2009-10,cs.PL,7
2009-10,cs.RO,10
2009-10,cs.SC,3
2009-10,cs.SE,6
2009-10,gr-qc,170
2009-10,hep-ex,124
2009-10,hep-lat,115
2009-10,hep-ph,408
2009-10,hep-th,291
2009-10,math-ph,123
2009-10,math.AC,21
2009-10,math.AG,117
2009-10,math.AP,141
2009-10,math.AT,29
2009-10,math.CA,27
2009-10,math.CO,95
2009-10,math.CT,11
2009-10,math.CV,41
2009-10,math.DG,111
2009-10,math.DS,52
2009-10,math.FA,53
2009-10,math.GM,8
2009-10,math.GN,15
2009-10,math.GR,49
2009-10,math.GT,57
2009-10,math.HO,14
2009-10,math.KT,4
2009-10,math.LO,13
2009-10,math.MG,19
2009-10,math.NA,31
2009-10,math.NT,88
2009-10,math.OA,23
2009-10,math.OC,25
2009-10,math.PR,120
2009-10,math.QA,29
2009-10,math.RA,32
2009-10,math.RT,45
2009-10,math.SG,19
2009-10,math.SP,12
2009-10,math.ST,19
2009-10,nlin.AO,5
2009-10,nlin.CD,23
2009-10,nlin.CG,1
2009-10,nlin.PS,13
2009-10,nlin.SI,16
2009-10,nucl-ex,40
2009-10,nucl-th,114
2009-10,physics.acc-ph,10
2009-10,physics.ao-ph,5
2009-10,physics.atm-clus,4
2009-10,physics.atom-ph,46
2009-10,physics.bio-ph,17
2009-10,physics.chem-ph,14
2009-10,physics.class-ph,14
2009-10,physics.comp-ph,13
2009-10,physics.data-an,9
2009-10,physics.ed-ph,3
2009-10,physics.flu-dyn,76
2009-10,physics.gen-ph,44
2009-10,physics.geo-ph,6
2009-10,physics.hist-ph,9
2009-10,physics.ins-det,41
2009-10,physics.med-ph,3
2009-10,physics.optics,67
2009-10,physics.plasm-ph,23
2009-10,physics.pop-ph,3
2009-10,physics.soc-ph,29
2009-10,physics.space-ph,4
2009-10,q-bio.BM,7
2009-10,q-bio.CB,4
2009-10,q-bio.GN,7
2009-10,q-bio.MN,11
2009-10,q-bio.NC,2
2009-10,q-bio.OT,2
2009-10,q-bio.PE,19
2009-10,q-bio.QM,7
2009-10,q-bio.SC,2
2009-10,q-fin.CP,7
2009-10,q-fin.PR,6
2009-10,q-fin.RM,2
2009-10,q-fin.ST,7
2009-10,q-fin.TR,3
2009-10,quant-ph,308
2009-10,stat.AP,18
2009-10,stat.CO,6
2009-10,stat.ME,24
2009-10,stat.ML,12
2009-11,astro-ph.CO,354
2009-11,astro-ph.EP,69
2009-11,astro-ph.GA,123
2009-11,astro-ph.HE,137
2009-11,astro-ph.IM,63
2009-11,astro-ph.SR,208
2009-11,cond-mat.dis-nn,39
2009-11,cond-mat.mes-hall,175
2009-11,cond-mat.mtrl-sci,123
2009-11,cond-mat.other,20
2009-11,cond-mat.quant-gas,82
2009-11,cond-mat.soft,76
2009-11,cond-mat.stat-mech,127
2009-11,cond-mat.str-el,120
2009-11,cond-mat.supr-con,102
2009-11,cs.AI,16
2009-11,cs.CC,15
2009-11,cs.CE,14
2009-11,cs.CG,7
2009-11,cs.CL,14
2009-11,cs.CR,21
2009-11,cs.CV,10
2009-11,cs.CY,12
2009-11,cs.DB,6
2009-11,cs.DC,10
2009-11,cs.DL,16
2009-11,cs.DM,24
2009-11,cs.DS,26
2009-11,cs.FL,8
2009-11,cs.GR,2
2009-11,cs.GT,6
2009-11,cs.HC,6
2009-11,cs.IR,14
2009-11,cs.IT,75
2009-11,cs.LG,9
2009-11,cs.LO,31
2009-11,cs.MA,7
2009-11,cs.MM,1
2009-11,cs.NE,6
2009-11,cs.NI,41
2009-11,cs.OH,5
2009-11,cs.PL,8
2009-11,cs.RO,1
2009-11,cs.SC,4
2009-11,cs.SD,3
2009-11,cs.SE,12
2009-11,gr-qc,174
2009-11,hep-ex,51
2009-11,hep-lat,92
2009-11,hep-ph,394
2009-11,hep-th,296
2009-11,math-ph,128
2009-11,math.AC,29
2009-11,math.AG,100
2009-11,math.AP,93
2009-11,math.AT,25
2009-11,math.CA,50
2009-11,math.CO,102
2009-11,math.CT,7
2009-11,math.CV,39
2009-11,math.DG,88
2009-11,math.DS,46
2009-11,math.FA,39
2009-11,math.GM,7
2009-11,math.GN,9
2009-11,math.GR,51
2009-11,math.GT,43
2009-11,math.HO,3
2009-11,math.KT,9
2009-11,math.LO,14
2009-11,math.MG,16
2009-11,math.NA,31
2009-11,math.NT,78
2009-11,math.OA,24
2009-11,math.OC,29
2009-11,math.PR,146
2009-11,math.QA,27
2009-11,math.RA,38
2009-11,math.RT,58
2009-11,math.SG,13
2009-11,math.SP,11
2009-11,math.ST,27
2009-11,nlin.AO,12
2009-11,nlin.CD,25
2009-11,nlin.CG,1
2009-11,nlin.PS,8
2009-11,nlin.SI,21
2009-11,nucl-ex,46
2009-11,nucl-th,82
2009-11,physics.acc-ph,5
2009-11,physics.ao-ph,7
2009-11,physics.atm-clus,2
2009-11,physics.atom-ph,32
2009-11,physics.bio-ph,16
2009-11,physics.chem-ph,16
2009-11,physics.class-ph,10
2009-11,physics.comp-ph,8
2009-11,physics.data-an,13
2009-11,physics.ed-ph,4
2009-11,physics.flu-dyn,37
2009-11,physics.gen-ph,47
2009-11,physics.geo-ph,5
2009-11,physics.hist-ph,6
2009-11,physics.ins-det,52
2009-11,physics.med-ph,15
2009-11,physics.optics,46
2009-11,physics.plasm-ph,26
2009-11,physics.pop-ph,7
2009-11,physics.soc-ph,75
2009-11,physics.space-ph,6
2009-11,q-bio.BM,6
2009-11,q-bio.CB,2
2009-11,q-bio.GN,5
2009-11,q-bio.MN,8
2009-11,q-bio.NC,3
2009-11,q-bio.OT,1
2009-11,q-bio.PE,15
2009-11,q-bio.QM,6
2009-11,q-bio.SC,1
2009-11,q-fin.CP,3
2009-11,q-fin.GN,5
2009-11,q-fin.PM,6
2009-11,q-fin.PR,13
2009-11,q-fin.RM,4
2009-11,q-fin.ST,7
2009-11,quant-ph,272
2009-11,stat.AP,5
2009-11,stat.CO,4
2009-11,stat.ME,17
2009-11,stat.ML,11
2009-12,astro-ph.CO,369
2009-12,astro-ph.EP,90
2009-12,astro-ph.GA,102
2009-12,astro-ph.HE,218
2009-12,astro-ph.IM,57
2009-12,astro-ph.SR,203
2009-12,cond-mat.dis-nn,25
2009-12,cond-mat.mes-hall,207
2009-12,cond-mat.mtrl-sci,126
2009-12,cond-mat.other,25
2009-12,cond-mat.quant-gas,88
2009-12,cond-mat.soft,63
2009-12,cond-mat.stat-mech,119
2009-12,cond-mat.str-el,127
2009-12,cond-mat.supr-con,122
2009-12,cs.AI,15
2009-12,cs.CC,20
2009-12,cs.CE,6
2009-12,cs.CG,7
2009-12,cs.CL,6
2009-12,cs.CR,38
2009-12,cs.CV,11
2009-12,cs.CY,14
2009-12,cs.DB,14
2009-12,cs.DC,9
2009-12,cs.DL,11
2009-12,cs.DM,18
2009-12,cs.DS,34
2009-12,cs.FL,3
2009-12,cs.GR,3
2009-12,cs.GT,6
2009-12,cs.HC,8
2009-12,cs.IR,11
2009-12,cs.IT,56
2009-12,cs.LG,13
2009-12,cs.LO,27
2009-12,cs.MA,6
2009-12,cs.MM,4
2009-12,cs.MS,1
2009-12,cs.NE,8
2009-12,cs.NI,44
2009-12,cs.OH,9
2009-12,cs.OS,3
2009-12,cs.PF,2
2009-12,cs.PL,6
2009-12,cs.RO,2
2009-12,cs.SC,3
2009-12,cs.SD,1
2009-12,cs.SE,6
2009-12,gr-qc,170
2009-12,hep-ex,63
2009-12,hep-lat,60
2009-12,hep-ph,364
2009-12,hep-th,320
2009-12,math-ph,120
2009-12,math.AC,25
2009-12,math.AG,97
2009-12,math.AP,87
2009-12,math.AT,28
2009-12,math.CA,30
2009-12,math.CO,91
2009-12,math.CT,11
2009-12,math.CV,26
2009-12,math.DG,111
2009-12,math.DS,71
2009-12,math.FA,35
2009-12,math.GM,13
2009-12,math.GN,8
2009-12,math.GR,45
2009-12,math.GT,32
2009-12,math.HO,11
2009-12,math.KT,10
2009-12,math.LO,17
2009-12,math.MG,16
2009-12,math.NA,26
2009-12,math.NT,96
2009-12,math.OA,19
2009-12,math.OC,31
2009-12,math.PR,111
2009-12,math.QA,30
2009-12,math.RA,23
2009-12,math.RT,43
2009-12,math.SG,23
2009-12,math.SP,6
2009-12,math.ST,30
2009-12,nlin.AO,9
2009-12,nlin.CD,15
2009-12,nlin.CG,1
2009-12,nlin.PS,9
2009-12,nlin.SI,24
2009-12,nucl-ex,26
2009-12,nucl-th,116
2009-12,physics.acc-ph,9
2009-12,physics.ao-ph,6
2009-12,physics.atm-clus,6
2009-12,physics.atom-ph,28
2009-12,physics.bio-ph,16
2009-12,physics.chem-ph,10
2009-12,physics.class-ph,15
2009-12,physics.comp-ph,20
2009-12,physics.data-an,6
2009-12,physics.ed-ph,2
2009-12,physics.flu-dyn,36
2009-12,physics.gen-ph,66
2009-12,physics.geo-ph,7
2009-12,physics.hist-ph,5
2009-12,physics.ins-det,19
2009-12,physics.med-ph,4
2009-12,physics.optics,73
2009-12,physics.plasm-ph,23
2009-12,physics.pop-ph,3
2009-12,physics.soc-ph,26
2009-12,physics.space-ph,2
2009-12,q-bio.BM,8
2009-12,q-bio.CB,2
2009-12,q-bio.GN,6
2009-12,q-bio.MN,6
2009-12,q-bio.NC,14
2009-12,q-bio.OT,1
2009-12,q-bio.PE,18
2009-12,q-bio.QM,8
2009-12,q-bio.SC,4
2009-12,q-bio.TO,1
2009-12,q-fin.CP,3
2009-12,q-fin.GN,6
2009-12,q-fin.PM,5
2009-12,q-fin.PR,12
2009-12,q-fin.RM,2
2009-12,q-fin.ST,7
2009-12,q-fin.TR,1
2009-12,quant-ph,284
2009-12,stat.AP,3
2009-12,stat.CO,4
2009-12,stat.ME,18
2009-12,stat.ML,14
2010-01,astro-ph.CO,315
2010-01,astro-ph.EP,72
2010-01,astro-ph.GA,119
2010-01,astro-ph.HE,140
2010-01,astro-ph.IM,83
2010-01,astro-ph.SR,194
2010-01,cond-mat.dis-nn,31
2010-01,cond-mat.mes-hall,167
2010-01,cond-mat.mtrl-sci,154
2010-01,cond-mat.other,24
2010-01,cond-mat.quant-gas,50
2010-01,cond-mat.soft,62
2010-01,cond-mat.stat-mech,96
2010-01,cond-mat.str-el,108
2010-01,cond-mat.supr-con,104
2010-01,cs.AI,19
2010-01,cs.AR,4
2010-01,cs.CC,21
2010-01,cs.CE,6
2010-01,cs.CG,16
2010-01,cs.CL,4
2010-01,cs.CR,31
2010-01,cs.CV,17
2010-01,cs.CY,13
2010-01,cs.DB,12
2010-01,cs.DC,15
2010-01,cs.DL,8
2010-01,cs.DM,9
2010-01,cs.DS,28
2010-01,cs.FL,7
2010-01,cs.GR,4
2010-01,cs.GT,14
2010-01,cs.HC,7
2010-01,cs.IR,11
2010-01,cs.IT,182
2010-01,cs.LG,10
2010-01,cs.LO,26
2010-01,cs.MA,3
2010-01,cs.MM,11
2010-01,cs.MS,1
2010-01,cs.NE,12
2010-01,cs.NI,36
2010-01,cs.OH,12
2010-01,cs.OS,2
2010-01,cs.PF,4
2010-01,cs.PL,7
2010-01,cs.RO,1
2010-01,cs.SC,6
2010-01,cs.SD,1
2010-01,cs.SE,29
2010-01,cs.SI,1
2010-01,gr-qc,190
2010-01,hep-ex,42
2010-01,hep-lat,29
2010-01,hep-ph,328
2010-01,hep-th,241
2010-01,math-ph,135
2010-01,math.AC,32
2010-01,math.AG,102
2010-01,math.AP,84
2010-01,math.AT,23
2010-01,math.CA,49
2010-01,math.CO,77
2010-01,math.CT,8
2010-01,math.CV,33
2010-01,math.DG,90
2010-01,math.DS,53
2010-01,math.FA,51
2010-01,math.GM,14
2010-01,math.GN,11
2010-01,math.GR,38
2010-01,math.GT,60
2010-01,math.HO,8
2010-01,math.KT,7
2010-01,math.LO,15
2010-01,math.MG,13
2010-01,math.NA,43
2010-01,math.NT,89
2010-01,math.OA,24
2010-01,math.OC,38
2010-01,math.PR,105
2010-01,math.QA,25
2010-01,math.RA,40
2010-01,math.RT,40
2010-01,math.SG,14
2010-01,math.SP,14
2010-01,math.ST,44
2010-01,nlin.AO,6
2010-01,nlin.CD,21
2010-01,nlin.CG,2
2010-01,nlin.PS,9
2010-01,nlin.SI,15
2010-01,nucl-ex,34
2010-01,nucl-th,104
2010-01,physics.acc-ph,14
2010-01,physics.ao-ph,6
2010-01,physics.atm-clus,3
2010-01,physics.atom-ph,42
2010-01,physics.bio-ph,17
2010-01,physics.chem-ph,20
2010-01,physics.class-ph,13
2010-01,physics.comp-ph,14
2010-01,physics.data-an,13
2010-01,physics.ed-ph,1
2010-01,physics.flu-dyn,23
2010-01,physics.gen-ph,45
2010-01,physics.geo-ph,5
2010-01,physics.hist-ph,7
2010-01,physics.ins-det,36
2010-01,physics.med-ph,6
2010-01,physics.optics,71
2010-01,physics.plasm-ph,19
2010-01,physics.pop-ph,7
2010-01,physics.soc-ph,29
2010-01,physics.space-ph,1
2010-01,q-bio.BM,7
2010-01,q-bio.CB,1
2010-01,q-bio.GN,4
2010-01,q-bio.MN,7
2010-01,q-bio.NC,3
2010-01,q-bio.OT,1
2010-01,q-bio.PE,20
2010-01,q-bio.QM,8
2010-01,q-fin.CP,3
2010-01,q-fin.GN,8
2010-01,q-fin.PM,5
2010-01,q-fin.PR,15
2010-01,q-fin.RM,4
2010-01,q-fin.ST,5
2010-01,q-fin.TR,2
2010-01,quant-ph,215
2010-01,stat.AP,1
2010-01,stat.CO,5
2010-01,stat.ME,30
2010-01,stat.ML,9
2010-02,astro-ph.CO,337
2010-02,astro-ph.EP,49
2010-02,astro-ph.GA,131
2010-02,astro-ph.HE,131
2010-02,astro-ph.IM,48
2010-02,astro-ph.SR,177
2010-02,cond-mat.dis-nn,23
2010-02,cond-mat.mes-hall,200
2010-02,cond-mat.mtrl-sci,140
2010-02,cond-mat.other,25
2010-02,cond-mat.quant-gas,63
2010-02,cond-mat.soft,63
2010-02,cond-mat.stat-mech,99
2010-02,cond-mat.str-el,123
2010-02,cond-mat.supr-con,110
2010-02,cs.AI,19
2010-02,cs.AR,3
2010-02,cs.CC,13
2010-02,cs.CE,10
2010-02,cs.CG,5
2010-02,cs.CL,12
2010-02,cs.CR,32
2010-02,cs.CV,20
2010-02,cs.CY,8
2010-02,cs.DB,8
2010-02,cs.DC,18
2010-02,cs.DL,3
2010-02,cs.DM,15
2010-02,cs.DS,23
2010-02,cs.FL,6
2010-02,cs.GL,1
2010-02,cs.GR,1
2010-02,cs.GT,15
2010-02,cs.HC,4
2010-02,cs.IR,9
2010-02,cs.IT,85
2010-02,cs.LG,19
2010-02,cs.LO,26
2010-02,cs.MA,2
2010-02,cs.MM,10
2010-02,cs.MS,3
2010-02,cs.NE,10
2010-02,cs.NI,59
2010-02,cs.OH,26
2010-02,cs.OS,1
2010-02,cs.PF,4
2010-02,cs.PL,10
2010-02,cs.RO,4
2010-02,cs.SC,4
2010-02,cs.SE,14
2010-02,gr-qc,124
2010-02,hep-ex,39
2010-02,hep-lat,34
2010-02,hep-ph,253
2010-02,hep-th,253
2010-02,math-ph,112
2010-02,math.AC,18
2010-02,math.AG,96
2010-02,math.AP,92
2010-02,math.AT,30
2010-02,math.CA,38
2010-02,math.CO,105
2010-02,math.CT,9
2010-02,math.CV,27
2010-02,math.DG,72
2010-02,math.DS,40
2010-02,math.FA,50
2010-02,math.GM,11
2010-02,math.GN,16
2010-02,math.GR,39
2010-02,math.GT,47
2010-02,math.HO,8
2010-02,math.KT,10
2010-02,math.LO,16
2010-02,math.MG,15
2010-02,math.NA,32
2010-02,math.NT,75
2010-02,math.OA,29
2010-02,math.OC,23
2010-02,math.PR,92
2010-02,math.QA,34
2010-02,math.RA,27
2010-02,math.RT,43
2010-02,math.SG,8
2010-02,math.SP,12
2010-02,math.ST,46
2010-02,nlin.AO,2
2010-02,nlin.CD,8
2010-02,nlin.CG,2
2010-02,nlin.PS,12
2010-02,nlin.SI,15
2010-02,nucl-ex,27
2010-02,nucl-th,75
2010-02,physics.acc-ph,6
2010-02,physics.ao-ph,10
2010-02,physics.atm-clus,2
2010-02,physics.atom-ph,31
2010-02,physics.bio-ph,11
2010-02,physics.chem-ph,14
2010-02,physics.class-ph,20
2010-02,physics.comp-ph,12
2010-02,physics.data-an,10
2010-02,physics.ed-ph,3
2010-02,physics.flu-dyn,35
2010-02,physics.gen-ph,46
2010-02,physics.geo-ph,10
2010-02,physics.hist-ph,4
2010-02,physics.ins-det,17
2010-02,physics.med-ph,2
2010-02,physics.optics,66
2010-02,physics.plasm-ph,19
2010-02,physics.pop-ph,3
2010-02,physics.soc-ph,28
2010-02,physics.space-ph,11
2010-02,q-bio.BM,7
2010-02,q-bio.CB,5
2010-02,q-bio.GN,2
2010-02,q-bio.MN,10
2010-02,q-bio.NC,6
2010-02,q-bio.OT,2
2010-02,q-bio.PE,16
2010-02,q-bio.QM,5
2010-02,q-bio.SC,3
2010-02,q-fin.CP,3
2010-02,q-fin.GN,11
2010-02,q-fin.PM,4
2010-02,q-fin.PR,6
2010-02,q-fin.RM,7
2010-02,q-fin.ST,8
2010-02,q-fin.TR,4
2010-02,quant-ph,258
2010-02,stat.AP,9
2010-02,stat.CO,7
2010-02,stat.ME,12
2010-02,stat.ML,11
2010-03,astro-ph.CO,358
2010-03,astro-ph.EP,76
2010-03,astro-ph.GA,116
2010-03,astro-ph.HE,130
2010-03,astro-ph.IM,46
2010-03,astro-ph.SR,227
2010-03,cond-mat.dis-nn,40
2010-03,cond-mat.mes-hall,255
2010-03,cond-mat.mtrl-sci,145
2010-03,cond-mat.other,18
2010-03,cond-mat.quant-gas,70
2010-03,cond-mat.soft,67
2010-03,cond-mat.stat-mech,129
2010-03,cond-mat.str-el,151
2010-03,cond-mat.supr-con,118
2010-03,cs.AI,27
2010-03,cs.CC,8
2010-03,cs.CE,1
2010-03,cs.CG,9
2010-03,cs.CL,10
2010-03,cs.CR,34
2010-03,cs.CV,34
2010-03,cs.CY,9
2010-03,cs.DB,18
2010-03,cs.DC,24
2010-03,cs.DL,13
2010-03,cs.DM,22
2010-03,cs.DS,21
2010-03,cs.FL,3
2010-03,cs.GR,3
2010-03,cs.GT,18
2010-03,cs.HC,4
2010-03,cs.IR,9
2010-03,cs.IT,72
2010-03,cs.LG,17
2010-03,cs.LO,39
2010-03,cs.MA,4
2010-03,cs.MM,6
2010-03,cs.MS,1
2010-03,cs.NE,5
2010-03,cs.NI,51
2010-03,cs.OH,23
2010-03,cs.OS,4
2010-03,cs.PF,3
2010-03,cs.PL,7
2010-03,cs.RO,2
2010-03,cs.SC,1
2010-03,cs.SD,4
2010-03,cs.SE,12
2010-03,gr-qc,167
2010-03,hep-ex,40
2010-03,hep-lat,30
2010-03,hep-ph,317
2010-03,hep-th,313
2010-03,math-ph,140
2010-03,math.AC,37
2010-03,math.AG,129
2010-03,math.AP,118
2010-03,math.AT,16
2010-03,math.CA,49
2010-03,math.CO,90
2010-03,math.CT,9
2010-03,math.CV,36
2010-03,math.DG,128
2010-03,math.DS,56
2010-03,math.FA,62
2010-03,math.GM,22
2010-03,math.GN,10
2010-03,math.GR,49
2010-03,math.GT,54
2010-03,math.HO,9
2010-03,math.KT,10
2010-03,math.LO,31
2010-03,math.MG,26
2010-03,math.NA,37
2010-03,math.NT,95
2010-03,math.OA,28
2010-03,math.OC,35
2010-03,math.PR,121
2010-03,math.QA,39
2010-03,math.RA,30
2010-03,math.RT,44
2010-03,math.SG,25
2010-03,math.SP,16
2010-03,math.ST,32
2010-03,nlin.AO,12
2010-03,nlin.CD,22
2010-03,nlin.CG,5
2010-03,nlin.PS,11
2010-03,nlin.SI,14
2010-03,nucl-ex,35
2010-03,nucl-th,109
2010-03,physics.acc-ph,10
2010-03,physics.ao-ph,10
2010-03,physics.atom-ph,46
2010-03,physics.bio-ph,22
2010-03,physics.chem-ph,21
2010-03,physics.class-ph,8
2010-03,physics.comp-ph,7
2010-03,physics.data-an,6
2010-03,physics.ed-ph,7
2010-03,physics.flu-dyn,33
2010-03,physics.gen-ph,51
2010-03,physics.geo-ph,17
2010-03,physics.hist-ph,5
2010-03,physics.ins-det,22
2010-03,physics.med-ph,8
2010-03,physics.optics,77
2010-03,physics.plasm-ph,32
2010-03,physics.pop-ph,4
2010-03,physics.soc-ph,35
2010-03,physics.space-ph,5
2010-03,q-bio.BM,5
2010-03,q-bio.CB,3
2010-03,q-bio.GN,2
2010-03,q-bio.MN,4
2010-03,q-bio.NC,10
2010-03,q-bio.OT,1
2010-03,q-bio.PE,20
2010-03,q-bio.QM,6
2010-03,q-bio.TO,1
2010-03,q-fin.CP,3
2010-03,q-fin.GN,7
2010-03,q-fin.PM,5
2010-03,q-fin.PR,5
2010-03,q-fin.RM,3
2010-03,q-fin.ST,6
2010-03,q-fin.TR,3
2010-03,quant-ph,316
2010-03,stat.AP,4
2010-03,stat.CO,7
2010-03,stat.ME,20
2010-03,stat.ML,8
2010-04,astro-ph.CO,336
2010-04,astro-ph.EP,65
2010-04,astro-ph.GA,97
2010-04,astro-ph.HE,133
2010-04,astro-ph.IM,40
2010-04,astro-ph.SR,212
2010-04,cond-mat.dis-nn,33
2010-04,cond-mat.mes-hall,207
2010-04,cond-mat.mtrl-sci,125
2010-04,cond-mat.other,26
2010-04,cond-mat.quant-gas,61
2010-04,cond-mat.soft,87
2010-04,cond-mat.stat-mech,123
2010-04,cond-mat.str-el,154
2010-04,cond-mat.supr-con,119
2010-04,cs.AI,27
2010-04,cs.CC,31
2010-04,cs.CE,2
2010-04,cs.CG,10
2010-04,cs.CL,3
2010-04,cs.CR,43
2010-04,cs.CV,27
2010-04,cs.CY,8
2010-04,cs.DB,14
2010-04,cs.DC,18
2010-04,cs.DL,8
2010-04,cs.DM,19
2010-04,cs.DS,49
2010-04,cs.FL,12
2010-04,cs.GR,3
2010-04,cs.GT,16
2010-04,cs.HC,8
2010-04,cs.IR,15
2010-04,cs.IT,142
2010-04,cs.LG,15
2010-04,cs.LO,25
2010-04,cs.MA,4
2010-04,cs.MM,12
2010-04,cs.MS,1
2010-04,cs.NE,9
2010-04,cs.NI,66
2010-04,cs.OH,22
2010-04,cs.OS,2
2010-04,cs.PF,7
2010-04,cs.PL,8
2010-04,cs.RO,1
2010-04,cs.SC,9
2010-04,cs.SD,1
2010-04,cs.SE,14
2010-04,gr-qc,159
2010-04,hep-ex,39
2010-04,hep-lat,33
2010-04,hep-ph,294
2010-04,hep-th,257
2010-04,math-ph,142
2010-04,math.AC,25
2010-04,math.AG,96
2010-04,math.AP,92
2010-04,math.AT,25
2010-04,math.CA,31
2010-04,math.CO,89
2010-04,math.CT,11
2010-04,math.CV,24
2010-04,math.DG,93
2010-04,math.DS,61
2010-04,math.FA,53
2010-04,math.GM,13
2010-04,math.GN,6
2010-04,math.GR,41
2010-04,math.GT,48
2010-04,math.HO,2
2010-04,math.KT,11
2010-04,math.LO,14
2010-04,math.MG,13
2010-04,math.NA,43
2010-04,math.NT,82
2010-04,math.OA,19
2010-04,math.OC,41
2010-04,math.PR,123
2010-04,math.QA,32
2010-04,math.RA,37
2010-04,math.RT,62
2010-04,math.SG,23
2010-04,math.SP,13
2010-04,math.ST,27
2010-04,nlin.AO,6
2010-04,nlin.CD,19
2010-04,nlin.CG,1
2010-04,nlin.PS,10
2010-04,nlin.SI,17
2010-04,nucl-ex,38
2010-04,nucl-th,95
2010-04,physics.acc-ph,7
2010-04,physics.ao-ph,8
2010-04,physics.atom-ph,34
2010-04,physics.bio-ph,20
2010-04,physics.chem-ph,22
2010-04,physics.class-ph,7
2010-04,physics.comp-ph,14
2010-04,physics.data-an,14
2010-04,physics.ed-ph,1
2010-04,physics.flu-dyn,22
2010-04,physics.gen-ph,48
2010-04,physics.geo-ph,5
2010-04,physics.hist-ph,4
2010-04,physics.ins-det,27
2010-04,physics.med-ph,2
2010-04,physics.optics,72
2010-04,physics.plasm-ph,16
2010-04,physics.pop-ph,7
2010-04,physics.soc-ph,31
2010-04,physics.space-ph,2
2010-04,q-bio.BM,4
2010-04,q-bio.CB,3
2010-04,q-bio.GN,3
2010-04,q-bio.MN,6
2010-04,q-bio.NC,6
2010-04,q-bio.OT,3
2010-04,q-bio.PE,18
2010-04,q-bio.QM,7
2010-04,q-bio.SC,1
2010-04,q-bio.TO,1
2010-04,q-fin.CP,12
2010-04,q-fin.GN,4
2010-04,q-fin.PM,7
2010-04,q-fin.PR,9
2010-04,q-fin.RM,5
2010-04,q-fin.ST,5
2010-04,q-fin.TR,4
2010-04,quant-ph,274
2010-04,stat.AP,8
2010-04,stat.CO,10
2010-04,stat.ME,13
2010-04,stat.ML,10
2010-05,astro-ph.CO,387
2010-05,astro-ph.EP,68
2010-05,astro-ph.GA,122
2010-05,astro-ph.HE,132
2010-05,astro-ph.IM,61
2010-05,astro-ph.SR,227
2010-05,cond-mat.dis-nn,36
2010-05,cond-mat.mes-hall,187
2010-05,cond-mat.mtrl-sci,139
2010-05,cond-mat.other,27
2010-05,cond-mat.quant-gas,83
2010-05,cond-mat.soft,67
2010-05,cond-mat.stat-mech,126
2010-05,cond-mat.str-el,152
2010-05,cond-mat.supr-con,111
2010-05,cs.AI,28
2010-05,cs.CC,14
2010-05,cs.CE,4
2010-05,cs.CG,8
2010-05,cs.CL,6
2010-05,cs.CR,47
2010-05,cs.CV,17
2010-05,cs.CY,6
2010-05,cs.DB,22
2010-05,cs.DC,16
2010-05,cs.DL,10
2010-05,cs.DM,12
2010-05,cs.DS,26
2010-05,cs.FL,6
2010-05,cs.GR,6
2010-05,cs.GT,12
2010-05,cs.HC,5
2010-05,cs.IR,6
2010-05,cs.IT,92
2010-05,cs.LG,27
2010-05,cs.LO,32
2010-05,cs.MA,4
2010-05,cs.MM,5
2010-05,cs.MS,7
2010-05,cs.NE,5
2010-05,cs.NI,48
2010-05,cs.OH,16
2010-05,cs.OS,1
2010-05,cs.PF,4
2010-05,cs.PL,6
2010-05,cs.RO,3
2010-05,cs.SC,7
2010-05,cs.SD,2
2010-05,cs.SE,20
2010-05,gr-qc,200
2010-05,hep-ex,59
2010-05,hep-lat,35
2010-05,hep-ph,346
2010-05,hep-th,268
2010-05,math-ph,106
2010-05,math.AC,24
2010-05,math.AG,126
2010-05,math.AP,103
2010-05,math.AT,23
2010-05,math.CA,53
2010-05,math.CO,102
2010-05,math.CT,14
2010-05,math.CV,24
2010-05,math.DG,72
2010-05,math.DS,49
2010-05,math.FA,55
2010-05,math.GM,8
2010-05,math.GN,9
2010-05,math.GR,51
2010-05,math.GT,49
2010-05,math.HO,5
2010-05,math.KT,9
2010-05,math.LO,22
2010-05,math.MG,17
2010-05,math.NA,46
2010-05,math.NT,90
2010-05,math.OA,25
2010-05,math.OC,38
2010-05,math.PR,123
2010-05,math.QA,18
2010-05,math.RA,34
2010-05,math.RT,48
2010-05,math.SG,18
2010-05,math.SP,24
2010-05,math.ST,25
2010-05,nlin.AO,10
2010-05,nlin.CD,22
2010-05,nlin.PS,11
2010-05,nlin.SI,17
2010-05,nucl-ex,31
2010-05,nucl-th,85
2010-05,physics.acc-ph,9
2010-05,physics.ao-ph,4
2010-05,physics.atm-clus,3
2010-05,physics.atom-ph,27
2010-05,physics.bio-ph,20
2010-05,physics.chem-ph,11
2010-05,physics.class-ph,17
2010-05,physics.comp-ph,15
2010-05,physics.data-an,12
2010-05,physics.ed-ph,3
2010-05,physics.flu-dyn,31
2010-05,physics.gen-ph,42
2010-05,physics.geo-ph,9
2010-05,physics.hist-ph,7
2010-05,physics.ins-det,25
2010-05,physics.med-ph,8
2010-05,physics.optics,60
2010-05,physics.plasm-ph,30
2010-05,physics.pop-ph,2
2010-05,physics.soc-ph,20
2010-05,physics.space-ph,7
2010-05,q-bio.BM,4
2010-05,q-bio.CB,6
2010-05,q-bio.GN,5
2010-05,q-bio.MN,5
2010-05,q-bio.NC,1
2010-05,q-bio.OT,2
2010-05,q-bio.PE,24
2010-05,q-bio.QM,5
2010-05,q-bio.SC,1
2010-05,q-bio.TO,5
2010-05,q-fin.CP,2
2010-05,q-fin.GN,9
2010-05,q-fin.PM,6
2010-05,q-fin.PR,8
2010-05,q-fin.RM,5
2010-05,q-fin.ST,7
2010-05,q-fin.TR,2
2010-05,quant-ph,275
2010-05,stat.AP,9
2010-05,stat.CO,7
2010-05,stat.ME,23
2010-05,stat.ML,12
2010-06,astro-ph.CO,335
2010-06,astro-ph.EP,79
2010-06,astro-ph.GA,119
2010-06,astro-ph.HE,145
2010-06,astro-ph.IM,55
2010-06,astro-ph.SR,192
2010-06,cond-mat.dis-nn,31
2010-06,cond-mat.mes-hall,209
2010-06,cond-mat.mtrl-sci,138
2010-06,cond-mat.other,23
2010-06,cond-mat.quant-gas,82
2010-06,cond-mat.soft,67
2010-06,cond-mat.stat-mech,121
2010-06,cond-mat.str-el,160
2010-06,cond-mat.supr-con,122
2010-06,cs.AI,42
2010-06,cs.AR,1
2010-06,cs.CC,19
2010-06,cs.CE,6
2010-06,cs.CG,5
2010-06,cs.CL,7
2010-06,cs.CR,30
2010-06,cs.CV,20
2010-06,cs.CY,10
2010-06,cs.DB,17
2010-06,cs.DC,46
2010-06,cs.DL,6
2010-06,cs.DM,19
2010-06,cs.DS,37
2010-06,cs.FL,14
2010-06,cs.GR,1
2010-06,cs.GT,21
2010-06,cs.HC,3
2010-06,cs.IR,13
2010-06,cs.IT,119
2010-06,cs.LG,16
2010-06,cs.LO,49
2010-06,cs.MA,3
2010-06,cs.MM,1
2010-06,cs.MS,5
2010-06,cs.NE,6
2010-06,cs.NI,68
2010-06,cs.OH,25
2010-06,cs.OS,5
2010-06,cs.PF,4
2010-06,cs.PL,9
2010-06,cs.RO,6
2010-06,cs.SC,3
2010-06,cs.SD,2
2010-06,cs.SE,21
2010-06,gr-qc,209
2010-06,hep-ex,72
2010-06,hep-lat,27
2010-06,hep-ph,351
2010-06,hep-th,276
2010-06,math-ph,132
2010-06,math.AC,27
2010-06,math.AG,111
2010-06,math.AP,98
2010-06,math.AT,24
2010-06,math.CA,43
2010-06,math.CO,111
2010-06,math.CT,10
2010-06,math.CV,38
2010-06,math.DG,77
2010-06,math.DS,52
2010-06,math.FA,70
2010-06,math.GM,7
2010-06,math.GN,8
2010-06,math.GR,57
2010-06,math.GT,43
2010-06,math.HO,10
2010-06,math.KT,11
2010-06,math.LO,17
2010-06,math.MG,19
2010-06,math.NA,49
2010-06,math.NT,84
2010-06,math.OA,34
2010-06,math.OC,42
2010-06,math.PR,111
2010-06,math.QA,22
2010-06,math.RA,25
2010-06,math.RT,41
2010-06,math.SG,20
2010-06,math.SP,27
2010-06,math.ST,19
2010-06,nlin.AO,5
2010-06,nlin.CD,36
2010-06,nlin.PS,13
2010-06,nlin.SI,6
2010-06,nucl-ex,40
2010-06,nucl-th,86
2010-06,physics.acc-ph,25
2010-06,physics.ao-ph,11
2010-06,physics.atm-clus,4
2010-06,physics.atom-ph,28
2010-06,physics.bio-ph,20
2010-06,physics.chem-ph,16
2010-06,physics.class-ph,16
2010-06,physics.comp-ph,22
2010-06,physics.data-an,11
2010-06,physics.ed-ph,5
2010-06,physics.flu-dyn,27
2010-06,physics.gen-ph,46
2010-06,physics.geo-ph,7
2010-06,physics.hist-ph,8
2010-06,physics.ins-det,42
2010-06,physics.med-ph,8
2010-06,physics.optics,77
2010-06,physics.plasm-ph,24
2010-06,physics.pop-ph,6
2010-06,physics.soc-ph,32
2010-06,physics.space-ph,5
2010-06,q-bio.BM,10
2010-06,q-bio.CB,2
2010-06,q-bio.GN,4
2010-06,q-bio.MN,6
2010-06,q-bio.NC,3
2010-06,q-bio.PE,20
2010-06,q-bio.QM,8
2010-06,q-bio.TO,1
2010-06,q-fin.CP,7
2010-06,q-fin.GN,7
2010-06,q-fin.PM,1
2010-06,q-fin.PR,7
2010-06,q-fin.RM,5
2010-06,q-fin.ST,6
2010-06,q-fin.TR,6
2010-06,quant-ph,295
2010-06,stat.AP,12
2010-06,stat.CO,5
2010-06,stat.ME,24
2010-06,stat.ML,7
2010-06,stat.OT,2
2010-07,astro-ph.CO,279
2010-07,astro-ph.EP,62
2010-07,astro-ph.GA,127
2010-07,astro-ph.HE,140
2010-07,astro-ph.IM,65
2010-07,astro-ph.SR,219
2010-07,cond-mat.dis-nn,31
2010-07,cond-mat.mes-hall,212
2010-07,cond-mat.mtrl-sci,173
2010-07,cond-mat.other,18
2010-07,cond-mat.quant-gas,82
2010-07,cond-mat.soft,66
2010-07,cond-mat.stat-mech,105
2010-07,cond-mat.str-el,150
2010-07,cond-mat.supr-con,126
2010-07,cs.AI,32
2010-07,cs.AR,1
2010-07,cs.CC,19
2010-07,cs.CE,2
2010-07,cs.CG,10
2010-07,cs.CL,3
2010-07,cs.CR,15
2010-07,cs.CV,26
2010-07,cs.CY,2
2010-07,cs.DB,5
2010-07,cs.DC,30
2010-07,cs.DL,2
2010-07,cs.DM,16
2010-07,cs.DS,44
2010-07,cs.FL,7
2010-07,cs.GR,1
2010-07,cs.GT,13
2010-07,cs.HC,3
2010-07,cs.IR,6
2010-07,cs.IT,79
2010-07,cs.LG,11
2010-07,cs.LO,37
2010-07,cs.MA,2
2010-07,cs.MM,3
2010-07,cs.NE,5
2010-07,cs.NI,56
2010-07,cs.OH,3
2010-07,cs.PF,1
2010-07,cs.PL,19
2010-07,cs.RO,1
2010-07,cs.SC,2
2010-07,cs.SE,16
2010-07,cs.SI,2
2010-07,gr-qc,159
2010-07,hep-ex,49
2010-07,hep-lat,23
2010-07,hep-ph,360
2010-07,hep-th,271
2010-07,math-ph,149
2010-07,math.AC,17
2010-07,math.AG,100
2010-07,math.AP,113
2010-07,math.AT,22
2010-07,math.CA,31
2010-07,math.CO,109
2010-07,math.CT,8
2010-07,math.CV,26
2010-07,math.DG,76
2010-07,math.DS,45
2010-07,math.FA,72
2010-07,math.GM,9
2010-07,math.GN,6
2010-07,math.GR,42
2010-07,math.GT,35
2010-07,math.HO,6
2010-07,math.KT,12
2010-07,math.LO,22
2010-07,math.MG,28
2010-07,math.NA,38
2010-07,math.NT,75
2010-07,math.OA,34
2010-07,math.OC,37
2010-07,math.PR,125
2010-07,math.QA,23
2010-07,math.RA,26
2010-07,math.RT,37
2010-07,math.SG,9
2010-07,math.SP,16
2010-07,math.ST,32
2010-07,nlin.AO,5
2010-07,nlin.CD,33
2010-07,nlin.CG,4
2010-07,nlin.PS,7
2010-07,nlin.SI,13
2010-07,nucl-ex,36
2010-07,nucl-th,84
2010-07,physics.acc-ph,11
2010-07,physics.ao-ph,9
2010-07,physics.atm-clus,3
2010-07,physics.atom-ph,43
2010-07,physics.bio-ph,20
2010-07,physics.chem-ph,22
2010-07,physics.class-ph,17
2010-07,physics.comp-ph,10
2010-07,physics.data-an,10
2010-07,physics.ed-ph,6
2010-07,physics.flu-dyn,36
2010-07,physics.gen-ph,43
2010-07,physics.geo-ph,8
2010-07,physics.hist-ph,4
2010-07,physics.ins-det,37
2010-07,physics.med-ph,3
2010-07,physics.optics,76
2010-07,physics.plasm-ph,28
2010-07,physics.pop-ph,10
2010-07,physics.soc-ph,27
2010-07,q-bio.BM,12
2010-07,q-bio.CB,4
2010-07,q-bio.GN,5
2010-07,q-bio.MN,8
2010-07,q-bio.NC,8
2010-07,q-bio.OT,1
2010-07,q-bio.PE,15
2010-07,q-bio.QM,10
2010-07,q-bio.SC,1
2010-07,q-fin.CP,2
2010-07,q-fin.PR,8
2010-07,q-fin.RM,4
2010-07,q-fin.ST,4
2010-07,q-fin.TR,5
2010-07,quant-ph,297
2010-07,stat.AP,13
2010-07,stat.CO,4
2010-07,stat.ME,13
2010-07,stat.ML,10
2010-07,stat.OT,3
2010-08,astro-ph.CO,307
2010-08,astro-ph.EP,66
2010-08,astro-ph.GA,115
2010-08,astro-ph.HE,128
2010-08,astro-ph.IM,81
2010-08,astro-ph.SR,209
2010-08,cond-mat.dis-nn,26
2010-08,cond-mat.mes-hall,212
2010-08,cond-mat.mtrl-sci,166
2010-08,cond-mat.other,25
2010-08,cond-mat.quant-gas,65
2010-08,cond-mat.soft,64
2010-08,cond-mat.stat-mech,105
2010-08,cond-mat.str-el,136
2010-08,cond-mat.supr-con,125
2010-08,cs.AI,23
2010-08,cs.AR,12
2010-08,cs.CC,17
2010-08,cs.CE,6
2010-08,cs.CG,8
2010-08,cs.CL,5
2010-08,cs.CR,20
2010-08,cs.CV,9
2010-08,cs.CY,7
2010-08,cs.DB,13
2010-08,cs.DC,10
2010-08,cs.DL,1
2010-08,cs.DM,17
2010-08,cs.DS,31
2010-08,cs.FL,22
2010-08,cs.GR,3
2010-08,cs.GT,20
2010-08,cs.HC,4
2010-08,cs.IR,11
2010-08,cs.IT,88
2010-08,cs.LG,13
2010-08,cs.LO,20
2010-08,cs.MA,4
2010-08,cs.MM,3
2010-08,cs.NE,4
2010-08,cs.NI,38
2010-08,cs.OH,10
2010-08,cs.PF,1
2010-08,cs.PL,8
2010-08,cs.RO,3
2010-08,cs.SC,2
2010-08,cs.SE,7
2010-08,cs.SI,3
2010-08,eess.SY,3
2010-08,gr-qc,139
2010-08,hep-ex,47
2010-08,hep-lat,33
2010-08,hep-ph,344
2010-08,hep-th,248
2010-08,math-ph,121
2010-08,math.AC,26
2010-08,math.AG,72
2010-08,math.AP,95
2010-08,math.AT,21
2010-08,math.CA,33
2010-08,math.CO,105
2010-08,math.CT,8
2010-08,math.CV,33
2010-08,math.DG,81
2010-08,math.DS,55
2010-08,math.FA,46
2010-08,math.GM,4
2010-08,math.GN,7
2010-08,math.GR,41
2010-08,math.GT,42
2010-08,math.HO,5
2010-08,math.KT,4
2010-08,math.LO,12
2010-08,math.MG,21
2010-08,math.NA,45
2010-08,math.NT,99
2010-08,math.OA,32
2010-08,math.OC,31
2010-08,math.PR,106
2010-08,math.QA,21
2010-08,math.RA,33
2010-08,math.RT,37
2010-08,math.SG,12
2010-08,math.SP,17
2010-08,math.ST,21
2010-08,nlin.AO,6
2010-08,nlin.CD,33
2010-08,nlin.PS,10
2010-08,nlin.SI,20
2010-08,nucl-ex,40
2010-08,nucl-th,85
2010-08,physics.acc-ph,6
2010-08,physics.ao-ph,2
2010-08,physics.atm-clus,4
2010-08,physics.atom-ph,34
2010-08,physics.bio-ph,26
2010-08,physics.chem-ph,19
2010-08,physics.class-ph,18
2010-08,physics.comp-ph,12
2010-08,physics.data-an,10
2010-08,physics.ed-ph,7
2010-08,physics.flu-dyn,36
2010-08,physics.gen-ph,48
2010-08,physics.geo-ph,7
2010-08,physics.hist-ph,4
2010-08,physics.ins-det,31
2010-08,physics.med-ph,6
2010-08,physics.optics,56
2010-08,physics.plasm-ph,34
2010-08,physics.pop-ph,1
2010-08,physics.soc-ph,24
2010-08,physics.space-ph,2
2010-08,q-bio.BM,5
2010-08,q-bio.GN,3
2010-08,q-bio.MN,7
2010-08,q-bio.NC,3
2010-08,q-bio.PE,15
2010-08,q-bio.QM,10
2010-08,q-bio.SC,3
2010-08,q-fin.CP,6
2010-08,q-fin.GN,2
2010-08,q-fin.PM,2
2010-08,q-fin.PR,6
2010-08,q-fin.RM,1
2010-08,q-fin.ST,4
2010-08,q-fin.TR,1
2010-08,quant-ph,269
2010-08,stat.AP,6
2010-08,stat.CO,4
2010-08,stat.ME,16
2010-08,stat.ML,12
2010-08,stat.OT,1
2010-09,astro-ph.CO,378
2010-09,astro-ph.EP,84
2010-09,astro-ph.GA,131
2010-09,astro-ph.HE,173
2010-09,astro-ph.IM,86
2010-09,astro-ph.SR,305
2010-09,cond-mat.dis-nn,27
2010-09,cond-mat.mes-hall,230
2010-09,cond-mat.mtrl-sci,168
2010-09,cond-mat.other,23
2010-09,cond-mat.quant-gas,80
2010-09,cond-mat.soft,70
2010-09,cond-mat.stat-mech,126
2010-09,cond-mat.str-el,136
2010-09,cond-mat.supr-con,113
2010-09,cs.AI,17
2010-09,cs.AR,7
2010-09,cs.CC,21
2010-09,cs.CE,2
2010-09,cs.CG,17
2010-09,cs.CL,4
2010-09,cs.CR,19
2010-09,cs.CV,24
2010-09,cs.CY,6
2010-09,cs.DB,13
2010-09,cs.DC,12
2010-09,cs.DL,3
2010-09,cs.DM,10
2010-09,cs.DS,35
2010-09,cs.FL,8
2010-09,cs.GR,2
2010-09,cs.GT,11
2010-09,cs.HC,5
2010-09,cs.IR,7
2010-09,cs.IT,105
2010-09,cs.LG,22
2010-09,cs.LO,31
2010-09,cs.MA,5
2010-09,cs.MM,3
2010-09,cs.MS,1
2010-09,cs.NE,18
2010-09,cs.NI,59
2010-09,cs.OH,8
2010-09,cs.PF,5
2010-09,cs.PL,18
2010-09,cs.RO,5
2010-09,cs.SC,1
2010-09,cs.SD,3
2010-09,cs.SE,25
2010-09,cs.SI,11
2010-09,eess.SY,4
2010-09,gr-qc,157
2010-09,hep-ex,66
2010-09,hep-lat,32
2010-09,hep-ph,356
2010-09,hep-th,257
2010-09,math-ph,135
2010-09,math.AC,32
2010-09,math.AG,131
2010-09,math.AP,147
2010-09,math.AT,24
2010-09,math.CA,61
2010-09,math.CO,131
2010-09,math.CT,11
2010-09,math.CV,34
2010-09,math.DG,94
2010-09,math.DS,50
2010-09,math.FA,62
2010-09,math.GM,13
2010-09,math.GN,6
2010-09,math.GR,64
2010-09,math.GT,42
2010-09,math.HO,6
2010-09,math.KT,7
2010-09,math.LO,20
2010-09,math.MG,15
2010-09,math.NA,37
2010-09,math.NT,75
2010-09,math.OA,23
2010-09,math.OC,36
2010-09,math.PR,137
2010-09,math.QA,36
2010-09,math.RA,27
2010-09,math.RT,60
2010-09,math.SG,12
2010-09,math.SP,17
2010-09,math.ST,27
2010-09,nlin.AO,4
2010-09,nlin.CD,17
2010-09,nlin.CG,6
2010-09,nlin.PS,13
2010-09,nlin.SI,18
2010-09,nucl-ex,32
2010-09,nucl-th,123
2010-09,physics.acc-ph,7
2010-09,physics.ao-ph,7
2010-09,physics.atm-clus,8
2010-09,physics.atom-ph,37
2010-09,physics.bio-ph,17
2010-09,physics.chem-ph,17
2010-09,physics.class-ph,13
2010-09,physics.comp-ph,14
2010-09,physics.data-an,12
2010-09,physics.ed-ph,13
2010-09,physics.flu-dyn,58
2010-09,physics.gen-ph,45
2010-09,physics.geo-ph,9
2010-09,physics.hist-ph,6
2010-09,physics.ins-det,24
2010-09,physics.med-ph,11
2010-09,physics.optics,69
2010-09,physics.plasm-ph,32
2010-09,physics.pop-ph,2
2010-09,physics.soc-ph,15
2010-09,physics.space-ph,7
2010-09,q-bio.BM,11
2010-09,q-bio.GN,2
2010-09,q-bio.MN,11
2010-09,q-bio.NC,10
2010-09,q-bio.PE,7
2010-09,q-bio.QM,6
2010-09,q-bio.SC,2
2010-09,q-bio.TO,3
2010-09,q-fin.CP,6
2010-09,q-fin.GN,6
2010-09,q-fin.PM,1
2010-09,q-fin.PR,8
2010-09,q-fin.RM,8
2010-09,q-fin.ST,10
2010-09,q-fin.TR,5
2010-09,quant-ph,285
2010-09,stat.AP,26
2010-09,stat.CO,10
2010-09,stat.ME,20
2010-09,stat.ML,13
2010-09,stat.OT,2
2010-10,astro-ph.CO,343
2010-10,astro-ph.EP,78
2010-10,astro-ph.GA,107
2010-10,astro-ph.HE,185
2010-10,astro-ph.IM,73
2010-10,astro-ph.SR,265
2010-10,cond-mat.dis-nn,35
2010-10,cond-mat.mes-hall,247
2010-10,cond-mat.mtrl-sci,171
2010-10,cond-mat.other,26
2010-10,cond-mat.quant-gas,64
2010-10,cond-mat.soft,91
2010-10,cond-mat.stat-mech,125
2010-10,cond-mat.str-el,133
2010-10,cond-mat.supr-con,105
2010-10,cs.AI,15
2010-10,cs.AR,1
2010-10,cs.CC,11
2010-10,cs.CE,5
2010-10,cs.CG,7
2010-10,cs.CL,2
2010-10,cs.CR,26
2010-10,cs.CV,19
2010-10,cs.CY,4
2010-10,cs.DB,7
2010-10,cs.DC,23
2010-10,cs.DL,8
2010-10,cs.DM,13
2010-10,cs.DS,38
2010-10,cs.FL,9
2010-10,cs.GR,1
2010-10,cs.GT,19
2010-10,cs.HC,3
2010-10,cs.IR,6
2010-10,cs.IT,128
2010-10,cs.LG,16
2010-10,cs.LO,20
2010-10,cs.MA,3
2010-10,cs.MM,4
2010-10,cs.MS,1
2010-10,cs.NE,5
2010-10,cs.NI,25
2010-10,cs.OH,3
2010-10,cs.PF,1
2010-10,cs.PL,14
2010-10,cs.RO,5
2010-10,cs.SC,3
2010-10,cs.SE,14
2010-10,cs.SI,10
2010-10,eess.SY,8
2010-10,gr-qc,193
2010-10,hep-ex,74
2010-10,hep-lat,79
2010-10,hep-ph,399
2010-10,hep-th,291
2010-10,math-ph,141
2010-10,math.AC,29
2010-10,math.AG,121
2010-10,math.AP,143
2010-10,math.AT,24
2010-10,math.CA,60
2010-10,math.CO,131
2010-10,math.CT,13
2010-10,math.CV,42
2010-10,math.DG,137
2010-10,math.DS,79
2010-10,math.FA,44
2010-10,math.GM,17
2010-10,math.GN,17
2010-10,math.GR,44
2010-10,math.GT,58
2010-10,math.HO,10
2010-10,math.KT,11
2010-10,math.LO,18
2010-10,math.MG,23
2010-10,math.NA,37
2010-10,math.NT,91
2010-10,math.OA,36
2010-10,math.OC,34
2010-10,math.PR,134
2010-10,math.QA,32
2010-10,math.RA,34
2010-10,math.RT,49
2010-10,math.SG,16
2010-10,math.SP,14
2010-10,math.ST,73
2010-10,nlin.AO,4
2010-10,nlin.CD,11
2010-10,nlin.CG,1
2010-10,nlin.PS,10
2010-10,nlin.SI,22
2010-10,nucl-ex,35
2010-10,nucl-th,106
2010-10,physics.acc-ph,12
2010-10,physics.ao-ph,12
2010-10,physics.atm-clus,4
2010-10,physics.atom-ph,26
2010-10,physics.bio-ph,23
2010-10,physics.chem-ph,21
2010-10,physics.class-ph,11
2010-10,physics.comp-ph,15
2010-10,physics.data-an,15
2010-10,physics.ed-ph,2
2010-10,physics.flu-dyn,124
2010-10,physics.gen-ph,53
2010-10,physics.geo-ph,7
2010-10,physics.hist-ph,5
2010-10,physics.ins-det,24
2010-10,physics.med-ph,3
2010-10,physics.optics,64
2010-10,physics.plasm-ph,29
2010-10,physics.pop-ph,8
2010-10,physics.soc-ph,39
2010-10,physics.space-ph,10
2010-10,q-bio.BM,4
2010-10,q-bio.CB,3
2010-10,q-bio.GN,4
2010-10,q-bio.MN,8
2010-10,q-bio.NC,16
2010-10,q-bio.OT,1
2010-10,q-bio.PE,22
2010-10,q-bio.QM,8
2010-10,q-bio.SC,1
2010-10,q-bio.TO,3
2010-10,q-fin.CP,7
2010-10,q-fin.GN,8
2010-10,q-fin.PM,6
2010-10,q-fin.PR,8
2010-10,q-fin.RM,4
2010-10,q-fin.ST,8
2010-10,q-fin.TR,2
2010-10,quant-ph,305
2010-10,stat.AP,34
2010-10,stat.CO,9
2010-10,stat.ME,37
2010-10,stat.ML,13
2010-10,stat.OT,1
2010-11,astro-ph.CO,384
2010-11,astro-ph.EP,76
2010-11,astro-ph.GA,149
2010-11,astro-ph.HE,176
2010-11,astro-ph.IM,59
2010-11,astro-ph.SR,277
2010-11,cond-mat.dis-nn,38
2010-11,cond-mat.mes-hall,202
2010-11,cond-mat.mtrl-sci,167
2010-11,cond-mat.other,24
2010-11,cond-mat.quant-gas,83
2010-11,cond-mat.soft,95
2010-11,cond-mat.stat-mech,111
2010-11,cond-mat.str-el,127
2010-11,cond-mat.supr-con,101
2010-11,cs.AI,19
2010-11,cs.AR,3
2010-11,cs.CC,18
2010-11,cs.CE,13
2010-11,cs.CG,9
2010-11,cs.CL,8
2010-11,cs.CR,28
2010-11,cs.CV,14
2010-11,cs.CY,5
2010-11,cs.DB,3
2010-11,cs.DC,27
2010-11,cs.DL,4
2010-11,cs.DM,16
2010-11,cs.DS,47
2010-11,cs.FL,14
2010-11,cs.GR,1
2010-11,cs.GT,21
2010-11,cs.HC,9
2010-11,cs.IR,5
2010-11,cs.IT,86
2010-11,cs.LG,9
2010-11,cs.LO,44
2010-11,cs.MA,3
2010-11,cs.MM,2
2010-11,cs.NE,7
2010-11,cs.NI,43
2010-11,cs.OH,17
2010-11,cs.OS,1
2010-11,cs.PF,2
2010-11,cs.PL,11
2010-11,cs.RO,2
2010-11,cs.SC,7
2010-11,cs.SE,13
2010-11,cs.SI,11
2010-11,eess.SY,4
2010-11,gr-qc,171
2010-11,hep-ex,61
2010-11,hep-lat,138
2010-11,hep-ph,444
2010-11,hep-th,314
2010-11,math-ph,124
2010-11,math.AC,21
2010-11,math.AG,147
2010-11,math.AP,120
2010-11,math.AT,28
2010-11,math.CA,63
2010-11,math.CO,133
2010-11,math.CT,8
2010-11,math.CV,39
2010-11,math.DG,110
2010-11,math.DS,73
2010-11,math.FA,49
2010-11,math.GM,7
2010-11,math.GN,11
2010-11,math.GR,44
2010-11,math.GT,54
2010-11,math.HO,4
2010-11,math.KT,16
2010-11,math.LO,24
2010-11,math.MG,18
2010-11,math.NA,50
2010-11,math.NT,78
2010-11,math.OA,24
2010-11,math.OC,31
2010-11,math.PR,134
2010-11,math.QA,24
2010-11,math.RA,40
2010-11,math.RT,64
2010-11,math.SG,15
2010-11,math.SP,17
2010-11,math.ST,51
2010-11,nlin.AO,11
2010-11,nlin.CD,25
2010-11,nlin.CG,2
2010-11,nlin.PS,19
2010-11,nlin.SI,33
2010-11,nucl-ex,43
2010-11,nucl-th,119
2010-11,physics.acc-ph,12
2010-11,physics.ao-ph,6
2010-11,physics.atm-clus,5
2010-11,physics.atom-ph,47
2010-11,physics.bio-ph,15
2010-11,physics.chem-ph,20
2010-11,physics.class-ph,12
2010-11,physics.comp-ph,8
2010-11,physics.data-an,18
2010-11,physics.ed-ph,6
2010-11,physics.flu-dyn,34
2010-11,physics.gen-ph,45
2010-11,physics.geo-ph,15
2010-11,physics.hist-ph,10
2010-11,physics.ins-det,32
2010-11,physics.med-ph,4
2010-11,physics.optics,82
2010-11,physics.plasm-ph,24
2010-11,physics.pop-ph,2
2010-11,physics.soc-ph,21
2010-11,physics.space-ph,3
2010-11,q-bio.BM,5
2010-11,q-bio.CB,4
2010-11,q-bio.GN,1
2010-11,q-bio.MN,1
2010-11,q-bio.NC,12
2010-11,q-bio.OT,2
2010-11,q-bio.PE,22
2010-11,q-bio.QM,10
2010-11,q-bio.SC,1
2010-11,q-fin.CP,5
2010-11,q-fin.GN,4
2010-11,q-fin.PM,1
2010-11,q-fin.PR,8
2010-11,q-fin.RM,7
2010-11,q-fin.ST,10
2010-11,q-fin.TR,5
2010-11,quant-ph,290
2010-11,stat.AP,58
2010-11,stat.CO,15
2010-11,stat.ME,27
2010-11,stat.ML,15
2010-11,stat.OT,2
2010-12,astro-ph.CO,302
2010-12,astro-ph.EP,83
2010-12,astro-ph.GA,99
2010-12,astro-ph.HE,148
2010-12,astro-ph.IM,59
2010-12,astro-ph.SR,246
2010-12,cond-mat.dis-nn,27
2010-12,cond-mat.mes-hall,214
2010-12,cond-mat.mtrl-sci,160
2010-12,cond-mat.other,20
2010-12,cond-mat.quant-gas,69
2010-12,cond-mat.soft,73
2010-12,cond-mat.stat-mech,136
2010-12,cond-mat.str-el,141
2010-12,cond-mat.supr-con,107
2010-12,cs.AI,43
2010-12,cs.CC,22
2010-12,cs.CE,7
2010-12,cs.CG,15
2010-12,cs.CL,4
2010-12,cs.CR,34
2010-12,cs.CV,15
2010-12,cs.CY,4
2010-12,cs.DB,17
2010-12,cs.DC,12
2010-12,cs.DL,18
2010-12,cs.DM,24
2010-12,cs.DS,43
2010-12,cs.FL,11
2010-12,cs.GL,1
2010-12,cs.GR,4
2010-12,cs.GT,11
2010-12,cs.HC,7
2010-12,cs.IR,12
2010-12,cs.IT,83
2010-12,cs.LG,15
2010-12,cs.LO,29
2010-12,cs.MA,2
2010-12,cs.MM,4
2010-12,cs.NE,7
2010-12,cs.NI,39
2010-12,cs.OH,11
2010-12,cs.OS,5
2010-12,cs.PF,1
2010-12,cs.PL,12
2010-12,cs.RO,10
2010-12,cs.SC,7
2010-12,cs.SD,1
2010-12,cs.SE,9
2010-12,cs.SI,11
2010-12,eess.SY,4
2010-12,gr-qc,175
2010-12,hep-ex,113
2010-12,hep-lat,85
2010-12,hep-ph,428
2010-12,hep-th,377
2010-12,math-ph,150
2010-12,math.AC,26
2010-12,math.AG,125
2010-12,math.AP,120
2010-12,math.AT,38
2010-12,math.CA,47
2010-12,math.CO,111
2010-12,math.CT,11
2010-12,math.CV,37
2010-12,math.DG,106
2010-12,math.DS,45
2010-12,math.FA,49
2010-12,math.GM,6
2010-12,math.GN,14
2010-12,math.GR,47
2010-12,math.GT,44
2010-12,math.HO,4
2010-12,math.KT,9
2010-12,math.LO,26
2010-12,math.MG,16
2010-12,math.NA,38
2010-12,math.NT,97
2010-12,math.OA,29
2010-12,math.OC,39
2010-12,math.PR,127
2010-12,math.QA,36
2010-12,math.RA,34
2010-12,math.RT,63
2010-12,math.SG,22
2010-12,math.SP,18
2010-12,math.ST,26
2010-12,nlin.AO,9
2010-12,nlin.CD,29
2010-12,nlin.CG,9
2010-12,nlin.PS,9
2010-12,nlin.SI,20
2010-12,nucl-ex,45
2010-12,nucl-th,136
2010-12,physics.acc-ph,11
2010-12,physics.ao-ph,6
2010-12,physics.atm-clus,2
2010-12,physics.atom-ph,40
2010-12,physics.bio-ph,20
2010-12,physics.chem-ph,18
2010-12,physics.class-ph,17
2010-12,physics.comp-ph,32
2010-12,physics.data-an,14
2010-12,physics.flu-dyn,31
2010-12,physics.gen-ph,48
2010-12,physics.geo-ph,10
2010-12,physics.hist-ph,8
2010-12,physics.ins-det,27
2010-12,physics.med-ph,5
2010-12,physics.optics,70
2010-12,physics.plasm-ph,18
2010-12,physics.pop-ph,5
2010-12,physics.soc-ph,31
2010-12,physics.space-ph,6
2010-12,q-bio.BM,3
2010-12,q-bio.CB,6
2010-12,q-bio.GN,7
2010-12,q-bio.MN,10
2010-12,q-bio.NC,17
2010-12,q-bio.OT,5
2010-12,q-bio.PE,18
2010-12,q-bio.QM,10
2010-12,q-bio.TO,2
2010-12,q-fin.CP,2
2010-12,q-fin.GN,7
2010-12,q-fin.PM,1
2010-12,q-fin.PR,10
2010-12,q-fin.RM,3
2010-12,q-fin.ST,3
2010-12,q-fin.TR,2
2010-12,quant-ph,296
2010-12,stat.AP,7
2010-12,stat.CO,5
2010-12,stat.ME,22
2010-12,stat.ML,9
2010-12,stat.OT,2
2011-01,astro-ph.CO,354
2011-01,astro-ph.EP,68
2011-01,astro-ph.GA,124
2011-01,astro-ph.HE,173
2011-01,astro-ph.IM,78
2011-01,astro-ph.SR,242
2011-01,cond-mat.dis-nn,33
2011-01,cond-mat.mes-hall,186
2011-01,cond-mat.mtrl-sci,163
2011-01,cond-mat.other,16
2011-01,cond-mat.quant-gas,83
2011-01,cond-mat.soft,58
2011-01,cond-mat.stat-mech,108
2011-01,cond-mat.str-el,125
2011-01,cond-mat.supr-con,117
2011-01,cs.AI,11
2011-01,cs.AR,3
2011-01,cs.CC,12
2011-01,cs.CE,1
2011-01,cs.CG,7
2011-01,cs.CL,4
2011-01,cs.CR,26
2011-01,cs.CV,16
2011-01,cs.CY,1
2011-01,cs.DB,6
2011-01,cs.DC,17
2011-01,cs.DL,8
2011-01,cs.DM,17
2011-01,cs.DS,31
2011-01,cs.FL,10
2011-01,cs.GR,3
2011-01,cs.GT,11
2011-01,cs.HC,3
2011-01,cs.IR,8
2011-01,cs.IT,102
2011-01,cs.LG,9
2011-01,cs.LO,36
2011-01,cs.MM,3
2011-01,cs.MS,1
2011-01,cs.NE,5
2011-01,cs.NI,30
2011-01,cs.OH,1
2011-01,cs.OS,1
2011-01,cs.PF,3
2011-01,cs.PL,9
2011-01,cs.RO,5
2011-01,cs.SC,7
2011-01,cs.SD,1
2011-01,cs.SE,9
2011-01,cs.SI,10
2011-01,eess.SY,8
2011-01,gr-qc,171
2011-01,hep-ex,97
2011-01,hep-lat,45
2011-01,hep-ph,343
2011-01,hep-th,233
2011-01,math-ph,137
2011-01,math.AC,24
2011-01,math.AG,106
2011-01,math.AP,100
2011-01,math.AT,32
2011-01,math.CA,44
2011-01,math.CO,133
2011-01,math.CT,10
2011-01,math.CV,28
2011-01,math.DG,83
2011-01,math.DS,62
2011-01,math.FA,64
2011-01,math.GM,18
2011-01,math.GN,7
2011-01,math.GR,44
2011-01,math.GT,59
2011-01,math.HO,5
2011-01,math.KT,11
2011-01,math.LO,18
2011-01,math.MG,22
2011-01,math.NA,49
2011-01,math.NT,78
2011-01,math.OA,32
2011-01,math.OC,35
2011-01,math.PR,129
2011-01,math.QA,10
2011-01,math.RA,38
2011-01,math.RT,54
2011-01,math.SG,14
2011-01,math.SP,15
2011-01,math.ST,33
2011-01,nlin.AO,7
2011-01,nlin.CD,28
2011-01,nlin.CG,2
2011-01,nlin.PS,11
2011-01,nlin.SI,12
2011-01,nucl-ex,46
2011-01,nucl-th,101
2011-01,physics.acc-ph,17
2011-01,physics.ao-ph,7
2011-01,physics.atm-clus,6
2011-01,physics.atom-ph,33
2011-01,physics.bio-ph,13
2011-01,physics.chem-ph,20
2011-01,physics.class-ph,9
2011-01,physics.comp-ph,8
2011-01,physics.data-an,19
2011-01,physics.ed-ph,3
2011-01,physics.flu-dyn,37
2011-01,physics.gen-ph,51
2011-01,physics.geo-ph,8
2011-01,physics.hist-ph,11
2011-01,physics.ins-det,20
2011-01,physics.med-ph,2
2011-01,physics.optics,58
2011-01,physics.plasm-ph,28
2011-01,physics.pop-ph,6
2011-01,physics.soc-ph,32
2011-01,physics.space-ph,6
2011-01,q-bio.BM,4
2011-01,q-bio.CB,2
2011-01,q-bio.GN,4
2011-01,q-bio.MN,11
2011-01,q-bio.NC,7
2011-01,q-bio.OT,2
2011-01,q-bio.PE,15
2011-01,q-bio.QM,13
2011-01,q-bio.SC,2
2011-01,q-bio.TO,1
2011-01,q-fin.CP,5
2011-01,q-fin.GN,7
2011-01,q-fin.PM,2
2011-01,q-fin.PR,4
2011-01,q-fin.RM,2
2011-01,q-fin.ST,1
2011-01,q-fin.TR,2
2011-01,quant-ph,289
2011-01,stat.AP,37
2011-01,stat.CO,9
2011-01,stat.ME,26
2011-01,stat.ML,12
2011-02,astro-ph.CO,290
2011-02,astro-ph.EP,108
2011-02,astro-ph.GA,96
2011-02,astro-ph.HE,128
2011-02,astro-ph.IM,63
2011-02,astro-ph.SR,230
2011-02,cond-mat.dis-nn,28
2011-02,cond-mat.mes-hall,194
2011-02,cond-mat.mtrl-sci,166
2011-02,cond-mat.other,29
2011-02,cond-mat.quant-gas,68
2011-02,cond-mat.soft,70
2011-02,cond-mat.stat-mech,109
2011-02,cond-mat.str-el,122
2011-02,cond-mat.supr-con,108
2011-02,cs.AI,20
2011-02,cs.AR,1
2011-02,cs.CC,25
2011-02,cs.CE,6
2011-02,cs.CG,11
2011-02,cs.CL,3
2011-02,cs.CR,31
2011-02,cs.CV,11
2011-02,cs.CY,4
2011-02,cs.DB,11
2011-02,cs.DC,18
2011-02,cs.DL,12
2011-02,cs.DM,26
2011-02,cs.DS,41
2011-02,cs.ET,2
2011-02,cs.FL,18
2011-02,cs.GR,4
2011-02,cs.GT,24
2011-02,cs.HC,3
2011-02,cs.IR,14
2011-02,cs.IT,198
2011-02,cs.LG,8
2011-02,cs.LO,38
2011-02,cs.MA,3
2011-02,cs.MM,5
2011-02,cs.MS,3
2011-02,cs.NE,4
2011-02,cs.NI,25
2011-02,cs.OH,5
2011-02,cs.OS,1
2011-02,cs.PF,2
2011-02,cs.PL,13
2011-02,cs.RO,6
2011-02,cs.SC,3
2011-02,cs.SE,9
2011-02,cs.SI,18
2011-02,eess.SY,11
2011-02,gr-qc,139
2011-02,hep-ex,58
2011-02,hep-lat,44
2011-02,hep-ph,324
2011-02,hep-th,230
2011-02,math-ph,136
2011-02,math.AC,18
2011-02,math.AG,102
2011-02,math.AP,120
2011-02,math.AT,35
2011-02,math.CA,33
2011-02,math.CO,121
2011-02,math.CT,8
2011-02,math.CV,30
2011-02,math.DG,83
2011-02,math.DS,61
2011-02,math.FA,59
2011-02,math.GM,11
2011-02,math.GN,11
2011-02,math.GR,40
2011-02,math.GT,48
2011-02,math.HO,9
2011-02,math.KT,5
2011-02,math.LO,20
2011-02,math.MG,16
2011-02,math.NA,45
2011-02,math.NT,91
2011-02,math.OA,30
2011-02,math.OC,36
2011-02,math.PR,129
2011-02,math.QA,23
2011-02,math.RA,39
2011-02,math.RT,56
2011-02,math.SG,17
2011-02,math.SP,15
2011-02,math.ST,71
2011-02,nlin.AO,8
2011-02,nlin.CD,25
2011-02,nlin.CG,3
2011-02,nlin.PS,11
2011-02,nlin.SI,14
2011-02,nucl-ex,37
2011-02,nucl-th,105
2011-02,physics.acc-ph,9
2011-02,physics.ao-ph,4
2011-02,physics.atm-clus,3
2011-02,physics.atom-ph,34
2011-02,physics.bio-ph,18
2011-02,physics.chem-ph,10
2011-02,physics.class-ph,9
2011-02,physics.comp-ph,7
2011-02,physics.data-an,15
2011-02,physics.ed-ph,5
2011-02,physics.flu-dyn,33
2011-02,physics.gen-ph,53
2011-02,physics.geo-ph,14
2011-02,physics.hist-ph,8
2011-02,physics.ins-det,24
2011-02,physics.med-ph,8
2011-02,physics.optics,85
2011-02,physics.plasm-ph,25
2011-02,physics.pop-ph,8
2011-02,physics.soc-ph,29
2011-02,physics.space-ph,5
2011-02,q-bio.BM,7
2011-02,q-bio.CB,2
2011-02,q-bio.GN,5
2011-02,q-bio.MN,4
2011-02,q-bio.NC,9
2011-02,q-bio.OT,3
2011-02,q-bio.PE,18
2011-02,q-bio.QM,2
2011-02,q-bio.SC,1
2011-02,q-fin.CP,4
2011-02,q-fin.GN,8
2011-02,q-fin.PM,8
2011-02,q-fin.PR,3
2011-02,q-fin.RM,7
2011-02,q-fin.ST,10
2011-02,q-fin.TR,3
2011-02,quant-ph,268
2011-02,stat.AP,6
2011-02,stat.CO,4
2011-02,stat.ME,31
2011-02,stat.ML,15
2011-03,astro-ph.CO,356
2011-03,astro-ph.EP,89
2011-03,astro-ph.GA,103
2011-03,astro-ph.HE,155
2011-03,astro-ph.IM,56
2011-03,astro-ph.SR,226
2011-03,cond-mat.dis-nn,26
2011-03,cond-mat.mes-hall,236
2011-03,cond-mat.mtrl-sci,171
2011-03,cond-mat.other,21
2011-03,cond-mat.quant-gas,83
2011-03,cond-mat.soft,84
2011-03,cond-mat.stat-mech,113
2011-03,cond-mat.str-el,159
2011-03,cond-mat.supr-con,125
2011-03,cs.AI,29
2011-03,cs.AR,1
2011-03,cs.CC,8
2011-03,cs.CE,7
2011-03,cs.CG,13
2011-03,cs.CL,4
2011-03,cs.CR,31
2011-03,cs.CV,18
2011-03,cs.CY,1
2011-03,cs.DB,30
2011-03,cs.DC,21
2011-03,cs.DL,10
2011-03,cs.DM,16
2011-03,cs.DS,36
2011-03,cs.FL,8
2011-03,cs.GR,1
2011-03,cs.GT,19
2011-03,cs.HC,4
2011-03,cs.IR,9
2011-03,cs.IT,127
2011-03,cs.LG,16
2011-03,cs.LO,30
2011-03,cs.MM,5
2011-03,cs.MS,4
2011-03,cs.NE,6
2011-03,cs.NI,30
2011-03,cs.OH,6
2011-03,cs.OS,5
2011-03,cs.PF,2
2011-03,cs.PL,8
2011-03,cs.RO,4
2011-03,cs.SC,1
2011-03,cs.SD,2
2011-03,cs.SE,15
2011-03,cs.SI,8
2011-03,eess.SY,14
2011-03,gr-qc,139
2011-03,hep-ex,60
2011-03,hep-lat,35
2011-03,hep-ph,337
2011-03,hep-th,285
2011-03,math-ph,138
2011-03,math.AC,19
2011-03,math.AG,145
2011-03,math.AP,139
2011-03,math.AT,22
2011-03,math.CA,56
2011-03,math.CO,137
2011-03,math.CT,10
2011-03,math.CV,38
2011-03,math.DG,107
2011-03,math.DS,96
2011-03,math.FA,77
2011-03,math.GM,7
2011-03,math.GN,16
2011-03,math.GR,61
2011-03,math.GT,47
2011-03,math.HO,4
2011-03,math.KT,15
2011-03,math.LO,24
2011-03,math.MG,12
2011-03,math.NA,48
2011-03,math.NT,107
2011-03,math.OA,10
2011-03,math.OC,54
2011-03,math.PR,147
2011-03,math.QA,35
2011-03,math.RA,32
2011-03,math.RT,47
2011-03,math.SG,24
2011-03,math.SP,18
2011-03,math.ST,47
2011-03,nlin.AO,11
2011-03,nlin.CD,31
2011-03,nlin.CG,2
2011-03,nlin.PS,18
2011-03,nlin.SI,13
2011-03,nucl-ex,39
2011-03,nucl-th,94
2011-03,physics.acc-ph,23
2011-03,physics.ao-ph,6
2011-03,physics.atm-clus,5
2011-03,physics.atom-ph,37
2011-03,physics.bio-ph,16
2011-03,physics.chem-ph,10
2011-03,physics.class-ph,21
2011-03,physics.comp-ph,7
2011-03,physics.data-an,16
2011-03,physics.ed-ph,6
2011-03,physics.flu-dyn,28
2011-03,physics.gen-ph,50
2011-03,physics.geo-ph,9
2011-03,physics.hist-ph,14
2011-03,physics.ins-det,28
2011-03,physics.med-ph,5
2011-03,physics.optics,61
2011-03,physics.plasm-ph,34
2011-03,physics.pop-ph,8
2011-03,physics.soc-ph,42
2011-03,physics.space-ph,9
2011-03,q-bio.BM,7
2011-03,q-bio.CB,1
2011-03,q-bio.MN,5
2011-03,q-bio.NC,13
2011-03,q-bio.OT,1
2011-03,q-bio.PE,22
2011-03,q-bio.QM,9
2011-03,q-bio.SC,2
2011-03,q-bio.TO,1
2011-03,q-fin.CP,5
2011-03,q-fin.GN,8
2011-03,q-fin.PM,5
2011-03,q-fin.PR,6
2011-03,q-fin.RM,21
2011-03,q-fin.ST,13
2011-03,q-fin.TR,7
2011-03,quant-ph,312
2011-03,stat.AP,10
2011-03,stat.CO,8
2011-03,stat.ME,27
2011-03,stat.ML,17
2011-04,astro-ph.CO,312
2011-04,astro-ph.EP,60
2011-04,astro-ph.GA,100
2011-04,astro-ph.HE,169
2011-04,astro-ph.IM,47
2011-04,astro-ph.SR,185
2011-04,cond-mat.dis-nn,27
2011-04,cond-mat.mes-hall,230
2011-04,cond-mat.mtrl-sci,162
2011-04,cond-mat.other,11
2011-04,cond-mat.quant-gas,71
2011-04,cond-mat.soft,63
2011-04,cond-mat.stat-mech,133
2011-04,cond-mat.str-el,138
2011-04,cond-mat.supr-con,81
2011-04,cs.AI,27
2011-04,cs.AR,2
2011-04,cs.CC,22
2011-04,cs.CE,5
2011-04,cs.CG,13
2011-04,cs.CL,5
2011-04,cs.CR,21
2011-04,cs.CV,27
2011-04,cs.DB,18
2011-04,cs.DC,16
2011-04,cs.DL,3
2011-04,cs.DM,28
2011-04,cs.DS,61
2011-04,cs.ET,2
2011-04,cs.FL,14
2011-04,cs.GT,20
2011-04,cs.HC,3
2011-04,cs.IR,11
2011-04,cs.IT,112
2011-04,cs.LG,14
2011-04,cs.LO,28
2011-04,cs.MA,4
2011-04,cs.MM,3
2011-04,cs.MS,3
2011-04,cs.NE,4
2011-04,cs.NI,33
2011-04,cs.OH,3
2011-04,cs.OS,2
2011-04,cs.PF,2
2011-04,cs.PL,8
2011-04,cs.RO,13
2011-04,cs.SC,11
2011-04,cs.SE,6
2011-04,cs.SI,11
2011-04,eess.SY,9
2011-04,gr-qc,145
2011-04,hep-ex,49
2011-04,hep-lat,38
2011-04,hep-ph,338
2011-04,hep-th,259
2011-04,math-ph,155
2011-04,math.AC,21
2011-04,math.AG,107
2011-04,math.AP,116
2011-04,math.AT,30
2011-04,math.CA,55
2011-04,math.CO,114
2011-04,math.CT,11
2011-04,math.CV,36
2011-04,math.DG,115
2011-04,math.DS,61
2011-04,math.FA,76
2011-04,math.GM,8
2011-04,math.GN,11
2011-04,math.GR,42
2011-04,math.GT,40
2011-04,math.HO,8
2011-04,math.KT,9
2011-04,math.LO,28
2011-04,math.MG,8
2011-04,math.NA,27
2011-04,math.NT,83
2011-04,math.OA,23
2011-04,math.OC,31
2011-04,math.PR,146
2011-04,math.QA,30
2011-04,math.RA,37
2011-04,math.RT,50
2011-04,math.SG,11
2011-04,math.SP,14
2011-04,math.ST,46
2011-04,nlin.AO,4
2011-04,nlin.CD,20
2011-04,nlin.CG,1
2011-04,nlin.PS,12
2011-04,nlin.SI,12
2011-04,nucl-ex,36
2011-04,nucl-th,84
2011-04,physics.acc-ph,13
2011-04,physics.ao-ph,6
2011-04,physics.atm-clus,8
2011-04,physics.atom-ph,42
2011-04,physics.bio-ph,15
2011-04,physics.chem-ph,15
2011-04,physics.class-ph,7
2011-04,physics.comp-ph,10
2011-04,physics.data-an,15
2011-04,physics.ed-ph,3
2011-04,physics.flu-dyn,27
2011-04,physics.gen-ph,33
2011-04,physics.geo-ph,14
2011-04,physics.hist-ph,12
2011-04,physics.ins-det,23
2011-04,physics.med-ph,4
2011-04,physics.optics,72
2011-04,physics.plasm-ph,44
2011-04,physics.pop-ph,8
2011-04,physics.soc-ph,38
2011-04,physics.space-ph,6
2011-04,q-bio.BM,7
2011-04,q-bio.CB,5
2011-04,q-bio.GN,3
2011-04,q-bio.MN,8
2011-04,q-bio.NC,7
2011-04,q-bio.OT,3
2011-04,q-bio.PE,13
2011-04,q-bio.QM,16
2011-04,q-bio.SC,1
2011-04,q-bio.TO,1
2011-04,q-fin.CP,2
2011-04,q-fin.GN,10
2011-04,q-fin.PM,2
2011-04,q-fin.PR,6
2011-04,q-fin.RM,5
2011-04,q-fin.ST,2
2011-04,q-fin.TR,2
2011-04,quant-ph,278
2011-04,stat.AP,38
2011-04,stat.CO,3
2011-04,stat.ME,36
2011-04,stat.ML,16
2011-04,stat.OT,1
2011-05,astro-ph.CO,326
2011-05,astro-ph.EP,70
2011-05,astro-ph.GA,119
2011-05,astro-ph.HE,138
2011-05,astro-ph.IM,50
2011-05,astro-ph.SR,214
2011-05,cond-mat.dis-nn,21
2011-05,cond-mat.mes-hall,225
2011-05,cond-mat.mtrl-sci,166
2011-05,cond-mat.other,15
2011-05,cond-mat.quant-gas,90
2011-05,cond-mat.soft,67
2011-05,cond-mat.stat-mech,142
2011-05,cond-mat.str-el,187
2011-05,cond-mat.supr-con,113
2011-05,cs.AI,45
2011-05,cs.AR,5
2011-05,cs.CC,9
2011-05,cs.CE,3
2011-05,cs.CG,10
2011-05,cs.CL,6
2011-05,cs.CR,23
2011-05,cs.CV,24
2011-05,cs.CY,6
2011-05,cs.DB,14
2011-05,cs.DC,31
2011-05,cs.DL,13
2011-05,cs.DM,19
2011-05,cs.DS,31
2011-05,cs.ET,2
2011-05,cs.FL,6
2011-05,cs.GR,1
2011-05,cs.GT,8
2011-05,cs.HC,5
2011-05,cs.IR,9
2011-05,cs.IT,121
2011-05,cs.LG,24
2011-05,cs.LO,21
2011-05,cs.MA,2
2011-05,cs.MM,8
2011-05,cs.MS,1
2011-05,cs.NE,14
2011-05,cs.NI,43
2011-05,cs.OH,10
2011-05,cs.OS,5
2011-05,cs.PL,5
2011-05,cs.RO,3
2011-05,cs.SC,3
2011-05,cs.SD,2
2011-05,cs.SE,10
2011-05,cs.SI,14
2011-05,eess.SY,6
2011-05,gr-qc,202
2011-05,hep-ex,66
2011-05,hep-lat,28
2011-05,hep-ph,387
2011-05,hep-th,276
2011-05,math-ph,133
2011-05,math.AC,25
2011-05,math.AG,110
2011-05,math.AP,153
2011-05,math.AT,25
2011-05,math.CA,65
2011-05,math.CO,129
2011-05,math.CT,10
2011-05,math.CV,36
2011-05,math.DG,98
2011-05,math.DS,78
2011-05,math.FA,71
2011-05,math.GM,11
2011-05,math.GN,11
2011-05,math.GR,51
2011-05,math.GT,49
2011-05,math.HO,4
2011-05,math.KT,4
2011-05,math.LO,27
2011-05,math.MG,29
2011-05,math.NA,58
2011-05,math.NT,103
2011-05,math.OA,27
2011-05,math.OC,50
2011-05,math.PR,142
2011-05,math.QA,20
2011-05,math.RA,23
2011-05,math.RT,53
2011-05,math.SG,12
2011-05,math.SP,18
2011-05,math.ST,63
2011-05,nlin.AO,11
2011-05,nlin.CD,22
2011-05,nlin.CG,3
2011-05,nlin.PS,16
2011-05,nlin.SI,21
2011-05,nucl-ex,39
2011-05,nucl-th,97
2011-05,physics.acc-ph,15
2011-05,physics.ao-ph,4
2011-05,physics.atm-clus,3
2011-05,physics.atom-ph,37
2011-05,physics.bio-ph,19
2011-05,physics.chem-ph,24
2011-05,physics.class-ph,13
2011-05,physics.comp-ph,18
2011-05,physics.data-an,15
2011-05,physics.ed-ph,3
2011-05,physics.flu-dyn,17
2011-05,physics.gen-ph,54
2011-05,physics.geo-ph,10
2011-05,physics.hist-ph,7
2011-05,physics.ins-det,43
2011-05,physics.med-ph,5
2011-05,physics.optics,77
2011-05,physics.plasm-ph,27
2011-05,physics.pop-ph,4
2011-05,physics.soc-ph,43
2011-05,physics.space-ph,6
2011-05,q-bio.BM,9
2011-05,q-bio.CB,3
2011-05,q-bio.GN,2
2011-05,q-bio.MN,17
2011-05,q-bio.NC,6
2011-05,q-bio.OT,1
2011-05,q-bio.PE,18
2011-05,q-bio.QM,13
2011-05,q-bio.TO,2
2011-05,q-fin.CP,7
2011-05,q-fin.GN,7
2011-05,q-fin.PM,3
2011-05,q-fin.PR,5
2011-05,q-fin.RM,2
2011-05,q-fin.ST,1
2011-05,q-fin.TR,7
2011-05,quant-ph,324
2011-05,stat.AP,15
2011-05,stat.CO,10
2011-05,stat.ME,28
2011-05,stat.ML,14
2011-05,stat.OT,2
2011-06,astro-ph.CO,342
2011-06,astro-ph.EP,82
2011-06,astro-ph.GA,103
2011-06,astro-ph.HE,150
2011-06,astro-ph.IM,77
2011-06,astro-ph.SR,218
2011-06,cond-mat.dis-nn,34
2011-06,cond-mat.mes-hall,246
2011-06,cond-mat.mtrl-sci,187
2011-06,cond-mat.other,16
2011-06,cond-mat.quant-gas,72
2011-06,cond-mat.soft,82
2011-06,cond-mat.stat-mech,133
2011-06,cond-mat.str-el,160
2011-06,cond-mat.supr-con,129
2011-06,cs.AI,155
2011-06,cs.AR,3
2011-06,cs.CC,13
2011-06,cs.CE,3
2011-06,cs.CG,12
2011-06,cs.CL,8
2011-06,cs.CR,18
2011-06,cs.CV,22
2011-06,cs.CY,3
2011-06,cs.DB,10
2011-06,cs.DC,44
2011-06,cs.DL,7
2011-06,cs.DM,21
2011-06,cs.DS,29
2011-06,cs.ET,2
2011-06,cs.FL,7
2011-06,cs.GR,1
2011-06,cs.GT,22
2011-06,cs.HC,6
2011-06,cs.IR,9
2011-06,cs.IT,92
2011-06,cs.LG,33
2011-06,cs.LO,45
2011-06,cs.MA,5
2011-06,cs.MM,2
2011-06,cs.MS,3
2011-06,cs.NE,8
2011-06,cs.NI,24
2011-06,cs.OH,6
2011-06,cs.PF,3
2011-06,cs.PL,14
2011-06,cs.RO,5
2011-06,cs.SC,1
2011-06,cs.SD,4
2011-06,cs.SE,15
2011-06,cs.SI,13
2011-06,eess.SY,10
2011-06,gr-qc,186
2011-06,hep-ex,89
2011-06,hep-lat,29
2011-06,hep-ph,399
2011-06,hep-th,330
2011-06,math-ph,139
2011-06,math.AC,33
2011-06,math.AG,115
2011-06,math.AP,100
2011-06,math.AT,25
2011-06,math.CA,39
2011-06,math.CO,143
2011-06,math.CT,13
2011-06,math.CV,41
2011-06,math.DG,88
2011-06,math.DS,62
2011-06,math.FA,59
2011-06,math.GM,7
2011-06,math.GN,16
2011-06,math.GR,45
2011-06,math.GT,54
2011-06,math.HO,7
2011-06,math.KT,8
2011-06,math.LO,29
2011-06,math.MG,10
2011-06,math.NA,56
2011-06,math.NT,100
2011-06,math.OA,25
2011-06,math.OC,41
2011-06,math.PR,130
2011-06,math.QA,21
2011-06,math.RA,44
2011-06,math.RT,39
2011-06,math.SG,16
2011-06,math.SP,13
2011-06,math.ST,40
2011-06,nlin.AO,5
2011-06,nlin.CD,25
2011-06,nlin.CG,1
2011-06,nlin.PS,10
2011-06,nlin.SI,12
2011-06,nucl-ex,51
2011-06,nucl-th,93
2011-06,physics.acc-ph,9
2011-06,physics.ao-ph,10
2011-06,physics.atm-clus,4
2011-06,physics.atom-ph,42
2011-06,physics.bio-ph,20
2011-06,physics.chem-ph,18
2011-06,physics.class-ph,14
2011-06,physics.comp-ph,13
2011-06,physics.data-an,11
2011-06,physics.ed-ph,8
2011-06,physics.flu-dyn,31
2011-06,physics.gen-ph,47
2011-06,physics.geo-ph,13
2011-06,physics.hist-ph,18
2011-06,physics.ins-det,31
2011-06,physics.med-ph,8
2011-06,physics.optics,58
2011-06,physics.plasm-ph,29
2011-06,physics.pop-ph,5
2011-06,physics.soc-ph,38
2011-06,physics.space-ph,4
2011-06,q-bio.BM,3
2011-06,q-bio.CB,2
2011-06,q-bio.GN,1
2011-06,q-bio.MN,5
2011-06,q-bio.NC,9
2011-06,q-bio.PE,18
2011-06,q-bio.QM,17
2011-06,q-bio.TO,3
2011-06,q-fin.CP,6
2011-06,q-fin.GN,4
2011-06,q-fin.PM,4
2011-06,q-fin.PR,4
2011-06,q-fin.RM,2
2011-06,q-fin.ST,4
2011-06,q-fin.TR,4
2011-06,quant-ph,287
2011-06,stat.AP,10
2011-06,stat.CO,6
2011-06,stat.ME,35
2011-06,stat.ML,25
2011-06,stat.OT,4
2011-07,astro-ph.CO,355
2011-07,astro-ph.EP,60
2011-07,astro-ph.GA,102
2011-07,astro-ph.HE,144
2011-07,astro-ph.IM,59
2011-07,astro-ph.SR,209
2011-07,cond-mat.dis-nn,32
2011-07,cond-mat.mes-hall,195
2011-07,cond-mat.mtrl-sci,170
2011-07,cond-mat.other,17
2011-07,cond-mat.quant-gas,69
2011-07,cond-mat.soft,82
2011-07,cond-mat.stat-mech,114
2011-07,cond-mat.str-el,153
2011-07,cond-mat.supr-con,108
2011-07,cs.AI,43
2011-07,cs.AR,1
2011-07,cs.CC,17
2011-07,cs.CE,3
2011-07,cs.CG,14
2011-07,cs.CL,12
2011-07,cs.CR,30
2011-07,cs.CV,32
2011-07,cs.CY,5
2011-07,cs.DB,7
2011-07,cs.DC,14
2011-07,cs.DL,4
2011-07,cs.DM,22
2011-07,cs.DS,48
2011-07,cs.ET,2
2011-07,cs.FL,4
2011-07,cs.GR,3
2011-07,cs.GT,29
2011-07,cs.HC,2
2011-07,cs.IR,4
2011-07,cs.IT,95
2011-07,cs.LG,19
2011-07,cs.LO,38
2011-07,cs.MA,3
2011-07,cs.MM,4
2011-07,cs.NE,6
2011-07,cs.NI,42
2011-07,cs.OH,4
2011-07,cs.OS,1
2011-07,cs.PF,5
2011-07,cs.PL,16
2011-07,cs.RO,5
2011-07,cs.SC,1
2011-07,cs.SD,3
2011-07,cs.SE,11
2011-07,cs.SI,12
2011-07,eess.SY,13
2011-07,gr-qc,197
2011-07,hep-ex,98
2011-07,hep-lat,19
2011-07,hep-ph,399
2011-07,hep-th,309
2011-07,math-ph,124
2011-07,math.AC,31
2011-07,math.AG,120
2011-07,math.AP,137
2011-07,math.AT,28
2011-07,math.CA,48
2011-07,math.CO,124
2011-07,math.CT,9
2011-07,math.CV,29
2011-07,math.DG,86
2011-07,math.DS,64
2011-07,math.FA,51
2011-07,math.GM,7
2011-07,math.GN,11
2011-07,math.GR,44
2011-07,math.GT,55
2011-07,math.HO,6
2011-07,math.KT,10
2011-07,math.LO,21
2011-07,math.MG,15
2011-07,math.NA,53
2011-07,math.NT,84
2011-07,math.OA,28
2011-07,math.OC,48
2011-07,math.PR,148
2011-07,math.QA,26
2011-07,math.RA,37
2011-07,math.RT,50
2011-07,math.SG,15
2011-07,math.SP,18
2011-07,math.ST,36
2011-07,nlin.AO,12
2011-07,nlin.CD,31
2011-07,nlin.CG,1
2011-07,nlin.PS,9
2011-07,nlin.SI,13
2011-07,nucl-ex,54
2011-07,nucl-th,117
2011-07,physics.acc-ph,10
2011-07,physics.ao-ph,9
2011-07,physics.atm-clus,4
2011-07,physics.atom-ph,46
2011-07,physics.bio-ph,17
2011-07,physics.chem-ph,27
2011-07,physics.class-ph,18
2011-07,physics.comp-ph,19
2011-07,physics.data-an,18
2011-07,physics.ed-ph,5
2011-07,physics.flu-dyn,24
2011-07,physics.gen-ph,46
2011-07,physics.geo-ph,9
2011-07,physics.hist-ph,9
2011-07,physics.ins-det,25
2011-07,physics.med-ph,8
2011-07,physics.optics,79
2011-07,physics.plasm-ph,29
2011-07,physics.pop-ph,4
2011-07,physics.soc-ph,27
2011-07,physics.space-ph,1
2011-07,q-bio.BM,11
2011-07,q-bio.CB,5
2011-07,q-bio.GN,3
2011-07,q-bio.MN,5
2011-07,q-bio.NC,8
2011-07,q-bio.OT,1
2011-07,q-bio.PE,10
2011-07,q-bio.QM,9
2011-07,q-bio.SC,1
2011-07,q-bio.TO,2
2011-07,q-fin.CP,3
2011-07,q-fin.GN,15
2011-07,q-fin.PM,5
2011-07,q-fin.PR,3
2011-07,q-fin.RM,5
2011-07,q-fin.ST,4
2011-07,q-fin.TR,4
2011-07,quant-ph,300
2011-07,stat.AP,28
2011-07,stat.CO,6
2011-07,stat.ME,33
2011-07,stat.ML,14
2011-07,stat.OT,2
2011-08,astro-ph.CO,304
2011-08,astro-ph.EP,81
2011-08,astro-ph.GA,122
2011-08,astro-ph.HE,143
2011-08,astro-ph.IM,53
2011-08,astro-ph.SR,217
2011-08,cond-mat.dis-nn,22
2011-08,cond-mat.mes-hall,209
2011-08,cond-mat.mtrl-sci,222
2011-08,cond-mat.other,24
2011-08,cond-mat.quant-gas,67
2011-08,cond-mat.soft,53
2011-08,cond-mat.stat-mech,106
2011-08,cond-mat.str-el,149
2011-08,cond-mat.supr-con,109
2011-08,cs.AI,40
2011-08,cs.AR,2
2011-08,cs.CC,16
2011-08,cs.CE,5
2011-08,cs.CG,14
2011-08,cs.CL,13
2011-08,cs.CR,32
2011-08,cs.CV,18
2011-08,cs.CY,4
2011-08,cs.DB,15
2011-08,cs.DC,25
2011-08,cs.DL,6
2011-08,cs.DM,12
2011-08,cs.DS,36
2011-08,cs.ET,1
2011-08,cs.FL,27
2011-08,cs.GT,15
2011-08,cs.IR,10
2011-08,cs.IT,95
2011-08,cs.LG,18
2011-08,cs.LO,43
2011-08,cs.MA,3
2011-08,cs.MM,2
2011-08,cs.NE,11
2011-08,cs.NI,58
2011-08,cs.OH,14
2011-08,cs.PF,1
2011-08,cs.PL,15
2011-08,cs.RO,13
2011-08,cs.SC,9
2011-08,cs.SE,19
2011-08,cs.SI,12
2011-08,eess.SY,21
2011-08,gr-qc,195
2011-08,hep-ex,88
2011-08,hep-lat,30
2011-08,hep-ph,358
2011-08,hep-th,277
2011-08,math-ph,113
2011-08,math.AC,22
2011-08,math.AG,102
2011-08,math.AP,94
2011-08,math.AT,27
2011-08,math.CA,54
2011-08,math.CO,135
2011-08,math.CT,14
2011-08,math.CV,34
2011-08,math.DG,97
2011-08,math.DS,73
2011-08,math.FA,51
2011-08,math.GM,5
2011-08,math.GN,13
2011-08,math.GR,48
2011-08,math.GT,67
2011-08,math.HO,9
2011-08,math.KT,17
2011-08,math.LO,21
2011-08,math.MG,20
2011-08,math.NA,40
2011-08,math.NT,122
2011-08,math.OA,22
2011-08,math.OC,35
2011-08,math.PR,122
2011-08,math.QA,27
2011-08,math.RA,39
2011-08,math.RT,51
2011-08,math.SG,16
2011-08,math.SP,17
2011-08,math.ST,44
2011-08,nlin.AO,7
2011-08,nlin.CD,21
2011-08,nlin.CG,2
2011-08,nlin.PS,5
2011-08,nlin.SI,24
2011-08,nucl-ex,36
2011-08,nucl-th,130
2011-08,physics.acc-ph,38
2011-08,physics.ao-ph,8
2011-08,physics.atm-clus,5
2011-08,physics.atom-ph,37
2011-08,physics.bio-ph,22
2011-08,physics.chem-ph,22
2011-08,physics.class-ph,14
2011-08,physics.comp-ph,14
2011-08,physics.data-an,28
2011-08,physics.ed-ph,14
2011-08,physics.flu-dyn,33
2011-08,physics.gen-ph,41
2011-08,physics.geo-ph,12
2011-08,physics.hist-ph,4
2011-08,physics.ins-det,20
2011-08,physics.med-ph,3
2011-08,physics.optics,85
2011-08,physics.plasm-ph,29
2011-08,physics.pop-ph,6
2011-08,physics.soc-ph,32
2011-08,physics.space-ph,7
2011-08,q-bio.BM,3
2011-08,q-bio.CB,5
2011-08,q-bio.GN,1
2011-08,q-bio.MN,8
2011-08,q-bio.NC,6
2011-08,q-bio.PE,24
2011-08,q-bio.QM,7
2011-08,q-bio.SC,1
2011-08,q-bio.TO,1
2011-08,q-fin.CP,2
2011-08,q-fin.GN,3
2011-08,q-fin.PM,6
2011-08,q-fin.PR,7
2011-08,q-fin.RM,1
2011-08,q-fin.ST,5
2011-08,q-fin.TR,3
2011-08,quant-ph,300
2011-08,stat.AP,34
2011-08,stat.CO,6
2011-08,stat.ME,46
2011-08,stat.ML,17
2011-08,stat.OT,1
2011-09,astro-ph.CO,395
2011-09,astro-ph.EP,80
2011-09,astro-ph.GA,138
2011-09,astro-ph.HE,183
2011-09,astro-ph.IM,57
2011-09,astro-ph.SR,319
2011-09,cond-mat.dis-nn,16
2011-09,cond-mat.mes-hall,231
2011-09,cond-mat.mtrl-sci,147
2011-09,cond-mat.other,20
2011-09,cond-mat.quant-gas,74
2011-09,cond-mat.soft,65
2011-09,cond-mat.stat-mech,123
2011-09,cond-mat.str-el,172
2011-09,cond-mat.supr-con,124
2011-09,cs.AI,80
2011-09,cs.AR,3
2011-09,cs.CC,13
2011-09,cs.CE,10
2011-09,cs.CG,11
2011-09,cs.CL,10
2011-09,cs.CR,29
2011-09,cs.CV,29
2011-09,cs.CY,5
2011-09,cs.DB,21
2011-09,cs.DC,28
2011-09,cs.DL,11
2011-09,cs.DM,17
2011-09,cs.DS,38
2011-09,cs.ET,4
2011-09,cs.FL,7
2011-09,cs.GR,3
2011-09,cs.GT,17
2011-09,cs.HC,5
2011-09,cs.IR,17
2011-09,cs.IT,117
2011-09,cs.LG,30
2011-09,cs.LO,41
2011-09,cs.MA,10
2011-09,cs.MM,5
2011-09,cs.MS,1
2011-09,cs.NE,11
2011-09,cs.NI,40
2011-09,cs.OH,5
2011-09,cs.OS,3
2011-09,cs.PF,1
2011-09,cs.PL,27
2011-09,cs.RO,8
2011-09,cs.SC,6
2011-09,cs.SD,5
2011-09,cs.SE,18
2011-09,cs.SI,23
2011-09,eess.SY,18
2011-09,gr-qc,182
2011-09,hep-ex,153
2011-09,hep-lat,47
2011-09,hep-ph,373
2011-09,hep-th,280
2011-09,math-ph,161
2011-09,math.AC,37
2011-09,math.AG,110
2011-09,math.AP,145
2011-09,math.AT,28
2011-09,math.CA,49
2011-09,math.CO,147
2011-09,math.CT,7
2011-09,math.CV,38
2011-09,math.DG,128
2011-09,math.DS,80
2011-09,math.FA,83
2011-09,math.GM,6
2011-09,math.GN,5
2011-09,math.GR,46
2011-09,math.GT,51
2011-09,math.HO,7
2011-09,math.KT,11
2011-09,math.LO,30
2011-09,math.MG,10
2011-09,math.NA,71
2011-09,math.NT,106
2011-09,math.OA,29
2011-09,math.OC,45
2011-09,math.PR,120
2011-09,math.QA,35
2011-09,math.RA,39
2011-09,math.RT,53
2011-09,math.SG,23
2011-09,math.SP,17
2011-09,math.ST,48
2011-09,nlin.AO,9
2011-09,nlin.CD,23
2011-09,nlin.CG,2
2011-09,nlin.PS,8
2011-09,nlin.SI,15
2011-09,nucl-ex,72
2011-09,nucl-th,104
2011-09,physics.acc-ph,24
2011-09,physics.ao-ph,10
2011-09,physics.atm-clus,6
2011-09,physics.atom-ph,44
2011-09,physics.bio-ph,29
2011-09,physics.chem-ph,27
2011-09,physics.class-ph,13
2011-09,physics.comp-ph,25
2011-09,physics.data-an,17
2011-09,physics.ed-ph,13
2011-09,physics.flu-dyn,52
2011-09,physics.gen-ph,48
2011-09,physics.geo-ph,14
2011-09,physics.hist-ph,19
2011-09,physics.ins-det,52
2011-09,physics.med-ph,8
2011-09,physics.optics,84
2011-09,physics.plasm-ph,33
2011-09,physics.pop-ph,7
2011-09,physics.soc-ph,39
2011-09,physics.space-ph,5
2011-09,q-bio.BM,10
2011-09,q-bio.CB,2
2011-09,q-bio.GN,8
2011-09,q-bio.MN,14
2011-09,q-bio.NC,6
2011-09,q-bio.OT,1
2011-09,q-bio.PE,11
2011-09,q-bio.QM,10
2011-09,q-bio.SC,3
2011-09,q-bio.TO,3
2011-09,q-fin.CP,3
2011-09,q-fin.GN,8
2011-09,q-fin.PM,9
2011-09,q-fin.PR,3
2011-09,q-fin.RM,3
2011-09,q-fin.ST,6
2011-09,q-fin.TR,3
2011-09,quant-ph,294
2011-09,stat.AP,14
2011-09,stat.CO,6
2011-09,stat.ME,19
2011-09,stat.ML,9
2011-09,stat.OT,5
2011-10,astro-ph.CO,329
2011-10,astro-ph.EP,79
2011-10,astro-ph.GA,121
2011-10,astro-ph.HE,190
2011-10,astro-ph.IM,105
2011-10,astro-ph.SR,259
2011-10,cond-mat.dis-nn,27
2011-10,cond-mat.mes-hall,216
2011-10,cond-mat.mtrl-sci,154
2011-10,cond-mat.other,19
2011-10,cond-mat.quant-gas,90
2011-10,cond-mat.soft,65
2011-10,cond-mat.stat-mech,124
2011-10,cond-mat.str-el,183
2011-10,cond-mat.supr-con,111
2011-10,cs.AI,56
2011-10,cs.AR,7
2011-10,cs.CC,30
2011-10,cs.CE,7
2011-10,cs.CG,3
2011-10,cs.CL,13
2011-10,cs.CR,32
2011-10,cs.CV,21
2011-10,cs.CY,5
2011-10,cs.DB,19
2011-10,cs.DC,21
2011-10,cs.DL,10
2011-10,cs.DM,14
2011-10,cs.DS,46
2011-10,cs.ET,6
2011-10,cs.FL,9
2011-10,cs.GT,17
2011-10,cs.HC,7
2011-10,cs.IR,8
2011-10,cs.IT,90
2011-10,cs.LG,31
2011-10,cs.LO,21
2011-10,cs.MA,4
2011-10,cs.MM,1
2011-10,cs.MS,4
2011-10,cs.NE,5
2011-10,cs.NI,40
2011-10,cs.OH,5
2011-10,cs.OS,2
2011-10,cs.PF,5
2011-10,cs.PL,11
2011-10,cs.RO,3
2011-10,cs.SC,5
2011-10,cs.SD,1
2011-10,cs.SE,13
2011-10,cs.SI,24
2011-10,eess.SY,5
2011-10,gr-qc,185
2011-10,hep-ex,158
2011-10,hep-lat,58
2011-10,hep-ph,420
2011-10,hep-th,259
2011-10,math-ph,163
2011-10,math.AC,42
2011-10,math.AG,137
2011-10,math.AP,141
2011-10,math.AT,40
2011-10,math.CA,68
2011-10,math.CO,136
2011-10,math.CT,16
2011-10,math.CV,39
2011-10,math.DG,116
2011-10,math.DS,78
2011-10,math.FA,63
2011-10,math.GM,12
2011-10,math.GN,7
2011-10,math.GR,35
2011-10,math.GT,68
2011-10,math.HO,10
2011-10,math.KT,12
2011-10,math.LO,43
2011-10,math.MG,29
2011-10,math.NA,62
2011-10,math.NT,102
2011-10,math.OA,35
2011-10,math.OC,62
2011-10,math.PR,155
2011-10,math.QA,25
2011-10,math.RA,45
2011-10,math.RT,63
2011-10,math.SG,16
2011-10,math.SP,20
2011-10,math.ST,42
2011-10,nlin.AO,11
2011-10,nlin.CD,20
2011-10,nlin.CG,2
2011-10,nlin.PS,11
2011-10,nlin.SI,16
2011-10,nucl-ex,48
2011-10,nucl-th,116
2011-10,physics.acc-ph,31
2011-10,physics.ao-ph,9
2011-10,physics.atm-clus,2
2011-10,physics.atom-ph,50
2011-10,physics.bio-ph,23
2011-10,physics.chem-ph,22
2011-10,physics.class-ph,27
2011-10,physics.comp-ph,19
2011-10,physics.data-an,13
2011-10,physics.ed-ph,10
2011-10,physics.flu-dyn,94
2011-10,physics.gen-ph,66
2011-10,physics.geo-ph,6
2011-10,physics.hist-ph,14
2011-10,physics.ins-det,49
2011-10,physics.med-ph,4
2011-10,physics.optics,91
2011-10,physics.plasm-ph,25
2011-10,physics.pop-ph,6
2011-10,physics.soc-ph,38
2011-10,physics.space-ph,5
2011-10,q-bio.BM,9
2011-10,q-bio.CB,1
2011-10,q-bio.GN,1
2011-10,q-bio.MN,11
2011-10,q-bio.NC,7
2011-10,q-bio.OT,4
2011-10,q-bio.PE,21
2011-10,q-bio.QM,11
2011-10,q-bio.TO,4
2011-10,q-fin.CP,6
2011-10,q-fin.GN,20
2011-10,q-fin.PM,5
2011-10,q-fin.PR,4
2011-10,q-fin.RM,5
2011-10,q-fin.ST,11
2011-10,q-fin.TR,7
2011-10,quant-ph,296
2011-10,stat.AP,13
2011-10,stat.CO,14
2011-10,stat.ME,14
2011-10,stat.ML,22
2011-10,stat.OT,3
2011-11,astro-ph.CO,366
2011-11,astro-ph.EP,69
2011-11,astro-ph.GA,129
2011-11,astro-ph.HE,244
2011-11,astro-ph.IM,89
2011-11,astro-ph.SR,287
2011-11,cond-mat.dis-nn,29
2011-11,cond-mat.mes-hall,266
2011-11,cond-mat.mtrl-sci,189
2011-11,cond-mat.other,13
2011-11,cond-mat.quant-gas,83
2011-11,cond-mat.soft,72
2011-11,cond-mat.stat-mech,133
2011-11,cond-mat.str-el,177
2011-11,cond-mat.supr-con,134
2011-11,cs.AI,23
2011-11,cs.AR,8
2011-11,cs.CC,20
2011-11,cs.CE,4
2011-11,cs.CG,13
2011-11,cs.CL,9
2011-11,cs.CR,46
2011-11,cs.CV,33
2011-11,cs.CY,9
2011-11,cs.DB,23
2011-11,cs.DC,25
2011-11,cs.DL,4
2011-11,cs.DM,26
2011-11,cs.DS,52
2011-11,cs.ET,2
2011-11,cs.FL,8
2011-11,cs.GR,1
2011-11,cs.GT,17
2011-11,cs.HC,3
2011-11,cs.IR,9
2011-11,cs.IT,105
2011-11,cs.LG,21
2011-11,cs.LO,29
2011-11,cs.MA,3
2011-11,cs.MM,5
2011-11,cs.MS,4
2011-11,cs.NE,7
2011-11,cs.NI,49
2011-11,cs.OH,15
2011-11,cs.OS,2
2011-11,cs.PF,4
2011-11,cs.PL,8
2011-11,cs.RO,10
2011-11,cs.SC,3
2011-11,cs.SE,63
2011-11,cs.SI,34
2011-11,eess.SY,11
2011-11,gr-qc,211
2011-11,hep-ex,96
2011-11,hep-lat,140
2011-11,hep-ph,465
2011-11,hep-th,292
2011-11,math-ph,187
2011-11,math.AC,22
2011-11,math.AG,149
2011-11,math.AP,151
2011-11,math.AT,34
2011-11,math.CA,45
2011-11,math.CO,157
2011-11,math.CT,8
2011-11,math.CV,30
2011-11,math.DG,108
2011-11,math.DS,99
2011-11,math.FA,67
2011-11,math.GM,5
2011-11,math.GN,5
2011-11,math.GR,49
2011-11,math.GT,45
2011-11,math.HO,18
2011-11,math.KT,11
2011-11,math.LO,27
2011-11,math.MG,25
2011-11,math.NA,61
2011-11,math.NT,104
2011-11,math.OA,37
2011-11,math.OC,42
2011-11,math.PR,160
2011-11,math.QA,27
2011-11,math.RA,29
2011-11,math.RT,60
2011-11,math.SG,22
2011-11,math.SP,18
2011-11,math.ST,59
2011-11,nlin.AO,13
2011-11,nlin.CD,26
2011-11,nlin.CG,5
2011-11,nlin.PS,19
2011-11,nlin.SI,19
2011-11,nucl-ex,52
2011-11,nucl-th,101
2011-11,physics.acc-ph,17
2011-11,physics.ao-ph,7
2011-11,physics.atm-clus,7
2011-11,physics.atom-ph,40
2011-11,physics.bio-ph,19
2011-11,physics.chem-ph,21
2011-11,physics.class-ph,11
2011-11,physics.comp-ph,14
2011-11,physics.data-an,17
2011-11,physics.ed-ph,5
2011-11,physics.flu-dyn,41
2011-11,physics.gen-ph,70
2011-11,physics.geo-ph,8
2011-11,physics.hist-ph,16
2011-11,physics.ins-det,42
2011-11,physics.med-ph,5
2011-11,physics.optics,97
2011-11,physics.plasm-ph,27
2011-11,physics.pop-ph,11
2011-11,physics.soc-ph,25
2011-11,physics.space-ph,7
2011-11,q-bio.BM,12
2011-11,q-bio.CB,2
2011-11,q-bio.GN,2
2011-11,q-bio.MN,4
2011-11,q-bio.NC,19
2011-11,q-bio.OT,1
2011-11,q-bio.PE,17
2011-11,q-bio.QM,11
2011-11,q-bio.SC,2
2011-11,q-bio.TO,2
2011-11,q-fin.CP,5
2011-11,q-fin.GN,4
2011-11,q-fin.PM,5
2011-11,q-fin.PR,6
2011-11,q-fin.RM,8
2011-11,q-fin.ST,5
2011-11,q-fin.TR,2
2011-11,quant-ph,315
2011-11,stat.AP,28
2011-11,stat.CO,11
2011-11,stat.ME,26
2011-11,stat.ML,24
2011-11,stat.OT,2
2011-12,astro-ph.CO,304
2011-12,astro-ph.EP,65
2011-12,astro-ph.GA,90
2011-12,astro-ph.HE,171
2011-12,astro-ph.IM,91
2011-12,astro-ph.SR,228
2011-12,cond-mat.dis-nn,26
2011-12,cond-mat.mes-hall,227
2011-12,cond-mat.mtrl-sci,151
2011-12,cond-mat.other,11
2011-12,cond-mat.quant-gas,89
2011-12,cond-mat.soft,59
2011-12,cond-mat.stat-mech,132
2011-12,cond-mat.str-el,149
2011-12,cond-mat.supr-con,128
2011-12,cs.AI,13
2011-12,cs.AR,1
2011-12,cs.CC,18
2011-12,cs.CE,2
2011-12,cs.CG,17
2011-12,cs.CL,5
2011-12,cs.CR,41
2011-12,cs.CV,26
2011-12,cs.CY,7
2011-12,cs.DB,27
2011-12,cs.DC,25
2011-12,cs.DL,5
2011-12,cs.DM,22
2011-12,cs.DS,39
2011-12,cs.ET,3
2011-12,cs.FL,11
2011-12,cs.GR,3
2011-12,cs.GT,16
2011-12,cs.HC,5
2011-12,cs.IR,11
2011-12,cs.IT,100
2011-12,cs.LG,23
2011-12,cs.LO,18
2011-12,cs.MA,4
2011-12,cs.MM,7
2011-12,cs.MS,1
2011-12,cs.NE,10
2011-12,cs.NI,62
2011-12,cs.OH,8
2011-12,cs.OS,2
2011-12,cs.PF,4
2011-12,cs.PL,23
2011-12,cs.RO,2
2011-12,cs.SC,5
2011-12,cs.SD,2
2011-12,cs.SE,11
2011-12,cs.SI,21
2011-12,eess.SY,7
2011-12,gr-qc,161
2011-12,hep-ex,97
2011-12,hep-lat,75
2011-12,hep-ph,479
2011-12,hep-th,300
2011-12,math-ph,184
2011-12,math.AC,31
2011-12,math.AG,118
2011-12,math.AP,149
2011-12,math.AT,28
2011-12,math.CA,55
2011-12,math.CO,135
2011-12,math.CT,22
2011-12,math.CV,35
2011-12,math.DG,94
2011-12,math.DS,95
2011-12,math.FA,72
2011-12,math.GM,9
2011-12,math.GN,14
2011-12,math.GR,58
2011-12,math.GT,52
2011-12,math.HO,7
2011-12,math.KT,14
2011-12,math.LO,32
2011-12,math.MG,24
2011-12,math.NA,59
2011-12,math.NT,100
2011-12,math.OA,31
2011-12,math.OC,66
2011-12,math.PR,148
2011-12,math.QA,21
2011-12,math.RA,34
2011-12,math.RT,61
2011-12,math.SG,16
2011-12,math.SP,18
2011-12,math.ST,48
2011-12,nlin.AO,9
2011-12,nlin.CD,24
2011-12,nlin.CG,2
2011-12,nlin.PS,17
2011-12,nlin.SI,26
2011-12,nucl-ex,51
2011-12,nucl-th,96
2011-12,physics.acc-ph,18
2011-12,physics.ao-ph,8
2011-12,physics.atm-clus,2
2011-12,physics.atom-ph,45
2011-12,physics.bio-ph,23
2011-12,physics.chem-ph,22
2011-12,physics.class-ph,14
2011-12,physics.comp-ph,18
2011-12,physics.data-an,15
2011-12,physics.ed-ph,6
2011-12,physics.flu-dyn,32
2011-12,physics.gen-ph,42
2011-12,physics.geo-ph,11
2011-12,physics.hist-ph,20
2011-12,physics.ins-det,32
2011-12,physics.med-ph,9
2011-12,physics.optics,72
2011-12,physics.plasm-ph,36
2011-12,physics.pop-ph,7
2011-12,physics.soc-ph,46
2011-12,physics.space-ph,4
2011-12,q-bio.BM,8
2011-12,q-bio.CB,2
2011-12,q-bio.GN,7
2011-12,q-bio.MN,10
2011-12,q-bio.NC,12
2011-12,q-bio.OT,1
2011-12,q-bio.PE,32
2011-12,q-bio.QM,8
2011-12,q-bio.SC,2
2011-12,q-bio.TO,5
2011-12,q-fin.CP,3
2011-12,q-fin.GN,8
2011-12,q-fin.PM,9
2011-12,q-fin.PR,10
2011-12,q-fin.RM,6
2011-12,q-fin.ST,7
2011-12,q-fin.TR,7
2011-12,quant-ph,327
2011-12,stat.AP,14
2011-12,stat.CO,7
2011-12,stat.ME,28
2011-12,stat.ML,20
2012-01,astro-ph.CO,344
2012-01,astro-ph.EP,69
2012-01,astro-ph.GA,124
2012-01,astro-ph.HE,165
2012-01,astro-ph.IM,70
2012-01,astro-ph.SR,226
2012-01,cond-mat.dis-nn,23
2012-01,cond-mat.mes-hall,233
2012-01,cond-mat.mtrl-sci,195
2012-01,cond-mat.other,13
2012-01,cond-mat.quant-gas,76
2012-01,cond-mat.soft,73
2012-01,cond-mat.stat-mech,108
2012-01,cond-mat.str-el,136
2012-01,cond-mat.supr-con,80
2012-01,cs.AI,30
2012-01,cs.AR,4
2012-01,cs.CC,23
2012-01,cs.CE,7
2012-01,cs.CG,10
2012-01,cs.CL,6
2012-01,cs.CR,31
2012-01,cs.CV,28
2012-01,cs.CY,6
2012-01,cs.DB,12
2012-01,cs.DC,12
2012-01,cs.DL,11
2012-01,cs.DM,23
2012-01,cs.DS,31
2012-01,cs.ET,5
2012-01,cs.FL,5
2012-01,cs.GR,1
2012-01,cs.GT,17
2012-01,cs.HC,5
2012-01,cs.IR,9
2012-01,cs.IT,116
2012-01,cs.LG,18
2012-01,cs.LO,35
2012-01,cs.MA,3
2012-01,cs.MM,5
2012-01,cs.MS,4
2012-01,cs.NE,8
2012-01,cs.NI,54
2012-01,cs.OH,19
2012-01,cs.PF,5
2012-01,cs.PL,14
2012-01,cs.RO,4
2012-01,cs.SC,8
2012-01,cs.SE,24
2012-01,cs.SI,12
2012-01,eess.SY,10
2012-01,gr-qc,187
2012-01,hep-ex,119
2012-01,hep-lat,32
2012-01,hep-ph,335
2012-01,hep-th,236
2012-01,math-ph,143
2012-01,math.AC,28
2012-01,math.AG,130
2012-01,math.AP,135
2012-01,math.AT,23
2012-01,math.CA,65
2012-01,math.CO,155
2012-01,math.CT,11
2012-01,math.CV,40
2012-01,math.DG,109
2012-01,math.DS,75
2012-01,math.FA,70
2012-01,math.GM,4
2012-01,math.GN,6
2012-01,math.GR,47
2012-01,math.GT,41
2012-01,math.HO,18
2012-01,math.KT,5
2012-01,math.LO,37
2012-01,math.MG,22
2012-01,math.NA,53
2012-01,math.NT,105
2012-01,math.OA,40
2012-01,math.OC,48
2012-01,math.PR,164
2012-01,math.QA,22
2012-01,math.RA,33
2012-01,math.RT,51
2012-01,math.SG,17
2012-01,math.SP,13
2012-01,math.ST,56
2012-01,nlin.AO,13
2012-01,nlin.CD,33
2012-01,nlin.CG,1
2012-01,nlin.PS,13
2012-01,nlin.SI,26
2012-01,nucl-ex,55
2012-01,nucl-th,74
2012-01,physics.acc-ph,29
2012-01,physics.ao-ph,5
2012-01,physics.atm-clus,6
2012-01,physics.atom-ph,47
2012-01,physics.bio-ph,22
2012-01,physics.chem-ph,28
2012-01,physics.class-ph,23
2012-01,physics.comp-ph,19
2012-01,physics.data-an,21
2012-01,physics.ed-ph,7
2012-01,physics.flu-dyn,34
2012-01,physics.gen-ph,56
2012-01,physics.geo-ph,8
2012-01,physics.hist-ph,9
2012-01,physics.ins-det,49
2012-01,physics.med-ph,4
2012-01,physics.optics,84
2012-01,physics.plasm-ph,25
2012-01,physics.pop-ph,6
2012-01,physics.soc-ph,33
2012-01,physics.space-ph,7
2012-01,q-bio.BM,7
2012-01,q-bio.CB,7
2012-01,q-bio.GN,4
2012-01,q-bio.MN,9
2012-01,q-bio.NC,11
2012-01,q-bio.OT,4
2012-01,q-bio.PE,13
2012-01,q-bio.QM,7
2012-01,q-bio.SC,2
2012-01,q-bio.TO,6
2012-01,q-fin.CP,1
2012-01,q-fin.GN,8
2012-01,q-fin.PM,1
2012-01,q-fin.PR,3
2012-01,q-fin.RM,6
2012-01,q-fin.ST,16
2012-01,q-fin.TR,3
2012-01,quant-ph,261
2012-01,stat.AP,19
2012-01,stat.CO,14
2012-01,stat.ME,40
2012-01,stat.ML,11
2012-01,stat.OT,3
2012-02,astro-ph.CO,323
2012-02,astro-ph.EP,78
2012-02,astro-ph.GA,109
2012-02,astro-ph.HE,162
2012-02,astro-ph.IM,60
2012-02,astro-ph.SR,229
2012-02,cond-mat.dis-nn,26
2012-02,cond-mat.mes-hall,226
2012-02,cond-mat.mtrl-sci,163
2012-02,cond-mat.other,8
2012-02,cond-mat.quant-gas,77
2012-02,cond-mat.soft,75
2012-02,cond-mat.stat-mech,114
2012-02,cond-mat.str-el,145
2012-02,cond-mat.supr-con,108
2012-02,cs.AI,59
2012-02,cs.AR,1
2012-02,cs.CC,18
2012-02,cs.CE,2
2012-02,cs.CG,11
2012-02,cs.CL,5
2012-02,cs.CR,33
2012-02,cs.CV,29
2012-02,cs.CY,8
2012-02,cs.DB,20
2012-02,cs.DC,32
2012-02,cs.DL,12
2012-02,cs.DM,27
2012-02,cs.DS,47
2012-02,cs.ET,4
2012-02,cs.FL,8
2012-02,cs.GR,2
2012-02,cs.GT,45
2012-02,cs.HC,7
2012-02,cs.IR,20
2012-02,cs.IT,201
2012-02,cs.LG,58
2012-02,cs.LO,35
2012-02,cs.MM,4
2012-02,cs.MS,6
2012-02,cs.NE,9
2012-02,cs.NI,55
2012-02,cs.OH,8
2012-02,cs.OS,1
2012-02,cs.PF,3
2012-02,cs.PL,21
2012-02,cs.RO,14
2012-02,cs.SC,2
2012-02,cs.SD,1
2012-02,cs.SE,49
2012-02,cs.SI,28
2012-02,eess.SY,35
2012-02,gr-qc,146
2012-02,hep-ex,101
2012-02,hep-lat,42
2012-02,hep-ph,324
2012-02,hep-th,230
2012-02,math-ph,154
2012-02,math.AC,25
2012-02,math.AG,129
2012-02,math.AP,146
2012-02,math.AT,30
2012-02,math.CA,61
2012-02,math.CO,158
2012-02,math.CT,15
2012-02,math.CV,36
2012-02,math.DG,75
2012-02,math.DS,88
2012-02,math.FA,57
2012-02,math.GM,9
2012-02,math.GN,15
2012-02,math.GR,45
2012-02,math.GT,47
2012-02,math.HO,10
2012-02,math.KT,12
2012-02,math.LO,31
2012-02,math.MG,8
2012-02,math.NA,57
2012-02,math.NT,126
2012-02,math.OA,25
2012-02,math.OC,48
2012-02,math.PR,150
2012-02,math.QA,28
2012-02,math.RA,28
2012-02,math.RT,48
2012-02,math.SG,17
2012-02,math.SP,18
2012-02,math.ST,52
2012-02,nlin.AO,5
2012-02,nlin.CD,21
2012-02,nlin.CG,1
2012-02,nlin.PS,19
2012-02,nlin.SI,10
2012-02,nucl-ex,40
2012-02,nucl-th,115
2012-02,physics.acc-ph,77
2012-02,physics.ao-ph,16
2012-02,physics.atm-clus,8
2012-02,physics.atom-ph,43
2012-02,physics.bio-ph,23
2012-02,physics.chem-ph,27
2012-02,physics.class-ph,16
2012-02,physics.comp-ph,31
2012-02,physics.data-an,15
2012-02,physics.ed-ph,6
2012-02,physics.flu-dyn,45
2012-02,physics.gen-ph,43
2012-02,physics.geo-ph,13
2012-02,physics.hist-ph,14
2012-02,physics.ins-det,44
2012-02,physics.med-ph,5
2012-02,physics.optics,83
2012-02,physics.plasm-ph,31
2012-02,physics.pop-ph,8
2012-02,physics.soc-ph,29
2012-02,physics.space-ph,5
2012-02,q-bio.BM,7
2012-02,q-bio.CB,3
2012-02,q-bio.GN,3
2012-02,q-bio.MN,10
2012-02,q-bio.NC,14
2012-02,q-bio.OT,1
2012-02,q-bio.PE,29
2012-02,q-bio.QM,10
2012-02,q-bio.SC,5
2012-02,q-bio.TO,2
2012-02,q-fin.CP,7
2012-02,q-fin.GN,8
2012-02,q-fin.PM,1
2012-02,q-fin.PR,8
2012-02,q-fin.RM,5
2012-02,q-fin.ST,10
2012-02,q-fin.TR,4
2012-02,quant-ph,285
2012-02,stat.AP,29
2012-02,stat.CO,11
2012-02,stat.ME,44
2012-02,stat.ML,15
2012-02,stat.OT,2
2012-03,astro-ph.CO,322
2012-03,astro-ph.EP,79
2012-03,astro-ph.GA,135
2012-03,astro-ph.HE,143
2012-03,astro-ph.IM,84
2012-03,astro-ph.SR,237
2012-03,cond-mat.dis-nn,24
2012-03,cond-mat.mes-hall,219
2012-03,cond-mat.mtrl-sci,183
2012-03,cond-mat.other,18
2012-03,cond-mat.quant-gas,87
2012-03,cond-mat.soft,96
2012-03,cond-mat.stat-mech,122
2012-03,cond-mat.str-el,151
2012-03,cond-mat.supr-con,111
2012-03,cs.AI,44
2012-03,cs.AR,4
2012-03,cs.CC,21
2012-03,cs.CE,5
2012-03,cs.CG,13
2012-03,cs.CL,29
2012-03,cs.CR,48
2012-03,cs.CV,31
2012-03,cs.CY,9
2012-03,cs.DB,32
2012-03,cs.DC,33
2012-03,cs.DL,8
2012-03,cs.DM,11
2012-03,cs.DS,40
2012-03,cs.ET,3
2012-03,cs.FL,14
2012-03,cs.GT,23
2012-03,cs.HC,8
2012-03,cs.IR,13
2012-03,cs.IT,132
2012-03,cs.LG,62
2012-03,cs.LO,32
2012-03,cs.MA,6
2012-03,cs.MM,5
2012-03,cs.MS,7
2012-03,cs.NE,11
2012-03,cs.NI,69
2012-03,cs.OH,24
2012-03,cs.PF,1
2012-03,cs.PL,16
2012-03,cs.RO,4
2012-03,cs.SC,7
2012-03,cs.SE,18
2012-03,cs.SI,24
2012-03,eess.SY,38
2012-03,gr-qc,171
2012-03,hep-ex,77
2012-03,hep-lat,30
2012-03,hep-ph,360
2012-03,hep-th,295
2012-03,math-ph,151
2012-03,math.AC,40
2012-03,math.AG,139
2012-03,math.AP,165
2012-03,math.AT,31
2012-03,math.CA,60
2012-03,math.CO,178
2012-03,math.CT,11
2012-03,math.CV,43
2012-03,math.DG,121
2012-03,math.DS,82
2012-03,math.FA,78
2012-03,math.GM,17
2012-03,math.GN,10
2012-03,math.GR,48
2012-03,math.GT,53
2012-03,math.HO,5
2012-03,math.KT,13
2012-03,math.LO,32
2012-03,math.MG,29
2012-03,math.NA,75
2012-03,math.NT,105
2012-03,math.OA,32
2012-03,math.OC,80
2012-03,math.PR,159
2012-03,math.QA,31
2012-03,math.RA,24
2012-03,math.RT,47
2012-03,math.SG,13
2012-03,math.SP,24
2012-03,math.ST,69
2012-03,nlin.AO,10
2012-03,nlin.CD,42
2012-03,nlin.CG,3
2012-03,nlin.PS,11
2012-03,nlin.SI,9
2012-03,nucl-ex,51
2012-03,nucl-th,117
2012-03,physics.acc-ph,22
2012-03,physics.ao-ph,5
2012-03,physics.atm-clus,5
2012-03,physics.atom-ph,51
2012-03,physics.bio-ph,23
2012-03,physics.chem-ph,24
2012-03,physics.class-ph,19
2012-03,physics.comp-ph,16
2012-03,physics.data-an,12
2012-03,physics.ed-ph,2
2012-03,physics.flu-dyn,41
2012-03,physics.gen-ph,45
2012-03,physics.geo-ph,10
2012-03,physics.hist-ph,10
2012-03,physics.ins-det,43
2012-03,physics.med-ph,6
2012-03,physics.optics,89
2012-03,physics.plasm-ph,29
2012-03,physics.pop-ph,10
2012-03,physics.soc-ph,38
2012-03,physics.space-ph,3
2012-03,q-bio.BM,6
2012-03,q-bio.CB,4
2012-03,q-bio.GN,8
2012-03,q-bio.MN,9
2012-03,q-bio.NC,15
2012-03,q-bio.OT,2
2012-03,q-bio.PE,21
2012-03,q-bio.QM,9
2012-03,q-bio.SC,1
2012-03,q-bio.TO,1
2012-03,q-fin.CP,3
2012-03,q-fin.GN,7
2012-03,q-fin.PM,3
2012-03,q-fin.PR,11
2012-03,q-fin.RM,6
2012-03,q-fin.ST,4
2012-03,q-fin.TR,1
2012-03,quant-ph,295
2012-03,stat.AP,35
2012-03,stat.CO,9
2012-03,stat.ME,47
2012-03,stat.ML,21
2012-03,stat.OT,4
2012-04,astro-ph.CO,319
2012-04,astro-ph.EP,73
2012-04,astro-ph.GA,132
2012-04,astro-ph.HE,145
2012-04,astro-ph.IM,74
2012-04,astro-ph.SR,197
2012-04,cond-mat.dis-nn,37
2012-04,cond-mat.mes-hall,256
2012-04,cond-mat.mtrl-sci,183
2012-04,cond-mat.other,21
2012-04,cond-mat.quant-gas,75
2012-04,cond-mat.soft,67
2012-04,cond-mat.stat-mech,107
2012-04,cond-mat.str-el,165
2012-04,cond-mat.supr-con,95
2012-04,cs.AI,36
2012-04,cs.AR,4
2012-04,cs.CC,32
2012-04,cs.CE,4
2012-04,cs.CG,18
2012-04,cs.CL,14
2012-04,cs.CR,40
2012-04,cs.CV,42
2012-04,cs.CY,16
2012-04,cs.DB,21
2012-04,cs.DC,25
2012-04,cs.DL,10
2012-04,cs.DM,23
2012-04,cs.DS,70
2012-04,cs.ET,5
2012-04,cs.FL,11
2012-04,cs.GR,3
2012-04,cs.GT,19
2012-04,cs.HC,5
2012-04,cs.IR,19
2012-04,cs.IT,125
2012-04,cs.LG,27
2012-04,cs.LO,44
2012-04,cs.MA,10
2012-04,cs.MM,5
2012-04,cs.MS,4
2012-04,cs.NE,15
2012-04,cs.NI,67
2012-04,cs.OH,19
2012-04,cs.OS,1
2012-04,cs.PF,1
2012-04,cs.PL,10
2012-04,cs.RO,14
2012-04,cs.SC,4
2012-04,cs.SD,2
2012-04,cs.SE,20
2012-04,cs.SI,48
2012-04,eess.SY,23
2012-04,gr-qc,169
2012-04,hep-ex,61
2012-04,hep-lat,42
2012-04,hep-ph,329
2012-04,hep-th,270
2012-04,math-ph,148
2012-04,math.AC,24
2012-04,math.AG,110
2012-04,math.AP,135
2012-04,math.AT,29
2012-04,math.CA,62
2012-04,math.CO,134
2012-04,math.CT,12
2012-04,math.CV,30
2012-04,math.DG,110
2012-04,math.DS,81
2012-04,math.FA,75
2012-04,math.GM,8
2012-04,math.GN,5
2012-04,math.GR,44
2012-04,math.GT,46
2012-04,math.HO,10
2012-04,math.KT,7
2012-04,math.LO,39
2012-04,math.MG,25
2012-04,math.NA,72
2012-04,math.NT,108
2012-04,math.OA,32
2012-04,math.OC,62
2012-04,math.PR,139
2012-04,math.QA,15
2012-04,math.RA,36
2012-04,math.RT,54
2012-04,math.SG,11
2012-04,math.SP,14
2012-04,math.ST,57
2012-04,nlin.AO,11
2012-04,nlin.CD,18
2012-04,nlin.CG,3
2012-04,nlin.PS,14
2012-04,nlin.SI,29
2012-04,nucl-ex,39
2012-04,nucl-th,88
2012-04,physics.acc-ph,20
2012-04,physics.ao-ph,4
2012-04,physics.atm-clus,1
2012-04,physics.atom-ph,50
2012-04,physics.bio-ph,27
2012-04,physics.chem-ph,26
2012-04,physics.class-ph,11
2012-04,physics.comp-ph,25
2012-04,physics.data-an,12
2012-04,physics.ed-ph,5
2012-04,physics.flu-dyn,49
2012-04,physics.gen-ph,39
2012-04,physics.geo-ph,8
2012-04,physics.hist-ph,16
2012-04,physics.ins-det,32
2012-04,physics.med-ph,11
2012-04,physics.optics,86
2012-04,physics.plasm-ph,24
2012-04,physics.pop-ph,11
2012-04,physics.soc-ph,26
2012-04,physics.space-ph,4
2012-04,q-bio.BM,8
2012-04,q-bio.CB,3
2012-04,q-bio.MN,8
2012-04,q-bio.NC,18
2012-04,q-bio.OT,3
2012-04,q-bio.PE,25
2012-04,q-bio.QM,4
2012-04,q-bio.SC,3
2012-04,q-fin.CP,5
2012-04,q-fin.GN,10
2012-04,q-fin.PM,2
2012-04,q-fin.PR,9
2012-04,q-fin.RM,3
2012-04,q-fin.ST,7
2012-04,q-fin.TR,6
2012-04,quant-ph,340
2012-04,stat.AP,20
2012-04,stat.CO,4
2012-04,stat.ME,41
2012-04,stat.ML,26
2012-04,stat.OT,1
2012-05,astro-ph.CO,373
2012-05,astro-ph.EP,83
2012-05,astro-ph.GA,110
2012-05,astro-ph.HE,181
2012-05,astro-ph.IM,56
2012-05,astro-ph.SR,222
2012-05,cond-mat.dis-nn,42
2012-05,cond-mat.mes-hall,239
2012-05,cond-mat.mtrl-sci,159
2012-05,cond-mat.other,13
2012-05,cond-mat.quant-gas,88
2012-05,cond-mat.soft,66
2012-05,cond-mat.stat-mech,120
2012-05,cond-mat.str-el,153
2012-05,cond-mat.supr-con,134
2012-05,cs.AI,38
2012-05,cs.AR,7
2012-05,cs.CC,23
2012-05,cs.CE,6
2012-05,cs.CG,17
2012-05,cs.CL,11
2012-05,cs.CR,33
2012-05,cs.CV,25
2012-05,cs.CY,3
2012-05,cs.DB,31
2012-05,cs.DC,26
2012-05,cs.DL,11
2012-05,cs.DM,21
2012-05,cs.DS,44
2012-05,cs.ET,2
2012-05,cs.FL,11
2012-05,cs.GL,1
2012-05,cs.GR,1
2012-05,cs.GT,17
2012-05,cs.HC,5
2012-05,cs.IR,24
2012-05,cs.IT,140
2012-05,cs.LG,54
2012-05,cs.LO,29
2012-05,cs.MA,5
2012-05,cs.MM,5
2012-05,cs.MS,8
2012-05,cs.NE,7
2012-05,cs.NI,54
2012-05,cs.OH,15
2012-05,cs.OS,3
2012-05,cs.PF,1
2012-05,cs.PL,5
2012-05,cs.RO,9
2012-05,cs.SC,7
2012-05,cs.SD,1
2012-05,cs.SE,26
2012-05,cs.SI,28
2012-05,eess.SY,15
2012-05,gr-qc,188
2012-05,hep-ex,101
2012-05,hep-lat,44
2012-05,hep-ph,400
2012-05,hep-th,309
2012-05,math-ph,176
2012-05,math.AC,30
2012-05,math.AG,111
2012-05,math.AP,161
2012-05,math.AT,26
2012-05,math.CA,70
2012-05,math.CO,143
2012-05,math.CT,14
2012-05,math.CV,38
2012-05,math.DG,130
2012-05,math.DS,93
2012-05,math.FA,58
2012-05,math.GM,15
2012-05,math.GN,15
2012-05,math.GR,57
2012-05,math.GT,60
2012-05,math.HO,11
2012-05,math.KT,5
2012-05,math.LO,29
2012-05,math.MG,24
2012-05,math.NA,78
2012-05,math.NT,114
2012-05,math.OA,26
2012-05,math.OC,44
2012-05,math.PR,134
2012-05,math.QA,29
2012-05,math.RA,34
2012-05,math.RT,65
2012-05,math.SG,18
2012-05,math.SP,19
2012-05,math.ST,70
2012-05,nlin.AO,10
2012-05,nlin.CD,25
2012-05,nlin.CG,1
2012-05,nlin.PS,8
2012-05,nlin.SI,18
2012-05,nucl-ex,33
2012-05,nucl-th,89
2012-05,physics.acc-ph,32
2012-05,physics.ao-ph,5
2012-05,physics.atm-clus,2
2012-05,physics.atom-ph,61
2012-05,physics.bio-ph,25
2012-05,physics.chem-ph,27
2012-05,physics.class-ph,17
2012-05,physics.comp-ph,14
2012-05,physics.data-an,12
2012-05,physics.ed-ph,4
2012-05,physics.flu-dyn,43
2012-05,physics.gen-ph,41
2012-05,physics.geo-ph,10
2012-05,physics.hist-ph,22
2012-05,physics.ins-det,27
2012-05,physics.med-ph,4
2012-05,physics.optics,89
2012-05,physics.plasm-ph,44
2012-05,physics.pop-ph,2
2012-05,physics.soc-ph,40
2012-05,physics.space-ph,6
2012-05,q-bio.BM,4
2012-05,q-bio.CB,4
2012-05,q-bio.GN,3
2012-05,q-bio.MN,6
2012-05,q-bio.NC,8
2012-05,q-bio.OT,3
2012-05,q-bio.PE,26
2012-05,q-bio.QM,13
2012-05,q-bio.SC,3
2012-05,q-bio.TO,3
2012-05,q-fin.CP,2
2012-05,q-fin.GN,8
2012-05,q-fin.PM,5
2012-05,q-fin.PR,12
2012-05,q-fin.RM,7
2012-05,q-fin.ST,12
2012-05,q-fin.TR,5
2012-05,quant-ph,345
2012-05,stat.AP,19
2012-05,stat.CO,15
2012-05,stat.ME,46
2012-05,stat.ML,33
2012-05,stat.OT,4
2012-06,astro-ph.CO,317
2012-06,astro-ph.EP,94
2012-06,astro-ph.GA,116
2012-06,astro-ph.HE,176
2012-06,astro-ph.IM,86
2012-06,astro-ph.SR,208
2012-06,cond-mat.dis-nn,36
2012-06,cond-mat.mes-hall,254
2012-06,cond-mat.mtrl-sci,183
2012-06,cond-mat.other,20
2012-06,cond-mat.quant-gas,82
2012-06,cond-mat.soft,75
2012-06,cond-mat.stat-mech,135
2012-06,cond-mat.str-el,169
2012-06,cond-mat.supr-con,131
2012-06,cs.AI,132
2012-06,cs.AR,4
2012-06,cs.CC,19
2012-06,cs.CE,9
2012-06,cs.CG,20
2012-06,cs.CL,13
2012-06,cs.CR,42
2012-06,cs.CV,27
2012-06,cs.CY,11
2012-06,cs.DB,21
2012-06,cs.DC,26
2012-06,cs.DL,9
2012-06,cs.DM,19
2012-06,cs.DS,40
2012-06,cs.ET,1
2012-06,cs.FL,6
2012-06,cs.GL,1
2012-06,cs.GR,5
2012-06,cs.GT,27
2012-06,cs.HC,5
2012-06,cs.IR,33
2012-06,cs.IT,103
2012-06,cs.LG,260
2012-06,cs.LO,27
2012-06,cs.MA,4
2012-06,cs.MM,6
2012-06,cs.MS,2
2012-06,cs.NE,11
2012-06,cs.NI,62
2012-06,cs.OH,22
2012-06,cs.OS,1
2012-06,cs.PF,3
2012-06,cs.PL,12
2012-06,cs.RO,7
2012-06,cs.SC,5
2012-06,cs.SD,1
2012-06,cs.SE,13
2012-06,cs.SI,23
2012-06,eess.SY,12
2012-06,gr-qc,150
2012-06,hep-ex,79
2012-06,hep-lat,36
2012-06,hep-ph,439
2012-06,hep-th,284
2012-06,math-ph,150
2012-06,math.AC,30
2012-06,math.AG,113
2012-06,math.AP,151
2012-06,math.AT,35
2012-06,math.CA,48
2012-06,math.CO,133
2012-06,math.CT,13
2012-06,math.CV,16
2012-06,math.DG,109
2012-06,math.DS,90
2012-06,math.FA,72
2012-06,math.GM,8
2012-06,math.GN,19
2012-06,math.GR,44
2012-06,math.GT,53
2012-06,math.HO,7
2012-06,math.KT,7
2012-06,math.LO,31
2012-06,math.MG,31
2012-06,math.NA,58
2012-06,math.NT,101
2012-06,math.OA,26
2012-06,math.OC,70
2012-06,math.PR,146
2012-06,math.QA,27
2012-06,math.RA,29
2012-06,math.RT,51
2012-06,math.SG,18
2012-06,math.SP,20
2012-06,math.ST,71
2012-06,nlin.AO,11
2012-06,nlin.CD,35
2012-06,nlin.CG,4
2012-06,nlin.PS,13
2012-06,nlin.SI,21
2012-06,nucl-ex,23
2012-06,nucl-th,92
2012-06,physics.acc-ph,23
2012-06,physics.ao-ph,7
2012-06,physics.atm-clus,8
2012-06,physics.atom-ph,44
2012-06,physics.bio-ph,22
2012-06,physics.chem-ph,36
2012-06,physics.class-ph,17
2012-06,physics.comp-ph,17
2012-06,physics.data-an,19
2012-06,physics.ed-ph,3
2012-06,physics.flu-dyn,42
2012-06,physics.gen-ph,50
2012-06,physics.geo-ph,7
2012-06,physics.hist-ph,10
2012-06,physics.ins-det,34
2012-06,physics.med-ph,2
2012-06,physics.optics,86
2012-06,physics.plasm-ph,37
2012-06,physics.pop-ph,5
2012-06,physics.soc-ph,55
2012-06,physics.space-ph,10
2012-06,q-bio.BM,10
2012-06,q-bio.CB,7
2012-06,q-bio.GN,4
2012-06,q-bio.MN,12
2012-06,q-bio.NC,18
2012-06,q-bio.OT,3
2012-06,q-bio.PE,23
2012-06,q-bio.QM,11
2012-06,q-bio.SC,3
2012-06,q-bio.TO,1
2012-06,q-fin.CP,6
2012-06,q-fin.GN,8
2012-06,q-fin.PM,6
2012-06,q-fin.PR,9
2012-06,q-fin.RM,6
2012-06,q-fin.ST,5
2012-06,q-fin.TR,3
2012-06,quant-ph,326
2012-06,stat.AP,34
2012-06,stat.CO,16
2012-06,stat.ME,51
2012-06,stat.ML,22
2012-06,stat.OT,1
2012-07,astro-ph.CO,321
2012-07,astro-ph.EP,77
2012-07,astro-ph.GA,125
2012-07,astro-ph.HE,159
2012-07,astro-ph.IM,103
2012-07,astro-ph.SR,197
2012-07,cond-mat.dis-nn,16
2012-07,cond-mat.mes-hall,232
2012-07,cond-mat.mtrl-sci,176
2012-07,cond-mat.other,18
2012-07,cond-mat.quant-gas,98
2012-07,cond-mat.soft,89
2012-07,cond-mat.stat-mech,137
2012-07,cond-mat.str-el,195
2012-07,cond-mat.supr-con,126
2012-07,cs.AI,120
2012-07,cs.AR,6
2012-07,cs.CC,17
2012-07,cs.CE,13
2012-07,cs.CG,15
2012-07,cs.CL,12
2012-07,cs.CR,42
2012-07,cs.CV,39
2012-07,cs.CY,18
2012-07,cs.DB,15
2012-07,cs.DC,33
2012-07,cs.DL,4
2012-07,cs.DM,27
2012-07,cs.DS,72
2012-07,cs.ET,2
2012-07,cs.FL,15
2012-07,cs.GL,3
2012-07,cs.GR,3
2012-07,cs.GT,37
2012-07,cs.HC,8
2012-07,cs.IR,17
2012-07,cs.IT,164
2012-07,cs.LG,56
2012-07,cs.LO,48
2012-07,cs.MA,5
2012-07,cs.MM,1
2012-07,cs.MS,5
2012-07,cs.NE,24
2012-07,cs.NI,66
2012-07,cs.OH,9
2012-07,cs.OS,1
2012-07,cs.PF,3
2012-07,cs.PL,9
2012-07,cs.RO,8
2012-07,cs.SC,4
2012-07,cs.SD,3
2012-07,cs.SE,32
2012-07,cs.SI,18
2012-07,eess.SY,18
2012-07,gr-qc,189
2012-07,hep-ex,95
2012-07,hep-lat,31
2012-07,hep-ph,422
2012-07,hep-th,324
2012-07,math-ph,170
2012-07,math.AC,27
2012-07,math.AG,114
2012-07,math.AP,141
2012-07,math.AT,31
2012-07,math.CA,63
2012-07,math.CO,131
2012-07,math.CT,12
2012-07,math.CV,37
2012-07,math.DG,102
2012-07,math.DS,73
2012-07,math.FA,82
2012-07,math.GM,9
2012-07,math.GN,16
2012-07,math.GR,38
2012-07,math.GT,44
2012-07,math.HO,5
2012-07,math.KT,10
2012-07,math.LO,27
2012-07,math.MG,25
2012-07,math.NA,55
2012-07,math.NT,107
2012-07,math.OA,30
2012-07,math.OC,86
2012-07,math.PR,161
2012-07,math.QA,27
2012-07,math.RA,48
2012-07,math.RT,48
2012-07,math.SG,17
2012-07,math.SP,15
2012-07,math.ST,77
2012-07,nlin.AO,15
2012-07,nlin.CD,29
2012-07,nlin.PS,13
2012-07,nlin.SI,15
2012-07,nucl-ex,36
2012-07,nucl-th,98
2012-07,physics.acc-ph,43
2012-07,physics.ao-ph,8
2012-07,physics.atm-clus,2
2012-07,physics.atom-ph,49
2012-07,physics.bio-ph,29
2012-07,physics.chem-ph,24
2012-07,physics.class-ph,15
2012-07,physics.comp-ph,16
2012-07,physics.data-an,18
2012-07,physics.ed-ph,17
2012-07,physics.flu-dyn,33
2012-07,physics.gen-ph,35
2012-07,physics.geo-ph,11
2012-07,physics.hist-ph,16
2012-07,physics.ins-det,33
2012-07,physics.med-ph,6
2012-07,physics.optics,97
2012-07,physics.plasm-ph,20
2012-07,physics.pop-ph,5
2012-07,physics.soc-ph,51
2012-07,physics.space-ph,6
2012-07,q-bio.BM,6
2012-07,q-bio.CB,1
2012-07,q-bio.GN,8
2012-07,q-bio.MN,7
2012-07,q-bio.NC,15
2012-07,q-bio.OT,3
2012-07,q-bio.PE,20
2012-07,q-bio.QM,19
2012-07,q-bio.SC,3
2012-07,q-bio.TO,7
2012-07,q-fin.CP,5
2012-07,q-fin.GN,6
2012-07,q-fin.PM,7
2012-07,q-fin.PR,5
2012-07,q-fin.RM,3
2012-07,q-fin.ST,4
2012-07,q-fin.TR,5
2012-07,quant-ph,339
2012-07,stat.AP,27
2012-07,stat.CO,14
2012-07,stat.ME,37
2012-07,stat.ML,26
2012-07,stat.OT,2
2012-08,astro-ph.CO,262
2012-08,astro-ph.EP,73
2012-08,astro-ph.GA,118
2012-08,astro-ph.HE,147
2012-08,astro-ph.IM,84
2012-08,astro-ph.SR,217
2012-08,cond-mat.dis-nn,19
2012-08,cond-mat.mes-hall,226
2012-08,cond-mat.mtrl-sci,176
2012-08,cond-mat.other,21
2012-08,cond-mat.quant-gas,67
2012-08,cond-mat.soft,67
2012-08,cond-mat.stat-mech,106
2012-08,cond-mat.str-el,161
2012-08,cond-mat.supr-con,140
2012-08,cs.AI,30
2012-08,cs.AR,2
2012-08,cs.CC,13
2012-08,cs.CE,15
2012-08,cs.CG,12
2012-08,cs.CL,9
2012-08,cs.CR,58
2012-08,cs.CV,32
2012-08,cs.CY,10
2012-08,cs.DB,79
2012-08,cs.DC,32
2012-08,cs.DL,6
2012-08,cs.DM,10
2012-08,cs.DS,37
2012-08,cs.ET,1
2012-08,cs.FL,33
2012-08,cs.GR,2
2012-08,cs.GT,27
2012-08,cs.HC,6
2012-08,cs.IR,21
2012-08,cs.IT,93
2012-08,cs.LG,32
2012-08,cs.LO,34
2012-08,cs.MA,3
2012-08,cs.MM,3
2012-08,cs.MS,3
2012-08,cs.NE,10
2012-08,cs.NI,73
2012-08,cs.OH,15
2012-08,cs.OS,4
2012-08,cs.PF,3
2012-08,cs.PL,16
2012-08,cs.RO,5
2012-08,cs.SC,1
2012-08,cs.SD,1
2012-08,cs.SE,21
2012-08,cs.SI,18
2012-08,eess.SY,23
2012-08,gr-qc,150
2012-08,hep-ex,110
2012-08,hep-lat,37
2012-08,hep-ph,359
2012-08,hep-th,246
2012-08,math-ph,168
2012-08,math.AC,32
2012-08,math.AG,95
2012-08,math.AP,112
2012-08,math.AT,26
2012-08,math.CA,41
2012-08,math.CO,131
2012-08,math.CT,9
2012-08,math.CV,33
2012-08,math.DG,81
2012-08,math.DS,93
2012-08,math.FA,88
2012-08,math.GM,9
2012-08,math.GN,11
2012-08,math.GR,38
2012-08,math.GT,57
2012-08,math.HO,12
2012-08,math.KT,17
2012-08,math.LO,30
2012-08,math.MG,19
2012-08,math.NA,76
2012-08,math.NT,126
2012-08,math.OA,30
2012-08,math.OC,65
2012-08,math.PR,124
2012-08,math.QA,21
2012-08,math.RA,38
2012-08,math.RT,59
2012-08,math.SG,10
2012-08,math.SP,22
2012-08,math.ST,29
2012-08,nlin.AO,9
2012-08,nlin.CD,23
2012-08,nlin.CG,6
2012-08,nlin.PS,9
2012-08,nlin.SI,15
2012-08,nucl-ex,56
2012-08,nucl-th,108
2012-08,physics.acc-ph,45
2012-08,physics.ao-ph,8
2012-08,physics.atm-clus,3
2012-08,physics.atom-ph,64
2012-08,physics.bio-ph,15
2012-08,physics.chem-ph,33
2012-08,physics.class-ph,18
2012-08,physics.comp-ph,14
2012-08,physics.data-an,16
2012-08,physics.ed-ph,5
2012-08,physics.flu-dyn,49
2012-08,physics.gen-ph,44
2012-08,physics.geo-ph,10
2012-08,physics.hist-ph,17
2012-08,physics.ins-det,24
2012-08,physics.med-ph,9
2012-08,physics.optics,103
2012-08,physics.plasm-ph,38
2012-08,physics.pop-ph,5
2012-08,physics.soc-ph,35
2012-08,physics.space-ph,3
2012-08,q-bio.BM,9
2012-08,q-bio.CB,3
2012-08,q-bio.GN,9
2012-08,q-bio.MN,5
2012-08,q-bio.NC,11
2012-08,q-bio.OT,3
2012-08,q-bio.PE,33
2012-08,q-bio.QM,10
2012-08,q-bio.TO,3
2012-08,q-fin.CP,1
2012-08,q-fin.GN,10
2012-08,q-fin.PM,3
2012-08,q-fin.PR,5
2012-08,q-fin.RM,2
2012-08,q-fin.ST,7
2012-08,q-fin.TR,1
2012-08,quant-ph,307
2012-08,stat.AP,18
2012-08,stat.CO,14
2012-08,stat.ME,40
2012-08,stat.ML,18
2012-08,stat.OT,2
2012-09,astro-ph.CO,322
2012-09,astro-ph.EP,67
2012-09,astro-ph.GA,127
2012-09,astro-ph.HE,164
2012-09,astro-ph.IM,74
2012-09,astro-ph.SR,256
2012-09,cond-mat.dis-nn,25
2012-09,cond-mat.mes-hall,220
2012-09,cond-mat.mtrl-sci,184
2012-09,cond-mat.other,7
2012-09,cond-mat.quant-gas,69
2012-09,cond-mat.soft,85
2012-09,cond-mat.stat-mech,128
2012-09,cond-mat.str-el,135
2012-09,cond-mat.supr-con,96
2012-09,cs.AI,45
2012-09,cs.AR,2
2012-09,cs.CC,16
2012-09,cs.CE,7
2012-09,cs.CG,16
2012-09,cs.CL,5
2012-09,cs.CR,45
2012-09,cs.CV,40
2012-09,cs.CY,10
2012-09,cs.DB,23
2012-09,cs.DC,27
2012-09,cs.DL,10
2012-09,cs.DM,18
2012-09,cs.DS,51
2012-09,cs.ET,1
2012-09,cs.FL,7
2012-09,cs.GR,2
2012-09,cs.GT,21
2012-09,cs.HC,8
2012-09,cs.IR,21
2012-09,cs.IT,131
2012-09,cs.LG,42
2012-09,cs.LO,32
2012-09,cs.MA,5
2012-09,cs.MM,6
2012-09,cs.MS,3
2012-09,cs.NE,12
2012-09,cs.NI,59
2012-09,cs.OH,11
2012-09,cs.OS,1
2012-09,cs.PF,4
2012-09,cs.PL,9
2012-09,cs.RO,6
2012-09,cs.SC,4
2012-09,cs.SD,1
2012-09,cs.SE,25
2012-09,cs.SI,13
2012-09,eess.SY,23
2012-09,gr-qc,161
2012-09,hep-ex,99
2012-09,hep-lat,29
2012-09,hep-ph,403
2012-09,hep-th,266
2012-09,math-ph,182
2012-09,math.AC,28
2012-09,math.AG,133
2012-09,math.AP,152
2012-09,math.AT,34
2012-09,math.CA,57
2012-09,math.CO,147
2012-09,math.CT,13
2012-09,math.CV,30
2012-09,math.DG,107
2012-09,math.DS,82
2012-09,math.FA,81
2012-09,math.GM,5
2012-09,math.GN,13
2012-09,math.GR,39
2012-09,math.GT,57
2012-09,math.HO,10
2012-09,math.KT,8
2012-09,math.LO,19
2012-09,math.MG,29
2012-09,math.NA,75
2012-09,math.NT,105
2012-09,math.OA,46
2012-09,math.OC,56
2012-09,math.PR,128
2012-09,math.QA,30
2012-09,math.RA,45
2012-09,math.RT,84
2012-09,math.SG,16
2012-09,math.SP,15
2012-09,math.ST,40
2012-09,nlin.AO,13
2012-09,nlin.CD,18
2012-09,nlin.CG,1
2012-09,nlin.PS,3
2012-09,nlin.SI,9
2012-09,nucl-ex,56
2012-09,nucl-th,119
2012-09,physics.acc-ph,39
2012-09,physics.ao-ph,13
2012-09,physics.atm-clus,4
2012-09,physics.atom-ph,45
2012-09,physics.bio-ph,25
2012-09,physics.chem-ph,25
2012-09,physics.class-ph,8
2012-09,physics.comp-ph,21
2012-09,physics.data-an,17
2012-09,physics.ed-ph,8
2012-09,physics.flu-dyn,42
2012-09,physics.gen-ph,41
2012-09,physics.geo-ph,8
2012-09,physics.hist-ph,15
2012-09,physics.ins-det,31
2012-09,physics.med-ph,5
2012-09,physics.optics,103
2012-09,physics.plasm-ph,36
2012-09,physics.pop-ph,8
2012-09,physics.soc-ph,48
2012-09,physics.space-ph,7
2012-09,q-bio.BM,9
2012-09,q-bio.CB,2
2012-09,q-bio.GN,15
2012-09,q-bio.MN,8
2012-09,q-bio.NC,18
2012-09,q-bio.OT,1
2012-09,q-bio.PE,28
2012-09,q-bio.QM,9
2012-09,q-bio.SC,5
2012-09,q-bio.TO,4
2012-09,q-fin.CP,4
2012-09,q-fin.GN,9
2012-09,q-fin.PM,5
2012-09,q-fin.PR,9
2012-09,q-fin.RM,4
2012-09,q-fin.ST,6
2012-09,q-fin.TR,2
2012-09,quant-ph,293
2012-09,stat.AP,24
2012-09,stat.CO,6
2012-09,stat.ME,32
2012-09,stat.ML,32
2012-09,stat.OT,3
2012-10,astro-ph.CO,364
2012-10,astro-ph.EP,112
2012-10,astro-ph.GA,142
2012-10,astro-ph.HE,253
2012-10,astro-ph.IM,137
2012-10,astro-ph.SR,320
2012-10,cond-mat.dis-nn,39
2012-10,cond-mat.mes-hall,265
2012-10,cond-mat.mtrl-sci,220
2012-10,cond-mat.other,14
2012-10,cond-mat.quant-gas,75
2012-10,cond-mat.soft,76
2012-10,cond-mat.stat-mech,125
2012-10,cond-mat.str-el,186
2012-10,cond-mat.supr-con,122
2012-10,cs.AI,92
2012-10,cs.AR,2
2012-10,cs.CC,21
2012-10,cs.CE,6
2012-10,cs.CG,13
2012-10,cs.CL,19
2012-10,cs.CR,39
2012-10,cs.CV,48
2012-10,cs.CY,10
2012-10,cs.DB,19
2012-10,cs.DC,35
2012-10,cs.DL,8
2012-10,cs.DM,21
2012-10,cs.DS,49
2012-10,cs.ET,3
2012-10,cs.FL,14
2012-10,cs.GL,2
2012-10,cs.GR,1
2012-10,cs.GT,33
2012-10,cs.HC,4
2012-10,cs.IR,14
2012-10,cs.IT,153
2012-10,cs.LG,91
2012-10,cs.LO,51
2012-10,cs.MA,7
2012-10,cs.MM,5
2012-10,cs.MS,8
2012-10,cs.NE,13
2012-10,cs.NI,42
2012-10,cs.OH,20
2012-10,cs.OS,2
2012-10,cs.PF,5
2012-10,cs.PL,18
2012-10,cs.RO,8
2012-10,cs.SC,6
2012-10,cs.SD,1
2012-10,cs.SE,38
2012-10,cs.SI,37
2012-10,eess.SY,27
2012-10,gr-qc,183
2012-10,hep-ex,91
2012-10,hep-lat,73
2012-10,hep-ph,397
2012-10,hep-th,286
2012-10,math-ph,183
2012-10,math.AC,34
2012-10,math.AG,142
2012-10,math.AP,214
2012-10,math.AT,38
2012-10,math.CA,71
2012-10,math.CO,194
2012-10,math.CT,14
2012-10,math.CV,39
2012-10,math.DG,131
2012-10,math.DS,87
2012-10,math.FA,82
2012-10,math.GM,11
2012-10,math.GN,13
2012-10,math.GR,50
2012-10,math.GT,73
2012-10,math.HO,14
2012-10,math.KT,10
2012-10,math.LO,45
2012-10,math.MG,29
2012-10,math.NA,81
2012-10,math.NT,135
2012-10,math.OA,51
2012-10,math.OC,69
2012-10,math.PR,196
2012-10,math.QA,36
2012-10,math.RA,56
2012-10,math.RT,74
2012-10,math.SG,27
2012-10,math.SP,29
2012-10,math.ST,61
2012-10,nlin.AO,5
2012-10,nlin.CD,21
2012-10,nlin.CG,2
2012-10,nlin.PS,11
2012-10,nlin.SI,28
2012-10,nucl-ex,76
2012-10,nucl-th,138
2012-10,physics.acc-ph,18
2012-10,physics.ao-ph,10
2012-10,physics.atm-clus,2
2012-10,physics.atom-ph,42
2012-10,physics.bio-ph,26
2012-10,physics.chem-ph,30
2012-10,physics.class-ph,25
2012-10,physics.comp-ph,9
2012-10,physics.data-an,11
2012-10,physics.ed-ph,10
2012-10,physics.flu-dyn,104
2012-10,physics.gen-ph,46
2012-10,physics.geo-ph,12
2012-10,physics.hist-ph,16
2012-10,physics.ins-det,54
2012-10,physics.med-ph,9
2012-10,physics.optics,111
2012-10,physics.plasm-ph,43
2012-10,physics.pop-ph,5
2012-10,physics.soc-ph,37
2012-10,physics.space-ph,3
2012-10,q-bio.BM,10
2012-10,q-bio.CB,1
2012-10,q-bio.GN,11
2012-10,q-bio.MN,19
2012-10,q-bio.NC,26
2012-10,q-bio.OT,1
2012-10,q-bio.PE,28
2012-10,q-bio.QM,14
2012-10,q-bio.TO,2
2012-10,q-fin.CP,6
2012-10,q-fin.GN,14
2012-10,q-fin.PM,6
2012-10,q-fin.PR,9
2012-10,q-fin.RM,9
2012-10,q-fin.ST,2
2012-10,q-fin.TR,7
2012-10,quant-ph,369
2012-10,stat.AP,31
2012-10,stat.CO,16
2012-10,stat.ME,55
2012-10,stat.ML,33
2012-10,stat.OT,2
2012-11,astro-ph.CO,374
2012-11,astro-ph.EP,86
2012-11,astro-ph.GA,135
2012-11,astro-ph.HE,152
2012-11,astro-ph.IM,78
2012-11,astro-ph.SR,285
2012-11,cond-mat.dis-nn,34
2012-11,cond-mat.mes-hall,245
2012-11,cond-mat.mtrl-sci,191
2012-11,cond-mat.other,11
2012-11,cond-mat.quant-gas,74
2012-11,cond-mat.soft,79
2012-11,cond-mat.stat-mech,132
2012-11,cond-mat.str-el,169
2012-11,cond-mat.supr-con,105
2012-11,cs.AI,25
2012-11,cs.AR,1
2012-11,cs.CC,26
2012-11,cs.CE,13
2012-11,cs.CG,20
2012-11,cs.CL,9
2012-11,cs.CR,35
2012-11,cs.CV,42
2012-11,cs.CY,19
2012-11,cs.DB,23
2012-11,cs.DC,23
2012-11,cs.DL,9
2012-11,cs.DM,20
2012-11,cs.DS,49
2012-11,cs.ET,2
2012-11,cs.FL,3
2012-11,cs.GL,1
2012-11,cs.GR,5
2012-11,cs.GT,24
2012-11,cs.HC,13
2012-11,cs.IR,13
2012-11,cs.IT,136
2012-11,cs.LG,44
2012-11,cs.LO,37
2012-11,cs.MA,4
2012-11,cs.MM,6
2012-11,cs.MS,5
2012-11,cs.NE,17
2012-11,cs.NI,40
2012-11,cs.OH,10
2012-11,cs.OS,3
2012-11,cs.PF,5
2012-11,cs.PL,8
2012-11,cs.RO,11
2012-11,cs.SC,4
2012-11,cs.SE,29
2012-11,cs.SI,28
2012-11,eess.SY,22
2012-11,gr-qc,169
2012-11,hep-ex,74
2012-11,hep-lat,111
2012-11,hep-ph,390
2012-11,hep-th,271
2012-11,math-ph,186
2012-11,math.AC,44
2012-11,math.AG,133
2012-11,math.AP,183
2012-11,math.AT,26
2012-11,math.CA,59
2012-11,math.CO,157
2012-11,math.CT,9
2012-11,math.CV,33
2012-11,math.DG,131
2012-11,math.DS,89
2012-11,math.FA,83
2012-11,math.GM,5
2012-11,math.GN,8
2012-11,math.GR,62
2012-11,math.GT,72
2012-11,math.HO,12
2012-11,math.KT,18
2012-11,math.LO,27
2012-11,math.MG,22
2012-11,math.NA,92
2012-11,math.NT,119
2012-11,math.OA,31
2012-11,math.OC,69
2012-11,math.PR,163
2012-11,math.QA,22
2012-11,math.RA,34
2012-11,math.RT,53
2012-11,math.SG,26
2012-11,math.SP,10
2012-11,math.ST,83
2012-11,nlin.AO,8
2012-11,nlin.CD,21
2012-11,nlin.CG,1
2012-11,nlin.PS,15
2012-11,nlin.SI,22
2012-11,nucl-ex,55
2012-11,nucl-th,112
2012-11,physics.acc-ph,7
2012-11,physics.ao-ph,12
2012-11,physics.atm-clus,7
2012-11,physics.atom-ph,56
2012-11,physics.bio-ph,17
2012-11,physics.chem-ph,23
2012-11,physics.class-ph,24
2012-11,physics.comp-ph,23
2012-11,physics.data-an,5
2012-11,physics.ed-ph,14
2012-11,physics.flu-dyn,42
2012-11,physics.gen-ph,41
2012-11,physics.geo-ph,12
2012-11,physics.hist-ph,27
2012-11,physics.ins-det,49
2012-11,physics.med-ph,5
2012-11,physics.optics,109
2012-11,physics.plasm-ph,43
2012-11,physics.pop-ph,5
2012-11,physics.soc-ph,39
2012-11,physics.space-ph,3
2012-11,q-bio.BM,7
2012-11,q-bio.CB,5
2012-11,q-bio.GN,8
2012-11,q-bio.MN,9
2012-11,q-bio.NC,15
2012-11,q-bio.OT,2
2012-11,q-bio.PE,31
2012-11,q-bio.QM,12
2012-11,q-bio.SC,2
2012-11,q-bio.TO,1
2012-11,q-fin.CP,2
2012-11,q-fin.GN,11
2012-11,q-fin.PM,6
2012-11,q-fin.PR,8
2012-11,q-fin.RM,4
2012-11,q-fin.ST,5
2012-11,q-fin.TR,6
2012-11,quant-ph,297
2012-11,stat.AP,25
2012-11,stat.CO,15
2012-11,stat.ME,41
2012-11,stat.ML,28
2012-11,stat.OT,1
2012-12,astro-ph.CO,276
2012-12,astro-ph.EP,63
2012-12,astro-ph.GA,85
2012-12,astro-ph.HE,162
2012-12,astro-ph.IM,56
2012-12,astro-ph.SR,204
2012-12,cond-mat.dis-nn,34
2012-12,cond-mat.mes-hall,224
2012-12,cond-mat.mtrl-sci,156
2012-12,cond-mat.other,8
2012-12,cond-mat.quant-gas,100
2012-12,cond-mat.soft,75
2012-12,cond-mat.stat-mech,129
2012-12,cond-mat.str-el,156
2012-12,cond-mat.supr-con,80
2012-12,cs.AI,68
2012-12,cs.AR,2
2012-12,cs.CC,19
2012-12,cs.CE,27
2012-12,cs.CG,18
2012-12,cs.CL,15
2012-12,cs.CR,43
2012-12,cs.CV,39
2012-12,cs.CY,8
2012-12,cs.DB,21
2012-12,cs.DC,18
2012-12,cs.DL,11
2012-12,cs.DM,17
2012-12,cs.DS,35
2012-12,cs.ET,7
2012-12,cs.FL,8
2012-12,cs.GR,5
2012-12,cs.GT,22
2012-12,cs.HC,6
2012-12,cs.IR,21
2012-12,cs.IT,118
2012-12,cs.LG,58
2012-12,cs.LO,39
2012-12,cs.MA,2
2012-12,cs.MM,4
2012-12,cs.MS,1
2012-12,cs.NE,15
2012-12,cs.NI,44
2012-12,cs.OH,22
2012-12,cs.OS,2
2012-12,cs.PF,2
2012-12,cs.PL,10
2012-12,cs.RO,10
2012-12,cs.SC,3
2012-12,cs.SD,4
2012-12,cs.SE,19
2012-12,cs.SI,32
2012-12,eess.SY,23
2012-12,gr-qc,189
2012-12,hep-ex,86
2012-12,hep-lat,89
2012-12,hep-ph,425
2012-12,hep-th,316
2012-12,math-ph,171
2012-12,math.AC,27
2012-12,math.AG,127
2012-12,math.AP,176
2012-12,math.AT,29
2012-12,math.CA,65
2012-12,math.CO,157
2012-12,math.CT,13
2012-12,math.CV,31
2012-12,math.DG,103
2012-12,math.DS,76
2012-12,math.FA,64
2012-12,math.GM,8
2012-12,math.GN,15
2012-12,math.GR,44
2012-12,math.GT,50
2012-12,math.HO,10
2012-12,math.KT,12
2012-12,math.LO,25
2012-12,math.MG,21
2012-12,math.NA,78
2012-12,math.NT,117
2012-12,math.OA,38
2012-12,math.OC,79
2012-12,math.PR,152
2012-12,math.QA,26
2012-12,math.RA,51
2012-12,math.RT,77
2012-12,math.SG,14
2012-12,math.SP,15
2012-12,math.ST,34
2012-12,nlin.AO,14
2012-12,nlin.CD,26
2012-12,nlin.CG,6
2012-12,nlin.PS,16
2012-12,nlin.SI,21
2012-12,nucl-ex,49
2012-12,nucl-th,102
2012-12,physics.acc-ph,12
2012-12,physics.ao-ph,18
2012-12,physics.atm-clus,4
2012-12,physics.atom-ph,33
2012-12,physics.bio-ph,30
2012-12,physics.chem-ph,41
2012-12,physics.class-ph,20
2012-12,physics.comp-ph,14
2012-12,physics.data-an,20
2012-12,physics.ed-ph,7
2012-12,physics.flu-dyn,55
2012-12,physics.gen-ph,60
2012-12,physics.geo-ph,19
2012-12,physics.hist-ph,15
2012-12,physics.ins-det,29
2012-12,physics.med-ph,15
2012-12,physics.optics,80
2012-12,physics.plasm-ph,34
2012-12,physics.pop-ph,2
2012-12,physics.soc-ph,44
2012-12,physics.space-ph,4
2012-12,q-bio.BM,8
2012-12,q-bio.CB,5
2012-12,q-bio.GN,12
2012-12,q-bio.MN,12
2012-12,q-bio.NC,13
2012-12,q-bio.OT,2
2012-12,q-bio.PE,38
2012-12,q-bio.QM,14
2012-12,q-bio.SC,2
2012-12,q-bio.TO,1
2012-12,q-fin.CP,2
2012-12,q-fin.GN,9
2012-12,q-fin.PM,4
2012-12,q-fin.PR,6
2012-12,q-fin.RM,5
2012-12,q-fin.ST,4
2012-12,q-fin.TR,4
2012-12,quant-ph,297
2012-12,stat.AP,17
2012-12,stat.CO,10
2012-12,stat.ME,43
2012-12,stat.ML,28
2012-12,stat.OT,1
2013-01,astro-ph.CO,314
2013-01,astro-ph.EP,100
2013-01,astro-ph.GA,137
2013-01,astro-ph.HE,174
2013-01,astro-ph.IM,83
2013-01,astro-ph.SR,229
2013-01,cond-mat.dis-nn,22
2013-01,cond-mat.mes-hall,245
2013-01,cond-mat.mtrl-sci,234
2013-01,cond-mat.other,8
2013-01,cond-mat.quant-gas,82
2013-01,cond-mat.soft,91
2013-01,cond-mat.stat-mech,108
2013-01,cond-mat.str-el,147
2013-01,cond-mat.supr-con,95
2013-01,cs.AI,242
2013-01,cs.AR,3
2013-01,cs.CC,14
2013-01,cs.CE,6
2013-01,cs.CG,11
2013-01,cs.CL,16
2013-01,cs.CR,30
2013-01,cs.CV,44
2013-01,cs.CY,13
2013-01,cs.DB,15
2013-01,cs.DC,18
2013-01,cs.DL,27
2013-01,cs.DM,13
2013-01,cs.DS,51
2013-01,cs.ET,1
2013-01,cs.FL,15
2013-01,cs.GR,4
2013-01,cs.GT,24
2013-01,cs.HC,3
2013-01,cs.IR,18
2013-01,cs.IT,231
2013-01,cs.LG,116
2013-01,cs.LO,39
2013-01,cs.MA,5
2013-01,cs.MM,7
2013-01,cs.MS,4
2013-01,cs.NE,12
2013-01,cs.NI,55
2013-01,cs.OH,6
2013-01,cs.OS,1
2013-01,cs.PL,20
2013-01,cs.RO,6
2013-01,cs.SC,15
2013-01,cs.SD,3
2013-01,cs.SE,22
2013-01,cs.SI,24
2013-01,eess.SY,21
2013-01,gr-qc,228
2013-01,hep-ex,106
2013-01,hep-lat,64
2013-01,hep-ph,331
2013-01,hep-th,252
2013-01,math-ph,154
2013-01,math.AC,45
2013-01,math.AG,129
2013-01,math.AP,172
2013-01,math.AT,24
2013-01,math.CA,68
2013-01,math.CO,166
2013-01,math.CT,9
2013-01,math.CV,31
2013-01,math.DG,113
2013-01,math.DS,78
2013-01,math.FA,84
2013-01,math.GM,5
2013-01,math.GN,11
2013-01,math.GR,56
2013-01,math.GT,58
2013-01,math.HO,16
2013-01,math.KT,9
2013-01,math.LO,23
2013-01,math.MG,33
2013-01,math.NA,84
2013-01,math.NT,128
2013-01,math.OA,34
2013-01,math.OC,69
2013-01,math.PR,157
2013-01,math.QA,32
2013-01,math.RA,51
2013-01,math.RT,65
2013-01,math.SG,22
2013-01,math.SP,41
2013-01,math.ST,50
2013-01,nlin.AO,10
2013-01,nlin.CD,18
2013-01,nlin.CG,1
2013-01,nlin.PS,25
2013-01,nlin.SI,19
2013-01,nucl-ex,51
2013-01,nucl-th,99
2013-01,physics.acc-ph,57
2013-01,physics.ao-ph,10
2013-01,physics.atm-clus,9
2013-01,physics.atom-ph,64
2013-01,physics.bio-ph,19
2013-01,physics.chem-ph,33
2013-01,physics.class-ph,11
2013-01,physics.comp-ph,23
2013-01,physics.data-an,20
2013-01,physics.ed-ph,1
2013-01,physics.flu-dyn,45
2013-01,physics.gen-ph,43
2013-01,physics.geo-ph,14
2013-01,physics.hist-ph,21
2013-01,physics.ins-det,35
2013-01,physics.med-ph,4
2013-01,physics.optics,121
2013-01,physics.plasm-ph,50
2013-01,physics.pop-ph,6
2013-01,physics.soc-ph,43
2013-01,physics.space-ph,8
2013-01,q-bio.BM,14
2013-01,q-bio.CB,4
2013-01,q-bio.GN,19
2013-01,q-bio.MN,9
2013-01,q-bio.NC,16
2013-01,q-bio.OT,3
2013-01,q-bio.PE,36
2013-01,q-bio.QM,14
2013-01,q-bio.SC,6
2013-01,q-bio.TO,3
2013-01,q-fin.CP,1
2013-01,q-fin.GN,12
2013-01,q-fin.PM,10
2013-01,q-fin.PR,10
2013-01,q-fin.RM,11
2013-01,q-fin.ST,6
2013-01,q-fin.TR,5
2013-01,quant-ph,308
2013-01,stat.AP,41
2013-01,stat.CO,15
2013-01,stat.ME,45
2013-01,stat.ML,37
2013-01,stat.OT,1
2013-02,astro-ph.CO,309
2013-02,astro-ph.EP,97
2013-02,astro-ph.GA,103
2013-02,astro-ph.HE,176
2013-02,astro-ph.IM,66
2013-02,astro-ph.SR,222
2013-02,cond-mat.dis-nn,27
2013-02,cond-mat.mes-hall,283
2013-02,cond-mat.mtrl-sci,200
2013-02,cond-mat.other,10
2013-02,cond-mat.quant-gas,73
2013-02,cond-mat.soft,87
2013-02,cond-mat.stat-mech,117
2013-02,cond-mat.str-el,159
2013-02,cond-mat.supr-con,111
2013-02,cs.AI,256
2013-02,cs.AR,5
2013-02,cs.CC,21
2013-02,cs.CE,8
2013-02,cs.CG,18
2013-02,cs.CL,17
2013-02,cs.CR,41
2013-02,cs.CV,36
2013-02,cs.CY,14
2013-02,cs.DB,14
2013-02,cs.DC,43
2013-02,cs.DL,16
2013-02,cs.DM,23
2013-02,cs.DS,48
2013-02,cs.ET,6
2013-02,cs.FL,16
2013-02,cs.GR,2
2013-02,cs.GT,24
2013-02,cs.HC,12
2013-02,cs.IR,19
2013-02,cs.IT,182
2013-02,cs.LG,55
2013-02,cs.LO,34
2013-02,cs.MA,6
2013-02,cs.MM,4
2013-02,cs.MS,1
2013-02,cs.NE,19
2013-02,cs.NI,51
2013-02,cs.OH,7
2013-02,cs.OS,3
2013-02,cs.PF,3
2013-02,cs.PL,13
2013-02,cs.RO,9
2013-02,cs.SC,8
2013-02,cs.SD,6
2013-02,cs.SE,22
2013-02,cs.SI,28
2013-02,eess.SY,17
2013-02,gr-qc,193
2013-02,hep-ex,81
2013-02,hep-lat,45
2013-02,hep-ph,321
2013-02,hep-th,227
2013-02,math-ph,165
2013-02,math.AC,40
2013-02,math.AG,128
2013-02,math.AP,186
2013-02,math.AT,27
2013-02,math.CA,55
2013-02,math.CO,159
2013-02,math.CT,14
2013-02,math.CV,43
2013-02,math.DG,127
2013-02,math.DS,84
2013-02,math.FA,86
2013-02,math.GM,9
2013-02,math.GN,17
2013-02,math.GR,48
2013-02,math.GT,51
2013-02,math.HO,9
2013-02,math.KT,8
2013-02,math.LO,33
2013-02,math.MG,21
2013-02,math.NA,70
2013-02,math.NT,110
2013-02,math.OA,32
2013-02,math.OC,85
2013-02,math.PR,141
2013-02,math.QA,20
2013-02,math.RA,43
2013-02,math.RT,55
2013-02,math.SG,15
2013-02,math.SP,9
2013-02,math.ST,74
2013-02,nlin.AO,9
2013-02,nlin.CD,34
2013-02,nlin.CG,1
2013-02,nlin.PS,13
2013-02,nlin.SI,23
2013-02,nucl-ex,33
2013-02,nucl-th,103
2013-02,physics.acc-ph,12
2013-02,physics.ao-ph,2
2013-02,physics.atm-clus,2
2013-02,physics.atom-ph,65
2013-02,physics.bio-ph,32
2013-02,physics.chem-ph,21
2013-02,physics.class-ph,15
2013-02,physics.comp-ph,18
2013-02,physics.data-an,9
2013-02,physics.ed-ph,7
2013-02,physics.flu-dyn,38
2013-02,physics.gen-ph,38
2013-02,physics.geo-ph,12
2013-02,physics.hist-ph,14
2013-02,physics.ins-det,41
2013-02,physics.med-ph,10
2013-02,physics.optics,104
2013-02,physics.plasm-ph,42
2013-02,physics.pop-ph,4
2013-02,physics.soc-ph,51
2013-02,physics.space-ph,11
2013-02,q-bio.BM,9
2013-02,q-bio.GN,15
2013-02,q-bio.MN,7
2013-02,q-bio.NC,16
2013-02,q-bio.OT,1
2013-02,q-bio.PE,26
2013-02,q-bio.QM,11
2013-02,q-bio.SC,1
2013-02,q-bio.TO,6
2013-02,q-fin.CP,6
2013-02,q-fin.GN,13
2013-02,q-fin.PM,7
2013-02,q-fin.PR,19
2013-02,q-fin.RM,1
2013-02,q-fin.ST,6
2013-02,q-fin.TR,3
2013-02,quant-ph,299
2013-02,stat.AP,22
2013-02,stat.CO,7
2013-02,stat.ME,52
2013-02,stat.ML,32
2013-03,astro-ph.CO,400
2013-03,astro-ph.EP,80
2013-03,astro-ph.GA,87
2013-03,astro-ph.HE,231
2013-03,astro-ph.IM,71
2013-03,astro-ph.SR,267
2013-03,cond-mat.dis-nn,27
2013-03,cond-mat.mes-hall,297
2013-03,cond-mat.mtrl-sci,210
2013-03,cond-mat.other,6
2013-03,cond-mat.quant-gas,70
2013-03,cond-mat.soft,77
2013-03,cond-mat.stat-mech,125
2013-03,cond-mat.str-el,169
2013-03,cond-mat.supr-con,132
2013-03,cs.AI,477
2013-03,cs.AR,3
2013-03,cs.CC,19
2013-03,cs.CE,11
2013-03,cs.CG,20
2013-03,cs.CL,20
2013-03,cs.CR,35
2013-03,cs.CV,63
2013-03,cs.CY,15
2013-03,cs.DB,14
2013-03,cs.DC,26
2013-03,cs.DL,11
2013-03,cs.DM,22
2013-03,cs.DS,53
2013-03,cs.ET,4
2013-03,cs.FL,9
2013-03,cs.GL,1
2013-03,cs.GR,2
2013-03,cs.GT,28
2013-03,cs.HC,3
2013-03,cs.IR,26
2013-03,cs.IT,195
2013-03,cs.LG,50
2013-03,cs.LO,53
2013-03,cs.MA,8
2013-03,cs.MM,7
2013-03,cs.MS,2
2013-03,cs.NE,20
2013-03,cs.NI,75
2013-03,cs.OH,19
2013-03,cs.PF,7
2013-03,cs.PL,7
2013-03,cs.RO,8
2013-03,cs.SC,5
2013-03,cs.SD,1
2013-03,cs.SE,29
2013-03,cs.SI,49
2013-03,eess.SY,31
2013-03,gr-qc,167
2013-03,hep-ex,66
2013-03,hep-lat,40
2013-03,hep-ph,360
2013-03,hep-th,249
2013-03,math-ph,158
2013-03,math.AC,36
2013-03,math.AG,178
2013-03,math.AP,184
2013-03,math.AT,28
2013-03,math.CA,75
2013-03,math.CO,175
2013-03,math.CT,17
2013-03,math.CV,69
2013-03,math.DG,101
2013-03,math.DS,84
2013-03,math.FA,80
2013-03,math.GM,4
2013-03,math.GN,11
2013-03,math.GR,59
2013-03,math.GT,57
2013-03,math.HO,8
2013-03,math.KT,14
2013-03,math.LO,33
2013-03,math.MG,25
2013-03,math.NA,87
2013-03,math.NT,106
2013-03,math.OA,28
2013-03,math.OC,91
2013-03,math.PR,152
2013-03,math.QA,24
2013-03,math.RA,45
2013-03,math.RT,54
2013-03,math.SG,14
2013-03,math.SP,13
2013-03,math.ST,62
2013-03,nlin.AO,10
2013-03,nlin.CD,23
2013-03,nlin.CG,2
2013-03,nlin.PS,16
2013-03,nlin.SI,17
2013-03,nucl-ex,39
2013-03,nucl-th,106
2013-03,physics.acc-ph,26
2013-03,physics.ao-ph,9
2013-03,physics.atm-clus,5
2013-03,physics.atom-ph,54
2013-03,physics.bio-ph,23
2013-03,physics.chem-ph,28
2013-03,physics.class-ph,13
2013-03,physics.comp-ph,20
2013-03,physics.data-an,7
2013-03,physics.ed-ph,11
2013-03,physics.flu-dyn,44
2013-03,physics.gen-ph,53
2013-03,physics.geo-ph,7
2013-03,physics.hist-ph,14
2013-03,physics.ins-det,43
2013-03,physics.med-ph,9
2013-03,physics.optics,116
2013-03,physics.plasm-ph,31
2013-03,physics.pop-ph,7
2013-03,physics.soc-ph,46
2013-03,physics.space-ph,7
2013-03,q-bio.BM,10
2013-03,q-bio.CB,6
2013-03,q-bio.GN,15
2013-03,q-bio.MN,11
2013-03,q-bio.NC,16
2013-03,q-bio.OT,3
2013-03,q-bio.PE,31
2013-03,q-bio.QM,11
2013-03,q-bio.SC,1
2013-03,q-bio.TO,3
2013-03,q-fin.CP,1
2013-03,q-fin.GN,17
2013-03,q-fin.PM,7
2013-03,q-fin.PR,10
2013-03,q-fin.RM,4
2013-03,q-fin.ST,5
2013-03,q-fin.TR,4
2013-03,quant-ph,325
2013-03,stat.AP,34
2013-03,stat.CO,9
2013-03,stat.ME,32
2013-03,stat.ML,34
2013-03,stat.OT,1
2013-04,astro-ph.CO,305
2013-04,astro-ph.EP,86
2013-04,astro-ph.GA,149
2013-04,astro-ph.HE,194
2013-04,astro-ph.IM,66
2013-04,astro-ph.SR,218
2013-04,cond-mat.dis-nn,27
2013-04,cond-mat.mes-hall,275
2013-04,cond-mat.mtrl-sci,202
2013-04,cond-mat.other,7
2013-04,cond-mat.quant-gas,75
2013-04,cond-mat.soft,101
2013-04,cond-mat.stat-mech,120
2013-04,cond-mat.str-el,158
2013-04,cond-mat.supr-con,110
2013-04,cs.AI,68
2013-04,cs.AR,3
2013-04,cs.CC,36
2013-04,cs.CE,11
2013-04,cs.CG,21
2013-04,cs.CL,11
2013-04,cs.CR,43
2013-04,cs.CV,58
2013-04,cs.CY,22
2013-04,cs.DB,20
2013-04,cs.DC,29
2013-04,cs.DL,20
2013-04,cs.DM,25
2013-04,cs.DS,100
2013-04,cs.ET,9
2013-04,cs.FL,18
2013-04,cs.GL,1
2013-04,cs.GR,11
2013-04,cs.GT,29
2013-04,cs.HC,5
2013-04,cs.IR,15
2013-04,cs.IT,166
2013-04,cs.LG,37
2013-04,cs.LO,46
2013-04,cs.MA,3
2013-04,cs.MM,11
2013-04,cs.MS,8
2013-04,cs.NE,20
2013-04,cs.NI,70
2013-04,cs.OH,10
2013-04,cs.OS,4
2013-04,cs.PF,5
2013-04,cs.PL,18
2013-04,cs.RO,7
2013-04,cs.SC,11
2013-04,cs.SD,2
2013-04,cs.SE,25
2013-04,cs.SI,32
2013-04,eess.SY,31
2013-04,gr-qc,182
2013-04,hep-ex,61
2013-04,hep-lat,39
2013-04,hep-ph,379
2013-04,hep-th,273
2013-04,math-ph,146
2013-04,math.AC,36
2013-04,math.AG,118
2013-04,math.AP,160
2013-04,math.AT,39
2013-04,math.CA,78
2013-04,math.CO,165
2013-04,math.CT,17
2013-04,math.CV,45
2013-04,math.DG,104
2013-04,math.DS,88
2013-04,math.FA,68
2013-04,math.GM,6
2013-04,math.GN,15
2013-04,math.GR,60
2013-04,math.GT,57
2013-04,math.HO,13
2013-04,math.KT,16
2013-04,math.LO,65
2013-04,math.MG,26
2013-04,math.NA,98
2013-04,math.NT,123
2013-04,math.OA,33
2013-04,math.OC,89
2013-04,math.PR,157
2013-04,math.QA,27
2013-04,math.RA,58
2013-04,math.RT,56
2013-04,math.SG,16
2013-04,math.SP,19
2013-04,math.ST,60
2013-04,nlin.AO,7
2013-04,nlin.CD,21
2013-04,nlin.CG,6
2013-04,nlin.PS,16
2013-04,nlin.SI,24
2013-04,nucl-ex,43
2013-04,nucl-th,119
2013-04,physics.acc-ph,29
2013-04,physics.ao-ph,16
2013-04,physics.atm-clus,2
2013-04,physics.atom-ph,49
2013-04,physics.bio-ph,29
2013-04,physics.chem-ph,24
2013-04,physics.class-ph,10
2013-04,physics.comp-ph,13
2013-04,physics.data-an,11
2013-04,physics.ed-ph,4
2013-04,physics.flu-dyn,48
2013-04,physics.gen-ph,36
2013-04,physics.geo-ph,9
2013-04,physics.hist-ph,14
2013-04,physics.ins-det,64
2013-04,physics.med-ph,8
2013-04,physics.optics,113
2013-04,physics.plasm-ph,42
2013-04,physics.pop-ph,11
2013-04,physics.soc-ph,50
2013-04,physics.space-ph,7
2013-04,q-bio.BM,15
2013-04,q-bio.CB,6
2013-04,q-bio.GN,17
2013-04,q-bio.MN,19
2013-04,q-bio.NC,17
2013-04,q-bio.OT,2
2013-04,q-bio.PE,39
2013-04,q-bio.QM,14
2013-04,q-bio.SC,3
2013-04,q-bio.TO,5
2013-04,q-fin.CP,4
2013-04,q-fin.GN,16
2013-04,q-fin.PM,4
2013-04,q-fin.PR,12
2013-04,q-fin.RM,5
2013-04,q-fin.ST,3
2013-04,q-fin.TR,3
2013-04,quant-ph,349
2013-04,stat.AP,36
2013-04,stat.CO,10
2013-04,stat.ME,53
2013-04,stat.ML,19
2013-04,stat.OT,1
2013-05,astro-ph.CO,328
2013-05,astro-ph.EP,82
2013-05,astro-ph.GA,117
2013-05,astro-ph.HE,176
2013-05,astro-ph.IM,65
2013-05,astro-ph.SR,214
2013-05,cond-mat.dis-nn,24
2013-05,cond-mat.mes-hall,271
2013-05,cond-mat.mtrl-sci,175
2013-05,cond-mat.other,9
2013-05,cond-mat.quant-gas,75
2013-05,cond-mat.soft,96
2013-05,cond-mat.stat-mech,139
2013-05,cond-mat.str-el,148
2013-05,cond-mat.supr-con,113
2013-05,cs.AI,37
2013-05,cs.AR,1
2013-05,cs.CC,25
2013-05,cs.CE,13
2013-05,cs.CG,15
2013-05,cs.CL,14
2013-05,cs.CR,49
2013-05,cs.CV,47
2013-05,cs.CY,29
2013-05,cs.DB,15
2013-05,cs.DC,33
2013-05,cs.DL,24
2013-05,cs.DM,15
2013-05,cs.DS,55
2013-05,cs.ET,2
2013-05,cs.FL,8
2013-05,cs.GR,5
2013-05,cs.GT,29
2013-05,cs.HC,6
2013-05,cs.IR,25
2013-05,cs.IT,165
2013-05,cs.LG,45
2013-05,cs.LO,33
2013-05,cs.MA,1
2013-05,cs.MM,6
2013-05,cs.MS,2
2013-05,cs.NE,13
2013-05,cs.NI,56
2013-05,cs.OH,9
2013-05,cs.OS,3
2013-05,cs.PF,4
2013-05,cs.PL,9
2013-05,cs.RO,7
2013-05,cs.SC,5
2013-05,cs.SD,5
2013-05,cs.SE,28
2013-05,cs.SI,30
2013-05,eess.SY,25
2013-05,gr-qc,184
2013-05,hep-ex,70
2013-05,hep-lat,29
2013-05,hep-ph,410
2013-05,hep-th,294
2013-05,math-ph,141
2013-05,math.AC,38
2013-05,math.AG,128
2013-05,math.AP,178
2013-05,math.AT,36
2013-05,math.CA,59
2013-05,math.CO,168
2013-05,math.CT,15
2013-05,math.CV,40
2013-05,math.DG,144
2013-05,math.DS,93
2013-05,math.FA,76
2013-05,math.GM,9
2013-05,math.GN,12
2013-05,math.GR,59
2013-05,math.GT,56
2013-05,math.HO,15
2013-05,math.KT,14
2013-05,math.LO,36
2013-05,math.MG,25
2013-05,math.NA,81
2013-05,math.NT,131
2013-05,math.OA,28
2013-05,math.OC,77
2013-05,math.PR,156
2013-05,math.QA,23
2013-05,math.RA,53
2013-05,math.RT,56
2013-05,math.SG,24
2013-05,math.SP,18
2013-05,math.ST,51
2013-05,nlin.AO,16
2013-05,nlin.CD,29
2013-05,nlin.CG,5
2013-05,nlin.PS,17
2013-05,nlin.SI,16
2013-05,nucl-ex,46
2013-05,nucl-th,108
2013-05,physics.acc-ph,54
2013-05,physics.ao-ph,12
2013-05,physics.atm-clus,5
2013-05,physics.atom-ph,72
2013-05,physics.bio-ph,35
2013-05,physics.chem-ph,38
2013-05,physics.class-ph,16
2013-05,physics.comp-ph,25
2013-05,physics.data-an,12
2013-05,physics.ed-ph,9
2013-05,physics.flu-dyn,43
2013-05,physics.gen-ph,41
2013-05,physics.geo-ph,11
2013-05,physics.hist-ph,15
2013-05,physics.ins-det,63
2013-05,physics.med-ph,10
2013-05,physics.optics,126
2013-05,physics.plasm-ph,46
2013-05,physics.pop-ph,6
2013-05,physics.soc-ph,48
2013-05,physics.space-ph,8
2013-05,q-bio.BM,6
2013-05,q-bio.CB,5
2013-05,q-bio.GN,15
2013-05,q-bio.MN,16
2013-05,q-bio.NC,11
2013-05,q-bio.OT,5
2013-05,q-bio.PE,39
2013-05,q-bio.QM,20
2013-05,q-bio.SC,4
2013-05,q-bio.TO,8
2013-05,q-fin.CP,4
2013-05,q-fin.GN,7
2013-05,q-fin.PM,4
2013-05,q-fin.PR,12
2013-05,q-fin.RM,3
2013-05,q-fin.ST,7
2013-05,q-fin.TR,5
2013-05,quant-ph,348
2013-05,stat.AP,17
2013-05,stat.CO,11
2013-05,stat.ME,50
2013-05,stat.ML,25
2013-05,stat.OT,1
2013-06,astro-ph.CO,310
2013-06,astro-ph.EP,102
2013-06,astro-ph.GA,104
2013-06,astro-ph.HE,183
2013-06,astro-ph.IM,59
2013-06,astro-ph.SR,234
2013-06,cond-mat.dis-nn,23
2013-06,cond-mat.mes-hall,243
2013-06,cond-mat.mtrl-sci,172
2013-06,cond-mat.other,13
2013-06,cond-mat.quant-gas,88
2013-06,cond-mat.soft,90
2013-06,cond-mat.stat-mech,125
2013-06,cond-mat.str-el,144
2013-06,cond-mat.supr-con,78
2013-06,cs.AI,46
2013-06,cs.AR,5
2013-06,cs.CC,23
2013-06,cs.CE,17
2013-06,cs.CG,18
2013-06,cs.CL,16
2013-06,cs.CR,50
2013-06,cs.CV,54
2013-06,cs.CY,19
2013-06,cs.DB,17
2013-06,cs.DC,30
2013-06,cs.DL,18
2013-06,cs.DM,21
2013-06,cs.DS,58
2013-06,cs.ET,8
2013-06,cs.FL,12
2013-06,cs.GL,2
2013-06,cs.GR,6
2013-06,cs.GT,26
2013-06,cs.HC,8
2013-06,cs.IR,14
2013-06,cs.IT,140
2013-06,cs.LG,56
2013-06,cs.LO,37
2013-06,cs.MA,4
2013-06,cs.MM,2
2013-06,cs.MS,1
2013-06,cs.NE,19
2013-06,cs.NI,51
2013-06,cs.OH,8
2013-06,cs.OS,1
2013-06,cs.PF,1
2013-06,cs.PL,19
2013-06,cs.RO,8
2013-06,cs.SC,4
2013-06,cs.SD,3
2013-06,cs.SE,30
2013-06,cs.SI,34
2013-06,eess.SY,25
2013-06,gr-qc,182
2013-06,hep-ex,43
2013-06,hep-lat,27
2013-06,hep-ph,367
2013-06,hep-th,290
2013-06,math-ph,163
2013-06,math.AC,25
2013-06,math.AG,116
2013-06,math.AP,157
2013-06,math.AT,22
2013-06,math.CA,54
2013-06,math.CO,159
2013-06,math.CT,14
2013-06,math.CV,39
2013-06,math.DG,98
2013-06,math.DS,88
2013-06,math.FA,77
2013-06,math.GM,4
2013-06,math.GN,10
2013-06,math.GR,47
2013-06,math.GT,46
2013-06,math.HO,18
2013-06,math.KT,11
2013-06,math.LO,38
2013-06,math.MG,23
2013-06,math.NA,93
2013-06,math.NT,121
2013-06,math.OA,34
2013-06,math.OC,87
2013-06,math.PR,161
2013-06,math.QA,20
2013-06,math.RA,46
2013-06,math.RT,45
2013-06,math.SG,16
2013-06,math.SP,21
2013-06,math.ST,56
2013-06,nlin.AO,8
2013-06,nlin.CD,23
2013-06,nlin.CG,6
2013-06,nlin.PS,14
2013-06,nlin.SI,11
2013-06,nucl-ex,36
2013-06,nucl-th,85
2013-06,physics.acc-ph,35
2013-06,physics.ao-ph,9
2013-06,physics.atm-clus,3
2013-06,physics.atom-ph,49
2013-06,physics.bio-ph,28
2013-06,physics.chem-ph,38
2013-06,physics.class-ph,17
2013-06,physics.comp-ph,18
2013-06,physics.data-an,15
2013-06,physics.ed-ph,6
2013-06,physics.flu-dyn,46
2013-06,physics.gen-ph,47
2013-06,physics.geo-ph,17
2013-06,physics.hist-ph,25
2013-06,physics.ins-det,59
2013-06,physics.med-ph,10
2013-06,physics.optics,91
2013-06,physics.plasm-ph,48
2013-06,physics.pop-ph,5
2013-06,physics.soc-ph,56
2013-06,physics.space-ph,4
2013-06,q-bio.BM,12
2013-06,q-bio.CB,2
2013-06,q-bio.GN,9
2013-06,q-bio.MN,5
2013-06,q-bio.NC,14
2013-06,q-bio.OT,2
2013-06,q-bio.PE,46
2013-06,q-bio.QM,12
2013-06,q-bio.SC,1
2013-06,q-bio.TO,2
2013-06,q-fin.CP,6
2013-06,q-fin.GN,12
2013-06,q-fin.PM,3
2013-06,q-fin.PR,5
2013-06,q-fin.RM,9
2013-06,q-fin.ST,10
2013-06,q-fin.TR,2
2013-06,quant-ph,350
2013-06,stat.AP,30
2013-06,stat.CO,21
2013-06,stat.ME,62
2013-06,stat.ML,41
2013-06,stat.OT,1
2013-07,astro-ph.CO,293
2013-07,astro-ph.EP,100
2013-07,astro-ph.GA,130
2013-07,astro-ph.HE,246
2013-07,astro-ph.IM,135
2013-07,astro-ph.SR,302
2013-07,cond-mat.dis-nn,31
2013-07,cond-mat.mes-hall,277
2013-07,cond-mat.mtrl-sci,232
2013-07,cond-mat.other,12
2013-07,cond-mat.quant-gas,102
2013-07,cond-mat.soft,109
2013-07,cond-mat.stat-mech,125
2013-07,cond-mat.str-el,178
2013-07,cond-mat.supr-con,113
2013-07,cs.AI,40
2013-07,cs.AR,7
2013-07,cs.CC,23
2013-07,cs.CE,23
2013-07,cs.CG,15
2013-07,cs.CL,17
2013-07,cs.CR,42
2013-07,cs.CV,53
2013-07,cs.CY,30
2013-07,cs.DB,18
2013-07,cs.DC,33
2013-07,cs.DL,25
2013-07,cs.DM,19
2013-07,cs.DS,81
2013-07,cs.ET,2
2013-07,cs.FL,6
2013-07,cs.GL,1
2013-07,cs.GR,1
2013-07,cs.GT,30
2013-07,cs.HC,16
2013-07,cs.IR,20
2013-07,cs.IT,162
2013-07,cs.LG,58
2013-07,cs.LO,56
2013-07,cs.MA,2
2013-07,cs.MM,8
2013-07,cs.MS,10
2013-07,cs.NE,21
2013-07,cs.NI,94
2013-07,cs.OH,14
2013-07,cs.OS,2
2013-07,cs.PF,6
2013-07,cs.PL,23
2013-07,cs.RO,11
2013-07,cs.SC,8
2013-07,cs.SE,17
2013-07,cs.SI,21
2013-07,eess.SY,21
2013-07,gr-qc,188
2013-07,hep-ex,91
2013-07,hep-lat,37
2013-07,hep-ph,440
2013-07,hep-th,310
2013-07,math-ph,157
2013-07,math.AC,40
2013-07,math.AG,148
2013-07,math.AP,177
2013-07,math.AT,33
2013-07,math.CA,92
2013-07,math.CO,158
2013-07,math.CT,19
2013-07,math.CV,50
2013-07,math.DG,123
2013-07,math.DS,98
2013-07,math.FA,90
2013-07,math.GM,9
2013-07,math.GN,8
2013-07,math.GR,45
2013-07,math.GT,44
2013-07,math.HO,11
2013-07,math.KT,10
2013-07,math.LO,30
2013-07,math.MG,32
2013-07,math.NA,90
2013-07,math.NT,155
2013-07,math.OA,35
2013-07,math.OC,82
2013-07,math.PR,178
2013-07,math.QA,28
2013-07,math.RA,65
2013-07,math.RT,56
2013-07,math.SG,26
2013-07,math.SP,20
2013-07,math.ST,49
2013-07,nlin.AO,10
2013-07,nlin.CD,18
2013-07,nlin.CG,1
2013-07,nlin.PS,15
2013-07,nlin.SI,10
2013-07,nucl-ex,45
2013-07,nucl-th,128
2013-07,physics.acc-ph,45
2013-07,physics.ao-ph,10
2013-07,physics.atm-clus,4
2013-07,physics.atom-ph,50
2013-07,physics.bio-ph,28
2013-07,physics.chem-ph,44
2013-07,physics.class-ph,17
2013-07,physics.comp-ph,19
2013-07,physics.data-an,19
2013-07,physics.ed-ph,19
2013-07,physics.flu-dyn,58
2013-07,physics.gen-ph,46
2013-07,physics.geo-ph,12
2013-07,physics.hist-ph,14
2013-07,physics.ins-det,80
2013-07,physics.med-ph,15
2013-07,physics.optics,102
2013-07,physics.plasm-ph,39
2013-07,physics.pop-ph,2
2013-07,physics.soc-ph,59
2013-07,physics.space-ph,7
2013-07,q-bio.BM,12
2013-07,q-bio.CB,3
2013-07,q-bio.GN,16
2013-07,q-bio.MN,15
2013-07,q-bio.NC,20
2013-07,q-bio.OT,4
2013-07,q-bio.PE,52
2013-07,q-bio.QM,33
2013-07,q-bio.SC,3
2013-07,q-bio.TO,2
2013-07,q-fin.CP,2
2013-07,q-fin.GN,16
2013-07,q-fin.PM,5
2013-07,q-fin.PR,10
2013-07,q-fin.RM,5
2013-07,q-fin.ST,8
2013-07,q-fin.TR,2
2013-07,quant-ph,351
2013-07,stat.AP,21
2013-07,stat.CO,15
2013-07,stat.ME,65
2013-07,stat.ML,36
2013-07,stat.OT,1
2013-08,astro-ph.CO,298
2013-08,astro-ph.EP,82
2013-08,astro-ph.GA,127
2013-08,astro-ph.HE,184
2013-08,astro-ph.IM,58
2013-08,astro-ph.SR,230
2013-08,cond-mat.dis-nn,22
2013-08,cond-mat.mes-hall,236
2013-08,cond-mat.mtrl-sci,201
2013-08,cond-mat.other,6
2013-08,cond-mat.quant-gas,69
2013-08,cond-mat.soft,81
2013-08,cond-mat.stat-mech,100
2013-08,cond-mat.str-el,158
2013-08,cond-mat.supr-con,121
2013-08,cs.AI,33
2013-08,cs.AR,2
2013-08,cs.CC,19
2013-08,cs.CE,12
2013-08,cs.CG,23
2013-08,cs.CL,19
2013-08,cs.CR,36
2013-08,cs.CV,42
2013-08,cs.CY,32
2013-08,cs.DB,21
2013-08,cs.DC,34
2013-08,cs.DL,10
2013-08,cs.DM,19
2013-08,cs.DS,45
2013-08,cs.ET,5
2013-08,cs.FL,10
2013-08,cs.GR,8
2013-08,cs.GT,20
2013-08,cs.HC,8
2013-08,cs.IR,12
2013-08,cs.IT,122
2013-08,cs.LG,25
2013-08,cs.LO,30
2013-08,cs.MA,5
2013-08,cs.MM,10
2013-08,cs.MS,3
2013-08,cs.NE,19
2013-08,cs.NI,66
2013-08,cs.OH,7
2013-08,cs.OS,1
2013-08,cs.PF,6
2013-08,cs.PL,15
2013-08,cs.RO,7
2013-08,cs.SC,5
2013-08,cs.SE,17
2013-08,cs.SI,40
2013-08,eess.SP,2
2013-08,eess.SY,44
2013-08,gr-qc,164
2013-08,hep-ex,79
2013-08,hep-lat,26
2013-08,hep-ph,383
2013-08,hep-th,262
2013-08,math-ph,104
2013-08,math.AC,41
2013-08,math.AG,125
2013-08,math.AP,136
2013-08,math.AT,37
2013-08,math.CA,54
2013-08,math.CO,163
2013-08,math.CT,14
2013-08,math.CV,32
2013-08,math.DG,90
2013-08,math.DS,82
2013-08,math.FA,71
2013-08,math.GM,8
2013-08,math.GN,4
2013-08,math.GR,48
2013-08,math.GT,45
2013-08,math.HO,9
2013-08,math.KT,10
2013-08,math.LO,33
2013-08,math.MG,39
2013-08,math.NA,86
2013-08,math.NT,110
2013-08,math.OA,37
2013-08,math.OC,63
2013-08,math.PR,141
2013-08,math.QA,33
2013-08,math.RA,55
2013-08,math.RT,63
2013-08,math.SG,13
2013-08,math.SP,14
2013-08,math.ST,57
2013-08,nlin.AO,6
2013-08,nlin.CD,19
2013-08,nlin.CG,1
2013-08,nlin.PS,21
2013-08,nlin.SI,20
2013-08,nucl-ex,37
2013-08,nucl-th,93
2013-08,physics.acc-ph,39
2013-08,physics.ao-ph,10
2013-08,physics.atm-clus,8
2013-08,physics.atom-ph,52
2013-08,physics.bio-ph,18
2013-08,physics.chem-ph,47
2013-08,physics.class-ph,22
2013-08,physics.comp-ph,20
2013-08,physics.data-an,6
2013-08,physics.ed-ph,26
2013-08,physics.flu-dyn,44
2013-08,physics.gen-ph,29
2013-08,physics.geo-ph,13
2013-08,physics.hist-ph,11
2013-08,physics.ins-det,47
2013-08,physics.med-ph,6
2013-08,physics.optics,115
2013-08,physics.plasm-ph,36
2013-08,physics.pop-ph,5
2013-08,physics.soc-ph,57
2013-08,physics.space-ph,8
2013-08,q-bio.BM,9
2013-08,q-bio.CB,7
2013-08,q-bio.GN,16
2013-08,q-bio.MN,9
2013-08,q-bio.NC,21
2013-08,q-bio.OT,5
2013-08,q-bio.PE,50
2013-08,q-bio.QM,20
2013-08,q-bio.SC,7
2013-08,q-bio.TO,6
2013-08,q-fin.CP,4
2013-08,q-fin.GN,2
2013-08,q-fin.PM,6
2013-08,q-fin.PR,10
2013-08,q-fin.RM,7
2013-08,q-fin.ST,10
2013-08,quant-ph,317
2013-08,stat.AP,22
2013-08,stat.CO,10
2013-08,stat.ME,38
2013-08,stat.ML,16
2013-08,stat.OT,1
2013-09,astro-ph.CO,312
2013-09,astro-ph.EP,81
2013-09,astro-ph.GA,127
2013-09,astro-ph.HE,197
2013-09,astro-ph.IM,74
2013-09,astro-ph.SR,275
2013-09,cond-mat.dis-nn,35
2013-09,cond-mat.mes-hall,263
2013-09,cond-mat.mtrl-sci,237
2013-09,cond-mat.other,12
2013-09,cond-mat.quant-gas,79
2013-09,cond-mat.soft,101
2013-09,cond-mat.stat-mech,128
2013-09,cond-mat.str-el,172
2013-09,cond-mat.supr-con,92
2013-09,cs.AI,61
2013-09,cs.AR,12
2013-09,cs.CC,31
2013-09,cs.CE,29
2013-09,cs.CG,15
2013-09,cs.CL,33
2013-09,cs.CR,29
2013-09,cs.CV,50
2013-09,cs.CY,20
2013-09,cs.DB,15
2013-09,cs.DC,37
2013-09,cs.DL,18
2013-09,cs.DM,40
2013-09,cs.DS,56
2013-09,cs.ET,5
2013-09,cs.FL,13
2013-09,cs.GR,5
2013-09,cs.GT,20
2013-09,cs.HC,5
2013-09,cs.IR,14
2013-09,cs.IT,129
2013-09,cs.LG,62
2013-09,cs.LO,38
2013-09,cs.MA,3
2013-09,cs.MM,6
2013-09,cs.MS,5
2013-09,cs.NE,14
2013-09,cs.NI,69
2013-09,cs.OH,14
2013-09,cs.OS,2
2013-09,cs.PF,3
2013-09,cs.PL,29
2013-09,cs.RO,19
2013-09,cs.SC,4
2013-09,cs.SD,2
2013-09,cs.SE,34
2013-09,cs.SI,43
2013-09,eess.SY,40
2013-09,gr-qc,185
2013-09,hep-ex,63
2013-09,hep-lat,52
2013-09,hep-ph,379
2013-09,hep-th,282
2013-09,math-ph,132
2013-09,math.AC,36
2013-09,math.AG,128
2013-09,math.AP,208
2013-09,math.AT,31
2013-09,math.CA,69
2013-09,math.CO,190
2013-09,math.CT,11
2013-09,math.CV,40
2013-09,math.DG,99
2013-09,math.DS,94
2013-09,math.FA,106
2013-09,math.GM,9
2013-09,math.GN,8
2013-09,math.GR,66
2013-09,math.GT,57
2013-09,math.HO,11
2013-09,math.KT,17
2013-09,math.LO,33
2013-09,math.MG,26
2013-09,math.NA,85
2013-09,math.NT,146
2013-09,math.OA,39
2013-09,math.OC,85
2013-09,math.PR,205
2013-09,math.QA,33
2013-09,math.RA,47
2013-09,math.RT,68
2013-09,math.SG,21
2013-09,math.SP,24
2013-09,math.ST,63
2013-09,nlin.AO,12
2013-09,nlin.CD,25
2013-09,nlin.PS,13
2013-09,nlin.SI,21
2013-09,nucl-ex,42
2013-09,nucl-th,107
2013-09,physics.acc-ph,39
2013-09,physics.ao-ph,13
2013-09,physics.atm-clus,1
2013-09,physics.atom-ph,57
2013-09,physics.bio-ph,30
2013-09,physics.chem-ph,40
2013-09,physics.class-ph,23
2013-09,physics.comp-ph,20
2013-09,physics.data-an,11
2013-09,physics.ed-ph,5
2013-09,physics.flu-dyn,85
2013-09,physics.gen-ph,23
2013-09,physics.geo-ph,8
2013-09,physics.hist-ph,25
2013-09,physics.ins-det,76
2013-09,physics.med-ph,6
2013-09,physics.optics,112
2013-09,physics.plasm-ph,41
2013-09,physics.pop-ph,5
2013-09,physics.soc-ph,60
2013-09,physics.space-ph,6
2013-09,q-bio.BM,7
2013-09,q-bio.CB,6
2013-09,q-bio.GN,17
2013-09,q-bio.MN,20
2013-09,q-bio.NC,26
2013-09,q-bio.OT,2
2013-09,q-bio.PE,52
2013-09,q-bio.QM,18
2013-09,q-bio.SC,3
2013-09,q-bio.TO,8
2013-09,q-fin.CP,3
2013-09,q-fin.GN,12
2013-09,q-fin.PM,7
2013-09,q-fin.PR,13
2013-09,q-fin.RM,4
2013-09,q-fin.ST,12
2013-09,q-fin.TR,6
2013-09,quant-ph,353
2013-09,stat.AP,14
2013-09,stat.CO,21
2013-09,stat.ME,52
2013-09,stat.ML,32
2013-09,stat.OT,1
2013-10,astro-ph.CO,357
2013-10,astro-ph.EP,114
2013-10,astro-ph.GA,133
2013-10,astro-ph.HE,222
2013-10,astro-ph.IM,97
2013-10,astro-ph.SR,306
2013-10,cond-mat.dis-nn,37
2013-10,cond-mat.mes-hall,264
2013-10,cond-mat.mtrl-sci,225
2013-10,cond-mat.other,9
2013-10,cond-mat.quant-gas,82
2013-10,cond-mat.soft,112
2013-10,cond-mat.stat-mech,113
2013-10,cond-mat.str-el,191
2013-10,cond-mat.supr-con,104
2013-10,cs.AI,34
2013-10,cs.AR,8
2013-10,cs.CC,25
2013-10,cs.CE,12
2013-10,cs.CG,20
2013-10,cs.CL,20
2013-10,cs.CR,34
2013-10,cs.CV,62
2013-10,cs.CY,30
2013-10,cs.DB,22
2013-10,cs.DC,47
2013-10,cs.DL,19
2013-10,cs.DM,21
2013-10,cs.DS,39
2013-10,cs.ET,5
2013-10,cs.FL,18
2013-10,cs.GR,4
2013-10,cs.GT,39
2013-10,cs.HC,15
2013-10,cs.IR,14
2013-10,cs.IT,169
2013-10,cs.LG,50
2013-10,cs.LO,50
2013-10,cs.MA,9
2013-10,cs.MM,2
2013-10,cs.MS,2
2013-10,cs.NE,2
2013-10,cs.NI,65
2013-10,cs.OH,14
2013-10,cs.OS,4
2013-10,cs.PL,13
2013-10,cs.RO,5
2013-10,cs.SC,9
2013-10,cs.SE,23
2013-10,cs.SI,39
2013-10,eess.SY,35
2013-10,gr-qc,198
2013-10,hep-ex,136
2013-10,hep-lat,95
2013-10,hep-ph,413
2013-10,hep-th,296
2013-10,math-ph,131
2013-10,math.AC,36
2013-10,math.AG,174
2013-10,math.AP,239
2013-10,math.AT,28
2013-10,math.CA,76
2013-10,math.CO,189
2013-10,math.CT,11
2013-10,math.CV,34
2013-10,math.DG,144
2013-10,math.DS,86
2013-10,math.FA,75
2013-10,math.GM,10
2013-10,math.GN,11
2013-10,math.GR,84
2013-10,math.GT,81
2013-10,math.HO,7
2013-10,math.KT,6
2013-10,math.LO,34
2013-10,math.MG,24
2013-10,math.NA,133
2013-10,math.NT,160
2013-10,math.OA,29
2013-10,math.OC,81
2013-10,math.PR,227
2013-10,math.QA,37
2013-10,math.RA,45
2013-10,math.RT,74
2013-10,math.SG,21
2013-10,math.SP,24
2013-10,math.ST,54
2013-10,nlin.AO,11
2013-10,nlin.CD,28
2013-10,nlin.CG,4
2013-10,nlin.PS,16
2013-10,nlin.SI,37
2013-10,nucl-ex,65
2013-10,nucl-th,98
2013-10,physics.acc-ph,35
2013-10,physics.ao-ph,13
2013-10,physics.atm-clus,5
2013-10,physics.atom-ph,57
2013-10,physics.bio-ph,22
2013-10,physics.chem-ph,37
2013-10,physics.class-ph,19
2013-10,physics.comp-ph,22
2013-10,physics.data-an,12
2013-10,physics.ed-ph,11
2013-10,physics.flu-dyn,124
2013-10,physics.gen-ph,22
2013-10,physics.geo-ph,8
2013-10,physics.hist-ph,17
2013-10,physics.ins-det,80
2013-10,physics.med-ph,14
2013-10,physics.optics,120
2013-10,physics.plasm-ph,59
2013-10,physics.pop-ph,4
2013-10,physics.soc-ph,50
2013-10,physics.space-ph,5
2013-10,q-bio.BM,15
2013-10,q-bio.CB,7
2013-10,q-bio.GN,12
2013-10,q-bio.MN,17
2013-10,q-bio.NC,35
2013-10,q-bio.OT,5
2013-10,q-bio.PE,43
2013-10,q-bio.QM,14
2013-10,q-bio.SC,2
2013-10,q-bio.TO,3
2013-10,q-fin.CP,5
2013-10,q-fin.GN,8
2013-10,q-fin.PM,5
2013-10,q-fin.PR,14
2013-10,q-fin.RM,2
2013-10,q-fin.ST,9
2013-10,q-fin.TR,8
2013-10,quant-ph,398
2013-10,stat.AP,28
2013-10,stat.CO,15
2013-10,stat.ME,58
2013-10,stat.ML,61
2013-10,stat.OT,2
2013-11,astro-ph.CO,285
2013-11,astro-ph.EP,87
2013-11,astro-ph.GA,137
2013-11,astro-ph.HE,187
2013-11,astro-ph.IM,69
2013-11,astro-ph.SR,195
2013-11,cond-mat.dis-nn,21
2013-11,cond-mat.mes-hall,263
2013-11,cond-mat.mtrl-sci,230
2013-11,cond-mat.other,7
2013-11,cond-mat.quant-gas,55
2013-11,cond-mat.soft,71
2013-11,cond-mat.stat-mech,101
2013-11,cond-mat.str-el,152
2013-11,cond-mat.supr-con,116
2013-11,cs.AI,38
2013-11,cs.AR,5
2013-11,cs.CC,32
2013-11,cs.CE,11
2013-11,cs.CG,17
2013-11,cs.CL,16
2013-11,cs.CR,29
2013-11,cs.CV,64
2013-11,cs.CY,17
2013-11,cs.DB,30
2013-11,cs.DC,38
2013-11,cs.DL,5
2013-11,cs.DM,18
2013-11,cs.DS,59
2013-11,cs.ET,5
2013-11,cs.FL,19
2013-11,cs.GR,7
2013-11,cs.GT,27
2013-11,cs.HC,14
2013-11,cs.IR,18
2013-11,cs.IT,159
2013-11,cs.LG,62
2013-11,cs.LO,35
2013-11,cs.MA,8
2013-11,cs.MM,9
2013-11,cs.MS,1
2013-11,cs.NE,10
2013-11,cs.NI,54
2013-11,cs.OH,21
2013-11,cs.OS,2
2013-11,cs.PF,1
2013-11,cs.PL,22
2013-11,cs.RO,22
2013-11,cs.SC,3
2013-11,cs.SD,5
2013-11,cs.SE,46
2013-11,cs.SI,33
2013-11,eess.SY,38
2013-11,gr-qc,192
2013-11,hep-ex,85
2013-11,hep-lat,193
2013-11,hep-ph,420
2013-11,hep-th,312
2013-11,math-ph,147
2013-11,math.AC,25
2013-11,math.AG,140
2013-11,math.AP,213
2013-11,math.AT,32
2013-11,math.CA,58
2013-11,math.CO,173
2013-11,math.CT,12
2013-11,math.CV,52
2013-11,math.DG,130
2013-11,math.DS,107
2013-11,math.FA,81
2013-11,math.GM,5
2013-11,math.GN,15
2013-11,math.GR,66
2013-11,math.GT,56
2013-11,math.HO,12
2013-11,math.KT,15
2013-11,math.LO,36
2013-11,math.MG,21
2013-11,math.NA,98
2013-11,math.NT,137
2013-11,math.OA,25
2013-11,math.OC,77
2013-11,math.PR,162
2013-11,math.QA,29
2013-11,math.RA,40
2013-11,math.RT,54
2013-11,math.SG,21
2013-11,math.SP,16
2013-11,math.ST,77
2013-11,nlin.AO,10
2013-11,nlin.CD,26
2013-11,nlin.CG,2
2013-11,nlin.PS,16
2013-11,nlin.SI,19
2013-11,nucl-ex,49
2013-11,nucl-th,125
2013-11,physics.acc-ph,31
2013-11,physics.ao-ph,10
2013-11,physics.atm-clus,4
2013-11,physics.atom-ph,62
2013-11,physics.bio-ph,19
2013-11,physics.chem-ph,33
2013-11,physics.class-ph,12
2013-11,physics.comp-ph,35
2013-11,physics.data-an,19
2013-11,physics.ed-ph,11
2013-11,physics.flu-dyn,51
2013-11,physics.gen-ph,19
2013-11,physics.geo-ph,8
2013-11,physics.hist-ph,16
2013-11,physics.ins-det,66
2013-11,physics.med-ph,11
2013-11,physics.optics,126
2013-11,physics.plasm-ph,42
2013-11,physics.pop-ph,4
2013-11,physics.soc-ph,41
2013-11,physics.space-ph,5
2013-11,q-bio.BM,6
2013-11,q-bio.CB,6
2013-11,q-bio.GN,17
2013-11,q-bio.MN,10
2013-11,q-bio.NC,26
2013-11,q-bio.OT,1
2013-11,q-bio.PE,25
2013-11,q-bio.QM,16
2013-11,q-bio.SC,1
2013-11,q-bio.TO,5
2013-11,q-fin.CP,6
2013-11,q-fin.GN,4
2013-11,q-fin.PM,9
2013-11,q-fin.PR,12
2013-11,q-fin.RM,3
2013-11,q-fin.ST,12
2013-11,q-fin.TR,6
2013-11,quant-ph,316
2013-11,stat.AP,41
2013-11,stat.CO,16
2013-11,stat.ME,59
2013-11,stat.ML,43
2013-12,astro-ph.CO,227
2013-12,astro-ph.EP,88
2013-12,astro-ph.GA,180
2013-12,astro-ph.HE,144
2013-12,astro-ph.IM,63
2013-12,astro-ph.SR,205
2013-12,cond-mat.dis-nn,25
2013-12,cond-mat.mes-hall,274
2013-12,cond-mat.mtrl-sci,194
2013-12,cond-mat.other,9
2013-12,cond-mat.quant-gas,69
2013-12,cond-mat.soft,91
2013-12,cond-mat.stat-mech,115
2013-12,cond-mat.str-el,154
2013-12,cond-mat.supr-con,91
2013-12,cs.AI,51
2013-12,cs.AR,2
2013-12,cs.CC,34
2013-12,cs.CE,14
2013-12,cs.CG,34
2013-12,cs.CL,20
2013-12,cs.CR,42
2013-12,cs.CV,89
2013-12,cs.CY,29
2013-12,cs.DB,24
2013-12,cs.DC,42
2013-12,cs.DL,11
2013-12,cs.DM,30
2013-12,cs.DS,59
2013-12,cs.ET,7
2013-12,cs.FL,9
2013-12,cs.GL,2
2013-12,cs.GR,5
2013-12,cs.GT,18
2013-12,cs.HC,6
2013-12,cs.IR,20
2013-12,cs.IT,143
2013-12,cs.LG,80
2013-12,cs.LO,33
2013-12,cs.MA,8
2013-12,cs.MM,4
2013-12,cs.MS,2
2013-12,cs.NE,24
2013-12,cs.NI,72
2013-12,cs.OH,19
2013-12,cs.OS,7
2013-12,cs.PF,2
2013-12,cs.PL,21
2013-12,cs.RO,14
2013-12,cs.SC,6
2013-12,cs.SD,3
2013-12,cs.SE,51
2013-12,cs.SI,39
2013-12,eess.SY,48
2013-12,gr-qc,209
2013-12,hep-ex,65
2013-12,hep-lat,80
2013-12,hep-ph,439
2013-12,hep-th,322
2013-12,math-ph,166
2013-12,math.AC,40
2013-12,math.AG,126
2013-12,math.AP,201
2013-12,math.AT,45
2013-12,math.CA,71
2013-12,math.CO,159
2013-12,math.CT,17
2013-12,math.CV,41
2013-12,math.DG,132
2013-12,math.DS,107
2013-12,math.FA,70
2013-12,math.GM,5
2013-12,math.GN,13
2013-12,math.GR,72
2013-12,math.GT,60
2013-12,math.HO,21
2013-12,math.KT,4
2013-12,math.LO,36
2013-12,math.MG,39
2013-12,math.NA,102
2013-12,math.NT,146
2013-12,math.OA,22
2013-12,math.OC,99
2013-12,math.PR,196
2013-12,math.QA,33
2013-12,math.RA,47
2013-12,math.RT,57
2013-12,math.SG,23
2013-12,math.SP,20
2013-12,math.ST,89
2013-12,nlin.AO,6
2013-12,nlin.CD,35
2013-12,nlin.CG,1
2013-12,nlin.PS,18
2013-12,nlin.SI,24
2013-12,nucl-ex,49
2013-12,nucl-th,122
2013-12,physics.acc-ph,27
2013-12,physics.ao-ph,5
2013-12,physics.atm-clus,5
2013-12,physics.atom-ph,44
2013-12,physics.bio-ph,35
2013-12,physics.chem-ph,44
2013-12,physics.class-ph,19
2013-12,physics.comp-ph,27
2013-12,physics.data-an,13
2013-12,physics.ed-ph,12
2013-12,physics.flu-dyn,42
2013-12,physics.gen-ph,36
2013-12,physics.geo-ph,8
2013-12,physics.hist-ph,13
2013-12,physics.ins-det,55
2013-12,physics.med-ph,7
2013-12,physics.optics,87
2013-12,physics.plasm-ph,41
2013-12,physics.pop-ph,3
2013-12,physics.soc-ph,38
2013-12,physics.space-ph,5
2013-12,q-bio.BM,12
2013-12,q-bio.CB,4
2013-12,q-bio.GN,11
2013-12,q-bio.MN,21
2013-12,q-bio.NC,17
2013-12,q-bio.OT,4
2013-12,q-bio.PE,36
2013-12,q-bio.QM,18
2013-12,q-bio.SC,4
2013-12,q-bio.TO,5
2013-12,q-fin.CP,3
2013-12,q-fin.GN,10
2013-12,q-fin.PM,7
2013-12,q-fin.PR,7
2013-12,q-fin.RM,8
2013-12,q-fin.ST,3
2013-12,q-fin.TR,11
2013-12,quant-ph,347
2013-12,stat.AP,49
2013-12,stat.CO,14
2013-12,stat.ME,71
2013-12,stat.ML,66
2013-12,stat.OT,2
2014-01,astro-ph.CO,208
2014-01,astro-ph.EP,126
2014-01,astro-ph.GA,272
2014-01,astro-ph.HE,179
2014-01,astro-ph.IM,87
2014-01,astro-ph.SR,262
2014-01,cond-mat.dis-nn,16
2014-01,cond-mat.mes-hall,244
2014-01,cond-mat.mtrl-sci,206
2014-01,cond-mat.other,6
2014-01,cond-mat.quant-gas,77
2014-01,cond-mat.soft,104
2014-01,cond-mat.stat-mech,124
2014-01,cond-mat.str-el,120
2014-01,cond-mat.supr-con,99
2014-01,cs.AI,135
2014-01,cs.AR,10
2014-01,cs.CC,22
2014-01,cs.CE,18
2014-01,cs.CG,17
2014-01,cs.CL,53
2014-01,cs.CR,47
2014-01,cs.CV,53
2014-01,cs.CY,33
2014-01,cs.DB,20
2014-01,cs.DC,29
2014-01,cs.DL,12
2014-01,cs.DM,26
2014-01,cs.DS,69
2014-01,cs.ET,4
2014-01,cs.FL,16
2014-01,cs.GR,1
2014-01,cs.GT,52
2014-01,cs.HC,14
2014-01,cs.IR,26
2014-01,cs.IT,259
2014-01,cs.LG,59
2014-01,cs.LO,76
2014-01,cs.MA,16
2014-01,cs.MM,5
2014-01,cs.MS,10
2014-01,cs.NE,29
2014-01,cs.NI,79
2014-01,cs.OH,17
2014-01,cs.PF,3
2014-01,cs.PL,8
2014-01,cs.RO,17
2014-01,cs.SC,11
2014-01,cs.SE,52
2014-01,cs.SI,45
2014-01,eess.SY,34
2014-01,gr-qc,188
2014-01,hep-ex,48
2014-01,hep-lat,46
2014-01,hep-ph,346
2014-01,hep-th,257
2014-01,math-ph,127
2014-01,math.AC,34
2014-01,math.AG,137
2014-01,math.AP,183
2014-01,math.AT,31
2014-01,math.CA,70
2014-01,math.CO,178
2014-01,math.CT,19
2014-01,math.CV,50
2014-01,math.DG,125
2014-01,math.DS,80
2014-01,math.FA,88
2014-01,math.GM,10
2014-01,math.GN,14
2014-01,math.GR,71
2014-01,math.GT,49
2014-01,math.HO,9
2014-01,math.KT,13
2014-01,math.LO,42
2014-01,math.MG,29
2014-01,math.NA,115
2014-01,math.NT,136
2014-01,math.OA,31
2014-01,math.OC,112
2014-01,math.PR,158
2014-01,math.QA,33
2014-01,math.RA,52
2014-01,math.RT,61
2014-01,math.SG,13
2014-01,math.SP,22
2014-01,math.ST,54
2014-01,nlin.AO,15
2014-01,nlin.CD,18
2014-01,nlin.CG,2
2014-01,nlin.PS,16
2014-01,nlin.SI,25
2014-01,nucl-ex,38
2014-01,nucl-th,110
2014-01,physics.acc-ph,35
2014-01,physics.ao-ph,13
2014-01,physics.atm-clus,4
2014-01,physics.atom-ph,49
2014-01,physics.bio-ph,19
2014-01,physics.chem-ph,39
2014-01,physics.class-ph,14
2014-01,physics.comp-ph,21
2014-01,physics.data-an,7
2014-01,physics.ed-ph,10
2014-01,physics.flu-dyn,61
2014-01,physics.gen-ph,37
2014-01,physics.geo-ph,9
2014-01,physics.hist-ph,13
2014-01,physics.ins-det,49
2014-01,physics.med-ph,8
2014-01,physics.optics,154
2014-01,physics.plasm-ph,38
2014-01,physics.pop-ph,5
2014-01,physics.soc-ph,53
2014-01,physics.space-ph,5
2014-01,q-bio.BM,6
2014-01,q-bio.CB,2
2014-01,q-bio.GN,15
2014-01,q-bio.MN,10
2014-01,q-bio.NC,10
2014-01,q-bio.OT,2
2014-01,q-bio.PE,15
2014-01,q-bio.QM,22
2014-01,q-bio.SC,3
2014-01,q-bio.TO,4
2014-01,q-fin.CP,7
2014-01,q-fin.GN,17
2014-01,q-fin.PM,2
2014-01,q-fin.PR,6
2014-01,q-fin.RM,6
2014-01,q-fin.ST,9
2014-01,q-fin.TR,6
2014-01,quant-ph,344
2014-01,stat.AP,55
2014-01,stat.CO,21
2014-01,stat.ME,51
2014-01,stat.ML,40
2014-01,stat.OT,2
2014-02,astro-ph.CO,169
2014-02,astro-ph.EP,86
2014-02,astro-ph.GA,204
2014-02,astro-ph.HE,155
2014-02,astro-ph.IM,78
2014-02,astro-ph.SR,206
2014-02,cond-mat.dis-nn,31
2014-02,cond-mat.mes-hall,221
2014-02,cond-mat.mtrl-sci,194
2014-02,cond-mat.other,7
2014-02,cond-mat.quant-gas,79
2014-02,cond-mat.soft,89
2014-02,cond-mat.stat-mech,134
2014-02,cond-mat.str-el,156
2014-02,cond-mat.supr-con,108
2014-02,cs.AI,52
2014-02,cs.AR,18
2014-02,cs.CC,24
2014-02,cs.CE,23
2014-02,cs.CG,14
2014-02,cs.CL,20
2014-02,cs.CR,40
2014-02,cs.CV,70
2014-02,cs.CY,27
2014-02,cs.DB,32
2014-02,cs.DC,49
2014-02,cs.DL,12
2014-02,cs.DM,24
2014-02,cs.DS,62
2014-02,cs.ET,9
2014-02,cs.FL,16
2014-02,cs.GL,1
2014-02,cs.GR,2
2014-02,cs.GT,32
2014-02,cs.HC,16
2014-02,cs.IR,19
2014-02,cs.IT,132
2014-02,cs.LG,61
2014-02,cs.LO,45
2014-02,cs.MA,11
2014-02,cs.MM,5
2014-02,cs.MS,3
2014-02,cs.NE,17
2014-02,cs.NI,56
2014-02,cs.OH,15
2014-02,cs.OS,2
2014-02,cs.PF,3
2014-02,cs.PL,13
2014-02,cs.RO,23
2014-02,cs.SC,6
2014-02,cs.SD,4
2014-02,cs.SE,54
2014-02,cs.SI,51
2014-02,eess.SY,47
2014-02,gr-qc,167
2014-02,hep-ex,64
2014-02,hep-lat,36
2014-02,hep-ph,346
2014-02,hep-th,257
2014-02,math-ph,164
2014-02,math.AC,25
2014-02,math.AG,99
2014-02,math.AP,194
2014-02,math.AT,23
2014-02,math.CA,52
2014-02,math.CO,180
2014-02,math.CT,12
2014-02,math.CV,47
2014-02,math.DG,111
2014-02,math.DS,77
2014-02,math.FA,91
2014-02,math.GM,10
2014-02,math.GN,6
2014-02,math.GR,72
2014-02,math.GT,38
2014-02,math.HO,12
2014-02,math.KT,15
2014-02,math.LO,30
2014-02,math.MG,31
2014-02,math.NA,100
2014-02,math.NT,137
2014-02,math.OA,26
2014-02,math.OC,93
2014-02,math.PR,180
2014-02,math.QA,33
2014-02,math.RA,36
2014-02,math.RT,56
2014-02,math.SG,12
2014-02,math.SP,13
2014-02,math.ST,61
2014-02,nlin.AO,15
2014-02,nlin.CD,38
2014-02,nlin.PS,9
2014-02,nlin.SI,17
2014-02,nucl-ex,42
2014-02,nucl-th,90
2014-02,physics.acc-ph,17
2014-02,physics.ao-ph,13
2014-02,physics.atm-clus,11
2014-02,physics.atom-ph,61
2014-02,physics.bio-ph,20
2014-02,physics.chem-ph,38
2014-02,physics.class-ph,20
2014-02,physics.comp-ph,19
2014-02,physics.data-an,6
2014-02,physics.ed-ph,9
2014-02,physics.flu-dyn,74
2014-02,physics.gen-ph,18
2014-02,physics.geo-ph,8
2014-02,physics.hist-ph,19
2014-02,physics.ins-det,55
2014-02,physics.med-ph,10
2014-02,physics.optics,125
2014-02,physics.plasm-ph,43
2014-02,physics.pop-ph,4
2014-02,physics.soc-ph,30
2014-02,physics.space-ph,9
2014-02,q-bio.BM,11
2014-02,q-bio.CB,4
2014-02,q-bio.GN,11
2014-02,q-bio.MN,5
2014-02,q-bio.NC,17
2014-02,q-bio.OT,2
2014-02,q-bio.PE,36
2014-02,q-bio.QM,19
2014-02,q-bio.SC,2
2014-02,q-bio.TO,2
2014-02,q-fin.CP,5
2014-02,q-fin.GN,9
2014-02,q-fin.PM,8
2014-02,q-fin.PR,7
2014-02,q-fin.RM,6
2014-02,q-fin.ST,9
2014-02,q-fin.TR,6
2014-02,quant-ph,340
2014-02,stat.AP,32
2014-02,stat.CO,20
2014-02,stat.ME,59
2014-02,stat.ML,53
2014-02,stat.OT,4
2014-03,astro-ph.CO,217
2014-03,astro-ph.EP,118
2014-03,astro-ph.GA,241
2014-03,astro-ph.HE,160
2014-03,astro-ph.IM,79
2014-03,astro-ph.SR,233
2014-03,cond-mat.dis-nn,39
2014-03,cond-mat.mes-hall,285
2014-03,cond-mat.mtrl-sci,232
2014-03,cond-mat.other,17
2014-03,cond-mat.quant-gas,70
2014-03,cond-mat.soft,98
2014-03,cond-mat.stat-mech,127
2014-03,cond-mat.str-el,198
2014-03,cond-mat.supr-con,111
2014-03,cs.AI,32
2014-03,cs.AR,9
2014-03,cs.CC,19
2014-03,cs.CE,22
2014-03,cs.CG,16
2014-03,cs.CL,27
2014-03,cs.CR,49
2014-03,cs.CV,80
2014-03,cs.CY,17
2014-03,cs.DB,25
2014-03,cs.DC,42
2014-03,cs.DL,8
2014-03,cs.DM,18
2014-03,cs.DS,44
2014-03,cs.ET,10
2014-03,cs.FL,18
2014-03,cs.GR,3
2014-03,cs.GT,29
2014-03,cs.HC,10
2014-03,cs.IR,16
2014-03,cs.IT,168
2014-03,cs.LG,51
2014-03,cs.LO,47
2014-03,cs.MA,6
2014-03,cs.MM,7
2014-03,cs.MS,4
2014-03,cs.NE,17
2014-03,cs.NI,73
2014-03,cs.OH,11
2014-03,cs.OS,4
2014-03,cs.PF,2
2014-03,cs.PL,14
2014-03,cs.RO,9
2014-03,cs.SC,7
2014-03,cs.SD,3
2014-03,cs.SE,37
2014-03,cs.SI,47
2014-03,eess.SY,44
2014-03,gr-qc,204
2014-03,hep-ex,67
2014-03,hep-lat,48
2014-03,hep-ph,371
2014-03,hep-th,291
2014-03,math-ph,176
2014-03,math.AC,34
2014-03,math.AG,137
2014-03,math.AP,219
2014-03,math.AT,51
2014-03,math.CA,69
2014-03,math.CO,184
2014-03,math.CT,10
2014-03,math.CV,52
2014-03,math.DG,103
2014-03,math.DS,98
2014-03,math.FA,124
2014-03,math.GM,11
2014-03,math.GN,9
2014-03,math.GR,79
2014-03,math.GT,64
2014-03,math.HO,9
2014-03,math.KT,12
2014-03,math.LO,27
2014-03,math.MG,36
2014-03,math.NA,110
2014-03,math.NT,132
2014-03,math.OA,42
2014-03,math.OC,135
2014-03,math.PR,168
2014-03,math.QA,22
2014-03,math.RA,59
2014-03,math.RT,65
2014-03,math.SG,17
2014-03,math.SP,26
2014-03,math.ST,78
2014-03,nlin.AO,6
2014-03,nlin.CD,27
2014-03,nlin.CG,2
2014-03,nlin.PS,18
2014-03,nlin.SI,14
2014-03,nucl-ex,33
2014-03,nucl-th,107
2014-03,physics.acc-ph,24
2014-03,physics.ao-ph,13
2014-03,physics.atm-clus,3
2014-03,physics.atom-ph,45
2014-03,physics.bio-ph,24
2014-03,physics.chem-ph,41
2014-03,physics.class-ph,30
2014-03,physics.comp-ph,21
2014-03,physics.data-an,6
2014-03,physics.ed-ph,14
2014-03,physics.flu-dyn,69
2014-03,physics.gen-ph,29
2014-03,physics.geo-ph,9
2014-03,physics.hist-ph,18
2014-03,physics.ins-det,65
2014-03,physics.med-ph,10
2014-03,physics.optics,123
2014-03,physics.plasm-ph,56
2014-03,physics.pop-ph,1
2014-03,physics.soc-ph,60
2014-03,physics.space-ph,4
2014-03,q-bio.BM,10
2014-03,q-bio.CB,5
2014-03,q-bio.GN,8
2014-03,q-bio.MN,7
2014-03,q-bio.NC,19
2014-03,q-bio.OT,5
2014-03,q-bio.PE,49
2014-03,q-bio.QM,20
2014-03,q-bio.SC,6
2014-03,q-bio.TO,4
2014-03,q-fin.CP,6
2014-03,q-fin.GN,9
2014-03,q-fin.PM,13
2014-03,q-fin.PR,13
2014-03,q-fin.RM,4
2014-03,q-fin.ST,14
2014-03,q-fin.TR,5
2014-03,quant-ph,365
2014-03,stat.AP,36
2014-03,stat.CO,22
2014-03,stat.ME,74
2014-03,stat.ML,31
2014-03,stat.OT,2
2014-04,astro-ph.CO,180
2014-04,astro-ph.EP,99
2014-04,astro-ph.GA,230
2014-04,astro-ph.HE,149
2014-04,astro-ph.IM,53
2014-04,astro-ph.SR,229
2014-04,cond-mat.dis-nn,34
2014-04,cond-mat.mes-hall,227
2014-04,cond-mat.mtrl-sci,204
2014-04,cond-mat.other,7
2014-04,cond-mat.quant-gas,82
2014-04,cond-mat.soft,66
2014-04,cond-mat.stat-mech,124
2014-04,cond-mat.str-el,146
2014-04,cond-mat.supr-con,88
2014-04,cs.AI,58
2014-04,cs.AR,7
2014-04,cs.CC,32
2014-04,cs.CE,25
2014-04,cs.CG,22
2014-04,cs.CL,29
2014-04,cs.CR,39
2014-04,cs.CV,76
2014-04,cs.CY,27
2014-04,cs.DB,18
2014-04,cs.DC,45
2014-04,cs.DL,17
2014-04,cs.DM,25
2014-04,cs.DS,102
2014-04,cs.ET,7
2014-04,cs.FL,26
2014-04,cs.GR,6
2014-04,cs.GT,47
2014-04,cs.HC,25
2014-04,cs.IR,12
2014-04,cs.IT,218
2014-04,cs.LG,51
2014-04,cs.LO,59
2014-04,cs.MA,5
2014-04,cs.MM,9
2014-04,cs.MS,5
2014-04,cs.NE,17
2014-04,cs.NI,67
2014-04,cs.OH,24
2014-04,cs.OS,4
2014-04,cs.PF,7
2014-04,cs.PL,15
2014-04,cs.RO,15
2014-04,cs.SC,7
2014-04,cs.SD,4
2014-04,cs.SE,66
2014-04,cs.SI,37
2014-04,econ.GN,3
2014-04,eess.SY,28
2014-04,gr-qc,202
2014-04,hep-ex,54
2014-04,hep-lat,26
2014-04,hep-ph,391
2014-04,hep-th,314
2014-04,math-ph,127
2014-04,math.AC,51
2014-04,math.AG,131
2014-04,math.AP,181
2014-04,math.AT,38
2014-04,math.CA,71
2014-04,math.CO,172
2014-04,math.CT,16
2014-04,math.CV,51
2014-04,math.DG,111
2014-04,math.DS,112
2014-04,math.FA,87
2014-04,math.GM,11
2014-04,math.GN,7
2014-04,math.GR,41
2014-04,math.GT,50
2014-04,math.HO,13
2014-04,math.KT,14
2014-04,math.LO,36
2014-04,math.MG,27
2014-04,math.NA,108
2014-04,math.NT,133
2014-04,math.OA,47
2014-04,math.OC,102
2014-04,math.PR,183
2014-04,math.QA,23
2014-04,math.RA,38
2014-04,math.RT,54
2014-04,math.SG,29
2014-04,math.SP,21
2014-04,math.ST,52
2014-04,nlin.AO,6
2014-04,nlin.CD,25
2014-04,nlin.PS,12
2014-04,nlin.SI,13
2014-04,nucl-ex,45
2014-04,nucl-th,110
2014-04,physics.acc-ph,39
2014-04,physics.ao-ph,7
2014-04,physics.atm-clus,4
2014-04,physics.atom-ph,52
2014-04,physics.bio-ph,22
2014-04,physics.chem-ph,49
2014-04,physics.class-ph,18
2014-04,physics.comp-ph,17
2014-04,physics.data-an,19
2014-04,physics.ed-ph,7
2014-04,physics.flu-dyn,54
2014-04,physics.gen-ph,34
2014-04,physics.geo-ph,12
2014-04,physics.hist-ph,14
2014-04,physics.ins-det,52
2014-04,physics.med-ph,6
2014-04,physics.optics,111
2014-04,physics.plasm-ph,45
2014-04,physics.pop-ph,3
2014-04,physics.soc-ph,41
2014-04,physics.space-ph,10
2014-04,q-bio.BM,11
2014-04,q-bio.CB,1
2014-04,q-bio.GN,11
2014-04,q-bio.MN,14
2014-04,q-bio.NC,27
2014-04,q-bio.OT,2
2014-04,q-bio.PE,37
2014-04,q-bio.QM,27
2014-04,q-bio.SC,6
2014-04,q-bio.TO,4
2014-04,q-fin.CP,10
2014-04,q-fin.GN,10
2014-04,q-fin.MF,4
2014-04,q-fin.PM,9
2014-04,q-fin.PR,12
2014-04,q-fin.RM,1
2014-04,q-fin.ST,6
2014-04,q-fin.TR,3
2014-04,quant-ph,373
2014-04,stat.AP,32
2014-04,stat.CO,14
2014-04,stat.ME,61
2014-04,stat.ML,31
2014-04,stat.OT,3
2014-05,astro-ph.CO,168
2014-05,astro-ph.EP,102
2014-05,astro-ph.GA,249
2014-05,astro-ph.HE,178
2014-05,astro-ph.IM,65
2014-05,astro-ph.SR,256
2014-05,cond-mat.dis-nn,31
2014-05,cond-mat.mes-hall,252
2014-05,cond-mat.mtrl-sci,199
2014-05,cond-mat.other,15
2014-05,cond-mat.quant-gas,69
2014-05,cond-mat.soft,75
2014-05,cond-mat.stat-mech,121
2014-05,cond-mat.str-el,147
2014-05,cond-mat.supr-con,105
2014-05,cs.AI,78
2014-05,cs.AR,4
2014-05,cs.CC,14
2014-05,cs.CE,16
2014-05,cs.CG,12
2014-05,cs.CL,42
2014-05,cs.CR,53
2014-05,cs.CV,74
2014-05,cs.CY,16
2014-05,cs.DB,21
2014-05,cs.DC,38
2014-05,cs.DL,8
2014-05,cs.DM,23
2014-05,cs.DS,39
2014-05,cs.ET,7
2014-05,cs.FL,32
2014-05,cs.GR,2
2014-05,cs.GT,34
2014-05,cs.HC,10
2014-05,cs.IR,31
2014-05,cs.IT,170
2014-05,cs.LG,53
2014-05,cs.LO,73
2014-05,cs.MA,4
2014-05,cs.MM,12
2014-05,cs.MS,4
2014-05,cs.NE,16
2014-05,cs.NI,84
2014-05,cs.OH,14
2014-05,cs.OS,3
2014-05,cs.PF,1
2014-05,cs.PL,31
2014-05,cs.RO,20
2014-05,cs.SC,13
2014-05,cs.SD,5
2014-05,cs.SE,33
2014-05,cs.SI,42
2014-05,econ.GN,6
2014-05,eess.SY,30
2014-05,gr-qc,215
2014-05,hep-ex,70
2014-05,hep-lat,25
2014-05,hep-ph,402
2014-05,hep-th,293
2014-05,math-ph,146
2014-05,math.AC,30
2014-05,math.AG,134
2014-05,math.AP,197
2014-05,math.AT,23
2014-05,math.CA,60
2014-05,math.CO,192
2014-05,math.CT,13
2014-05,math.CV,44
2014-05,math.DG,116
2014-05,math.DS,109
2014-05,math.FA,82
2014-05,math.GM,16
2014-05,math.GN,13
2014-05,math.GR,69
2014-05,math.GT,56
2014-05,math.HO,18
2014-05,math.KT,13
2014-05,math.LO,39
2014-05,math.MG,33
2014-05,math.NA,99
2014-05,math.NT,115
2014-05,math.OA,29
2014-05,math.OC,89
2014-05,math.PR,184
2014-05,math.QA,30
2014-05,math.RA,53
2014-05,math.RT,75
2014-05,math.SG,23
2014-05,math.SP,21
2014-05,math.ST,86
2014-05,nlin.AO,12
2014-05,nlin.CD,22
2014-05,nlin.CG,1
2014-05,nlin.PS,18
2014-05,nlin.SI,20
2014-05,nucl-ex,39
2014-05,nucl-th,92
2014-05,physics.acc-ph,33
2014-05,physics.ao-ph,10
2014-05,physics.atm-clus,4
2014-05,physics.atom-ph,45
2014-05,physics.bio-ph,29
2014-05,physics.chem-ph,45
2014-05,physics.class-ph,13
2014-05,physics.comp-ph,24
2014-05,physics.data-an,10
2014-05,physics.ed-ph,12
2014-05,physics.flu-dyn,64
2014-05,physics.gen-ph,31
2014-05,physics.geo-ph,17
2014-05,physics.hist-ph,20
2014-05,physics.ins-det,55
2014-05,physics.med-ph,12
2014-05,physics.optics,165
2014-05,physics.plasm-ph,41
2014-05,physics.pop-ph,4
2014-05,physics.soc-ph,49
2014-05,physics.space-ph,5
2014-05,q-bio.BM,8
2014-05,q-bio.CB,2
2014-05,q-bio.GN,5
2014-05,q-bio.MN,10
2014-05,q-bio.NC,22
2014-05,q-bio.OT,1
2014-05,q-bio.PE,26
2014-05,q-bio.QM,20
2014-05,q-bio.SC,4
2014-05,q-bio.TO,3
2014-05,q-fin.CP,4
2014-05,q-fin.GN,5
2014-05,q-fin.MF,14
2014-05,q-fin.PM,4
2014-05,q-fin.PR,4
2014-05,q-fin.RM,6
2014-05,q-fin.ST,5
2014-05,q-fin.TR,6
2014-05,quant-ph,336
2014-05,stat.AP,33
2014-05,stat.CO,21
2014-05,stat.ME,83
2014-05,stat.ML,36
2014-05,stat.OT,5
2014-06,astro-ph.CO,144
2014-06,astro-ph.EP,98
2014-06,astro-ph.GA,286
2014-06,astro-ph.HE,158
2014-06,astro-ph.IM,90
2014-06,astro-ph.SR,307
2014-06,cond-mat.dis-nn,29
2014-06,cond-mat.mes-hall,251
2014-06,cond-mat.mtrl-sci,223
2014-06,cond-mat.other,9
2014-06,cond-mat.quant-gas,63
2014-06,cond-mat.soft,94
2014-06,cond-mat.stat-mech,127
2014-06,cond-mat.str-el,206
2014-06,cond-mat.supr-con,107
2014-06,cs.AI,44
2014-06,cs.AR,6
2014-06,cs.CC,18
2014-06,cs.CE,7
2014-06,cs.CG,17
2014-06,cs.CL,37
2014-06,cs.CR,37
2014-06,cs.CV,102
2014-06,cs.CY,31
2014-06,cs.DB,22
2014-06,cs.DC,29
2014-06,cs.DL,14
2014-06,cs.DM,21
2014-06,cs.DS,48
2014-06,cs.ET,8
2014-06,cs.FL,15
2014-06,cs.GR,4
2014-06,cs.GT,20
2014-06,cs.HC,12
2014-06,cs.IR,28
2014-06,cs.IT,128
2014-06,cs.LG,66
2014-06,cs.LO,46
2014-06,cs.MA,7
2014-06,cs.MM,9
2014-06,cs.MS,7
2014-06,cs.NE,31
2014-06,cs.NI,82
2014-06,cs.OH,15
2014-06,cs.PF,8
2014-06,cs.PL,30
2014-06,cs.RO,12
2014-06,cs.SC,6
2014-06,cs.SD,5
2014-06,cs.SE,32
2014-06,cs.SI,63
2014-06,econ.GN,5
2014-06,eess.SY,29
2014-06,gr-qc,214
2014-06,hep-ex,47
2014-06,hep-lat,28
2014-06,hep-ph,309
2014-06,hep-th,338
2014-06,math-ph,117
2014-06,math.AC,24
2014-06,math.AG,112
2014-06,math.AP,179
2014-06,math.AT,38
2014-06,math.CA,70
2014-06,math.CO,189
2014-06,math.CT,23
2014-06,math.CV,53
2014-06,math.DG,104
2014-06,math.DS,101
2014-06,math.FA,82
2014-06,math.GM,12
2014-06,math.GN,10
2014-06,math.GR,60
2014-06,math.GT,63
2014-06,math.HO,18
2014-06,math.KT,11
2014-06,math.LO,52
2014-06,math.MG,25
2014-06,math.NA,116
2014-06,math.NT,124
2014-06,math.OA,30
2014-06,math.OC,106
2014-06,math.PR,152
2014-06,math.QA,23
2014-06,math.RA,48
2014-06,math.RT,59
2014-06,math.SG,13
2014-06,math.SP,25
2014-06,math.ST,67
2014-06,nlin.AO,9
2014-06,nlin.CD,27
2014-06,nlin.CG,2
2014-06,nlin.PS,12
2014-06,nlin.SI,25
2014-06,nucl-ex,31
2014-06,nucl-th,88
2014-06,physics.acc-ph,22
2014-06,physics.ao-ph,10
2014-06,physics.atm-clus,7
2014-06,physics.atom-ph,57
2014-06,physics.bio-ph,20
2014-06,physics.chem-ph,29
2014-06,physics.class-ph,16
2014-06,physics.comp-ph,13
2014-06,physics.data-an,11
2014-06,physics.ed-ph,3
2014-06,physics.flu-dyn,59
2014-06,physics.gen-ph,19
2014-06,physics.geo-ph,10
2014-06,physics.hist-ph,23
2014-06,physics.ins-det,83
2014-06,physics.med-ph,10
2014-06,physics.optics,107
2014-06,physics.plasm-ph,51
2014-06,physics.pop-ph,6
2014-06,physics.soc-ph,44
2014-06,physics.space-ph,8
2014-06,q-bio.BM,10
2014-06,q-bio.CB,4
2014-06,q-bio.GN,12
2014-06,q-bio.MN,11
2014-06,q-bio.NC,14
2014-06,q-bio.OT,5
2014-06,q-bio.PE,33
2014-06,q-bio.QM,24
2014-06,q-bio.SC,5
2014-06,q-bio.TO,1
2014-06,q-fin.CP,7
2014-06,q-fin.GN,4
2014-06,q-fin.MF,8
2014-06,q-fin.PM,11
2014-06,q-fin.PR,8
2014-06,q-fin.RM,7
2014-06,q-fin.ST,14
2014-06,q-fin.TR,2
2014-06,quant-ph,339
2014-06,stat.AP,19
2014-06,stat.CO,18
2014-06,stat.ME,64
2014-06,stat.ML,71
2014-06,stat.OT,4
2014-07,astro-ph.CO,164
2014-07,astro-ph.EP,94
2014-07,astro-ph.GA,293
2014-07,astro-ph.HE,180
2014-07,astro-ph.IM,195
2014-07,astro-ph.SR,287
2014-07,cond-mat.dis-nn,38
2014-07,cond-mat.mes-hall,332
2014-07,cond-mat.mtrl-sci,231
2014-07,cond-mat.other,11
2014-07,cond-mat.quant-gas,89
2014-07,cond-mat.soft,117
2014-07,cond-mat.stat-mech,133
2014-07,cond-mat.str-el,202
2014-07,cond-mat.supr-con,118
2014-07,cs.AI,51
2014-07,cs.AR,3
2014-07,cs.CC,29
2014-07,cs.CE,16
2014-07,cs.CG,12
2014-07,cs.CL,19
2014-07,cs.CR,47
2014-07,cs.CV,94
2014-07,cs.CY,25
2014-07,cs.DB,20
2014-07,cs.DC,41
2014-07,cs.DL,13
2014-07,cs.DM,23
2014-07,cs.DS,92
2014-07,cs.ET,6
2014-07,cs.FL,9
2014-07,cs.GR,7
2014-07,cs.GT,37
2014-07,cs.HC,22
2014-07,cs.IR,22
2014-07,cs.IT,149
2014-07,cs.LG,47
2014-07,cs.LO,52
2014-07,cs.MA,5
2014-07,cs.MM,9
2014-07,cs.MS,5
2014-07,cs.NE,20
2014-07,cs.NI,70
2014-07,cs.OH,15
2014-07,cs.OS,1
2014-07,cs.PF,3
2014-07,cs.PL,19
2014-07,cs.RO,11
2014-07,cs.SC,4
2014-07,cs.SD,3
2014-07,cs.SE,43
2014-07,cs.SI,58
2014-07,econ.GN,4
2014-07,eess.SY,29
2014-07,gr-qc,188
2014-07,hep-ex,77
2014-07,hep-lat,19
2014-07,hep-ph,420
2014-07,hep-th,304
2014-07,math-ph,129
2014-07,math.AC,33
2014-07,math.AG,143
2014-07,math.AP,233
2014-07,math.AT,28
2014-07,math.CA,75
2014-07,math.CO,175
2014-07,math.CT,14
2014-07,math.CV,41
2014-07,math.DG,103
2014-07,math.DS,87
2014-07,math.FA,98
2014-07,math.GM,8
2014-07,math.GN,16
2014-07,math.GR,59
2014-07,math.GT,61
2014-07,math.HO,16
2014-07,math.KT,6
2014-07,math.LO,35
2014-07,math.MG,28
2014-07,math.NA,115
2014-07,math.NT,154
2014-07,math.OA,36
2014-07,math.OC,113
2014-07,math.PR,191
2014-07,math.QA,27
2014-07,math.RA,50
2014-07,math.RT,96
2014-07,math.SG,22
2014-07,math.SP,19
2014-07,math.ST,62
2014-07,nlin.AO,6
2014-07,nlin.CD,26
2014-07,nlin.PS,15
2014-07,nlin.SI,21
2014-07,nucl-ex,47
2014-07,nucl-th,102
2014-07,physics.acc-ph,26
2014-07,physics.ao-ph,16
2014-07,physics.atm-clus,3
2014-07,physics.atom-ph,59
2014-07,physics.bio-ph,22
2014-07,physics.chem-ph,36
2014-07,physics.class-ph,27
2014-07,physics.comp-ph,22
2014-07,physics.data-an,14
2014-07,physics.ed-ph,22
2014-07,physics.flu-dyn,68
2014-07,physics.gen-ph,26
2014-07,physics.geo-ph,11
2014-07,physics.hist-ph,19
2014-07,physics.ins-det,58
2014-07,physics.med-ph,9
2014-07,physics.optics,136
2014-07,physics.plasm-ph,51
2014-07,physics.pop-ph,5
2014-07,physics.soc-ph,54
2014-07,physics.space-ph,1
2014-07,q-bio.BM,17
2014-07,q-bio.CB,7
2014-07,q-bio.GN,9
2014-07,q-bio.MN,17
2014-07,q-bio.NC,26
2014-07,q-bio.OT,4
2014-07,q-bio.PE,43
2014-07,q-bio.QM,22
2014-07,q-bio.TO,3
2014-07,q-fin.GN,5
2014-07,q-fin.MF,7
2014-07,q-fin.PM,5
2014-07,q-fin.PR,12
2014-07,q-fin.RM,2
2014-07,q-fin.ST,7
2014-07,q-fin.TR,5
2014-07,quant-ph,366
2014-07,stat.AP,41
2014-07,stat.CO,16
2014-07,stat.ME,54
2014-07,stat.ML,37
2014-07,stat.OT,1
2014-08,astro-ph.CO,103
2014-08,astro-ph.EP,104
2014-08,astro-ph.GA,195
2014-08,astro-ph.HE,154
2014-08,astro-ph.IM,114
2014-08,astro-ph.SR,282
2014-08,cond-mat.dis-nn,30
2014-08,cond-mat.mes-hall,262
2014-08,cond-mat.mtrl-sci,195
2014-08,cond-mat.other,9
2014-08,cond-mat.quant-gas,80
2014-08,cond-mat.soft,80
2014-08,cond-mat.stat-mech,102
2014-08,cond-mat.str-el,174
2014-08,cond-mat.supr-con,108
2014-08,cs.AI,46
2014-08,cs.AR,3
2014-08,cs.CC,21
2014-08,cs.CE,11
2014-08,cs.CG,17
2014-08,cs.CL,17
2014-08,cs.CR,41
2014-08,cs.CV,71
2014-08,cs.CY,20
2014-08,cs.DB,19
2014-08,cs.DC,39
2014-08,cs.DL,12
2014-08,cs.DM,22
2014-08,cs.DS,58
2014-08,cs.ET,10
2014-08,cs.FL,18
2014-08,cs.GR,4
2014-08,cs.GT,31
2014-08,cs.HC,10
2014-08,cs.IR,12
2014-08,cs.IT,141
2014-08,cs.LG,66
2014-08,cs.LO,51
2014-08,cs.MA,4
2014-08,cs.MM,4
2014-08,cs.MS,7
2014-08,cs.NE,15
2014-08,cs.NI,48
2014-08,cs.OH,12
2014-08,cs.OS,1
2014-08,cs.PF,4
2014-08,cs.PL,9
2014-08,cs.RO,8
2014-08,cs.SC,7
2014-08,cs.SD,3
2014-08,cs.SE,47
2014-08,cs.SI,33
2014-08,econ.GN,5
2014-08,eess.SY,39
2014-08,gr-qc,218
2014-08,hep-ex,79
2014-08,hep-lat,26
2014-08,hep-ph,349
2014-08,hep-th,276
2014-08,math-ph,93
2014-08,math.AC,36
2014-08,math.AG,113
2014-08,math.AP,176
2014-08,math.AT,23
2014-08,math.CA,70
2014-08,math.CO,173
2014-08,math.CT,17
2014-08,math.CV,32
2014-08,math.DG,126
2014-08,math.DS,112
2014-08,math.FA,75
2014-08,math.GM,6
2014-08,math.GN,8
2014-08,math.GR,54
2014-08,math.GT,53
2014-08,math.HO,26
2014-08,math.KT,9
2014-08,math.LO,76
2014-08,math.MG,27
2014-08,math.NA,102
2014-08,math.NT,119
2014-08,math.OA,36
2014-08,math.OC,94
2014-08,math.PR,152
2014-08,math.QA,18
2014-08,math.RA,31
2014-08,math.RT,65
2014-08,math.SG,13
2014-08,math.SP,19
2014-08,math.ST,52
2014-08,nlin.AO,9
2014-08,nlin.CD,19
2014-08,nlin.CG,1
2014-08,nlin.PS,20
2014-08,nlin.SI,18
2014-08,nucl-ex,51
2014-08,nucl-th,112
2014-08,physics.acc-ph,25
2014-08,physics.ao-ph,18
2014-08,physics.atm-clus,5
2014-08,physics.atom-ph,44
2014-08,physics.bio-ph,24
2014-08,physics.chem-ph,39
2014-08,physics.class-ph,16
2014-08,physics.comp-ph,24
2014-08,physics.data-an,9
2014-08,physics.ed-ph,11
2014-08,physics.flu-dyn,53
2014-08,physics.gen-ph,26
2014-08,physics.geo-ph,8
2014-08,physics.hist-ph,13
2014-08,physics.ins-det,61
2014-08,physics.med-ph,14
2014-08,physics.optics,102
2014-08,physics.plasm-ph,40
2014-08,physics.pop-ph,5
2014-08,physics.soc-ph,55
2014-08,physics.space-ph,4
2014-08,q-bio.BM,9
2014-08,q-bio.CB,3
2014-08,q-bio.GN,6
2014-08,q-bio.MN,14
2014-08,q-bio.NC,18
2014-08,q-bio.OT,2
2014-08,q-bio.PE,34
2014-08,q-bio.QM,9
2014-08,q-bio.SC,2
2014-08,q-bio.TO,3
2014-08,q-fin.CP,6
2014-08,q-fin.GN,8
2014-08,q-fin.MF,9
2014-08,q-fin.PM,6
2014-08,q-fin.RM,4
2014-08,q-fin.ST,8
2014-08,q-fin.TR,2
2014-08,quant-ph,335
2014-08,stat.AP,24
2014-08,stat.CO,16
2014-08,stat.ME,48
2014-08,stat.ML,32
2014-08,stat.OT,2
2014-09,astro-ph.CO,186
2014-09,astro-ph.EP,116
2014-09,astro-ph.GA,330
2014-09,astro-ph.HE,171
2014-09,astro-ph.IM,66
2014-09,astro-ph.SR,294
2014-09,cond-mat.dis-nn,28
2014-09,cond-mat.mes-hall,242
2014-09,cond-mat.mtrl-sci,251
2014-09,cond-mat.other,11
2014-09,cond-mat.quant-gas,88
2014-09,cond-mat.soft,103
2014-09,cond-mat.stat-mech,136
2014-09,cond-mat.str-el,176
2014-09,cond-mat.supr-con,98
2014-09,cs.AI,31
2014-09,cs.AR,4
2014-09,cs.CC,19
2014-09,cs.CE,14
2014-09,cs.CG,16
2014-09,cs.CL,33
2014-09,cs.CR,36
2014-09,cs.CV,78
2014-09,cs.CY,32
2014-09,cs.DB,23
2014-09,cs.DC,24
2014-09,cs.DL,16
2014-09,cs.DM,19
2014-09,cs.DS,59
2014-09,cs.ET,1
2014-09,cs.FL,11
2014-09,cs.GR,5
2014-09,cs.GT,33
2014-09,cs.HC,12
2014-09,cs.IR,21
2014-09,cs.IT,144
2014-09,cs.LG,66
2014-09,cs.LO,40
2014-09,cs.MA,6
2014-09,cs.MM,4
2014-09,cs.MS,6
2014-09,cs.NE,18
2014-09,cs.NI,70
2014-09,cs.OH,17
2014-09,cs.PF,9
2014-09,cs.PL,13
2014-09,cs.RO,16
2014-09,cs.SC,3
2014-09,cs.SD,3
2014-09,cs.SE,132
2014-09,cs.SI,40
2014-09,econ.GN,4
2014-09,eess.SY,51
2014-09,gr-qc,187
2014-09,hep-ex,114
2014-09,hep-lat,25
2014-09,hep-ph,405
2014-09,hep-th,276
2014-09,math-ph,130
2014-09,math.AC,46
2014-09,math.AG,172
2014-09,math.AP,227
2014-09,math.AT,45
2014-09,math.CA,71
2014-09,math.CO,208
2014-09,math.CT,25
2014-09,math.CV,38
2014-09,math.DG,111
2014-09,math.DS,81
2014-09,math.FA,92
2014-09,math.GM,8
2014-09,math.GN,8
2014-09,math.GR,66
2014-09,math.GT,68
2014-09,math.HO,6
2014-09,math.KT,10
2014-09,math.LO,43
2014-09,math.MG,29
2014-09,math.NA,124
2014-09,math.NT,170
2014-09,math.OA,36
2014-09,math.OC,123
2014-09,math.PR,176
2014-09,math.QA,25
2014-09,math.RA,44
2014-09,math.RT,78
2014-09,math.SG,27
2014-09,math.SP,29
2014-09,math.ST,58
2014-09,nlin.AO,15
2014-09,nlin.CD,31
2014-09,nlin.CG,2
2014-09,nlin.PS,13
2014-09,nlin.SI,25
2014-09,nucl-ex,45
2014-09,nucl-th,116
2014-09,physics.acc-ph,53
2014-09,physics.ao-ph,14
2014-09,physics.app-ph,1
2014-09,physics.atm-clus,9
2014-09,physics.atom-ph,60
2014-09,physics.bio-ph,22
2014-09,physics.chem-ph,44
2014-09,physics.class-ph,17
2014-09,physics.comp-ph,17
2014-09,physics.data-an,17
2014-09,physics.ed-ph,18
2014-09,physics.flu-dyn,55
2014-09,physics.gen-ph,30
2014-09,physics.geo-ph,10
2014-09,physics.hist-ph,13
2014-09,physics.ins-det,72
2014-09,physics.med-ph,15
2014-09,physics.optics,120
2014-09,physics.plasm-ph,57
2014-09,physics.pop-ph,3
2014-09,physics.soc-ph,53
2014-09,physics.space-ph,8
2014-09,q-bio.BM,9
2014-09,q-bio.CB,7
2014-09,q-bio.GN,13
2014-09,q-bio.MN,12
2014-09,q-bio.NC,35
2014-09,q-bio.OT,4
2014-09,q-bio.PE,33
2014-09,q-bio.QM,20
2014-09,q-bio.SC,2
2014-09,q-bio.TO,3
2014-09,q-fin.GN,7
2014-09,q-fin.MF,7
2014-09,q-fin.PM,5
2014-09,q-fin.PR,5
2014-09,q-fin.RM,6
2014-09,q-fin.ST,8
2014-09,q-fin.TR,5
2014-09,quant-ph,421
2014-09,stat.AP,35
2014-09,stat.CO,15
2014-09,stat.ME,52
2014-09,stat.ML,40
2014-09,stat.OT,4
2014-10,astro-ph.CO,155
2014-10,astro-ph.EP,118
2014-10,astro-ph.GA,287
2014-10,astro-ph.HE,166
2014-10,astro-ph.IM,96
2014-10,astro-ph.SR,319
2014-10,cond-mat.dis-nn,31
2014-10,cond-mat.mes-hall,286
2014-10,cond-mat.mtrl-sci,230
2014-10,cond-mat.other,7
2014-10,cond-mat.quant-gas,96
2014-10,cond-mat.soft,119
2014-10,cond-mat.stat-mech,118
2014-10,cond-mat.str-el,180
2014-10,cond-mat.supr-con,109
2014-10,cs.AI,35
2014-10,cs.AR,3
2014-10,cs.CC,25
2014-10,cs.CE,16
2014-10,cs.CG,22
2014-10,cs.CL,35
2014-10,cs.CR,69
2014-10,cs.CV,94
2014-10,cs.CY,34
2014-10,cs.DB,11
2014-10,cs.DC,42
2014-10,cs.DL,22
2014-10,cs.DM,24
2014-10,cs.DS,68
2014-10,cs.ET,14
2014-10,cs.FL,18
2014-10,cs.GR,3
2014-10,cs.GT,18
2014-10,cs.HC,6
2014-10,cs.IR,11
2014-10,cs.IT,187
2014-10,cs.LG,60
2014-10,cs.LO,65
2014-10,cs.MA,9
2014-10,cs.MM,10
2014-10,cs.MS,6
2014-10,cs.NE,20
2014-10,cs.NI,73
2014-10,cs.OH,8
2014-10,cs.OS,1
2014-10,cs.PF,5
2014-10,cs.PL,11
2014-10,cs.RO,19
2014-10,cs.SC,4
2014-10,cs.SD,3
2014-10,cs.SE,26
2014-10,cs.SI,34
2014-10,econ.GN,7
2014-10,eess.SP,1
2014-10,eess.SY,44
2014-10,gr-qc,209
2014-10,hep-ex,95
2014-10,hep-lat,101
2014-10,hep-ph,428
2014-10,hep-th,296
2014-10,math-ph,136
2014-10,math.AC,32
2014-10,math.AG,161
2014-10,math.AP,215
2014-10,math.AT,46
2014-10,math.CA,99
2014-10,math.CO,186
2014-10,math.CT,15
2014-10,math.CV,58
2014-10,math.DG,151
2014-10,math.DS,106
2014-10,math.FA,93
2014-10,math.GM,12
2014-10,math.GN,14
2014-10,math.GR,63
2014-10,math.GT,69
2014-10,math.HO,14
2014-10,math.KT,11
2014-10,math.LO,41
2014-10,math.MG,38
2014-10,math.NA,144
2014-10,math.NT,153
2014-10,math.OA,45
2014-10,math.OC,119
2014-10,math.PR,210
2014-10,math.QA,31
2014-10,math.RA,44
2014-10,math.RT,58
2014-10,math.SG,13
2014-10,math.SP,20
2014-10,math.ST,77
2014-10,nlin.AO,4
2014-10,nlin.CD,25
2014-10,nlin.CG,2
2014-10,nlin.PS,12
2014-10,nlin.SI,12
2014-10,nucl-ex,41
2014-10,nucl-th,101
2014-10,physics.acc-ph,52
2014-10,physics.ao-ph,21
2014-10,physics.atm-clus,7
2014-10,physics.atom-ph,54
2014-10,physics.bio-ph,26
2014-10,physics.chem-ph,40
2014-10,physics.class-ph,19
2014-10,physics.comp-ph,33
2014-10,physics.data-an,19
2014-10,physics.ed-ph,15
2014-10,physics.flu-dyn,82
2014-10,physics.gen-ph,24
2014-10,physics.geo-ph,13
2014-10,physics.hist-ph,14
2014-10,physics.ins-det,82
2014-10,physics.med-ph,16
2014-10,physics.optics,140
2014-10,physics.plasm-ph,50
2014-10,physics.pop-ph,11
2014-10,physics.soc-ph,54
2014-10,physics.space-ph,11
2014-10,q-bio.BM,11
2014-10,q-bio.CB,6
2014-10,q-bio.GN,10
2014-10,q-bio.MN,17
2014-10,q-bio.NC,29
2014-10,q-bio.OT,3
2014-10,q-bio.PE,33
2014-10,q-bio.QM,21
2014-10,q-bio.SC,2
2014-10,q-bio.TO,1
2014-10,q-fin.CP,3
2014-10,q-fin.GN,10
2014-10,q-fin.MF,15
2014-10,q-fin.PM,8
2014-10,q-fin.PR,5
2014-10,q-fin.RM,8
2014-10,q-fin.ST,4
2014-10,q-fin.TR,2
2014-10,quant-ph,395
2014-10,stat.AP,32
2014-10,stat.CO,19
2014-10,stat.ME,82
2014-10,stat.ML,64
2014-10,stat.OT,7
2014-11,astro-ph.CO,133
2014-11,astro-ph.EP,84
2014-11,astro-ph.GA,277
2014-11,astro-ph.HE,170
2014-11,astro-ph.IM,81
2014-11,astro-ph.SR,240
2014-11,cond-mat.dis-nn,27
2014-11,cond-mat.mes-hall,242
2014-11,cond-mat.mtrl-sci,197
2014-11,cond-mat.other,14
2014-11,cond-mat.quant-gas,104
2014-11,cond-mat.soft,84
2014-11,cond-mat.stat-mech,102
2014-11,cond-mat.str-el,180
2014-11,cond-mat.supr-con,85
2014-11,cs.AI,53
2014-11,cs.AR,7
2014-11,cs.CC,33
2014-11,cs.CE,11
2014-11,cs.CG,27
2014-11,cs.CL,27
2014-11,cs.CR,41
2014-11,cs.CV,136
2014-11,cs.CY,28
2014-11,cs.DB,22
2014-11,cs.DC,39
2014-11,cs.DL,16
2014-11,cs.DM,25
2014-11,cs.DS,75
2014-11,cs.ET,12
2014-11,cs.FL,11
2014-11,cs.GR,3
2014-11,cs.GT,22
2014-11,cs.HC,10
2014-11,cs.IR,13
2014-11,cs.IT,163
2014-11,cs.LG,65
2014-11,cs.LO,36
2014-11,cs.MA,5
2014-11,cs.MM,8
2014-11,cs.MS,2
2014-11,cs.NE,18
2014-11,cs.NI,60
2014-11,cs.OH,8
2014-11,cs.OS,1
2014-11,cs.PF,6
2014-11,cs.PL,10
2014-11,cs.RO,21
2014-11,cs.SC,2
2014-11,cs.SD,8
2014-11,cs.SE,27
2014-11,cs.SI,53
2014-11,econ.GN,5
2014-11,eess.SY,39
2014-11,gr-qc,193
2014-11,hep-ex,124
2014-11,hep-lat,129
2014-11,hep-ph,447
2014-11,hep-th,286
2014-11,math-ph,155
2014-11,math.AC,22
2014-11,math.AG,161
2014-11,math.AP,253
2014-11,math.AT,37
2014-11,math.CA,65
2014-11,math.CO,152
2014-11,math.CT,12
2014-11,math.CV,69
2014-11,math.DG,159
2014-11,math.DS,119
2014-11,math.FA,82
2014-11,math.GM,11
2014-11,math.GN,11
2014-11,math.GR,60
2014-11,math.GT,78
2014-11,math.HO,10
2014-11,math.KT,13
2014-11,math.LO,46
2014-11,math.MG,35
2014-11,math.NA,130
2014-11,math.NT,126
2014-11,math.OA,42
2014-11,math.OC,89
2014-11,math.PR,158
2014-11,math.QA,23
2014-11,math.RA,51
2014-11,math.RT,61
2014-11,math.SG,30
2014-11,math.SP,20
2014-11,math.ST,84
2014-11,nlin.AO,8
2014-11,nlin.CD,15
2014-11,nlin.CG,3
2014-11,nlin.PS,18
2014-11,nlin.SI,17
2014-11,nucl-ex,39
2014-11,nucl-th,126
2014-11,physics.acc-ph,31
2014-11,physics.ao-ph,5
2014-11,physics.atm-clus,4
2014-11,physics.atom-ph,41
2014-11,physics.bio-ph,25
2014-11,physics.chem-ph,28
2014-11,physics.class-ph,20
2014-11,physics.comp-ph,26
2014-11,physics.data-an,13
2014-11,physics.ed-ph,5
2014-11,physics.flu-dyn,65
2014-11,physics.gen-ph,18
2014-11,physics.geo-ph,9
2014-11,physics.hist-ph,18
2014-11,physics.ins-det,69
2014-11,physics.med-ph,8
2014-11,physics.optics,137
2014-11,physics.plasm-ph,42
2014-11,physics.pop-ph,3
2014-11,physics.soc-ph,58
2014-11,physics.space-ph,10
2014-11,q-bio.BM,10
2014-11,q-bio.CB,5
2014-11,q-bio.GN,8
2014-11,q-bio.MN,11
2014-11,q-bio.NC,31
2014-11,q-bio.OT,6
2014-11,q-bio.PE,30
2014-11,q-bio.QM,17
2014-11,q-bio.SC,3
2014-11,q-bio.TO,3
2014-11,q-fin.CP,2
2014-11,q-fin.GN,4
2014-11,q-fin.MF,11
2014-11,q-fin.PM,6
2014-11,q-fin.PR,4
2014-11,q-fin.RM,8
2014-11,q-fin.ST,7
2014-11,q-fin.TR,5
2014-11,quant-ph,349
2014-11,stat.AP,49
2014-11,stat.CO,18
2014-11,stat.ME,71
2014-11,stat.ML,72
2014-11,stat.OT,3
2014-12,astro-ph.CO,166
2014-12,astro-ph.EP,85
2014-12,astro-ph.GA,243
2014-12,astro-ph.HE,217
2014-12,astro-ph.IM,79
2014-12,astro-ph.SR,223
2014-12,cond-mat.dis-nn,31
2014-12,cond-mat.mes-hall,285
2014-12,cond-mat.mtrl-sci,235
2014-12,cond-mat.other,15
2014-12,cond-mat.quant-gas,79
2014-12,cond-mat.soft,98
2014-12,cond-mat.stat-mech,142
2014-12,cond-mat.str-el,162
2014-12,cond-mat.supr-con,115
2014-12,cs.AI,48
2014-12,cs.AR,7
2014-12,cs.CC,29
2014-12,cs.CE,22
2014-12,cs.CG,26
2014-12,cs.CL,57
2014-12,cs.CR,41
2014-12,cs.CV,168
2014-12,cs.CY,34
2014-12,cs.DB,23
2014-12,cs.DC,44
2014-12,cs.DL,10
2014-12,cs.DM,16
2014-12,cs.DS,68
2014-12,cs.ET,11
2014-12,cs.FL,18
2014-12,cs.GR,4
2014-12,cs.GT,28
2014-12,cs.HC,13
2014-12,cs.IR,14
2014-12,cs.IT,154
2014-12,cs.LG,94
2014-12,cs.LO,41
2014-12,cs.MA,7
2014-12,cs.MM,5
2014-12,cs.MS,6
2014-12,cs.NE,34
2014-12,cs.NI,76
2014-12,cs.OH,7
2014-12,cs.PF,3
2014-12,cs.PL,24
2014-12,cs.RO,18
2014-12,cs.SC,8
2014-12,cs.SD,5
2014-12,cs.SE,34
2014-12,cs.SI,43
2014-12,econ.GN,4
2014-12,eess.SY,39
2014-12,gr-qc,253
2014-12,hep-ex,84
2014-12,hep-lat,79
2014-12,hep-ph,409
2014-12,hep-th,433
2014-12,math-ph,141
2014-12,math.AC,30
2014-12,math.AG,132
2014-12,math.AP,219
2014-12,math.AT,41
2014-12,math.CA,54
2014-12,math.CO,204
2014-12,math.CT,20
2014-12,math.CV,41
2014-12,math.DG,124
2014-12,math.DS,92
2014-12,math.FA,74
2014-12,math.GM,9
2014-12,math.GN,22
2014-12,math.GR,65
2014-12,math.GT,76
2014-12,math.HO,12
2014-12,math.KT,21
2014-12,math.LO,37
2014-12,math.MG,48
2014-12,math.NA,114
2014-12,math.NT,141
2014-12,math.OA,36
2014-12,math.OC,113
2014-12,math.PR,193
2014-12,math.QA,36
2014-12,math.RA,50
2014-12,math.RT,62
2014-12,math.SG,21
2014-12,math.SP,29
2014-12,math.ST,67
2014-12,nlin.AO,8
2014-12,nlin.CD,25
2014-12,nlin.PS,15
2014-12,nlin.SI,23
2014-12,nucl-ex,34
2014-12,nucl-th,88
2014-12,physics.acc-ph,21
2014-12,physics.ao-ph,8
2014-12,physics.atm-clus,6
2014-12,physics.atom-ph,58
2014-12,physics.bio-ph,33
2014-12,physics.chem-ph,44
2014-12,physics.class-ph,18
2014-12,physics.comp-ph,33
2014-12,physics.data-an,12
2014-12,physics.ed-ph,9
2014-12,physics.flu-dyn,73
2014-12,physics.gen-ph,28
2014-12,physics.geo-ph,14
2014-12,physics.hist-ph,23
2014-12,physics.ins-det,70
2014-12,physics.med-ph,10
2014-12,physics.optics,144
2014-12,physics.plasm-ph,54
2014-12,physics.pop-ph,3
2014-12,physics.soc-ph,55
2014-12,physics.space-ph,8
2014-12,q-bio.BM,20
2014-12,q-bio.CB,3
2014-12,q-bio.GN,4
2014-12,q-bio.MN,12
2014-12,q-bio.NC,21
2014-12,q-bio.OT,2
2014-12,q-bio.PE,33
2014-12,q-bio.QM,21
2014-12,q-bio.SC,5
2014-12,q-bio.TO,7
2014-12,q-fin.CP,3
2014-12,q-fin.GN,6
2014-12,q-fin.MF,11
2014-12,q-fin.PM,3
2014-12,q-fin.PR,4
2014-12,q-fin.RM,5
2014-12,q-fin.ST,7
2014-12,q-fin.TR,6
2014-12,quant-ph,391
2014-12,stat.AP,34
2014-12,stat.CO,26
2014-12,stat.ME,66
2014-12,stat.ML,59
2014-12,stat.OT,3
2015-01,astro-ph.CO,144
2015-01,astro-ph.EP,98
2015-01,astro-ph.GA,271
2015-01,astro-ph.HE,206
2015-01,astro-ph.IM,95
2015-01,astro-ph.SR,241
2015-01,cond-mat.dis-nn,31
2015-01,cond-mat.mes-hall,238
2015-01,cond-mat.mtrl-sci,215
2015-01,cond-mat.other,8
2015-01,cond-mat.quant-gas,75
2015-01,cond-mat.soft,76
2015-01,cond-mat.stat-mech,125
2015-01,cond-mat.str-el,165
2015-01,cond-mat.supr-con,95
2015-01,cs.AI,40
2015-01,cs.AR,3
2015-01,cs.CC,21
2015-01,cs.CE,22
2015-01,cs.CG,20
2015-01,cs.CL,16
2015-01,cs.CR,41
2015-01,cs.CV,118
2015-01,cs.CY,26
2015-01,cs.DB,26
2015-01,cs.DC,46
2015-01,cs.DL,13
2015-01,cs.DM,19
2015-01,cs.DS,45
2015-01,cs.ET,2
2015-01,cs.FL,20
2015-01,cs.GR,3
2015-01,cs.GT,18
2015-01,cs.HC,13
2015-01,cs.IR,24
2015-01,cs.IT,233
2015-01,cs.LG,42
2015-01,cs.LO,44
2015-01,cs.MA,2
2015-01,cs.MM,8
2015-01,cs.MS,6
2015-01,cs.NE,10
2015-01,cs.NI,59
2015-01,cs.OH,11
2015-01,cs.OS,2
2015-01,cs.PF,2
2015-01,cs.PL,22
2015-01,cs.RO,18
2015-01,cs.SC,12
2015-01,cs.SD,3
2015-01,cs.SE,22
2015-01,cs.SI,51
2015-01,econ.GN,3
2015-01,eess.SY,44
2015-01,gr-qc,214
2015-01,hep-ex,64
2015-01,hep-lat,53
2015-01,hep-ph,317
2015-01,hep-th,238
2015-01,math-ph,137
2015-01,math.AC,33
2015-01,math.AG,127
2015-01,math.AP,201
2015-01,math.AT,41
2015-01,math.CA,70
2015-01,math.CO,188
2015-01,math.CT,21
2015-01,math.CV,57
2015-01,math.DG,124
2015-01,math.DS,88
2015-01,math.FA,84
2015-01,math.GM,11
2015-01,math.GN,15
2015-01,math.GR,75
2015-01,math.GT,56
2015-01,math.HO,12
2015-01,math.KT,10
2015-01,math.LO,31
2015-01,math.MG,38
2015-01,math.NA,116
2015-01,math.NT,124
2015-01,math.OA,35
2015-01,math.OC,101
2015-01,math.PR,202
2015-01,math.QA,24
2015-01,math.RA,48
2015-01,math.RT,63
2015-01,math.SG,17
2015-01,math.SP,31
2015-01,math.ST,55
2015-01,nlin.AO,7
2015-01,nlin.CD,29
2015-01,nlin.CG,4
2015-01,nlin.PS,25
2015-01,nlin.SI,16
2015-01,nucl-ex,46
2015-01,nucl-th,98
2015-01,physics.acc-ph,41
2015-01,physics.ao-ph,8
2015-01,physics.atm-clus,1
2015-01,physics.atom-ph,59
2015-01,physics.bio-ph,26
2015-01,physics.chem-ph,54
2015-01,physics.class-ph,18
2015-01,physics.comp-ph,19
2015-01,physics.data-an,8
2015-01,physics.ed-ph,14
2015-01,physics.flu-dyn,69
2015-01,physics.gen-ph,15
2015-01,physics.geo-ph,12
2015-01,physics.hist-ph,18
2015-01,physics.ins-det,59
2015-01,physics.med-ph,13
2015-01,physics.optics,119
2015-01,physics.plasm-ph,39
2015-01,physics.pop-ph,6
2015-01,physics.soc-ph,47
2015-01,physics.space-ph,2
2015-01,q-bio.BM,13
2015-01,q-bio.CB,4
2015-01,q-bio.GN,6
2015-01,q-bio.MN,9
2015-01,q-bio.NC,32
2015-01,q-bio.OT,3
2015-01,q-bio.PE,25
2015-01,q-bio.QM,23
2015-01,q-bio.SC,6
2015-01,q-bio.TO,7
2015-01,q-fin.CP,3
2015-01,q-fin.GN,6
2015-01,q-fin.MF,7
2015-01,q-fin.PM,5
2015-01,q-fin.PR,5
2015-01,q-fin.RM,3
2015-01,q-fin.ST,8
2015-01,q-fin.TR,4
2015-01,quant-ph,331
2015-01,stat.AP,52
2015-01,stat.CO,19
2015-01,stat.ME,72
2015-01,stat.ML,51
2015-01,stat.OT,4
2015-02,astro-ph.CO,147
2015-02,astro-ph.EP,99
2015-02,astro-ph.GA,225
2015-02,astro-ph.HE,220
2015-02,astro-ph.IM,87
2015-02,astro-ph.SR,224
2015-02,cond-mat.dis-nn,19
2015-02,cond-mat.mes-hall,287
2015-02,cond-mat.mtrl-sci,231
2015-02,cond-mat.other,2
2015-02,cond-mat.quant-gas,85
2015-02,cond-mat.soft,95
2015-02,cond-mat.stat-mech,112
2015-02,cond-mat.str-el,154
2015-02,cond-mat.supr-con,94
2015-02,cs.AI,52
2015-02,cs.AR,6
2015-02,cs.CC,30
2015-02,cs.CE,9
2015-02,cs.CG,15
2015-02,cs.CL,25
2015-02,cs.CR,56
2015-02,cs.CV,146
2015-02,cs.CY,37
2015-02,cs.DB,17
2015-02,cs.DC,49
2015-02,cs.DL,15
2015-02,cs.DM,29
2015-02,cs.DS,76
2015-02,cs.ET,5
2015-02,cs.FL,13
2015-02,cs.GR,8
2015-02,cs.GT,30
2015-02,cs.HC,11
2015-02,cs.IR,27
2015-02,cs.IT,171
2015-02,cs.LG,104
2015-02,cs.LO,55
2015-02,cs.MA,7
2015-02,cs.MM,18
2015-02,cs.MS,5
2015-02,cs.NE,21
2015-02,cs.NI,58
2015-02,cs.OH,14
2015-02,cs.OS,2
2015-02,cs.PL,10
2015-02,cs.RO,14
2015-02,cs.SC,9
2015-02,cs.SD,11
2015-02,cs.SE,27
2015-02,cs.SI,43
2015-02,econ.GN,8
2015-02,eess.SY,38
2015-02,gr-qc,205
2015-02,hep-ex,48
2015-02,hep-lat,40
2015-02,hep-ph,300
2015-02,hep-th,258
2015-02,math-ph,129
2015-02,math.AC,25
2015-02,math.AG,130
2015-02,math.AP,221
2015-02,math.AT,48
2015-02,math.CA,77
2015-02,math.CO,181
2015-02,math.CT,17
2015-02,math.CV,53
2015-02,math.DG,119
2015-02,math.DS,102
2015-02,math.FA,82
2015-02,math.GM,8
2015-02,math.GN,8
2015-02,math.GR,60
2015-02,math.GT,58
2015-02,math.HO,19
2015-02,math.KT,9
2015-02,math.LO,43
2015-02,math.MG,22
2015-02,math.NA,113
2015-02,math.NT,117
2015-02,math.OA,27
2015-02,math.OC,83
2015-02,math.PR,145
2015-02,math.QA,28
2015-02,math.RA,39
2015-02,math.RT,60
2015-02,math.SG,21
2015-02,math.SP,19
2015-02,math.ST,80
2015-02,nlin.AO,10
2015-02,nlin.CD,27
2015-02,nlin.CG,1
2015-02,nlin.PS,10
2015-02,nlin.SI,11
2015-02,nucl-ex,32
2015-02,nucl-th,92
2015-02,physics.acc-ph,45
2015-02,physics.ao-ph,15
2015-02,physics.atm-clus,4
2015-02,physics.atom-ph,46
2015-02,physics.bio-ph,24
2015-02,physics.chem-ph,41
2015-02,physics.class-ph,15
2015-02,physics.comp-ph,26
2015-02,physics.data-an,8
2015-02,physics.ed-ph,12
2015-02,physics.flu-dyn,57
2015-02,physics.gen-ph,25
2015-02,physics.geo-ph,14
2015-02,physics.hist-ph,19
2015-02,physics.ins-det,61
2015-02,physics.med-ph,10
2015-02,physics.optics,163
2015-02,physics.plasm-ph,44
2015-02,physics.pop-ph,4
2015-02,physics.soc-ph,64
2015-02,physics.space-ph,11
2015-02,q-bio.BM,10
2015-02,q-bio.CB,2
2015-02,q-bio.GN,12
2015-02,q-bio.MN,10
2015-02,q-bio.NC,30
2015-02,q-bio.OT,6
2015-02,q-bio.PE,27
2015-02,q-bio.QM,16
2015-02,q-bio.SC,3
2015-02,q-bio.TO,1
2015-02,q-fin.CP,2
2015-02,q-fin.GN,9
2015-02,q-fin.MF,18
2015-02,q-fin.PM,4
2015-02,q-fin.PR,6
2015-02,q-fin.RM,5
2015-02,q-fin.ST,4
2015-02,q-fin.TR,5
2015-02,quant-ph,388
2015-02,stat.AP,34
2015-02,stat.CO,31
2015-02,stat.ME,70
2015-02,stat.ML,72
2015-02,stat.OT,3
2015-03,astro-ph.CO,154
2015-03,astro-ph.EP,102
2015-03,astro-ph.GA,287
2015-03,astro-ph.HE,213
2015-03,astro-ph.IM,81
2015-03,astro-ph.SR,251
2015-03,cond-mat.dis-nn,27
2015-03,cond-mat.mes-hall,305
2015-03,cond-mat.mtrl-sci,300
2015-03,cond-mat.other,7
2015-03,cond-mat.quant-gas,72
2015-03,cond-mat.soft,121
2015-03,cond-mat.stat-mech,132
2015-03,cond-mat.str-el,182
2015-03,cond-mat.supr-con,90
2015-03,cs.AI,38
2015-03,cs.AR,7
2015-03,cs.CC,13
2015-03,cs.CE,10
2015-03,cs.CG,21
2015-03,cs.CL,34
2015-03,cs.CR,44
2015-03,cs.CV,117
2015-03,cs.CY,37
2015-03,cs.DB,41
2015-03,cs.DC,48
2015-03,cs.DL,19
2015-03,cs.DM,33
2015-03,cs.DS,77
2015-03,cs.ET,15
2015-03,cs.FL,17
2015-03,cs.GR,3
2015-03,cs.GT,39
2015-03,cs.HC,20
2015-03,cs.IR,28
2015-03,cs.IT,200
2015-03,cs.LG,92
2015-03,cs.LO,53
2015-03,cs.MA,10
2015-03,cs.MM,11
2015-03,cs.MS,5
2015-03,cs.NE,21
2015-03,cs.NI,59
2015-03,cs.OH,15
2015-03,cs.PF,8
2015-03,cs.PL,18
2015-03,cs.RO,18
2015-03,cs.SC,5
2015-03,cs.SD,6
2015-03,cs.SE,36
2015-03,cs.SI,57
2015-03,econ.GN,3
2015-03,eess.SY,73
2015-03,gr-qc,255
2015-03,hep-ex,73
2015-03,hep-lat,55
2015-03,hep-ph,400
2015-03,hep-th,280
2015-03,math-ph,136
2015-03,math.AC,43
2015-03,math.AG,148
2015-03,math.AP,256
2015-03,math.AT,44
2015-03,math.CA,85
2015-03,math.CO,196
2015-03,math.CT,17
2015-03,math.CV,57
2015-03,math.DG,163
2015-03,math.DS,136
2015-03,math.FA,86
2015-03,math.GM,16
2015-03,math.GN,14
2015-03,math.GR,58
2015-03,math.GT,56
2015-03,math.HO,14
2015-03,math.KT,7
2015-03,math.LO,51
2015-03,math.MG,28
2015-03,math.NA,120
2015-03,math.NT,160
2015-03,math.OA,39
2015-03,math.OC,148
2015-03,math.PR,186
2015-03,math.QA,32
2015-03,math.RA,51
2015-03,math.RT,66
2015-03,math.SG,24
2015-03,math.SP,21
2015-03,math.ST,74
2015-03,nlin.AO,10
2015-03,nlin.CD,26
2015-03,nlin.CG,5
2015-03,nlin.PS,11
2015-03,nlin.SI,11
2015-03,nucl-ex,47
2015-03,nucl-th,90
2015-03,physics.acc-ph,28
2015-03,physics.ao-ph,23
2015-03,physics.atm-clus,10
2015-03,physics.atom-ph,59
2015-03,physics.bio-ph,34
2015-03,physics.chem-ph,43
2015-03,physics.class-ph,15
2015-03,physics.comp-ph,26
2015-03,physics.data-an,18
2015-03,physics.ed-ph,7
2015-03,physics.flu-dyn,55
2015-03,physics.gen-ph,27
2015-03,physics.geo-ph,5
2015-03,physics.hist-ph,19
2015-03,physics.ins-det,60
2015-03,physics.med-ph,41
2015-03,physics.optics,131
2015-03,physics.plasm-ph,70
2015-03,physics.pop-ph,12
2015-03,physics.soc-ph,68
2015-03,physics.space-ph,11
2015-03,q-bio.BM,8
2015-03,q-bio.CB,6
2015-03,q-bio.GN,11
2015-03,q-bio.MN,8
2015-03,q-bio.NC,31
2015-03,q-bio.OT,5
2015-03,q-bio.PE,41
2015-03,q-bio.QM,21
2015-03,q-bio.SC,6
2015-03,q-bio.TO,4
2015-03,q-fin.CP,4
2015-03,q-fin.GN,2
2015-03,q-fin.MF,12
2015-03,q-fin.PM,1
2015-03,q-fin.PR,8
2015-03,q-fin.RM,10
2015-03,q-fin.ST,9
2015-03,q-fin.TR,2
2015-03,quant-ph,393
2015-03,stat.AP,36
2015-03,stat.CO,22
2015-03,stat.ME,62
2015-03,stat.ML,66
2015-03,stat.OT,5
2015-04,astro-ph.CO,149
2015-04,astro-ph.EP,78
2015-04,astro-ph.GA,306
2015-04,astro-ph.HE,197
2015-04,astro-ph.IM,68
2015-04,astro-ph.SR,263
2015-04,cond-mat.dis-nn,22
2015-04,cond-mat.mes-hall,280
2015-04,cond-mat.mtrl-sci,244
2015-04,cond-mat.other,8
2015-04,cond-mat.quant-gas,90
2015-04,cond-mat.soft,123
2015-04,cond-mat.stat-mech,92
2015-04,cond-mat.str-el,159
2015-04,cond-mat.supr-con,96
2015-04,cs.AI,47
2015-04,cs.AR,3
2015-04,cs.CC,35
2015-04,cs.CE,8
2015-04,cs.CG,12
2015-04,cs.CL,41
2015-04,cs.CR,56
2015-04,cs.CV,149
2015-04,cs.CY,30
2015-04,cs.DB,28
2015-04,cs.DC,42
2015-04,cs.DL,15
2015-04,cs.DM,24
2015-04,cs.DS,104
2015-04,cs.ET,7
2015-04,cs.FL,17
2015-04,cs.GR,6
2015-04,cs.GT,33
2015-04,cs.HC,18
2015-04,cs.IR,22
2015-04,cs.IT,264
2015-04,cs.LG,82
2015-04,cs.LO,44
2015-04,cs.MA,4
2015-04,cs.MM,3
2015-04,cs.MS,5
2015-04,cs.NE,20
2015-04,cs.NI,55
2015-04,cs.OH,11
2015-04,cs.OS,5
2015-04,cs.PF,7
2015-04,cs.PL,17
2015-04,cs.RO,24
2015-04,cs.SC,2
2015-04,cs.SD,6
2015-04,cs.SE,40
2015-04,cs.SI,58
2015-04,econ.GN,7
2015-04,eess.SY,50
2015-04,gr-qc,211
2015-04,hep-ex,68
2015-04,hep-lat,27
2015-04,hep-ph,389
2015-04,hep-th,283
2015-04,math-ph,128
2015-04,math.AC,32
2015-04,math.AG,136
2015-04,math.AP,231
2015-04,math.AT,23
2015-04,math.CA,96
2015-04,math.CO,178
2015-04,math.CT,10
2015-04,math.CV,39
2015-04,math.DG,132
2015-04,math.DS,96
2015-04,math.FA,107
2015-04,math.GM,13
2015-04,math.GN,10
2015-04,math.GR,51
2015-04,math.GT,43
2015-04,math.HO,11
2015-04,math.KT,9
2015-04,math.LO,37
2015-04,math.MG,26
2015-04,math.NA,114
2015-04,math.NT,149
2015-04,math.OA,35
2015-04,math.OC,112
2015-04,math.PR,179
2015-04,math.QA,28
2015-04,math.RA,47
2015-04,math.RT,70
2015-04,math.SG,19
2015-04,math.SP,27
2015-04,math.ST,67
2015-04,nlin.AO,11
2015-04,nlin.CD,29
2015-04,nlin.CG,2
2015-04,nlin.PS,11
2015-04,nlin.SI,15
2015-04,nucl-ex,39
2015-04,nucl-th,93
2015-04,physics.acc-ph,39
2015-04,physics.ao-ph,9
2015-04,physics.atm-clus,3
2015-04,physics.atom-ph,50
2015-04,physics.bio-ph,29
2015-04,physics.chem-ph,44
2015-04,physics.class-ph,12
2015-04,physics.comp-ph,24
2015-04,physics.data-an,18
2015-04,physics.ed-ph,13
2015-04,physics.flu-dyn,54
2015-04,physics.gen-ph,18
2015-04,physics.geo-ph,5
2015-04,physics.hist-ph,15
2015-04,physics.ins-det,67
2015-04,physics.med-ph,9
2015-04,physics.optics,128
2015-04,physics.plasm-ph,43
2015-04,physics.soc-ph,47
2015-04,physics.space-ph,11
2015-04,q-bio.BM,13
2015-04,q-bio.CB,7
2015-04,q-bio.GN,14
2015-04,q-bio.MN,16
2015-04,q-bio.NC,19
2015-04,q-bio.PE,26
2015-04,q-bio.QM,11
2015-04,q-bio.SC,5
2015-04,q-bio.TO,2
2015-04,q-fin.CP,4
2015-04,q-fin.GN,5
2015-04,q-fin.MF,13
2015-04,q-fin.PM,4
2015-04,q-fin.PR,6
2015-04,q-fin.RM,6
2015-04,q-fin.ST,8
2015-04,q-fin.TR,6
2015-04,quant-ph,389
2015-04,stat.AP,20
2015-04,stat.CO,24
2015-04,stat.ME,73
2015-04,stat.ML,45
2015-04,stat.OT,5
2015-05,astro-ph.CO,147
2015-05,astro-ph.EP,96
2015-05,astro-ph.GA,260
2015-05,astro-ph.HE,182
2015-05,astro-ph.IM,93
2015-05,astro-ph.SR,276
2015-05,cond-mat.dis-nn,30
2015-05,cond-mat.mes-hall,264
2015-05,cond-mat.mtrl-sci,253
2015-05,cond-mat.other,13
2015-05,cond-mat.quant-gas,90
2015-05,cond-mat.soft,101
2015-05,cond-mat.stat-mech,98
2015-05,cond-mat.str-el,169
2015-05,cond-mat.supr-con,115
2015-05,cs.AI,54
2015-05,cs.AR,7
2015-05,cs.CC,23
2015-05,cs.CE,15
2015-05,cs.CG,19
2015-05,cs.CL,45
2015-05,cs.CR,52
2015-05,cs.CV,187
2015-05,cs.CY,42
2015-05,cs.DB,15
2015-05,cs.DC,68
2015-05,cs.DL,13
2015-05,cs.DM,29
2015-05,cs.DS,64
2015-05,cs.ET,4
2015-05,cs.FL,6
2015-05,cs.GR,10
2015-05,cs.GT,24
2015-05,cs.HC,17
2015-05,cs.IR,23
2015-05,cs.IT,225
2015-05,cs.LG,69
2015-05,cs.LO,54
2015-05,cs.MA,9
2015-05,cs.MM,4
2015-05,cs.MS,11
2015-05,cs.NE,16
2015-05,cs.NI,59
2015-05,cs.OH,18
2015-05,cs.OS,1
2015-05,cs.PF,2
2015-05,cs.PL,14
2015-05,cs.RO,18
2015-05,cs.SC,2
2015-05,cs.SD,2
2015-05,cs.SE,22
2015-05,cs.SI,45
2015-05,econ.GN,10
2015-05,eess.SY,42
2015-05,gr-qc,230
2015-05,hep-ex,64
2015-05,hep-lat,33
2015-05,hep-ph,397
2015-05,hep-th,309
2015-05,math-ph,137
2015-05,math.AC,29
2015-05,math.AG,139
2015-05,math.AP,233
2015-05,math.AT,34
2015-05,math.CA,101
2015-05,math.CO,184
2015-05,math.CT,17
2015-05,math.CV,51
2015-05,math.DG,132
2015-05,math.DS,102
2015-05,math.FA,71
2015-05,math.GM,12
2015-05,math.GN,13
2015-05,math.GR,68
2015-05,math.GT,66
2015-05,math.HO,12
2015-05,math.KT,6
2015-05,math.LO,29
2015-05,math.MG,27
2015-05,math.NA,138
2015-05,math.NT,133
2015-05,math.OA,44
2015-05,math.OC,111
2015-05,math.PR,177
2015-05,math.QA,27
2015-05,math.RA,51
2015-05,math.RT,56
2015-05,math.SG,11
2015-05,math.SP,27
2015-05,math.ST,62
2015-05,nlin.AO,8
2015-05,nlin.CD,12
2015-05,nlin.CG,3
2015-05,nlin.PS,15
2015-05,nlin.SI,10
2015-05,nucl-ex,27
2015-05,nucl-th,72
2015-05,physics.acc-ph,25
2015-05,physics.ao-ph,12
2015-05,physics.atm-clus,4
2015-05,physics.atom-ph,54
2015-05,physics.bio-ph,34
2015-05,physics.chem-ph,37
2015-05,physics.class-ph,15
2015-05,physics.comp-ph,16
2015-05,physics.data-an,14
2015-05,physics.ed-ph,7
2015-05,physics.flu-dyn,52
2015-05,physics.gen-ph,17
2015-05,physics.geo-ph,7
2015-05,physics.hist-ph,12
2015-05,physics.ins-det,63
2015-05,physics.med-ph,8
2015-05,physics.optics,159
2015-05,physics.plasm-ph,35
2015-05,physics.pop-ph,8
2015-05,physics.soc-ph,80
2015-05,physics.space-ph,7
2015-05,q-bio.BM,12
2015-05,q-bio.CB,6
2015-05,q-bio.GN,12
2015-05,q-bio.MN,15
2015-05,q-bio.NC,23
2015-05,q-bio.OT,2
2015-05,q-bio.PE,33
2015-05,q-bio.QM,20
2015-05,q-bio.SC,3
2015-05,q-bio.TO,15
2015-05,q-fin.CP,3
2015-05,q-fin.GN,10
2015-05,q-fin.MF,13
2015-05,q-fin.PM,2
2015-05,q-fin.PR,7
2015-05,q-fin.RM,10
2015-05,q-fin.ST,6
2015-05,q-fin.TR,3
2015-05,quant-ph,362
2015-05,stat.AP,34
2015-05,stat.CO,22
2015-05,stat.ME,78
2015-05,stat.ML,58
2015-05,stat.OT,1
2015-06,astro-ph.CO,154
2015-06,astro-ph.EP,108
2015-06,astro-ph.GA,236
2015-06,astro-ph.HE,187
2015-06,astro-ph.IM,81
2015-06,astro-ph.SR,242
2015-06,cond-mat.dis-nn,35
2015-06,cond-mat.mes-hall,307
2015-06,cond-mat.mtrl-sci,270
2015-06,cond-mat.other,11
2015-06,cond-mat.quant-gas,89
2015-06,cond-mat.soft,98
2015-06,cond-mat.stat-mech,133
2015-06,cond-mat.str-el,203
2015-06,cond-mat.supr-con,92
2015-06,cs.AI,46
2015-06,cs.AR,5
2015-06,cs.CC,30
2015-06,cs.CE,24
2015-06,cs.CG,14
2015-06,cs.CL,79
2015-06,cs.CR,65
2015-06,cs.CV,171
2015-06,cs.CY,28
2015-06,cs.DB,17
2015-06,cs.DC,57
2015-06,cs.DL,9
2015-06,cs.DM,27
2015-06,cs.DS,68
2015-06,cs.ET,7
2015-06,cs.FL,23
2015-06,cs.GL,1
2015-06,cs.GR,17
2015-06,cs.GT,30
2015-06,cs.HC,10
2015-06,cs.IR,14
2015-06,cs.IT,181
2015-06,cs.LG,117
2015-06,cs.LO,41
2015-06,cs.MA,7
2015-06,cs.MM,12
2015-06,cs.MS,12
2015-06,cs.NE,29
2015-06,cs.NI,64
2015-06,cs.OH,7
2015-06,cs.OS,2
2015-06,cs.PF,4
2015-06,cs.PL,10
2015-06,cs.RO,18
2015-06,cs.SC,5
2015-06,cs.SD,6
2015-06,cs.SE,32
2015-06,cs.SI,50
2015-06,econ.GN,18
2015-06,eess.SP,1
2015-06,eess.SY,51
2015-06,gr-qc,255
2015-06,hep-ex,70
2015-06,hep-lat,25
2015-06,hep-ph,405
2015-06,hep-th,311
2015-06,math-ph,142
2015-06,math.AC,37
2015-06,math.AG,133
2015-06,math.AP,241
2015-06,math.AT,39
2015-06,math.CA,82
2015-06,math.CO,185
2015-06,math.CT,15
2015-06,math.CV,56
2015-06,math.DG,132
2015-06,math.DS,117
2015-06,math.FA,101
2015-06,math.GM,17
2015-06,math.GN,8
2015-06,math.GR,72
2015-06,math.GT,81
2015-06,math.HO,13
2015-06,math.KT,18
2015-06,math.LO,39
2015-06,math.MG,28
2015-06,math.NA,126
2015-06,math.NT,147
2015-06,math.OA,30
2015-06,math.OC,123
2015-06,math.PR,204
2015-06,math.QA,28
2015-06,math.RA,40
2015-06,math.RT,83
2015-06,math.SG,13
2015-06,math.SP,31
2015-06,math.ST,88
2015-06,nlin.AO,15
2015-06,nlin.CD,20
2015-06,nlin.CG,6
2015-06,nlin.PS,12
2015-06,nlin.SI,12
2015-06,nucl-ex,43
2015-06,nucl-th,107
2015-06,physics.acc-ph,27
2015-06,physics.ao-ph,13
2015-06,physics.atm-clus,6
2015-06,physics.atom-ph,69
2015-06,physics.bio-ph,25
2015-06,physics.chem-ph,34
2015-06,physics.class-ph,12
2015-06,physics.comp-ph,24
2015-06,physics.data-an,16
2015-06,physics.ed-ph,9
2015-06,physics.flu-dyn,62
2015-06,physics.gen-ph,29
2015-06,physics.geo-ph,15
2015-06,physics.hist-ph,22
2015-06,physics.ins-det,85
2015-06,physics.med-ph,15
2015-06,physics.optics,154
2015-06,physics.plasm-ph,50
2015-06,physics.pop-ph,10
2015-06,physics.soc-ph,62
2015-06,physics.space-ph,6
2015-06,q-bio.BM,15
2015-06,q-bio.CB,4
2015-06,q-bio.GN,7
2015-06,q-bio.MN,7
2015-06,q-bio.NC,24
2015-06,q-bio.OT,1
2015-06,q-bio.PE,44
2015-06,q-bio.QM,16
2015-06,q-bio.SC,3
2015-06,q-bio.TO,5
2015-06,q-fin.CP,5
2015-06,q-fin.GN,7
2015-06,q-fin.MF,9
2015-06,q-fin.PM,3
2015-06,q-fin.PR,5
2015-06,q-fin.RM,5
2015-06,q-fin.ST,4
2015-06,q-fin.TR,4
2015-06,quant-ph,388
2015-06,stat.AP,35
2015-06,stat.CO,28
2015-06,stat.ME,90
2015-06,stat.ML,118
2015-06,stat.OT,2
2015-07,astro-ph.CO,169
2015-07,astro-ph.EP,94
2015-07,astro-ph.GA,296
2015-07,astro-ph.HE,186
2015-07,astro-ph.IM,70
2015-07,astro-ph.SR,260
2015-07,cond-mat.dis-nn,30
2015-07,cond-mat.mes-hall,316
2015-07,cond-mat.mtrl-sci,235
2015-07,cond-mat.other,8
2015-07,cond-mat.quant-gas,79
2015-07,cond-mat.soft,130
2015-07,cond-mat.stat-mech,139
2015-07,cond-mat.str-el,190
2015-07,cond-mat.supr-con,106
2015-07,cs.AI,57
2015-07,cs.AR,2
2015-07,cs.CC,24
2015-07,cs.CE,9
2015-07,cs.CG,25
2015-07,cs.CL,52
2015-07,cs.CR,56
2015-07,cs.CV,117
2015-07,cs.CY,76
2015-07,cs.DB,20
2015-07,cs.DC,62
2015-07,cs.DL,17
2015-07,cs.DM,31
2015-07,cs.DS,104
2015-07,cs.ET,13
2015-07,cs.FL,12
2015-07,cs.GR,7
2015-07,cs.GT,41
2015-07,cs.HC,19
2015-07,cs.IR,20
2015-07,cs.IT,188
2015-07,cs.LG,78
2015-07,cs.LO,64
2015-07,cs.MA,3
2015-07,cs.MM,7
2015-07,cs.MS,1
2015-07,cs.NE,24
2015-07,cs.NI,63
2015-07,cs.OH,1
2015-07,cs.PF,1
2015-07,cs.PL,24
2015-07,cs.RO,18
2015-07,cs.SC,5
2015-07,cs.SD,6
2015-07,cs.SE,47
2015-07,cs.SI,64
2015-07,econ.GN,10
2015-07,eess.SY,51
2015-07,gr-qc,209
2015-07,hep-ex,62
2015-07,hep-lat,31
2015-07,hep-ph,490
2015-07,hep-th,336
2015-07,math-ph,129
2015-07,math.AC,37
2015-07,math.AG,157
2015-07,math.AP,221
2015-07,math.AT,43
2015-07,math.CA,84
2015-07,math.CO,217
2015-07,math.CT,19
2015-07,math.CV,49
2015-07,math.DG,123
2015-07,math.DS,114
2015-07,math.FA,94
2015-07,math.GM,12
2015-07,math.GN,13
2015-07,math.GR,65
2015-07,math.GT,60
2015-07,math.HO,14
2015-07,math.KT,10
2015-07,math.LO,30
2015-07,math.MG,42
2015-07,math.NA,124
2015-07,math.NT,142
2015-07,math.OA,41
2015-07,math.OC,161
2015-07,math.PR,198
2015-07,math.QA,30
2015-07,math.RA,46
2015-07,math.RT,78
2015-07,math.SG,20
2015-07,math.SP,26
2015-07,math.ST,81
2015-07,nlin.AO,8
2015-07,nlin.CD,30
2015-07,nlin.CG,4
2015-07,nlin.PS,18
2015-07,nlin.SI,10
2015-07,nucl-ex,31
2015-07,nucl-th,86
2015-07,physics.acc-ph,30
2015-07,physics.ao-ph,6
2015-07,physics.atm-clus,6
2015-07,physics.atom-ph,58
2015-07,physics.bio-ph,26
2015-07,physics.chem-ph,44
2015-07,physics.class-ph,12
2015-07,physics.comp-ph,46
2015-07,physics.data-an,12
2015-07,physics.ed-ph,29
2015-07,physics.flu-dyn,64
2015-07,physics.gen-ph,28
2015-07,physics.geo-ph,11
2015-07,physics.hist-ph,5
2015-07,physics.ins-det,67
2015-07,physics.med-ph,9
2015-07,physics.optics,146
2015-07,physics.plasm-ph,45
2015-07,physics.pop-ph,3
2015-07,physics.soc-ph,69
2015-07,physics.space-ph,9
2015-07,q-bio.BM,5
2015-07,q-bio.CB,11
2015-07,q-bio.GN,8
2015-07,q-bio.MN,10
2015-07,q-bio.NC,28
2015-07,q-bio.OT,2
2015-07,q-bio.PE,32
2015-07,q-bio.QM,20
2015-07,q-bio.SC,3
2015-07,q-bio.TO,3
2015-07,q-fin.CP,3
2015-07,q-fin.GN,8
2015-07,q-fin.MF,4
2015-07,q-fin.PM,3
2015-07,q-fin.PR,7
2015-07,q-fin.RM,7
2015-07,q-fin.ST,9
2015-07,q-fin.TR,3
2015-07,quant-ph,365
2015-07,stat.AP,43
2015-07,stat.CO,32
2015-07,stat.ME,69
2015-07,stat.ML,69
2015-07,stat.OT,8
2015-08,astro-ph.CO,107
2015-08,astro-ph.EP,107
2015-08,astro-ph.GA,235
2015-08,astro-ph.HE,211
2015-08,astro-ph.IM,121
2015-08,astro-ph.SR,192
2015-08,cond-mat.dis-nn,28
2015-08,cond-mat.mes-hall,246
2015-08,cond-mat.mtrl-sci,261
2015-08,cond-mat.other,8
2015-08,cond-mat.quant-gas,82
2015-08,cond-mat.soft,107
2015-08,cond-mat.stat-mech,110
2015-08,cond-mat.str-el,182
2015-08,cond-mat.supr-con,100
2015-08,cs.AI,43
2015-08,cs.AR,9
2015-08,cs.CC,26
2015-08,cs.CE,13
2015-08,cs.CG,19
2015-08,cs.CL,64
2015-08,cs.CR,34
2015-08,cs.CV,101
2015-08,cs.CY,31
2015-08,cs.DB,20
2015-08,cs.DC,62
2015-08,cs.DL,8
2015-08,cs.DM,30
2015-08,cs.DS,54
2015-08,cs.ET,9
2015-08,cs.FL,9
2015-08,cs.GR,5
2015-08,cs.GT,20
2015-08,cs.HC,7
2015-08,cs.IR,13
2015-08,cs.IT,181
2015-08,cs.LG,60
2015-08,cs.LO,40
2015-08,cs.MA,5
2015-08,cs.MM,9
2015-08,cs.MS,5
2015-08,cs.NE,19
2015-08,cs.NI,57
2015-08,cs.OH,7
2015-08,cs.OS,2
2015-08,cs.PF,1
2015-08,cs.PL,15
2015-08,cs.RO,11
2015-08,cs.SC,1
2015-08,cs.SD,6
2015-08,cs.SE,38
2015-08,cs.SI,51
2015-08,econ.GN,7
2015-08,eess.SY,46
2015-08,gr-qc,200
2015-08,hep-ex,51
2015-08,hep-lat,51
2015-08,hep-ph,360
2015-08,hep-th,299
2015-08,math-ph,127
2015-08,math.AC,43
2015-08,math.AG,123
2015-08,math.AP,214
2015-08,math.AT,31
2015-08,math.CA,92
2015-08,math.CO,222
2015-08,math.CT,10
2015-08,math.CV,43
2015-08,math.DG,102
2015-08,math.DS,100
2015-08,math.FA,75
2015-08,math.GM,8
2015-08,math.GN,18
2015-08,math.GR,56
2015-08,math.GT,75
2015-08,math.HO,13
2015-08,math.KT,7
2015-08,math.LO,44
2015-08,math.MG,35
2015-08,math.NA,115
2015-08,math.NT,132
2015-08,math.OA,29
2015-08,math.OC,133
2015-08,math.PR,200
2015-08,math.QA,25
2015-08,math.RA,46
2015-08,math.RT,58
2015-08,math.SG,25
2015-08,math.SP,15
2015-08,math.ST,51
2015-08,nlin.AO,15
2015-08,nlin.CD,14
2015-08,nlin.CG,1
2015-08,nlin.PS,16
2015-08,nlin.SI,11
2015-08,nucl-ex,27
2015-08,nucl-th,99
2015-08,physics.acc-ph,26
2015-08,physics.ao-ph,9
2015-08,physics.atm-clus,3
2015-08,physics.atom-ph,42
2015-08,physics.bio-ph,21
2015-08,physics.chem-ph,36
2015-08,physics.class-ph,19
2015-08,physics.comp-ph,28
2015-08,physics.data-an,11
2015-08,physics.ed-ph,19
2015-08,physics.flu-dyn,66
2015-08,physics.gen-ph,20
2015-08,physics.geo-ph,7
2015-08,physics.hist-ph,21
2015-08,physics.ins-det,71
2015-08,physics.med-ph,13
2015-08,physics.optics,141
2015-08,physics.plasm-ph,44
2015-08,physics.pop-ph,4
2015-08,physics.soc-ph,49
2015-08,physics.space-ph,8
2015-08,q-bio.BM,12
2015-08,q-bio.CB,5
2015-08,q-bio.GN,11
2015-08,q-bio.MN,14
2015-08,q-bio.NC,21
2015-08,q-bio.OT,2
2015-08,q-bio.PE,25
2015-08,q-bio.QM,16
2015-08,q-bio.SC,3
2015-08,q-bio.TO,8
2015-08,q-fin.CP,9
2015-08,q-fin.GN,5
2015-08,q-fin.MF,5
2015-08,q-fin.PM,3
2015-08,q-fin.PR,4
2015-08,q-fin.RM,4
2015-08,q-fin.ST,10
2015-08,q-fin.TR,5
2015-08,quant-ph,347
2015-08,stat.AP,35
2015-08,stat.CO,15
2015-08,stat.ME,89
2015-08,stat.ML,54
2015-08,stat.OT,6
2015-09,astro-ph.CO,156
2015-09,astro-ph.EP,102
2015-09,astro-ph.GA,285
2015-09,astro-ph.HE,217
2015-09,astro-ph.IM,159
2015-09,astro-ph.SR,280
2015-09,cond-mat.dis-nn,29
2015-09,cond-mat.mes-hall,305
2015-09,cond-mat.mtrl-sci,284
2015-09,cond-mat.other,6
2015-09,cond-mat.quant-gas,79
2015-09,cond-mat.soft,102
2015-09,cond-mat.stat-mech,120
2015-09,cond-mat.str-el,175
2015-09,cond-mat.supr-con,86
2015-09,cs.AI,48
2015-09,cs.AR,10
2015-09,cs.CC,19
2015-09,cs.CE,11
2015-09,cs.CG,30
2015-09,cs.CL,56
2015-09,cs.CR,32
2015-09,cs.CV,154
2015-09,cs.CY,29
2015-09,cs.DB,22
2015-09,cs.DC,48
2015-09,cs.DL,12
2015-09,cs.DM,37
2015-09,cs.DS,64
2015-09,cs.ET,8
2015-09,cs.FL,15
2015-09,cs.GR,6
2015-09,cs.GT,32
2015-09,cs.HC,17
2015-09,cs.IR,14
2015-09,cs.IT,216
2015-09,cs.LG,93
2015-09,cs.LO,64
2015-09,cs.MA,4
2015-09,cs.MM,9
2015-09,cs.MS,4
2015-09,cs.NE,31
2015-09,cs.NI,89
2015-09,cs.OH,10
2015-09,cs.OS,1
2015-09,cs.PF,6
2015-09,cs.PL,14
2015-09,cs.RO,32
2015-09,cs.SD,15
2015-09,cs.SE,33
2015-09,cs.SI,51
2015-09,econ.GN,9
2015-09,eess.SY,77
2015-09,gr-qc,225
2015-09,hep-ex,109
2015-09,hep-lat,46
2015-09,hep-ph,414
2015-09,hep-th,302
2015-09,math-ph,140
2015-09,math.AC,32
2015-09,math.AG,147
2015-09,math.AP,285
2015-09,math.AT,37
2015-09,math.CA,109
2015-09,math.CO,203
2015-09,math.CT,10
2015-09,math.CV,51
2015-09,math.DG,97
2015-09,math.DS,118
2015-09,math.FA,87
2015-09,math.GM,15
2015-09,math.GN,20
2015-09,math.GR,96
2015-09,math.GT,70
2015-09,math.HO,11
2015-09,math.KT,12
2015-09,math.LO,57
2015-09,math.MG,37
2015-09,math.NA,126
2015-09,math.NT,132
2015-09,math.OA,36
2015-09,math.OC,144
2015-09,math.PR,202
2015-09,math.QA,34
2015-09,math.RA,48
2015-09,math.RT,79
2015-09,math.SG,24
2015-09,math.SP,24
2015-09,math.ST,75
2015-09,nlin.AO,9
2015-09,nlin.CD,25
2015-09,nlin.CG,3
2015-09,nlin.PS,17
2015-09,nlin.SI,10
2015-09,nucl-ex,67
2015-09,nucl-th,141
2015-09,physics.acc-ph,24
2015-09,physics.ao-ph,14
2015-09,physics.atm-clus,6
2015-09,physics.atom-ph,57
2015-09,physics.bio-ph,38
2015-09,physics.chem-ph,49
2015-09,physics.class-ph,26
2015-09,physics.comp-ph,30
2015-09,physics.data-an,8
2015-09,physics.ed-ph,13
2015-09,physics.flu-dyn,79
2015-09,physics.gen-ph,26
2015-09,physics.geo-ph,6
2015-09,physics.hist-ph,13
2015-09,physics.ins-det,93
2015-09,physics.med-ph,10
2015-09,physics.optics,158
2015-09,physics.plasm-ph,44
2015-09,physics.pop-ph,5
2015-09,physics.soc-ph,74
2015-09,physics.space-ph,9
2015-09,q-bio.BM,7
2015-09,q-bio.CB,4
2015-09,q-bio.GN,7
2015-09,q-bio.MN,16
2015-09,q-bio.NC,27
2015-09,q-bio.OT,2
2015-09,q-bio.PE,30
2015-09,q-bio.QM,26
2015-09,q-bio.SC,6
2015-09,q-bio.TO,5
2015-09,q-fin.CP,5
2015-09,q-fin.GN,6
2015-09,q-fin.MF,9
2015-09,q-fin.PM,5
2015-09,q-fin.PR,2
2015-09,q-fin.RM,2
2015-09,q-fin.ST,9
2015-09,q-fin.TR,7
2015-09,quant-ph,402
2015-09,stat.AP,49
2015-09,stat.CO,31
2015-09,stat.ME,78
2015-09,stat.ML,67
2015-09,stat.OT,5
2015-10,astro-ph.CO,149
2015-10,astro-ph.EP,145
2015-10,astro-ph.GA,306
2015-10,astro-ph.HE,221
2015-10,astro-ph.IM,74
2015-10,astro-ph.SR,302
2015-10,cond-mat.dis-nn,23
2015-10,cond-mat.mes-hall,307
2015-10,cond-mat.mtrl-sci,265
2015-10,cond-mat.other,9
2015-10,cond-mat.quant-gas,91
2015-10,cond-mat.soft,106
2015-10,cond-mat.stat-mech,152
2015-10,cond-mat.str-el,171
2015-10,cond-mat.supr-con,97
2015-10,cs.AI,42
2015-10,cs.AR,4
2015-10,cs.CC,24
2015-10,cs.CE,12
2015-10,cs.CG,17
2015-10,cs.CL,53
2015-10,cs.CR,51
2015-10,cs.CV,143
2015-10,cs.CY,24
2015-10,cs.DB,20
2015-10,cs.DC,55
2015-10,cs.DL,18
2015-10,cs.DM,29
2015-10,cs.DS,54
2015-10,cs.ET,10
2015-10,cs.FL,22
2015-10,cs.GR,4
2015-10,cs.GT,25
2015-10,cs.HC,20
2015-10,cs.IR,12
2015-10,cs.IT,199
2015-10,cs.LG,70
2015-10,cs.LO,41
2015-10,cs.MA,8
2015-10,cs.MM,8
2015-10,cs.MS,3
2015-10,cs.NE,13
2015-10,cs.NI,70
2015-10,cs.OH,6
2015-10,cs.OS,2
2015-10,cs.PF,3
2015-10,cs.PL,20
2015-10,cs.RO,18
2015-10,cs.SC,5
2015-10,cs.SD,24
2015-10,cs.SE,22
2015-10,cs.SI,63
2015-10,econ.GN,13
2015-10,eess.SY,51
2015-10,gr-qc,245
2015-10,hep-ex,97
2015-10,hep-lat,76
2015-10,hep-ph,501
2015-10,hep-th,305
2015-10,math-ph,134
2015-10,math.AC,32
2015-10,math.AG,154
2015-10,math.AP,251
2015-10,math.AT,41
2015-10,math.CA,89
2015-10,math.CO,203
2015-10,math.CT,23
2015-10,math.CV,41
2015-10,math.DG,134
2015-10,math.DS,128
2015-10,math.FA,72
2015-10,math.GM,15
2015-10,math.GN,12
2015-10,math.GR,66
2015-10,math.GT,65
2015-10,math.HO,9
2015-10,math.KT,9
2015-10,math.LO,81
2015-10,math.MG,27
2015-10,math.NA,133
2015-10,math.NT,166
2015-10,math.OA,36
2015-10,math.OC,149
2015-10,math.PR,219
2015-10,math.QA,18
2015-10,math.RA,59
2015-10,math.RT,79
2015-10,math.SG,31
2015-10,math.SP,30
2015-10,math.ST,76
2015-10,nlin.AO,8
2015-10,nlin.CD,18
2015-10,nlin.PS,18
2015-10,nlin.SI,26
2015-10,nucl-ex,54
2015-10,nucl-th,128
2015-10,physics.acc-ph,32
2015-10,physics.ao-ph,19
2015-10,physics.atm-clus,5
2015-10,physics.atom-ph,67
2015-10,physics.bio-ph,36
2015-10,physics.chem-ph,37
2015-10,physics.class-ph,17
2015-10,physics.comp-ph,34
2015-10,physics.data-an,17
2015-10,physics.ed-ph,12
2015-10,physics.flu-dyn,70
2015-10,physics.gen-ph,30
2015-10,physics.geo-ph,8
2015-10,physics.hist-ph,14
2015-10,physics.ins-det,98
2015-10,physics.med-ph,15
2015-10,physics.optics,163
2015-10,physics.plasm-ph,62
2015-10,physics.pop-ph,5
2015-10,physics.soc-ph,49
2015-10,physics.space-ph,5
2015-10,q-bio.BM,18
2015-10,q-bio.CB,4
2015-10,q-bio.GN,9
2015-10,q-bio.MN,16
2015-10,q-bio.NC,29
2015-10,q-bio.OT,2
2015-10,q-bio.PE,35
2015-10,q-bio.QM,16
2015-10,q-bio.SC,8
2015-10,q-bio.TO,7
2015-10,q-fin.CP,4
2015-10,q-fin.GN,4
2015-10,q-fin.MF,10
2015-10,q-fin.PM,7
2015-10,q-fin.PR,5
2015-10,q-fin.RM,10
2015-10,q-fin.ST,15
2015-10,q-fin.TR,2
2015-10,quant-ph,412
2015-10,stat.AP,32
2015-10,stat.CO,20
2015-10,stat.ME,81
2015-10,stat.ML,76
2015-11,astro-ph.CO,155
2015-11,astro-ph.EP,160
2015-11,astro-ph.GA,350
2015-11,astro-ph.HE,196
2015-11,astro-ph.IM,73
2015-11,astro-ph.SR,248
2015-11,cond-mat.dis-nn,20
2015-11,cond-mat.mes-hall,327
2015-11,cond-mat.mtrl-sci,256
2015-11,cond-mat.other,16
2015-11,cond-mat.quant-gas,79
2015-11,cond-mat.soft,94
2015-11,cond-mat.stat-mech,113
2015-11,cond-mat.str-el,148
2015-11,cond-mat.supr-con,89
2015-11,cs.AI,55
2015-11,cs.AR,4
2015-11,cs.CC,37
2015-11,cs.CE,7
2015-11,cs.CG,11
2015-11,cs.CL,74
2015-11,cs.CR,58
2015-11,cs.CV,288
2015-11,cs.CY,40
2015-11,cs.DB,18
2015-11,cs.DC,53
2015-11,cs.DL,17
2015-11,cs.DM,26
2015-11,cs.DS,93
2015-11,cs.ET,21
2015-11,cs.FL,13
2015-11,cs.GR,5
2015-11,cs.GT,40
2015-11,cs.HC,12
2015-11,cs.IR,29
2015-11,cs.IT,203
2015-11,cs.LG,225
2015-11,cs.LO,43
2015-11,cs.MA,4
2015-11,cs.MM,10
2015-11,cs.MS,9
2015-11,cs.NE,29
2015-11,cs.NI,51
2015-11,cs.OH,12
2015-11,cs.OS,1
2015-11,cs.PF,4
2015-11,cs.PL,32
2015-11,cs.RO,27
2015-11,cs.SC,3
2015-11,cs.SD,7
2015-11,cs.SE,38
2015-11,cs.SI,54
2015-11,econ.GN,9
2015-11,eess.SY,48
2015-11,gr-qc,240
2015-11,hep-ex,61
2015-11,hep-lat,115
2015-11,hep-ph,391
2015-11,hep-th,347
2015-11,math-ph,128
2015-11,math.AC,32
2015-11,math.AG,157
2015-11,math.AP,241
2015-11,math.AT,44
2015-11,math.CA,79
2015-11,math.CO,208
2015-11,math.CT,16
2015-11,math.CV,49
2015-11,math.DG,123
2015-11,math.DS,123
2015-11,math.FA,69
2015-11,math.GM,18
2015-11,math.GN,16
2015-11,math.GR,72
2015-11,math.GT,51
2015-11,math.HO,11
2015-11,math.KT,10
2015-11,math.LO,45
2015-11,math.MG,32
2015-11,math.NA,149
2015-11,math.NT,180
2015-11,math.OA,44
2015-11,math.OC,119
2015-11,math.PR,170
2015-11,math.QA,30
2015-11,math.RA,48
2015-11,math.RT,74
2015-11,math.SG,26
2015-11,math.SP,31
2015-11,math.ST,64
2015-11,nlin.AO,11
2015-11,nlin.CD,19
2015-11,nlin.CG,3
2015-11,nlin.PS,11
2015-11,nlin.SI,20
2015-11,nucl-ex,33
2015-11,nucl-th,111
2015-11,physics.acc-ph,43
2015-11,physics.ao-ph,10
2015-11,physics.atm-clus,3
2015-11,physics.atom-ph,56
2015-11,physics.bio-ph,31
2015-11,physics.chem-ph,36
2015-11,physics.class-ph,17
2015-11,physics.comp-ph,32
2015-11,physics.data-an,11
2015-11,physics.ed-ph,18
2015-11,physics.flu-dyn,92
2015-11,physics.gen-ph,33
2015-11,physics.geo-ph,12
2015-11,physics.hist-ph,10
2015-11,physics.ins-det,104
2015-11,physics.med-ph,11
2015-11,physics.optics,133
2015-11,physics.plasm-ph,47
2015-11,physics.pop-ph,7
2015-11,physics.soc-ph,69
2015-11,physics.space-ph,10
2015-11,q-bio.BM,12
2015-11,q-bio.CB,3
2015-11,q-bio.GN,11
2015-11,q-bio.MN,10
2015-11,q-bio.NC,28
2015-11,q-bio.OT,2
2015-11,q-bio.PE,38
2015-11,q-bio.QM,14
2015-11,q-bio.SC,8
2015-11,q-bio.TO,5
2015-11,q-fin.CP,6
2015-11,q-fin.GN,9
2015-11,q-fin.MF,12
2015-11,q-fin.PM,3
2015-11,q-fin.PR,4
2015-11,q-fin.RM,6
2015-11,q-fin.ST,4
2015-11,q-fin.TR,6
2015-11,quant-ph,364
2015-11,stat.AP,54
2015-11,stat.CO,20
2015-11,stat.ME,82
2015-11,stat.ML,99
2015-11,stat.OT,2
2015-12,astro-ph.CO,151
2015-12,astro-ph.EP,90
2015-12,astro-ph.GA,249
2015-12,astro-ph.HE,173
2015-12,astro-ph.IM,81
2015-12,astro-ph.SR,255
2015-12,cond-mat.dis-nn,26
2015-12,cond-mat.mes-hall,305
2015-12,cond-mat.mtrl-sci,239
2015-12,cond-mat.other,12
2015-12,cond-mat.quant-gas,94
2015-12,cond-mat.soft,87
2015-12,cond-mat.stat-mech,138
2015-12,cond-mat.str-el,177
2015-12,cond-mat.supr-con,113
2015-12,cs.AI,65
2015-12,cs.AR,2
2015-12,cs.CC,19
2015-12,cs.CE,4
2015-12,cs.CG,37
2015-12,cs.CL,48
2015-12,cs.CR,52
2015-12,cs.CV,168
2015-12,cs.CY,30
2015-12,cs.DB,33
2015-12,cs.DC,56
2015-12,cs.DL,25
2015-12,cs.DM,32
2015-12,cs.DS,70
2015-12,cs.ET,17
2015-12,cs.FL,13
2015-12,cs.GR,2
2015-12,cs.GT,23
2015-12,cs.HC,14
2015-12,cs.IR,18
2015-12,cs.IT,157
2015-12,cs.LG,90
2015-12,cs.LO,43
2015-12,cs.MA,1
2015-12,cs.MM,2
2015-12,cs.MS,2
2015-12,cs.NE,26
2015-12,cs.NI,82
2015-12,cs.OH,16
2015-12,cs.OS,6
2015-12,cs.PF,3
2015-12,cs.PL,17
2015-12,cs.RO,17
2015-12,cs.SC,4
2015-12,cs.SD,12
2015-12,cs.SE,24
2015-12,cs.SI,46
2015-12,econ.GN,9
2015-12,eess.SY,40
2015-12,gr-qc,278
2015-12,hep-ex,81
2015-12,hep-lat,71
2015-12,hep-ph,572
2015-12,hep-th,435
2015-12,math-ph,142
2015-12,math.AC,49
2015-12,math.AG,151
2015-12,math.AP,240
2015-12,math.AT,30
2015-12,math.CA,95
2015-12,math.CO,215
2015-12,math.CT,19
2015-12,math.CV,39
2015-12,math.DG,125
2015-12,math.DS,121
2015-12,math.FA,71
2015-12,math.GM,12
2015-12,math.GN,29
2015-12,math.GR,54
2015-12,math.GT,67
2015-12,math.HO,12
2015-12,math.KT,17
2015-12,math.LO,48
2015-12,math.MG,32
2015-12,math.NA,137
2015-12,math.NT,158
2015-12,math.OA,37
2015-12,math.OC,120
2015-12,math.PR,174
2015-12,math.QA,28
2015-12,math.RA,71
2015-12,math.RT,77
2015-12,math.SG,20
2015-12,math.SP,35
2015-12,math.ST,72
2015-12,nlin.AO,11
2015-12,nlin.CD,26
2015-12,nlin.CG,2
2015-12,nlin.PS,19
2015-12,nlin.SI,25
2015-12,nucl-ex,59
2015-12,nucl-th,140
2015-12,physics.acc-ph,23
2015-12,physics.ao-ph,14
2015-12,physics.atm-clus,7
2015-12,physics.atom-ph,55
2015-12,physics.bio-ph,36
2015-12,physics.chem-ph,54
2015-12,physics.class-ph,10
2015-12,physics.comp-ph,30
2015-12,physics.data-an,10
2015-12,physics.ed-ph,10
2015-12,physics.flu-dyn,83
2015-12,physics.gen-ph,29
2015-12,physics.geo-ph,5
2015-12,physics.hist-ph,22
2015-12,physics.ins-det,97
2015-12,physics.med-ph,11
2015-12,physics.optics,136
2015-12,physics.plasm-ph,58
2015-12,physics.pop-ph,4
2015-12,physics.soc-ph,59
2015-12,physics.space-ph,9
2015-12,q-bio.BM,14
2015-12,q-bio.CB,14
2015-12,q-bio.GN,7
2015-12,q-bio.MN,17
2015-12,q-bio.NC,30
2015-12,q-bio.OT,8
2015-12,q-bio.PE,33
2015-12,q-bio.QM,17
2015-12,q-bio.SC,1
2015-12,q-bio.TO,10
2015-12,q-fin.CP,6
2015-12,q-fin.GN,10
2015-12,q-fin.MF,17
2015-12,q-fin.PM,4
2015-12,q-fin.PR,8
2015-12,q-fin.RM,4
2015-12,q-fin.ST,5
2015-12,q-fin.TR,3
2015-12,quant-ph,408
2015-12,stat.AP,30
2015-12,stat.CO,23
2015-12,stat.ME,75
2015-12,stat.ML,60
2015-12,stat.OT,3
2016-01,astro-ph.CO,108
2016-01,astro-ph.EP,120
2016-01,astro-ph.GA,279
2016-01,astro-ph.HE,193
2016-01,astro-ph.IM,96
2016-01,astro-ph.SR,244
2016-01,cond-mat.dis-nn,20
2016-01,cond-mat.mes-hall,334
2016-01,cond-mat.mtrl-sci,258
2016-01,cond-mat.other,10
2016-01,cond-mat.quant-gas,71
2016-01,cond-mat.soft,90
2016-01,cond-mat.stat-mech,109
2016-01,cond-mat.str-el,160
2016-01,cond-mat.supr-con,96
2016-01,cs.AI,43
2016-01,cs.AR,5
2016-01,cs.CC,19
2016-01,cs.CE,12
2016-01,cs.CG,15
2016-01,cs.CL,59
2016-01,cs.CR,49
2016-01,cs.CV,147
2016-01,cs.CY,23
2016-01,cs.DB,24
2016-01,cs.DC,68
2016-01,cs.DL,15
2016-01,cs.DM,25
2016-01,cs.DS,52
2016-01,cs.ET,8
2016-01,cs.FL,5
2016-01,cs.GR,8
2016-01,cs.GT,18
2016-01,cs.HC,28
2016-01,cs.IR,21
2016-01,cs.IT,282
2016-01,cs.LG,59
2016-01,cs.LO,43
2016-01,cs.MA,8
2016-01,cs.MM,11
2016-01,cs.MS,3
2016-01,cs.NE,9
2016-01,cs.NI,80
2016-01,cs.OH,8
2016-01,cs.OS,1
2016-01,cs.PL,13
2016-01,cs.RO,23
2016-01,cs.SC,8
2016-01,cs.SD,11
2016-01,cs.SE,25
2016-01,cs.SI,47
2016-01,econ.GN,10
2016-01,eess.SY,40
2016-01,gr-qc,201
2016-01,hep-ex,52
2016-01,hep-lat,36
2016-01,hep-ph,399
2016-01,hep-th,269
2016-01,math-ph,129
2016-01,math.AC,56
2016-01,math.AG,143
2016-01,math.AP,223
2016-01,math.AT,30
2016-01,math.CA,96
2016-01,math.CO,205
2016-01,math.CT,16
2016-01,math.CV,50
2016-01,math.DG,126
2016-01,math.DS,110
2016-01,math.FA,75
2016-01,math.GM,15
2016-01,math.GN,22
2016-01,math.GR,57
2016-01,math.GT,47
2016-01,math.HO,17
2016-01,math.KT,4
2016-01,math.LO,57
2016-01,math.MG,29
2016-01,math.NA,145
2016-01,math.NT,167
2016-01,math.OA,36
2016-01,math.OC,121
2016-01,math.PR,191
2016-01,math.QA,11
2016-01,math.RA,65
2016-01,math.RT,77
2016-01,math.SG,24
2016-01,math.SP,21
2016-01,math.ST,66
2016-01,nlin.AO,9
2016-01,nlin.CD,16
2016-01,nlin.CG,1
2016-01,nlin.PS,21
2016-01,nlin.SI,15
2016-01,nucl-ex,46
2016-01,nucl-th,100
2016-01,physics.acc-ph,35
2016-01,physics.ao-ph,9
2016-01,physics.atm-clus,4
2016-01,physics.atom-ph,70
2016-01,physics.bio-ph,18
2016-01,physics.chem-ph,42
2016-01,physics.class-ph,19
2016-01,physics.comp-ph,34
2016-01,physics.data-an,12
2016-01,physics.ed-ph,26
2016-01,physics.flu-dyn,96
2016-01,physics.gen-ph,22
2016-01,physics.geo-ph,15
2016-01,physics.hist-ph,9
2016-01,physics.ins-det,88
2016-01,physics.med-ph,13
2016-01,physics.optics,131
2016-01,physics.plasm-ph,48
2016-01,physics.pop-ph,2
2016-01,physics.soc-ph,53
2016-01,physics.space-ph,7
2016-01,q-bio.BM,6
2016-01,q-bio.CB,4
2016-01,q-bio.GN,3
2016-01,q-bio.MN,14
2016-01,q-bio.NC,37
2016-01,q-bio.OT,1
2016-01,q-bio.PE,25
2016-01,q-bio.QM,24
2016-01,q-bio.SC,3
2016-01,q-bio.TO,8
2016-01,q-fin.CP,2
2016-01,q-fin.GN,8
2016-01,q-fin.MF,12
2016-01,q-fin.PM,8
2016-01,q-fin.PR,5
2016-01,q-fin.RM,8
2016-01,q-fin.ST,9
2016-01,q-fin.TR,4
2016-01,quant-ph,382
2016-01,stat.AP,42
2016-01,stat.CO,12
2016-01,stat.ME,80
2016-01,stat.ML,46
2016-02,astro-ph.CO,122
2016-02,astro-ph.EP,93
2016-02,astro-ph.GA,259
2016-02,astro-ph.HE,210
2016-02,astro-ph.IM,80
2016-02,astro-ph.SR,214
2016-02,cond-mat.dis-nn,25
2016-02,cond-mat.mes-hall,283
2016-02,cond-mat.mtrl-sci,242
2016-02,cond-mat.other,9
2016-02,cond-mat.quant-gas,62
2016-02,cond-mat.soft,115
2016-02,cond-mat.stat-mech,121
2016-02,cond-mat.str-el,192
2016-02,cond-mat.supr-con,104
2016-02,cs.AI,64
2016-02,cs.AR,10
2016-02,cs.CC,37
2016-02,cs.CE,10
2016-02,cs.CG,18
2016-02,cs.CL,55
2016-02,cs.CR,48
2016-02,cs.CV,134
2016-02,cs.CY,28
2016-02,cs.DB,30
2016-02,cs.DC,58
2016-02,cs.DL,17
2016-02,cs.DM,28
2016-02,cs.DS,87
2016-02,cs.ET,9
2016-02,cs.FL,20
2016-02,cs.GL,2
2016-02,cs.GR,9
2016-02,cs.GT,41
2016-02,cs.HC,25
2016-02,cs.IR,23
2016-02,cs.IT,229
2016-02,cs.LG,143
2016-02,cs.LO,54
2016-02,cs.MA,6
2016-02,cs.MM,10
2016-02,cs.MS,4
2016-02,cs.NE,25
2016-02,cs.NI,78
2016-02,cs.OH,10
2016-02,cs.PF,2
2016-02,cs.PL,16
2016-02,cs.RO,40
2016-02,cs.SC,15
2016-02,cs.SD,22
2016-02,cs.SE,31
2016-02,cs.SI,58
2016-02,econ.GN,11
2016-02,eess.SY,46
2016-02,gr-qc,241
2016-02,hep-ex,49
2016-02,hep-lat,32
2016-02,hep-ph,343
2016-02,hep-th,257
2016-02,math-ph,128
2016-02,math.AC,41
2016-02,math.AG,146
2016-02,math.AP,219
2016-02,math.AT,42
2016-02,math.CA,99
2016-02,math.CO,206
2016-02,math.CT,24
2016-02,math.CV,50
2016-02,math.DG,111
2016-02,math.DS,94
2016-02,math.FA,85
2016-02,math.GM,9
2016-02,math.GN,13
2016-02,math.GR,63
2016-02,math.GT,68
2016-02,math.HO,26
2016-02,math.KT,13
2016-02,math.LO,54
2016-02,math.MG,46
2016-02,math.NA,161
2016-02,math.NT,163
2016-02,math.OA,35
2016-02,math.OC,121
2016-02,math.PR,172
2016-02,math.QA,31
2016-02,math.RA,51
2016-02,math.RT,62
2016-02,math.SG,20
2016-02,math.SP,27
2016-02,math.ST,59
2016-02,nlin.AO,12
2016-02,nlin.CD,29
2016-02,nlin.CG,1
2016-02,nlin.PS,18
2016-02,nlin.SI,12
2016-02,nucl-ex,47
2016-02,nucl-th,118
2016-02,physics.acc-ph,16
2016-02,physics.ao-ph,7
2016-02,physics.atm-clus,5
2016-02,physics.atom-ph,50
2016-02,physics.bio-ph,15
2016-02,physics.chem-ph,41
2016-02,physics.class-ph,11
2016-02,physics.comp-ph,39
2016-02,physics.data-an,18
2016-02,physics.ed-ph,72
2016-02,physics.flu-dyn,79
2016-02,physics.gen-ph,42
2016-02,physics.geo-ph,15
2016-02,physics.hist-ph,16
2016-02,physics.ins-det,73
2016-02,physics.med-ph,15
2016-02,physics.optics,133
2016-02,physics.plasm-ph,52
2016-02,physics.pop-ph,5
2016-02,physics.soc-ph,59
2016-02,physics.space-ph,16
2016-02,q-bio.BM,12
2016-02,q-bio.CB,7
2016-02,q-bio.GN,11
2016-02,q-bio.MN,13
2016-02,q-bio.NC,26
2016-02,q-bio.OT,4
2016-02,q-bio.PE,35
2016-02,q-bio.QM,20
2016-02,q-bio.SC,3
2016-02,q-bio.TO,5
2016-02,q-fin.CP,3
2016-02,q-fin.GN,8
2016-02,q-fin.MF,15
2016-02,q-fin.PM,8
2016-02,q-fin.PR,7
2016-02,q-fin.RM,6
2016-02,q-fin.ST,10
2016-02,q-fin.TR,10
2016-02,quant-ph,348
2016-02,stat.AP,61
2016-02,stat.CO,27
2016-02,stat.ME,73
2016-02,stat.ML,114
2016-02,stat.OT,3
2016-03,astro-ph.CO,136
2016-03,astro-ph.EP,138
2016-03,astro-ph.GA,318
2016-03,astro-ph.HE,260
2016-03,astro-ph.IM,86
2016-03,astro-ph.SR,267
2016-03,cond-mat.dis-nn,24
2016-03,cond-mat.mes-hall,313
2016-03,cond-mat.mtrl-sci,298
2016-03,cond-mat.other,9
2016-03,cond-mat.quant-gas,77
2016-03,cond-mat.soft,134
2016-03,cond-mat.stat-mech,134
2016-03,cond-mat.str-el,197
2016-03,cond-mat.supr-con,117
2016-03,cs.AI,52
2016-03,cs.AR,8
2016-03,cs.CC,19
2016-03,cs.CE,8
2016-03,cs.CG,31
2016-03,cs.CL,111
2016-03,cs.CR,67
2016-03,cs.CV,287
2016-03,cs.CY,30
2016-03,cs.DB,29
2016-03,cs.DC,54
2016-03,cs.DL,14
2016-03,cs.DM,26
2016-03,cs.DS,64
2016-03,cs.ET,4
2016-03,cs.FL,18
2016-03,cs.GL,1
2016-03,cs.GR,10
2016-03,cs.GT,41
2016-03,cs.HC,26
2016-03,cs.IR,16
2016-03,cs.IT,182
2016-03,cs.LG,130
2016-03,cs.LO,37
2016-03,cs.MA,5
2016-03,cs.MM,7
2016-03,cs.MS,8
2016-03,cs.NE,26
2016-03,cs.NI,78
2016-03,cs.OH,12
2016-03,cs.OS,1
2016-03,cs.PF,4
2016-03,cs.PL,22
2016-03,cs.RO,47
2016-03,cs.SC,6
2016-03,cs.SD,16
2016-03,cs.SE,31
2016-03,cs.SI,51
2016-03,econ.GN,12
2016-03,eess.SY,84
2016-03,gr-qc,227
2016-03,hep-ex,59
2016-03,hep-lat,27
2016-03,hep-ph,371
2016-03,hep-th,328
2016-03,math-ph,137
2016-03,math.AC,30
2016-03,math.AG,155
2016-03,math.AP,253
2016-03,math.AT,42
2016-03,math.CA,94
2016-03,math.CO,218
2016-03,math.CT,18
2016-03,math.CV,49
2016-03,math.DG,132
2016-03,math.DS,141
2016-03,math.FA,99
2016-03,math.GM,17
2016-03,math.GN,16
2016-03,math.GR,72
2016-03,math.GT,74
2016-03,math.HO,13
2016-03,math.KT,6
2016-03,math.LO,59
2016-03,math.MG,38
2016-03,math.NA,134
2016-03,math.NT,179
2016-03,math.OA,37
2016-03,math.OC,174
2016-03,math.PR,226
2016-03,math.QA,36
2016-03,math.RA,52
2016-03,math.RT,79
2016-03,math.SG,20
2016-03,math.SP,25
2016-03,math.ST,84
2016-03,nlin.AO,11
2016-03,nlin.CD,28
2016-03,nlin.CG,2
2016-03,nlin.PS,24
2016-03,nlin.SI,17
2016-03,nucl-ex,39
2016-03,nucl-th,122
2016-03,physics.acc-ph,19
2016-03,physics.ao-ph,16
2016-03,physics.atm-clus,5
2016-03,physics.atom-ph,73
2016-03,physics.bio-ph,19
2016-03,physics.chem-ph,51
2016-03,physics.class-ph,16
2016-03,physics.comp-ph,41
2016-03,physics.data-an,17
2016-03,physics.ed-ph,21
2016-03,physics.flu-dyn,68
2016-03,physics.gen-ph,34
2016-03,physics.geo-ph,8
2016-03,physics.hist-ph,11
2016-03,physics.ins-det,85
2016-03,physics.med-ph,11
2016-03,physics.optics,137
2016-03,physics.plasm-ph,49
2016-03,physics.pop-ph,8
2016-03,physics.soc-ph,48
2016-03,physics.space-ph,9
2016-03,q-bio.BM,10
2016-03,q-bio.CB,5
2016-03,q-bio.GN,5
2016-03,q-bio.MN,5
2016-03,q-bio.NC,39
2016-03,q-bio.OT,3
2016-03,q-bio.PE,33
2016-03,q-bio.QM,20
2016-03,q-bio.SC,10
2016-03,q-bio.TO,5
2016-03,q-fin.CP,8
2016-03,q-fin.GN,6
2016-03,q-fin.MF,13
2016-03,q-fin.PM,7
2016-03,q-fin.PR,5
2016-03,q-fin.RM,8
2016-03,q-fin.ST,7
2016-03,q-fin.TR,7
2016-03,quant-ph,408
2016-03,stat.AP,47
2016-03,stat.CO,23
2016-03,stat.ME,72
2016-03,stat.ML,72
2016-03,stat.OT,5
2016-04,astro-ph.CO,121
2016-04,astro-ph.EP,134
2016-04,astro-ph.GA,298
2016-04,astro-ph.HE,177
2016-04,astro-ph.IM,65
2016-04,astro-ph.SR,235
2016-04,cond-mat.dis-nn,35
2016-04,cond-mat.mes-hall,277
2016-04,cond-mat.mtrl-sci,290
2016-04,cond-mat.other,10
2016-04,cond-mat.quant-gas,72
2016-04,cond-mat.soft,103
2016-04,cond-mat.stat-mech,108
2016-04,cond-mat.str-el,168
2016-04,cond-mat.supr-con,100
2016-04,cs.AI,84
2016-04,cs.AR,3
2016-04,cs.CC,31
2016-04,cs.CE,13
2016-04,cs.CG,17
2016-04,cs.CL,82
2016-04,cs.CR,52
2016-04,cs.CV,294
2016-04,cs.CY,35
2016-04,cs.DB,25
2016-04,cs.DC,58
2016-04,cs.DL,18
2016-04,cs.DM,24
2016-04,cs.DS,93
2016-04,cs.ET,17
2016-04,cs.FL,17
2016-04,cs.GR,7
2016-04,cs.GT,50
2016-04,cs.HC,24
2016-04,cs.IR,28
2016-04,cs.IT,235
2016-04,cs.LG,97
2016-04,cs.LO,57
2016-04,cs.MA,11
2016-04,cs.MM,15
2016-04,cs.MS,8
2016-04,cs.NE,38
2016-04,cs.NI,104
2016-04,cs.OH,7
2016-04,cs.OS,2
2016-04,cs.PF,7
2016-04,cs.PL,20
2016-04,cs.RO,48
2016-04,cs.SC,6
2016-04,cs.SD,14
2016-04,cs.SE,23
2016-04,cs.SI,52
2016-04,econ.GN,8
2016-04,eess.SY,61
2016-04,gr-qc,197
2016-04,hep-ex,55
2016-04,hep-lat,24
2016-04,hep-ph,380
2016-04,hep-th,282
2016-04,math-ph,109
2016-04,math.AC,37
2016-04,math.AG,154
2016-04,math.AP,235
2016-04,math.AT,33
2016-04,math.CA,84
2016-04,math.CO,165
2016-04,math.CT,14
2016-04,math.CV,54
2016-04,math.DG,130
2016-04,math.DS,91
2016-04,math.FA,87
2016-04,math.GM,15
2016-04,math.GN,15
2016-04,math.GR,59
2016-04,math.GT,72
2016-04,math.HO,10
2016-04,math.KT,9
2016-04,math.LO,49
2016-04,math.MG,31
2016-04,math.NA,134
2016-04,math.NT,157
2016-04,math.OA,41
2016-04,math.OC,142
2016-04,math.PR,179
2016-04,math.QA,33
2016-04,math.RA,51
2016-04,math.RT,64
2016-04,math.SG,8
2016-04,math.SP,20
2016-04,math.ST,51
2016-04,nlin.AO,11
2016-04,nlin.CD,24
2016-04,nlin.CG,2
2016-04,nlin.PS,17
2016-04,nlin.SI,12
2016-04,nucl-ex,27
2016-04,nucl-th,119
2016-04,physics.acc-ph,21
2016-04,physics.ao-ph,14
2016-04,physics.atm-clus,6
2016-04,physics.atom-ph,49
2016-04,physics.bio-ph,22
2016-04,physics.chem-ph,51
2016-04,physics.class-ph,25
2016-04,physics.comp-ph,29
2016-04,physics.data-an,19
2016-04,physics.ed-ph,11
2016-04,physics.flu-dyn,85
2016-04,physics.gen-ph,46
2016-04,physics.geo-ph,12
2016-04,physics.hist-ph,18
2016-04,physics.ins-det,92
2016-04,physics.med-ph,14
2016-04,physics.optics,147
2016-04,physics.plasm-ph,70
2016-04,physics.pop-ph,13
2016-04,physics.soc-ph,55
2016-04,physics.space-ph,10
2016-04,q-bio.BM,9
2016-04,q-bio.CB,2
2016-04,q-bio.GN,16
2016-04,q-bio.MN,10
2016-04,q-bio.NC,29
2016-04,q-bio.OT,8
2016-04,q-bio.PE,27
2016-04,q-bio.QM,22
2016-04,q-bio.SC,7
2016-04,q-bio.TO,4
2016-04,q-fin.CP,4
2016-04,q-fin.GN,9
2016-04,q-fin.MF,12
2016-04,q-fin.PM,2
2016-04,q-fin.PR,5
2016-04,q-fin.RM,2
2016-04,q-fin.ST,5
2016-04,q-fin.TR,5
2016-04,quant-ph,371
2016-04,stat.AP,37
2016-04,stat.CO,15
2016-04,stat.ME,87
2016-04,stat.ML,56
2016-04,stat.OT,5
2016-05,astro-ph.CO,166
2016-05,astro-ph.EP,122
2016-05,astro-ph.GA,332
2016-05,astro-ph.HE,202
2016-05,astro-ph.IM,72
2016-05,astro-ph.SR,246
2016-05,cond-mat.dis-nn,36
2016-05,cond-mat.mes-hall,312
2016-05,cond-mat.mtrl-sci,277
2016-05,cond-mat.other,11
2016-05,cond-mat.quant-gas,96
2016-05,cond-mat.soft,111
2016-05,cond-mat.stat-mech,125
2016-05,cond-mat.str-el,175
2016-05,cond-mat.supr-con,100
2016-05,cs.AI,62
2016-05,cs.AR,6
2016-05,cs.CC,20
2016-05,cs.CE,8
2016-05,cs.CG,16
2016-05,cs.CL,90
2016-05,cs.CR,77
2016-05,cs.CV,246
2016-05,cs.CY,90
2016-05,cs.DB,24
2016-05,cs.DC,59
2016-05,cs.DL,15
2016-05,cs.DM,32
2016-05,cs.DS,80
2016-05,cs.ET,7
2016-05,cs.FL,18
2016-05,cs.GL,2
2016-05,cs.GR,8
2016-05,cs.GT,36
2016-05,cs.HC,27
2016-05,cs.IR,14
2016-05,cs.IT,258
2016-05,cs.LG,176
2016-05,cs.LO,35
2016-05,cs.MA,5
2016-05,cs.MM,19
2016-05,cs.MS,7
2016-05,cs.NE,21
2016-05,cs.NI,89
2016-05,cs.OH,10
2016-05,cs.OS,3
2016-05,cs.PF,6
2016-05,cs.PL,15
2016-05,cs.RO,35
2016-05,cs.SC,14
2016-05,cs.SD,17
2016-05,cs.SE,32
2016-05,cs.SI,58
2016-05,econ.GN,9
2016-05,eess.SP,1
2016-05,eess.SY,50
2016-05,gr-qc,216
2016-05,hep-ex,64
2016-05,hep-lat,24
2016-05,hep-ph,421
2016-05,hep-th,312
2016-05,math-ph,123
2016-05,math.AC,29
2016-05,math.AG,136
2016-05,math.AP,245
2016-05,math.AT,29
2016-05,math.CA,87
2016-05,math.CO,234
2016-05,math.CT,21
2016-05,math.CV,47
2016-05,math.DG,141
2016-05,math.DS,129
2016-05,math.FA,94
2016-05,math.GM,16
2016-05,math.GN,17
2016-05,math.GR,67
2016-05,math.GT,70
2016-05,math.HO,14
2016-05,math.KT,11
2016-05,math.LO,42
2016-05,math.MG,32
2016-05,math.NA,172
2016-05,math.NT,150
2016-05,math.OA,52
2016-05,math.OC,159
2016-05,math.PR,193
2016-05,math.QA,37
2016-05,math.RA,52
2016-05,math.RT,71
2016-05,math.SG,14
2016-05,math.SP,20
2016-05,math.ST,74
2016-05,nlin.AO,8
2016-05,nlin.CD,27
2016-05,nlin.CG,3
2016-05,nlin.PS,17
2016-05,nlin.SI,15
2016-05,nucl-ex,28
2016-05,nucl-th,98
2016-05,physics.acc-ph,18
2016-05,physics.ao-ph,11
2016-05,physics.atm-clus,6
2016-05,physics.atom-ph,61
2016-05,physics.bio-ph,21
2016-05,physics.chem-ph,57
2016-05,physics.class-ph,14
2016-05,physics.comp-ph,35
2016-05,physics.data-an,14
2016-05,physics.ed-ph,13
2016-05,physics.flu-dyn,97
2016-05,physics.gen-ph,44
2016-05,physics.geo-ph,14
2016-05,physics.hist-ph,10
2016-05,physics.ins-det,90
2016-05,physics.med-ph,11
2016-05,physics.optics,157
2016-05,physics.plasm-ph,48
2016-05,physics.pop-ph,3
2016-05,physics.soc-ph,57
2016-05,physics.space-ph,22
2016-05,q-bio.BM,19
2016-05,q-bio.CB,6
2016-05,q-bio.GN,6
2016-05,q-bio.MN,16
2016-05,q-bio.NC,36
2016-05,q-bio.OT,3
2016-05,q-bio.PE,39
2016-05,q-bio.QM,23
2016-05,q-bio.SC,10
2016-05,q-bio.TO,4
2016-05,q-fin.CP,6
2016-05,q-fin.GN,7
2016-05,q-fin.MF,10
2016-05,q-fin.PM,8
2016-05,q-fin.PR,2
2016-05,q-fin.ST,9
2016-05,q-fin.TR,4
2016-05,quant-ph,439
2016-05,stat.AP,40
2016-05,stat.CO,22
2016-05,stat.ME,95
2016-05,stat.ML,119
2016-05,stat.OT,1
2016-06,astro-ph.CO,148
2016-06,astro-ph.EP,115
2016-06,astro-ph.GA,281
2016-06,astro-ph.HE,176
2016-06,astro-ph.IM,90
2016-06,astro-ph.SR,227
2016-06,cond-mat.dis-nn,39
2016-06,cond-mat.mes-hall,303
2016-06,cond-mat.mtrl-sci,250
2016-06,cond-mat.other,12
2016-06,cond-mat.quant-gas,75
2016-06,cond-mat.soft,90
2016-06,cond-mat.stat-mech,125
2016-06,cond-mat.str-el,185
2016-06,cond-mat.supr-con,113
2016-06,cs.AI,103
2016-06,cs.AR,20
2016-06,cs.CC,22
2016-06,cs.CE,14
2016-06,cs.CG,20
2016-06,cs.CL,195
2016-06,cs.CR,46
2016-06,cs.CV,196
2016-06,cs.CY,104
2016-06,cs.DB,31
2016-06,cs.DC,68
2016-06,cs.DL,16
2016-06,cs.DM,27
2016-06,cs.DS,85
2016-06,cs.ET,24
2016-06,cs.FL,14
2016-06,cs.GR,2
2016-06,cs.GT,31
2016-06,cs.HC,25
2016-06,cs.IR,40
2016-06,cs.IT,194
2016-06,cs.LG,129
2016-06,cs.LO,73
2016-06,cs.MA,3
2016-06,cs.MM,15
2016-06,cs.MS,7
2016-06,cs.NE,43
2016-06,cs.NI,91
2016-06,cs.OH,11
2016-06,cs.OS,2
2016-06,cs.PF,5
2016-06,cs.PL,24
2016-06,cs.RO,34
2016-06,cs.SC,4
2016-06,cs.SD,16
2016-06,cs.SE,41
2016-06,cs.SI,56
2016-06,econ.GN,5
2016-06,eess.SY,53
2016-06,gr-qc,251
2016-06,hep-ex,64
2016-06,hep-lat,33
2016-06,hep-ph,436
2016-06,hep-th,298
2016-06,math-ph,101
2016-06,math.AC,30
2016-06,math.AG,152
2016-06,math.AP,233
2016-06,math.AT,27
2016-06,math.CA,89
2016-06,math.CO,241
2016-06,math.CT,21
2016-06,math.CV,58
2016-06,math.DG,111
2016-06,math.DS,124
2016-06,math.FA,114
2016-06,math.GM,11
2016-06,math.GN,14
2016-06,math.GR,58
2016-06,math.GT,64
2016-06,math.HO,20
2016-06,math.KT,10
2016-06,math.LO,35
2016-06,math.MG,30
2016-06,math.NA,153
2016-06,math.NT,158
2016-06,math.OA,27
2016-06,math.OC,130
2016-06,math.PR,211
2016-06,math.QA,28
2016-06,math.RA,49
2016-06,math.RT,69
2016-06,math.SG,16
2016-06,math.SP,20
2016-06,math.ST,69
2016-06,nlin.AO,10
2016-06,nlin.CD,9
2016-06,nlin.CG,3
2016-06,nlin.PS,16
2016-06,nlin.SI,12
2016-06,nucl-ex,36
2016-06,nucl-th,102
2016-06,physics.acc-ph,47
2016-06,physics.ao-ph,13
2016-06,physics.atm-clus,4
2016-06,physics.atom-ph,71
2016-06,physics.bio-ph,32
2016-06,physics.chem-ph,57
2016-06,physics.class-ph,25
2016-06,physics.comp-ph,34
2016-06,physics.data-an,8
2016-06,physics.ed-ph,19
2016-06,physics.flu-dyn,70
2016-06,physics.gen-ph,38
2016-06,physics.geo-ph,7
2016-06,physics.hist-ph,18
2016-06,physics.ins-det,86
2016-06,physics.med-ph,10
2016-06,physics.optics,144
2016-06,physics.plasm-ph,56
2016-06,physics.pop-ph,9
2016-06,physics.soc-ph,72
2016-06,physics.space-ph,24
2016-06,q-bio.BM,14
2016-06,q-bio.CB,7
2016-06,q-bio.GN,10
2016-06,q-bio.MN,10
2016-06,q-bio.NC,40
2016-06,q-bio.OT,4
2016-06,q-bio.PE,28
2016-06,q-bio.QM,18
2016-06,q-bio.SC,2
2016-06,q-bio.TO,5
2016-06,q-fin.CP,4
2016-06,q-fin.GN,4
2016-06,q-fin.MF,10
2016-06,q-fin.PM,4
2016-06,q-fin.PR,3
2016-06,q-fin.RM,3
2016-06,q-fin.ST,4
2016-06,q-fin.TR,3
2016-06,quant-ph,374
2016-06,stat.AP,47
2016-06,stat.CO,32
2016-06,stat.ME,106
2016-06,stat.ML,139
2016-06,stat.OT,5
2016-07,astro-ph.CO,160
2016-07,astro-ph.EP,125
2016-07,astro-ph.GA,289
2016-07,astro-ph.HE,204
2016-07,astro-ph.IM,132
2016-07,astro-ph.SR,196
2016-07,cond-mat.dis-nn,32
2016-07,cond-mat.mes-hall,303
2016-07,cond-mat.mtrl-sci,238
2016-07,cond-mat.other,16
2016-07,cond-mat.quant-gas,95
2016-07,cond-mat.soft,113
2016-07,cond-mat.stat-mech,112
2016-07,cond-mat.str-el,193
2016-07,cond-mat.supr-con,122
2016-07,cs.AI,77
2016-07,cs.AR,6
2016-07,cs.CC,32
2016-07,cs.CE,10
2016-07,cs.CG,35
2016-07,cs.CL,88
2016-07,cs.CR,57
2016-07,cs.CV,251
2016-07,cs.CY,18
2016-07,cs.DB,18
2016-07,cs.DC,59
2016-07,cs.DL,13
2016-07,cs.DM,24
2016-07,cs.DS,83
2016-07,cs.ET,7
2016-07,cs.FL,11
2016-07,cs.GR,4
2016-07,cs.GT,36
2016-07,cs.HC,30
2016-07,cs.IR,24
2016-07,cs.IT,245
2016-07,cs.LG,87
2016-07,cs.LO,52
2016-07,cs.MA,7
2016-07,cs.MM,13
2016-07,cs.MS,15
2016-07,cs.NE,24
2016-07,cs.NI,51
2016-07,cs.OH,9
2016-07,cs.PF,7
2016-07,cs.PL,29
2016-07,cs.RO,56
2016-07,cs.SC,4
2016-07,cs.SD,12
2016-07,cs.SE,27
2016-07,cs.SI,57
2016-07,econ.GN,12
2016-07,eess.SY,55
2016-07,gr-qc,229
2016-07,hep-ex,74
2016-07,hep-lat,34
2016-07,hep-ph,434
2016-07,hep-th,320
2016-07,math-ph,106
2016-07,math.AC,33
2016-07,math.AG,144
2016-07,math.AP,223
2016-07,math.AT,37
2016-07,math.CA,96
2016-07,math.CO,198
2016-07,math.CT,19
2016-07,math.CV,45
2016-07,math.DG,124
2016-07,math.DS,95
2016-07,math.FA,70
2016-07,math.GM,12
2016-07,math.GN,23
2016-07,math.GR,64
2016-07,math.GT,54
2016-07,math.HO,14
2016-07,math.KT,14
2016-07,math.LO,52
2016-07,math.MG,29
2016-07,math.NA,164
2016-07,math.NT,129
2016-07,math.OA,30
2016-07,math.OC,134
2016-07,math.PR,179
2016-07,math.QA,32
2016-07,math.RA,48
2016-07,math.RT,57
2016-07,math.SG,13
2016-07,math.SP,24
2016-07,math.ST,75
2016-07,nlin.AO,8
2016-07,nlin.CD,13
2016-07,nlin.CG,1
2016-07,nlin.PS,15
2016-07,nlin.SI,23
2016-07,nucl-ex,29
2016-07,nucl-th,101
2016-07,physics.acc-ph,45
2016-07,physics.ao-ph,14
2016-07,physics.atm-clus,9
2016-07,physics.atom-ph,60
2016-07,physics.bio-ph,33
2016-07,physics.chem-ph,37
2016-07,physics.class-ph,18
2016-07,physics.comp-ph,23
2016-07,physics.data-an,9
2016-07,physics.ed-ph,21
2016-07,physics.flu-dyn,70
2016-07,physics.gen-ph,30
2016-07,physics.geo-ph,15
2016-07,physics.hist-ph,12
2016-07,physics.ins-det,62
2016-07,physics.med-ph,12
2016-07,physics.optics,146
2016-07,physics.plasm-ph,57
2016-07,physics.pop-ph,3
2016-07,physics.soc-ph,55
2016-07,physics.space-ph,15
2016-07,q-bio.BM,8
2016-07,q-bio.CB,4
2016-07,q-bio.GN,5
2016-07,q-bio.MN,9
2016-07,q-bio.NC,30
2016-07,q-bio.OT,9
2016-07,q-bio.PE,22
2016-07,q-bio.QM,13
2016-07,q-bio.SC,2
2016-07,q-bio.TO,7
2016-07,q-fin.CP,2
2016-07,q-fin.GN,8
2016-07,q-fin.MF,11
2016-07,q-fin.PM,1
2016-07,q-fin.PR,9
2016-07,q-fin.RM,8
2016-07,q-fin.ST,6
2016-07,q-fin.TR,3
2016-07,quant-ph,387
2016-07,stat.AP,39
2016-07,stat.CO,20
2016-07,stat.ME,81
2016-07,stat.ML,77
2016-07,stat.OT,3
2016-08,astro-ph.CO,114
2016-08,astro-ph.EP,127
2016-08,astro-ph.GA,281
2016-08,astro-ph.HE,196
2016-08,astro-ph.IM,148
2016-08,astro-ph.SR,217
2016-08,cond-mat.dis-nn,30
2016-08,cond-mat.mes-hall,276
2016-08,cond-mat.mtrl-sci,256
2016-08,cond-mat.other,10
2016-08,cond-mat.quant-gas,80
2016-08,cond-mat.soft,105
2016-08,cond-mat.stat-mech,121
2016-08,cond-mat.str-el,206
2016-08,cond-mat.supr-con,82
2016-08,cs.AI,82
2016-08,cs.AR,5
2016-08,cs.CC,16
2016-08,cs.CE,5
2016-08,cs.CG,31
2016-08,cs.CL,104
2016-08,cs.CR,61
2016-08,cs.CV,246
2016-08,cs.CY,31
2016-08,cs.DB,18
2016-08,cs.DC,63
2016-08,cs.DL,9
2016-08,cs.DM,28
2016-08,cs.DS,73
2016-08,cs.ET,7
2016-08,cs.FL,11
2016-08,cs.GR,14
2016-08,cs.GT,38
2016-08,cs.HC,19
2016-08,cs.IR,27
2016-08,cs.IT,177
2016-08,cs.LG,118
2016-08,cs.LO,45
2016-08,cs.MA,4
2016-08,cs.MM,13
2016-08,cs.MS,4
2016-08,cs.NE,23
2016-08,cs.NI,70
2016-08,cs.OH,8
2016-08,cs.OS,2
2016-08,cs.PF,8
2016-08,cs.PL,43
2016-08,cs.RO,39
2016-08,cs.SC,6
2016-08,cs.SD,9
2016-08,cs.SE,43
2016-08,cs.SI,56
2016-08,econ.GN,6
2016-08,eess.SY,44
2016-08,gr-qc,175
2016-08,hep-ex,50
2016-08,hep-lat,21
2016-08,hep-ph,369
2016-08,hep-th,263
2016-08,math-ph,133
2016-08,math.AC,32
2016-08,math.AG,128
2016-08,math.AP,195
2016-08,math.AT,43
2016-08,math.CA,59
2016-08,math.CO,231
2016-08,math.CT,10
2016-08,math.CV,49
2016-08,math.DG,94
2016-08,math.DS,102
2016-08,math.FA,93
2016-08,math.GM,19
2016-08,math.GN,13
2016-08,math.GR,54
2016-08,math.GT,65
2016-08,math.HO,13
2016-08,math.KT,7
2016-08,math.LO,36
2016-08,math.MG,35
2016-08,math.NA,118
2016-08,math.NT,169
2016-08,math.OA,41
2016-08,math.OC,147
2016-08,math.PR,166
2016-08,math.QA,22
2016-08,math.RA,42
2016-08,math.RT,78
2016-08,math.SG,20
2016-08,math.SP,28
2016-08,math.ST,53
2016-08,nlin.AO,6
2016-08,nlin.CD,19
2016-08,nlin.CG,3
2016-08,nlin.PS,19
2016-08,nlin.SI,25
2016-08,nucl-ex,25
2016-08,nucl-th,101
2016-08,physics.acc-ph,36
2016-08,physics.ao-ph,13
2016-08,physics.atm-clus,5
2016-08,physics.atom-ph,60
2016-08,physics.bio-ph,25
2016-08,physics.chem-ph,66
2016-08,physics.class-ph,31
2016-08,physics.comp-ph,31
2016-08,physics.data-an,10
2016-08,physics.ed-ph,9
2016-08,physics.flu-dyn,82
2016-08,physics.gen-ph,37
2016-08,physics.geo-ph,19
2016-08,physics.hist-ph,14
2016-08,physics.ins-det,87
2016-08,physics.med-ph,25
2016-08,physics.optics,119
2016-08,physics.plasm-ph,65
2016-08,physics.pop-ph,7
2016-08,physics.soc-ph,59
2016-08,physics.space-ph,9
2016-08,q-bio.BM,10
2016-08,q-bio.CB,2
2016-08,q-bio.GN,3
2016-08,q-bio.MN,11
2016-08,q-bio.NC,37
2016-08,q-bio.OT,3
2016-08,q-bio.PE,22
2016-08,q-bio.QM,18
2016-08,q-bio.SC,2
2016-08,q-bio.TO,7
2016-08,q-fin.CP,4
2016-08,q-fin.GN,10
2016-08,q-fin.MF,13
2016-08,q-fin.PM,5
2016-08,q-fin.PR,5
2016-08,q-fin.RM,6
2016-08,q-fin.ST,11
2016-08,q-fin.TR,2
2016-08,quant-ph,367
2016-08,stat.AP,42
2016-08,stat.CO,27
2016-08,stat.ME,80
2016-08,stat.ML,70
2016-08,stat.OT,3
2016-09,astro-ph.CO,124
2016-09,astro-ph.EP,130
2016-09,astro-ph.GA,331
2016-09,astro-ph.HE,205
2016-09,astro-ph.IM,123
2016-09,astro-ph.SR,291
2016-09,cond-mat.dis-nn,30
2016-09,cond-mat.mes-hall,349
2016-09,cond-mat.mtrl-sci,261
2016-09,cond-mat.other,15
2016-09,cond-mat.quant-gas,93
2016-09,cond-mat.soft,128
2016-09,cond-mat.stat-mech,136
2016-09,cond-mat.str-el,166
2016-09,cond-mat.supr-con,93
2016-09,cs.AI,73
2016-09,cs.AR,8
2016-09,cs.CC,24
2016-09,cs.CE,12
2016-09,cs.CG,17
2016-09,cs.CL,130
2016-09,cs.CR,65
2016-09,cs.CV,271
2016-09,cs.CY,60
2016-09,cs.DB,34
2016-09,cs.DC,40
2016-09,cs.DL,18
2016-09,cs.DM,27
2016-09,cs.DS,72
2016-09,cs.ET,15
2016-09,cs.FL,15
2016-09,cs.GR,9
2016-09,cs.GT,38
2016-09,cs.HC,39
2016-09,cs.IR,26
2016-09,cs.IT,205
2016-09,cs.LG,114
2016-09,cs.LO,61
2016-09,cs.MA,9
2016-09,cs.MM,12
2016-09,cs.MS,7
2016-09,cs.NE,26
2016-09,cs.NI,81
2016-09,cs.OH,8
2016-09,cs.OS,5
2016-09,cs.PF,4
2016-09,cs.PL,13
2016-09,cs.RO,70
2016-09,cs.SC,4
2016-09,cs.SD,27
2016-09,cs.SE,27
2016-09,cs.SI,58
2016-09,econ.GN,5
2016-09,eess.SY,77
2016-09,gr-qc,207
2016-09,hep-ex,66
2016-09,hep-lat,38
2016-09,hep-ph,376
2016-09,hep-th,269
2016-09,math-ph,138
2016-09,math.AC,45
2016-09,math.AG,172
2016-09,math.AP,243
2016-09,math.AT,44
2016-09,math.CA,108
2016-09,math.CO,259
2016-09,math.CT,18
2016-09,math.CV,50
2016-09,math.DG,119
2016-09,math.DS,112
2016-09,math.FA,96
2016-09,math.GM,19
2016-09,math.GN,11
2016-09,math.GR,55
2016-09,math.GT,66
2016-09,math.HO,12
2016-09,math.KT,11
2016-09,math.LO,53
2016-09,math.MG,28
2016-09,math.NA,139
2016-09,math.NT,189
2016-09,math.OA,28
2016-09,math.OC,169
2016-09,math.PR,208
2016-09,math.QA,19
2016-09,math.RA,53
2016-09,math.RT,66
2016-09,math.SG,24
2016-09,math.SP,31
2016-09,math.ST,78
2016-09,nlin.AO,16
2016-09,nlin.CD,19
2016-09,nlin.CG,2
2016-09,nlin.PS,23
2016-09,nlin.SI,9
2016-09,nucl-ex,46
2016-09,nucl-th,108
2016-09,physics.acc-ph,19
2016-09,physics.ao-ph,14
2016-09,physics.atm-clus,8
2016-09,physics.atom-ph,66
2016-09,physics.bio-ph,37
2016-09,physics.chem-ph,61
2016-09,physics.class-ph,23
2016-09,physics.comp-ph,32
2016-09,physics.data-an,16
2016-09,physics.ed-ph,7
2016-09,physics.flu-dyn,92
2016-09,physics.gen-ph,40
2016-09,physics.geo-ph,24
2016-09,physics.hist-ph,17
2016-09,physics.ins-det,82
2016-09,physics.med-ph,22
2016-09,physics.optics,154
2016-09,physics.plasm-ph,48
2016-09,physics.pop-ph,4
2016-09,physics.soc-ph,64
2016-09,physics.space-ph,6
2016-09,q-bio.BM,13
2016-09,q-bio.CB,3
2016-09,q-bio.GN,9
2016-09,q-bio.MN,10
2016-09,q-bio.NC,37
2016-09,q-bio.OT,5
2016-09,q-bio.PE,39
2016-09,q-bio.QM,22
2016-09,q-bio.SC,7
2016-09,q-bio.TO,11
2016-09,q-fin.CP,2
2016-09,q-fin.GN,6
2016-09,q-fin.MF,7
2016-09,q-fin.PM,1
2016-09,q-fin.PR,8
2016-09,q-fin.RM,6
2016-09,q-fin.ST,3
2016-09,q-fin.TR,9
2016-09,quant-ph,466
2016-09,stat.AP,40
2016-09,stat.CO,19
2016-09,stat.ME,97
2016-09,stat.ML,82
2016-09,stat.OT,2
2016-10,astro-ph.CO,158
2016-10,astro-ph.EP,108
2016-10,astro-ph.GA,317
2016-10,astro-ph.HE,222
2016-10,astro-ph.IM,109
2016-10,astro-ph.SR,264
2016-10,cond-mat.dis-nn,41
2016-10,cond-mat.mes-hall,338
2016-10,cond-mat.mtrl-sci,312
2016-10,cond-mat.other,15
2016-10,cond-mat.quant-gas,82
2016-10,cond-mat.soft,113
2016-10,cond-mat.stat-mech,108
2016-10,cond-mat.str-el,204
2016-10,cond-mat.supr-con,78
2016-10,cs.AI,77
2016-10,cs.AR,11
2016-10,cs.CC,24
2016-10,cs.CE,20
2016-10,cs.CG,9
2016-10,cs.CL,143
2016-10,cs.CR,57
2016-10,cs.CV,240
2016-10,cs.CY,43
2016-10,cs.DB,23
2016-10,cs.DC,58
2016-10,cs.DL,11
2016-10,cs.DM,23
2016-10,cs.DS,98
2016-10,cs.ET,10
2016-10,cs.FL,19
2016-10,cs.GR,10
2016-10,cs.GT,40
2016-10,cs.HC,23
2016-10,cs.IR,23
2016-10,cs.IT,201
2016-10,cs.LG,132
2016-10,cs.LO,55
2016-10,cs.MA,7
2016-10,cs.MM,9
2016-10,cs.NE,19
2016-10,cs.NI,68
2016-10,cs.OH,10
2016-10,cs.OS,1
2016-10,cs.PF,6
2016-10,cs.PL,32
2016-10,cs.RO,66
2016-10,cs.SD,20
2016-10,cs.SE,29
2016-10,cs.SI,70
2016-10,econ.GN,12
2016-10,eess.SY,71
2016-10,gr-qc,219
2016-10,hep-ex,74
2016-10,hep-lat,78
2016-10,hep-ph,338
2016-10,hep-th,325
2016-10,math-ph,125
2016-10,math.AC,46
2016-10,math.AG,132
2016-10,math.AP,276
2016-10,math.AT,43
2016-10,math.CA,81
2016-10,math.CO,213
2016-10,math.CT,23
2016-10,math.CV,63
2016-10,math.DG,152
2016-10,math.DS,123
2016-10,math.FA,96
2016-10,math.GM,11
2016-10,math.GN,13
2016-10,math.GR,75
2016-10,math.GT,89
2016-10,math.HO,15
2016-10,math.KT,22
2016-10,math.LO,58
2016-10,math.MG,38
2016-10,math.NA,177
2016-10,math.NT,180
2016-10,math.OA,23
2016-10,math.OC,144
2016-10,math.PR,207
2016-10,math.QA,23
2016-10,math.RA,56
2016-10,math.RT,85
2016-10,math.SG,25
2016-10,math.SP,14
2016-10,math.ST,61
2016-10,nlin.AO,10
2016-10,nlin.CD,18
2016-10,nlin.CG,1
2016-10,nlin.PS,12
2016-10,nlin.SI,17
2016-10,nucl-ex,58
2016-10,nucl-th,140
2016-10,physics.acc-ph,32
2016-10,physics.ao-ph,10
2016-10,physics.atm-clus,7
2016-10,physics.atom-ph,52
2016-10,physics.bio-ph,31
2016-10,physics.chem-ph,70
2016-10,physics.class-ph,27
2016-10,physics.comp-ph,45
2016-10,physics.data-an,15
2016-10,physics.ed-ph,8
2016-10,physics.flu-dyn,87
2016-10,physics.gen-ph,39
2016-10,physics.geo-ph,20
2016-10,physics.hist-ph,16
2016-10,physics.ins-det,86
2016-10,physics.med-ph,24
2016-10,physics.optics,157
2016-10,physics.plasm-ph,72
2016-10,physics.pop-ph,5
2016-10,physics.soc-ph,64
2016-10,physics.space-ph,18
2016-10,q-bio.BM,17
2016-10,q-bio.CB,3
2016-10,q-bio.GN,6
2016-10,q-bio.MN,14
2016-10,q-bio.NC,54
2016-10,q-bio.OT,8
2016-10,q-bio.PE,35
2016-10,q-bio.QM,24
2016-10,q-bio.SC,8
2016-10,q-bio.TO,12
2016-10,q-fin.CP,4
2016-10,q-fin.GN,7
2016-10,q-fin.MF,22
2016-10,q-fin.PM,8
2016-10,q-fin.PR,5
2016-10,q-fin.RM,7
2016-10,q-fin.ST,14
2016-10,q-fin.TR,6
2016-10,quant-ph,402
2016-10,stat.AP,42
2016-10,stat.CO,24
2016-10,stat.ME,108
2016-10,stat.ML,154
2016-10,stat.OT,4
2016-11,astro-ph.CO,148
2016-11,astro-ph.EP,99
2016-11,astro-ph.GA,324
2016-11,astro-ph.HE,212
2016-11,astro-ph.IM,96
2016-11,astro-ph.SR,265
2016-11,cond-mat.dis-nn,40
2016-11,cond-mat.mes-hall,289
2016-11,cond-mat.mtrl-sci,283
2016-11,cond-mat.other,16
2016-11,cond-mat.quant-gas,77
2016-11,cond-mat.soft,123
2016-11,cond-mat.stat-mech,140
2016-11,cond-mat.str-el,196
2016-11,cond-mat.supr-con,88
2016-11,cs.AI,84
2016-11,cs.AR,10
2016-11,cs.CC,28
2016-11,cs.CE,15
2016-11,cs.CG,20
2016-11,cs.CL,139
2016-11,cs.CR,70
2016-11,cs.CV,397
2016-11,cs.CY,29
2016-11,cs.DB,32
2016-11,cs.DC,64
2016-11,cs.DL,14
2016-11,cs.DM,36
2016-11,cs.DS,115
2016-11,cs.ET,15
2016-11,cs.FL,11
2016-11,cs.GR,8
2016-11,cs.GT,40
2016-11,cs.HC,21
2016-11,cs.IR,26
2016-11,cs.IT,190
2016-11,cs.LG,202
2016-11,cs.LO,49
2016-11,cs.MA,9
2016-11,cs.MM,6
2016-11,cs.MS,9
2016-11,cs.NE,33
2016-11,cs.NI,110
2016-11,cs.OH,8
2016-11,cs.OS,1
2016-11,cs.PF,3
2016-11,cs.PL,34
2016-11,cs.RO,51
2016-11,cs.SC,5
2016-11,cs.SD,18
2016-11,cs.SE,59
2016-11,cs.SI,67
2016-11,econ.GN,11
2016-11,eess.SY,57
2016-11,gr-qc,219
2016-11,hep-ex,97
2016-11,hep-lat,114
2016-11,hep-ph,444
2016-11,hep-th,309
2016-11,math-ph,138
2016-11,math.AC,42
2016-11,math.AG,175
2016-11,math.AP,224
2016-11,math.AT,27
2016-11,math.CA,73
2016-11,math.CO,250
2016-11,math.CT,12
2016-11,math.CV,54
2016-11,math.DG,124
2016-11,math.DS,102
2016-11,math.FA,109
2016-11,math.GM,13
2016-11,math.GN,14
2016-11,math.GR,66
2016-11,math.GT,62
2016-11,math.HO,21
2016-11,math.KT,14
2016-11,math.LO,40
2016-11,math.MG,34
2016-11,math.NA,183
2016-11,math.NT,157
2016-11,math.OA,45
2016-11,math.OC,177
2016-11,math.PR,188
2016-11,math.QA,34
2016-11,math.RA,57
2016-11,math.RT,82
2016-11,math.SG,13
2016-11,math.SP,19
2016-11,math.ST,90
2016-11,nlin.AO,16
2016-11,nlin.CD,24
2016-11,nlin.CG,1
2016-11,nlin.PS,20
2016-11,nlin.SI,25
2016-11,nucl-ex,43
2016-11,nucl-th,128
2016-11,physics.acc-ph,32
2016-11,physics.ao-ph,11
2016-11,physics.atm-clus,5
2016-11,physics.atom-ph,64
2016-11,physics.bio-ph,22
2016-11,physics.chem-ph,68
2016-11,physics.class-ph,29
2016-11,physics.comp-ph,37
2016-11,physics.data-an,17
2016-11,physics.ed-ph,14
2016-11,physics.flu-dyn,85
2016-11,physics.gen-ph,46
2016-11,physics.geo-ph,21
2016-11,physics.hist-ph,10
2016-11,physics.ins-det,118
2016-11,physics.med-ph,18
2016-11,physics.optics,137
2016-11,physics.plasm-ph,64
2016-11,physics.pop-ph,2
2016-11,physics.soc-ph,54
2016-11,physics.space-ph,18
2016-11,q-bio.BM,14
2016-11,q-bio.CB,4
2016-11,q-bio.GN,4
2016-11,q-bio.MN,12
2016-11,q-bio.NC,55
2016-11,q-bio.OT,7
2016-11,q-bio.PE,30
2016-11,q-bio.QM,22
2016-11,q-bio.SC,5
2016-11,q-bio.TO,6
2016-11,q-fin.CP,6
2016-11,q-fin.GN,8
2016-11,q-fin.MF,9
2016-11,q-fin.PM,8
2016-11,q-fin.PR,4
2016-11,q-fin.RM,4
2016-11,q-fin.ST,11
2016-11,q-fin.TR,1
2016-11,quant-ph,376
2016-11,stat.AP,48
2016-11,stat.CO,21
2016-11,stat.ME,100
2016-11,stat.ML,144
2016-11,stat.OT,5
2016-12,astro-ph.CO,144
2016-12,astro-ph.EP,98
2016-12,astro-ph.GA,263
2016-12,astro-ph.HE,222
2016-12,astro-ph.IM,91
2016-12,astro-ph.SR,254
2016-12,cond-mat.dis-nn,28
2016-12,cond-mat.mes-hall,308
2016-12,cond-mat.mtrl-sci,246
2016-12,cond-mat.other,15
2016-12,cond-mat.quant-gas,103
2016-12,cond-mat.soft,133
2016-12,cond-mat.stat-mech,127
2016-12,cond-mat.str-el,186
2016-12,cond-mat.supr-con,70
2016-12,cs.AI,74
2016-12,cs.AR,10
2016-12,cs.CC,24
2016-12,cs.CE,10
2016-12,cs.CG,21
2016-12,cs.CL,110
2016-12,cs.CR,66
2016-12,cs.CV,375
2016-12,cs.CY,26
2016-12,cs.DB,24
2016-12,cs.DC,47
2016-12,cs.DL,17
2016-12,cs.DM,22
2016-12,cs.DS,76
2016-12,cs.ET,19
2016-12,cs.FL,12
2016-12,cs.GR,5
2016-12,cs.GT,25
2016-12,cs.HC,21
2016-12,cs.IR,20
2016-12,cs.IT,200
2016-12,cs.LG,136
2016-12,cs.LO,48
2016-12,cs.MA,9
2016-12,cs.MM,11
2016-12,cs.MS,4
2016-12,cs.NE,23
2016-12,cs.NI,94
2016-12,cs.OH,7
2016-12,cs.OS,1
2016-12,cs.PF,7
2016-12,cs.PL,16
2016-12,cs.RO,42
2016-12,cs.SC,8
2016-12,cs.SD,30
2016-12,cs.SE,46
2016-12,cs.SI,57
2016-12,econ.GN,14
2016-12,eess.SY,54
2016-12,gr-qc,226
2016-12,hep-ex,76
2016-12,hep-lat,82
2016-12,hep-ph,440
2016-12,hep-th,381
2016-12,math-ph,118
2016-12,math.AC,37
2016-12,math.AG,167
2016-12,math.AP,251
2016-12,math.AT,56
2016-12,math.CA,101
2016-12,math.CO,198
2016-12,math.CT,18
2016-12,math.CV,53
2016-12,math.DG,105
2016-12,math.DS,122
2016-12,math.FA,101
2016-12,math.GM,13
2016-12,math.GN,12
2016-12,math.GR,61
2016-12,math.GT,57
2016-12,math.HO,20
2016-12,math.KT,9
2016-12,math.LO,46
2016-12,math.MG,27
2016-12,math.NA,151
2016-12,math.NT,135
2016-12,math.OA,46
2016-12,math.OC,152
2016-12,math.PR,192
2016-12,math.QA,35
2016-12,math.RA,39
2016-12,math.RT,87
2016-12,math.SG,14
2016-12,math.SP,24
2016-12,math.ST,78
2016-12,nlin.AO,7
2016-12,nlin.CD,17
2016-12,nlin.PS,14
2016-12,nlin.SI,24
2016-12,nucl-ex,27
2016-12,nucl-th,138
2016-12,physics.acc-ph,43
2016-12,physics.ao-ph,12
2016-12,physics.atm-clus,5
2016-12,physics.atom-ph,43
2016-12,physics.bio-ph,28
2016-12,physics.chem-ph,52
2016-12,physics.class-ph,26
2016-12,physics.comp-ph,44
2016-12,physics.data-an,12
2016-12,physics.ed-ph,11
2016-12,physics.flu-dyn,79
2016-12,physics.gen-ph,43
2016-12,physics.geo-ph,15
2016-12,physics.hist-ph,17
2016-12,physics.ins-det,102
2016-12,physics.med-ph,11
2016-12,physics.optics,128
2016-12,physics.plasm-ph,51
2016-12,physics.pop-ph,5
2016-12,physics.soc-ph,45
2016-12,physics.space-ph,15
2016-12,q-bio.BM,6
2016-12,q-bio.CB,5
2016-12,q-bio.GN,3
2016-12,q-bio.MN,6
2016-12,q-bio.NC,28
2016-12,q-bio.OT,5
2016-12,q-bio.PE,40
2016-12,q-bio.QM,25
2016-12,q-bio.SC,6
2016-12,q-bio.TO,6
2016-12,q-fin.CP,3
2016-12,q-fin.GN,10
2016-12,q-fin.MF,13
2016-12,q-fin.PM,4
2016-12,q-fin.PR,8
2016-12,q-fin.RM,8
2016-12,q-fin.ST,10
2016-12,q-fin.TR,1
2016-12,quant-ph,422
2016-12,stat.AP,53
2016-12,stat.CO,22
2016-12,stat.ME,86
2016-12,stat.ML,95
2016-12,stat.OT,4
2017-01,astro-ph.CO,120
2017-01,astro-ph.EP,107
2017-01,astro-ph.GA,299
2017-01,astro-ph.HE,241
2017-01,astro-ph.IM,112
2017-01,astro-ph.SR,234
2017-01,cond-mat.dis-nn,35
2017-01,cond-mat.mes-hall,279
2017-01,cond-mat.mtrl-sci,254
2017-01,cond-mat.other,10
2017-01,cond-mat.quant-gas,55
2017-01,cond-mat.soft,109
2017-01,cond-mat.stat-mech,103
2017-01,cond-mat.str-el,153
2017-01,cond-mat.supr-con,90
2017-01,cs.AI,66
2017-01,cs.AR,10
2017-01,cs.CC,21
2017-01,cs.CE,16
2017-01,cs.CG,12
2017-01,cs.CL,84
2017-01,cs.CR,58
2017-01,cs.CV,225
2017-01,cs.CY,33
2017-01,cs.DB,46
2017-01,cs.DC,60
2017-01,cs.DL,6
2017-01,cs.DM,34
2017-01,cs.DS,50
2017-01,cs.ET,10
2017-01,cs.FL,20
2017-01,cs.GR,7
2017-01,cs.GT,38
2017-01,cs.HC,23
2017-01,cs.IR,33
2017-01,cs.IT,358
2017-01,cs.LG,107
2017-01,cs.LO,74
2017-01,cs.MA,5
2017-01,cs.MM,10
2017-01,cs.MS,1
2017-01,cs.NE,21
2017-01,cs.NI,83
2017-01,cs.OH,9
2017-01,cs.PF,6
2017-01,cs.PL,40
2017-01,cs.RO,42
2017-01,cs.SC,8
2017-01,cs.SD,5
2017-01,cs.SE,34
2017-01,cs.SI,55
2017-01,econ.GN,10
2017-01,eess.SY,63
2017-01,gr-qc,178
2017-01,hep-ex,57
2017-01,hep-lat,65
2017-01,hep-ph,291
2017-01,hep-th,229
2017-01,math-ph,122
2017-01,math.AC,49
2017-01,math.AG,167
2017-01,math.AP,213
2017-01,math.AT,33
2017-01,math.CA,86
2017-01,math.CO,252
2017-01,math.CT,15
2017-01,math.CV,66
2017-01,math.DG,134
2017-01,math.DS,107
2017-01,math.FA,79
2017-01,math.GM,11
2017-01,math.GN,11
2017-01,math.GR,63
2017-01,math.GT,51
2017-01,math.HO,16
2017-01,math.KT,3
2017-01,math.LO,46
2017-01,math.MG,27
2017-01,math.NA,158
2017-01,math.NT,146
2017-01,math.OA,27
2017-01,math.OC,150
2017-01,math.PR,200
2017-01,math.QA,21
2017-01,math.RA,60
2017-01,math.RT,71
2017-01,math.SG,17
2017-01,math.SP,18
2017-01,math.ST,57
2017-01,nlin.AO,13
2017-01,nlin.CD,22
2017-01,nlin.CG,2
2017-01,nlin.PS,18
2017-01,nlin.SI,16
2017-01,nucl-ex,33
2017-01,nucl-th,90
2017-01,physics.acc-ph,33
2017-01,physics.ao-ph,9
2017-01,physics.atm-clus,4
2017-01,physics.atom-ph,53
2017-01,physics.bio-ph,29
2017-01,physics.chem-ph,54
2017-01,physics.class-ph,29
2017-01,physics.comp-ph,20
2017-01,physics.data-an,11
2017-01,physics.ed-ph,19
2017-01,physics.flu-dyn,82
2017-01,physics.gen-ph,41
2017-01,physics.geo-ph,29
2017-01,physics.hist-ph,11
2017-01,physics.ins-det,72
2017-01,physics.med-ph,15
2017-01,physics.optics,116
2017-01,physics.plasm-ph,53
2017-01,physics.pop-ph,5
2017-01,physics.soc-ph,50
2017-01,physics.space-ph,20
2017-01,q-bio.BM,6
2017-01,q-bio.CB,7
2017-01,q-bio.GN,7
2017-01,q-bio.MN,13
2017-01,q-bio.NC,27
2017-01,q-bio.PE,33
2017-01,q-bio.QM,21
2017-01,q-bio.SC,5
2017-01,q-bio.TO,5
2017-01,q-fin.CP,8
2017-01,q-fin.GN,6
2017-01,q-fin.MF,11
2017-01,q-fin.PM,2
2017-01,q-fin.PR,6
2017-01,q-fin.RM,4
2017-01,q-fin.ST,4
2017-01,q-fin.TR,4
2017-01,quant-ph,375
2017-01,stat.AP,46
2017-01,stat.CO,20
2017-01,stat.ME,104
2017-01,stat.ML,81
2017-01,stat.OT,5
2017-02,astro-ph.CO,105
2017-02,astro-ph.EP,98
2017-02,astro-ph.GA,241
2017-02,astro-ph.HE,189
2017-02,astro-ph.IM,91
2017-02,astro-ph.SR,208
2017-02,cond-mat.dis-nn,29
2017-02,cond-mat.mes-hall,308
2017-02,cond-mat.mtrl-sci,254
2017-02,cond-mat.other,14
2017-02,cond-mat.quant-gas,56
2017-02,cond-mat.soft,93
2017-02,cond-mat.stat-mech,89
2017-02,cond-mat.str-el,164
2017-02,cond-mat.supr-con,70
2017-02,cs.AI,58
2017-02,cs.AR,5
2017-02,cs.CC,37
2017-02,cs.CE,14
2017-02,cs.CG,25
2017-02,cs.CL,136
2017-02,cs.CR,66
2017-02,cs.CV,280
2017-02,cs.CY,42
2017-02,cs.DB,31
2017-02,cs.DC,72
2017-02,cs.DL,18
2017-02,cs.DM,23
2017-02,cs.DS,85
2017-02,cs.ET,13
2017-02,cs.FL,27
2017-02,cs.GR,10
2017-02,cs.GT,38
2017-02,cs.HC,18
2017-02,cs.IR,31
2017-02,cs.IT,249
2017-02,cs.LG,170
2017-02,cs.LO,52
2017-02,cs.MA,12
2017-02,cs.MM,12
2017-02,cs.MS,3
2017-02,cs.NE,32
2017-02,cs.NI,92
2017-02,cs.OH,9
2017-02,cs.OS,1
2017-02,cs.PF,4
2017-02,cs.PL,27
2017-02,cs.RO,52
2017-02,cs.SC,10
2017-02,cs.SD,11
2017-02,cs.SE,53
2017-02,cs.SI,65
2017-02,econ.GN,13
2017-02,eess.AS,1
2017-02,eess.SY,84
2017-02,gr-qc,207
2017-02,hep-ex,54
2017-02,hep-lat,53
2017-02,hep-ph,299
2017-02,hep-th,236
2017-02,math-ph,111
2017-02,math.AC,33
2017-02,math.AG,122
2017-02,math.AP,254
2017-02,math.AT,44
2017-02,math.CA,89
2017-02,math.CO,196
2017-02,math.CT,14
2017-02,math.CV,40
2017-02,math.DG,106
2017-02,math.DS,131
2017-02,math.FA,71
2017-02,math.GM,13
2017-02,math.GN,17
2017-02,math.GR,68
2017-02,math.GT,54
2017-02,math.HO,14
2017-02,math.KT,5
2017-02,math.LO,44
2017-02,math.MG,30
2017-02,math.NA,137
2017-02,math.NT,134
2017-02,math.OA,18
2017-02,math.OC,160
2017-02,math.PR,159
2017-02,math.QA,29
2017-02,math.RA,41
2017-02,math.RT,64
2017-02,math.SG,17
2017-02,math.SP,20
2017-02,math.ST,62
2017-02,nlin.AO,9
2017-02,nlin.CD,11
2017-02,nlin.PS,23
2017-02,nlin.SI,15
2017-02,nucl-ex,30
2017-02,nucl-th,94
2017-02,physics.acc-ph,16
2017-02,physics.ao-ph,10
2017-02,physics.atm-clus,4
2017-02,physics.atom-ph,56
2017-02,physics.bio-ph,46
2017-02,physics.chem-ph,56
2017-02,physics.class-ph,28
2017-02,physics.comp-ph,43
2017-02,physics.data-an,17
2017-02,physics.ed-ph,9
2017-02,physics.flu-dyn,86
2017-02,physics.gen-ph,28
2017-02,physics.geo-ph,18
2017-02,physics.hist-ph,14
2017-02,physics.ins-det,99
2017-02,physics.med-ph,13
2017-02,physics.optics,101
2017-02,physics.plasm-ph,55
2017-02,physics.pop-ph,5
2017-02,physics.soc-ph,44
2017-02,physics.space-ph,14
2017-02,q-bio.BM,3
2017-02,q-bio.CB,3
2017-02,q-bio.GN,3
2017-02,q-bio.MN,4
2017-02,q-bio.NC,41
2017-02,q-bio.OT,2
2017-02,q-bio.PE,27
2017-02,q-bio.QM,11
2017-02,q-bio.SC,6
2017-02,q-bio.TO,3
2017-02,q-fin.CP,6
2017-02,q-fin.GN,2
2017-02,q-fin.MF,10
2017-02,q-fin.PM,2
2017-02,q-fin.PR,4
2017-02,q-fin.RM,6
2017-02,q-fin.ST,7
2017-02,q-fin.TR,4
2017-02,quant-ph,375
2017-02,stat.AP,47
2017-02,stat.CO,29
2017-02,stat.ME,95
2017-02,stat.ML,117
2017-02,stat.OT,5
2017-03,astro-ph.CO,137
2017-03,astro-ph.EP,125
2017-03,astro-ph.GA,307
2017-03,astro-ph.HE,228
2017-03,astro-ph.IM,93
2017-03,astro-ph.SR,219
2017-03,cond-mat.dis-nn,39
2017-03,cond-mat.mes-hall,341
2017-03,cond-mat.mtrl-sci,319
2017-03,cond-mat.other,13
2017-03,cond-mat.quant-gas,74
2017-03,cond-mat.soft,135
2017-03,cond-mat.stat-mech,134
2017-03,cond-mat.str-el,183
2017-03,cond-mat.supr-con,125
2017-03,cs.AI,101
2017-03,cs.AR,3
2017-03,cs.CC,24
2017-03,cs.CE,14
2017-03,cs.CG,29
2017-03,cs.CL,122
2017-03,cs.CR,87
2017-03,cs.CV,452
2017-03,cs.CY,44
2017-03,cs.DB,51
2017-03,cs.DC,70
2017-03,cs.DL,17
2017-03,cs.DM,27
2017-03,cs.DS,85
2017-03,cs.ET,18
2017-03,cs.FL,12
2017-03,cs.GL,2
2017-03,cs.GR,6
2017-03,cs.GT,50
2017-03,cs.HC,30
2017-03,cs.IR,34
2017-03,cs.IT,242
2017-03,cs.LG,239
2017-03,cs.LO,65
2017-03,cs.MA,8
2017-03,cs.MM,18
2017-03,cs.MS,6
2017-03,cs.NE,43
2017-03,cs.NI,86
2017-03,cs.OH,8
2017-03,cs.OS,3
2017-03,cs.PF,2
2017-03,cs.PL,27
2017-03,cs.RO,87
2017-03,cs.SC,6
2017-03,cs.SD,21
2017-03,cs.SE,93
2017-03,cs.SI,86
2017-03,econ.GN,6
2017-03,eess.SY,123
2017-03,gr-qc,235
2017-03,hep-ex,72
2017-03,hep-lat,37
2017-03,hep-ph,390
2017-03,hep-th,319
2017-03,math-ph,135
2017-03,math.AC,45
2017-03,math.AG,214
2017-03,math.AP,305
2017-03,math.AT,53
2017-03,math.CA,105
2017-03,math.CO,246
2017-03,math.CT,20
2017-03,math.CV,72
2017-03,math.DG,132
2017-03,math.DS,118
2017-03,math.FA,118
2017-03,math.GM,20
2017-03,math.GN,17
2017-03,math.GR,67
2017-03,math.GT,84
2017-03,math.HO,17
2017-03,math.KT,12
2017-03,math.LO,47
2017-03,math.MG,42
2017-03,math.NA,180
2017-03,math.NT,184
2017-03,math.OA,40
2017-03,math.OC,204
2017-03,math.PR,197
2017-03,math.QA,30
2017-03,math.RA,44
2017-03,math.RT,80
2017-03,math.SG,22
2017-03,math.SP,32
2017-03,math.ST,62
2017-03,nlin.AO,14
2017-03,nlin.CD,23
2017-03,nlin.CG,3
2017-03,nlin.PS,22
2017-03,nlin.SI,31
2017-03,nucl-ex,35
2017-03,nucl-th,94
2017-03,physics.acc-ph,21
2017-03,physics.ao-ph,16
2017-03,physics.app-ph,1
2017-03,physics.atm-clus,4
2017-03,physics.atom-ph,60
2017-03,physics.bio-ph,43
2017-03,physics.chem-ph,63
2017-03,physics.class-ph,30
2017-03,physics.comp-ph,33
2017-03,physics.data-an,15
2017-03,physics.ed-ph,9
2017-03,physics.flu-dyn,94
2017-03,physics.gen-ph,48
2017-03,physics.geo-ph,21
2017-03,physics.hist-ph,12
2017-03,physics.ins-det,101
2017-03,physics.med-ph,28
2017-03,physics.optics,149
2017-03,physics.plasm-ph,67
2017-03,physics.pop-ph,14
2017-03,physics.soc-ph,58
2017-03,physics.space-ph,13
2017-03,q-bio.BM,15
2017-03,q-bio.CB,3
2017-03,q-bio.GN,13
2017-03,q-bio.MN,14
2017-03,q-bio.NC,44
2017-03,q-bio.OT,7
2017-03,q-bio.PE,36
2017-03,q-bio.QM,24
2017-03,q-bio.SC,3
2017-03,q-bio.TO,5
2017-03,q-fin.CP,4
2017-03,q-fin.GN,2
2017-03,q-fin.MF,12
2017-03,q-fin.PM,3
2017-03,q-fin.PR,7
2017-03,q-fin.RM,5
2017-03,q-fin.ST,11
2017-03,q-fin.TR,3
2017-03,quant-ph,459
2017-03,stat.AP,59
2017-03,stat.CO,30
2017-03,stat.ME,100
2017-03,stat.ML,151
2017-03,stat.OT,6
2017-04,astro-ph.CO,101
2017-04,astro-ph.EP,115
2017-04,astro-ph.GA,258
2017-04,astro-ph.HE,166
2017-04,astro-ph.IM,62
2017-04,astro-ph.SR,176
2017-04,cond-mat.dis-nn,33
2017-04,cond-mat.mes-hall,265
2017-04,cond-mat.mtrl-sci,267
2017-04,cond-mat.other,17
2017-04,cond-mat.quant-gas,73
2017-04,cond-mat.soft,75
2017-04,cond-mat.stat-mech,118
2017-04,cond-mat.str-el,168
2017-04,cond-mat.supr-con,96
2017-04,cs.AI,97
2017-04,cs.AR,10
2017-04,cs.CC,33
2017-04,cs.CE,10
2017-04,cs.CG,19
2017-04,cs.CL,199
2017-04,cs.CR,66
2017-04,cs.CV,426
2017-04,cs.CY,37
2017-04,cs.DB,23
2017-04,cs.DC,72
2017-04,cs.DL,6
2017-04,cs.DM,23
2017-04,cs.DS,116
2017-04,cs.ET,10
2017-04,cs.FL,13
2017-04,cs.GR,10
2017-04,cs.GT,38
2017-04,cs.HC,15
2017-04,cs.IR,26
2017-04,cs.IT,237
2017-04,cs.LG,135
2017-04,cs.LO,47
2017-04,cs.MA,3
2017-04,cs.MM,16
2017-04,cs.MS,8
2017-04,cs.NE,41
2017-04,cs.NI,80
2017-04,cs.OH,5
2017-04,cs.OS,2
2017-04,cs.PF,8
2017-04,cs.PL,29
2017-04,cs.RO,49
2017-04,cs.SC,6
2017-04,cs.SD,11
2017-04,cs.SE,65
2017-04,cs.SI,54
2017-04,econ.GN,7
2017-04,eess.AS,1
2017-04,eess.SY,66
2017-04,gr-qc,214
2017-04,hep-ex,50
2017-04,hep-lat,32
2017-04,hep-ph,374
2017-04,hep-th,263
2017-04,math-ph,100
2017-04,math.AC,28
2017-04,math.AG,141
2017-04,math.AP,232
2017-04,math.AT,39
2017-04,math.CA,90
2017-04,math.CO,193
2017-04,math.CT,19
2017-04,math.CV,47
2017-04,math.DG,105
2017-04,math.DS,93
2017-04,math.FA,91
2017-04,math.GM,13
2017-04,math.GN,12
2017-04,math.GR,37
2017-04,math.GT,63
2017-04,math.HO,12
2017-04,math.KT,9
2017-04,math.LO,54
2017-04,math.MG,28
2017-04,math.NA,149
2017-04,math.NT,132
2017-04,math.OA,29
2017-04,math.OC,173
2017-04,math.PR,185
2017-04,math.QA,24
2017-04,math.RA,50
2017-04,math.RT,74
2017-04,math.SG,16
2017-04,math.SP,20
2017-04,math.ST,73
2017-04,nlin.AO,16
2017-04,nlin.CD,18
2017-04,nlin.CG,1
2017-04,nlin.PS,25
2017-04,nlin.SI,29
2017-04,nucl-ex,53
2017-04,nucl-th,159
2017-04,physics.acc-ph,40
2017-04,physics.ao-ph,16
2017-04,physics.app-ph,46
2017-04,physics.atm-clus,6
2017-04,physics.atom-ph,40
2017-04,physics.bio-ph,30
2017-04,physics.chem-ph,51
2017-04,physics.class-ph,24
2017-04,physics.comp-ph,45
2017-04,physics.data-an,10
2017-04,physics.ed-ph,5
2017-04,physics.flu-dyn,94
2017-04,physics.gen-ph,32
2017-04,physics.geo-ph,17
2017-04,physics.hist-ph,12
2017-04,physics.ins-det,70
2017-04,physics.med-ph,13
2017-04,physics.optics,111
2017-04,physics.plasm-ph,59
2017-04,physics.pop-ph,7
2017-04,physics.soc-ph,54
2017-04,physics.space-ph,13
2017-04,q-bio.BM,10
2017-04,q-bio.CB,8
2017-04,q-bio.GN,6
2017-04,q-bio.MN,11
2017-04,q-bio.NC,38
2017-04,q-bio.OT,2
2017-04,q-bio.PE,31
2017-04,q-bio.QM,21
2017-04,q-bio.SC,2
2017-04,q-bio.TO,9
2017-04,q-fin.CP,6
2017-04,q-fin.GN,8
2017-04,q-fin.MF,12
2017-04,q-fin.PM,5
2017-04,q-fin.PR,1
2017-04,q-fin.RM,7
2017-04,q-fin.ST,11
2017-04,q-fin.TR,4
2017-04,quant-ph,389
2017-04,stat.AP,57
2017-04,stat.CO,22
2017-04,stat.ME,89
2017-04,stat.ML,111
2017-04,stat.OT,6
2017-05,astro-ph.CO,147
2017-05,astro-ph.EP,139
2017-05,astro-ph.GA,331
2017-05,astro-ph.HE,230
2017-05,astro-ph.IM,80
2017-05,astro-ph.SR,222
2017-05,cond-mat.dis-nn,33
2017-05,cond-mat.mes-hall,293
2017-05,cond-mat.mtrl-sci,297
2017-05,cond-mat.other,14
2017-05,cond-mat.quant-gas,94
2017-05,cond-mat.soft,107
2017-05,cond-mat.stat-mech,122
2017-05,cond-mat.str-el,227
2017-05,cond-mat.supr-con,106
2017-05,cs.AI,139
2017-05,cs.AR,27
2017-05,cs.CC,27
2017-05,cs.CE,19
2017-05,cs.CG,17
2017-05,cs.CL,147
2017-05,cs.CR,87
2017-05,cs.CV,427
2017-05,cs.CY,49
2017-05,cs.DB,20
2017-05,cs.DC,79
2017-05,cs.DL,18
2017-05,cs.DM,38
2017-05,cs.DS,90
2017-05,cs.ET,11
2017-05,cs.FL,20
2017-05,cs.GR,16
2017-05,cs.GT,40
2017-05,cs.HC,25
2017-05,cs.IR,35
2017-05,cs.IT,270
2017-05,cs.LG,244
2017-05,cs.LO,63
2017-05,cs.MA,6
2017-05,cs.MM,14
2017-05,cs.MS,11
2017-05,cs.NE,33
2017-05,cs.NI,86
2017-05,cs.OH,14
2017-05,cs.OS,6
2017-05,cs.PF,9
2017-05,cs.PL,29
2017-05,cs.RO,78
2017-05,cs.SC,13
2017-05,cs.SD,26
2017-05,cs.SE,50
2017-05,cs.SI,65
2017-05,econ.GN,8
2017-05,eess.AS,1
2017-05,eess.SP,1
2017-05,eess.SY,87
2017-05,gr-qc,236
2017-05,hep-ex,73
2017-05,hep-lat,33
2017-05,hep-ph,404
2017-05,hep-th,318
2017-05,math-ph,146
2017-05,math.AC,52
2017-05,math.AG,162
2017-05,math.AP,291
2017-05,math.AT,43
2017-05,math.CA,110
2017-05,math.CO,241
2017-05,math.CT,8
2017-05,math.CV,53
2017-05,math.DG,138
2017-05,math.DS,144
2017-05,math.FA,113
2017-05,math.GM,6
2017-05,math.GN,11
2017-05,math.GR,68
2017-05,math.GT,63
2017-05,math.HO,12
2017-05,math.KT,16
2017-05,math.LO,44
2017-05,math.MG,31
2017-05,math.NA,175
2017-05,math.NT,159
2017-05,math.OA,48
2017-05,math.OC,185
2017-05,math.PR,170
2017-05,math.QA,26
2017-05,math.RA,70
2017-05,math.RT,84
2017-05,math.SG,14
2017-05,math.SP,25
2017-05,math.ST,74
2017-05,nlin.AO,19
2017-05,nlin.CD,18
2017-05,nlin.CG,1
2017-05,nlin.PS,19
2017-05,nlin.SI,31
2017-05,nucl-ex,37
2017-05,nucl-th,98
2017-05,physics.acc-ph,64
2017-05,physics.ao-ph,21
2017-05,physics.app-ph,76
2017-05,physics.atm-clus,5
2017-05,physics.atom-ph,56
2017-05,physics.bio-ph,48
2017-05,physics.chem-ph,65
2017-05,physics.class-ph,29
2017-05,physics.comp-ph,37
2017-05,physics.data-an,11
2017-05,physics.ed-ph,4
2017-05,physics.flu-dyn,92
2017-05,physics.gen-ph,55
2017-05,physics.geo-ph,14
2017-05,physics.hist-ph,11
2017-05,physics.ins-det,87
2017-05,physics.med-ph,15
2017-05,physics.optics,149
2017-05,physics.plasm-ph,61
2017-05,physics.pop-ph,8
2017-05,physics.soc-ph,55
2017-05,physics.space-ph,15
2017-05,q-bio.BM,9
2017-05,q-bio.CB,8
2017-05,q-bio.GN,10
2017-05,q-bio.MN,12
2017-05,q-bio.NC,45
2017-05,q-bio.OT,7
2017-05,q-bio.PE,30
2017-05,q-bio.QM,25
2017-05,q-bio.SC,7
2017-05,q-bio.TO,7
2017-05,q-fin.CP,5
2017-05,q-fin.GN,7
2017-05,q-fin.MF,15
2017-05,q-fin.PM,6
2017-05,q-fin.PR,4
2017-05,q-fin.RM,2
2017-05,q-fin.ST,5
2017-05,q-fin.TR,4
2017-05,quant-ph,414
2017-05,stat.AP,64
2017-05,stat.CO,36
2017-05,stat.ME,114
2017-05,stat.ML,176
2017-05,stat.OT,7
2017-06,astro-ph.CO,146
2017-06,astro-ph.EP,116
2017-06,astro-ph.GA,303
2017-06,astro-ph.HE,199
2017-06,astro-ph.IM,89
2017-06,astro-ph.SR,257
2017-06,cond-mat.dis-nn,41
2017-06,cond-mat.mes-hall,305
2017-06,cond-mat.mtrl-sci,317
2017-06,cond-mat.other,20
2017-06,cond-mat.quant-gas,87
2017-06,cond-mat.soft,132
2017-06,cond-mat.stat-mech,131
2017-06,cond-mat.str-el,200
2017-06,cond-mat.supr-con,99
2017-06,cs.AI,105
2017-06,cs.AR,10
2017-06,cs.CC,33
2017-06,cs.CE,16
2017-06,cs.CG,25
2017-06,cs.CL,152
2017-06,cs.CR,94
2017-06,cs.CV,349
2017-06,cs.CY,54
2017-06,cs.DB,16
2017-06,cs.DC,53
2017-06,cs.DL,21
2017-06,cs.DM,32
2017-06,cs.DS,81
2017-06,cs.ET,6
2017-06,cs.FL,11
2017-06,cs.GL,1
2017-06,cs.GR,13
2017-06,cs.GT,25
2017-06,cs.HC,35
2017-06,cs.IR,55
2017-06,cs.IT,212
2017-06,cs.LG,224
2017-06,cs.LO,47
2017-06,cs.MA,10
2017-06,cs.MM,12
2017-06,cs.MS,3
2017-06,cs.NE,36
2017-06,cs.NI,74
2017-06,cs.OH,5
2017-06,cs.PF,7
2017-06,cs.PL,18
2017-06,cs.RO,71
2017-06,cs.SC,5
2017-06,cs.SD,46
2017-06,cs.SE,48
2017-06,cs.SI,75
2017-06,econ.GN,11
2017-06,eess.AS,1
2017-06,eess.SY,73
2017-06,gr-qc,220
2017-06,hep-ex,52
2017-06,hep-lat,41
2017-06,hep-ph,357
2017-06,hep-th,315
2017-06,math-ph,113
2017-06,math.AC,36
2017-06,math.AG,171
2017-06,math.AP,254
2017-06,math.AT,40
2017-06,math.CA,87
2017-06,math.CO,219
2017-06,math.CT,16
2017-06,math.CV,47
2017-06,math.DG,127
2017-06,math.DS,106
2017-06,math.FA,119
2017-06,math.GM,21
2017-06,math.GN,20
2017-06,math.GR,68
2017-06,math.GT,55
2017-06,math.HO,5
2017-06,math.KT,7
2017-06,math.LO,48
2017-06,math.MG,36
2017-06,math.NA,158
2017-06,math.NT,186
2017-06,math.OA,48
2017-06,math.OC,190
2017-06,math.PR,198
2017-06,math.QA,29
2017-06,math.RA,48
2017-06,math.RT,82
2017-06,math.SG,19
2017-06,math.SP,25
2017-06,math.ST,92
2017-06,nlin.AO,12
2017-06,nlin.CD,20
2017-06,nlin.PS,14
2017-06,nlin.SI,17
2017-06,nucl-ex,17
2017-06,nucl-th,89
2017-06,physics.acc-ph,25
2017-06,physics.ao-ph,6
2017-06,physics.app-ph,57
2017-06,physics.atm-clus,4
2017-06,physics.atom-ph,71
2017-06,physics.bio-ph,34
2017-06,physics.chem-ph,76
2017-06,physics.class-ph,21
2017-06,physics.comp-ph,29
2017-06,physics.data-an,13
2017-06,physics.ed-ph,10
2017-06,physics.flu-dyn,94
2017-06,physics.gen-ph,39
2017-06,physics.geo-ph,23
2017-06,physics.hist-ph,12
2017-06,physics.ins-det,79
2017-06,physics.med-ph,23
2017-06,physics.optics,128
2017-06,physics.plasm-ph,55
2017-06,physics.pop-ph,7
2017-06,physics.soc-ph,66
2017-06,physics.space-ph,21
2017-06,q-bio.BM,6
2017-06,q-bio.CB,5
2017-06,q-bio.GN,6
2017-06,q-bio.MN,10
2017-06,q-bio.NC,36
2017-06,q-bio.OT,5
2017-06,q-bio.PE,29
2017-06,q-bio.QM,22
2017-06,q-bio.SC,3
2017-06,q-bio.TO,10
2017-06,q-fin.CP,8
2017-06,q-fin.GN,5
2017-06,q-fin.MF,5
2017-06,q-fin.PM,4
2017-06,q-fin.PR,5
2017-06,q-fin.RM,6
2017-06,q-fin.ST,4
2017-06,q-fin.TR,3
2017-06,quant-ph,417
2017-06,stat.AP,48
2017-06,stat.CO,25
2017-06,stat.ME,92
2017-06,stat.ML,155
2017-06,stat.OT,3
2017-07,astro-ph.CO,142
2017-07,astro-ph.EP,102
2017-07,astro-ph.GA,290
2017-07,astro-ph.HE,221
2017-07,astro-ph.IM,90
2017-07,astro-ph.SR,196
2017-07,cond-mat.dis-nn,32
2017-07,cond-mat.mes-hall,247
2017-07,cond-mat.mtrl-sci,251
2017-07,cond-mat.other,12
2017-07,cond-mat.quant-gas,85
2017-07,cond-mat.soft,112
2017-07,cond-mat.stat-mech,115
2017-07,cond-mat.str-el,178
2017-07,cond-mat.supr-con,88
2017-07,cs.AI,131
2017-07,cs.AR,10
2017-07,cs.CC,16
2017-07,cs.CE,15
2017-07,cs.CG,24
2017-07,cs.CL,227
2017-07,cs.CR,73
2017-07,cs.CV,453
2017-07,cs.CY,46
2017-07,cs.DB,24
2017-07,cs.DC,62
2017-07,cs.DL,29
2017-07,cs.DM,31
2017-07,cs.DS,104
2017-07,cs.ET,8
2017-07,cs.FL,18
2017-07,cs.GR,20
2017-07,cs.GT,44
2017-07,cs.HC,38
2017-07,cs.IR,56
2017-07,cs.IT,206
2017-07,cs.LG,151
2017-07,cs.LO,73
2017-07,cs.MA,10
2017-07,cs.MM,11
2017-07,cs.MS,7
2017-07,cs.NE,40
2017-07,cs.NI,88
2017-07,cs.OH,8
2017-07,cs.OS,4
2017-07,cs.PF,12
2017-07,cs.PL,28
2017-07,cs.RO,77
2017-07,cs.SC,6
2017-07,cs.SD,28
2017-07,cs.SE,48
2017-07,cs.SI,53
2017-07,econ.GN,11
2017-07,eess.SP,3
2017-07,eess.SY,72
2017-07,gr-qc,241
2017-07,hep-ex,55
2017-07,hep-lat,26
2017-07,hep-ph,335
2017-07,hep-th,304
2017-07,math-ph,92
2017-07,math.AC,41
2017-07,math.AG,158
2017-07,math.AP,264
2017-07,math.AT,44
2017-07,math.CA,74
2017-07,math.CO,241
2017-07,math.CT,22
2017-07,math.CV,49
2017-07,math.DG,129
2017-07,math.DS,120
2017-07,math.FA,86
2017-07,math.GM,16
2017-07,math.GN,12
2017-07,math.GR,62
2017-07,math.GT,66
2017-07,math.HO,19
2017-07,math.KT,10
2017-07,math.LO,57
2017-07,math.MG,33
2017-07,math.NA,143
2017-07,math.NT,168
2017-07,math.OA,28
2017-07,math.OC,172
2017-07,math.PR,211
2017-07,math.QA,28
2017-07,math.RA,67
2017-07,math.RT,75
2017-07,math.SG,12
2017-07,math.SP,19
2017-07,math.ST,67
2017-07,nlin.AO,11
2017-07,nlin.CD,27
2017-07,nlin.PS,11
2017-07,nlin.SI,18
2017-07,nucl-ex,39
2017-07,nucl-th,84
2017-07,physics.acc-ph,20
2017-07,physics.ao-ph,10
2017-07,physics.app-ph,66
2017-07,physics.atm-clus,2
2017-07,physics.atom-ph,55
2017-07,physics.bio-ph,34
2017-07,physics.chem-ph,58
2017-07,physics.class-ph,16
2017-07,physics.comp-ph,35
2017-07,physics.data-an,8
2017-07,physics.ed-ph,14
2017-07,physics.flu-dyn,80
2017-07,physics.gen-ph,21
2017-07,physics.geo-ph,17
2017-07,physics.hist-ph,16
2017-07,physics.ins-det,88
2017-07,physics.med-ph,15
2017-07,physics.optics,152
2017-07,physics.plasm-ph,59
2017-07,physics.pop-ph,1
2017-07,physics.soc-ph,58
2017-07,physics.space-ph,11
2017-07,q-bio.BM,13
2017-07,q-bio.CB,3
2017-07,q-bio.GN,4
2017-07,q-bio.MN,9
2017-07,q-bio.NC,39
2017-07,q-bio.OT,6
2017-07,q-bio.PE,33
2017-07,q-bio.QM,25
2017-07,q-bio.SC,1
2017-07,q-bio.TO,8
2017-07,q-fin.CP,10
2017-07,q-fin.GN,6
2017-07,q-fin.MF,11
2017-07,q-fin.PM,5
2017-07,q-fin.PR,8
2017-07,q-fin.RM,10
2017-07,q-fin.ST,11
2017-07,q-fin.TR,4
2017-07,quant-ph,430
2017-07,stat.AP,52
2017-07,stat.CO,23
2017-07,stat.ME,124
2017-07,stat.ML,134
2017-07,stat.OT,12
2017-08,astro-ph.CO,142
2017-08,astro-ph.EP,123
2017-08,astro-ph.GA,251
2017-08,astro-ph.HE,239
2017-08,astro-ph.IM,106
2017-08,astro-ph.SR,199
2017-08,cond-mat.dis-nn,32
2017-08,cond-mat.mes-hall,273
2017-08,cond-mat.mtrl-sci,283
2017-08,cond-mat.other,7
2017-08,cond-mat.quant-gas,82
2017-08,cond-mat.soft,100
2017-08,cond-mat.stat-mech,127
2017-08,cond-mat.str-el,171
2017-08,cond-mat.supr-con,88
2017-08,cs.AI,81
2017-08,cs.AR,6
2017-08,cs.CC,16
2017-08,cs.CE,17
2017-08,cs.CG,44
2017-08,cs.CL,192
2017-08,cs.CR,122
2017-08,cs.CV,482
2017-08,cs.CY,46
2017-08,cs.DB,28
2017-08,cs.DC,96
2017-08,cs.DL,21
2017-08,cs.DM,26
2017-08,cs.DS,105
2017-08,cs.ET,14
2017-08,cs.FL,20
2017-08,cs.GL,1
2017-08,cs.GR,11
2017-08,cs.GT,29
2017-08,cs.HC,48
2017-08,cs.IR,46
2017-08,cs.IT,178
2017-08,cs.LG,158
2017-08,cs.LO,38
2017-08,cs.MA,10
2017-08,cs.MM,12
2017-08,cs.MS,8
2017-08,cs.NE,22
2017-08,cs.NI,72
2017-08,cs.OH,8
2017-08,cs.OS,1
2017-08,cs.PF,6
2017-08,cs.PL,28
2017-08,cs.RO,59
2017-08,cs.SC,1
2017-08,cs.SD,27
2017-08,cs.SE,42
2017-08,cs.SI,43
2017-08,cs.SY,1
2017-08,econ.GN,18
2017-08,econ.TH,1
2017-08,eess.AS,2
2017-08,eess.IV,1
2017-08,eess.SP,12
2017-08,eess.SY,66
2017-08,gr-qc,201
2017-08,hep-ex,85
2017-08,hep-lat,25
2017-08,hep-ph,343
2017-08,hep-th,265
2017-08,math-ph,104
2017-08,math.AC,45
2017-08,math.AG,163
2017-08,math.AP,219
2017-08,math.AT,57
2017-08,math.CA,88
2017-08,math.CO,254
2017-08,math.CT,9
2017-08,math.CV,49
2017-08,math.DG,118
2017-08,math.DS,107
2017-08,math.FA,108
2017-08,math.GM,15
2017-08,math.GN,17
2017-08,math.GR,61
2017-08,math.GT,67
2017-08,math.HO,12
2017-08,math.KT,6
2017-08,math.LO,57
2017-08,math.MG,29
2017-08,math.NA,147
2017-08,math.NT,152
2017-08,math.OA,28
2017-08,math.OC,167
2017-08,math.PR,185
2017-08,math.QA,27
2017-08,math.RA,65
2017-08,math.RT,70
2017-08,math.SG,17
2017-08,math.SP,20
2017-08,math.ST,74
2017-08,nlin.AO,12
2017-08,nlin.CD,19
2017-08,nlin.CG,3
2017-08,nlin.PS,17
2017-08,nlin.SI,15
2017-08,nucl-ex,33
2017-08,nucl-th,97
2017-08,physics.acc-ph,20
2017-08,physics.ao-ph,20
2017-08,physics.app-ph,78
2017-08,physics.atm-clus,8
2017-08,physics.atom-ph,45
2017-08,physics.bio-ph,28
2017-08,physics.chem-ph,64
2017-08,physics.class-ph,9
2017-08,physics.comp-ph,33
2017-08,physics.data-an,14
2017-08,physics.ed-ph,16
2017-08,physics.flu-dyn,103
2017-08,physics.gen-ph,37
2017-08,physics.geo-ph,12
2017-08,physics.hist-ph,14
2017-08,physics.ins-det,72
2017-08,physics.med-ph,24
2017-08,physics.optics,113
2017-08,physics.plasm-ph,72
2017-08,physics.pop-ph,4
2017-08,physics.soc-ph,47
2017-08,physics.space-ph,13
2017-08,q-bio.BM,12
2017-08,q-bio.CB,4
2017-08,q-bio.GN,7
2017-08,q-bio.MN,9
2017-08,q-bio.NC,35
2017-08,q-bio.OT,2
2017-08,q-bio.PE,33
2017-08,q-bio.QM,33
2017-08,q-bio.SC,1
2017-08,q-bio.TO,6
2017-08,q-fin.CP,3
2017-08,q-fin.GN,7
2017-08,q-fin.MF,8
2017-08,q-fin.PM,5
2017-08,q-fin.PR,8
2017-08,q-fin.RM,6
2017-08,q-fin.ST,7
2017-08,q-fin.TR,8
2017-08,quant-ph,406
2017-08,stat.AP,56
2017-08,stat.CO,20
2017-08,stat.ME,98
2017-08,stat.ML,94
2017-08,stat.OT,3
2017-09,astro-ph.CO,156
2017-09,astro-ph.EP,143
2017-09,astro-ph.GA,293
2017-09,astro-ph.HE,253
2017-09,astro-ph.IM,122
2017-09,astro-ph.SR,224
2017-09,cond-mat.dis-nn,28
2017-09,cond-mat.mes-hall,297
2017-09,cond-mat.mtrl-sci,256
2017-09,cond-mat.other,12
2017-09,cond-mat.quant-gas,62
2017-09,cond-mat.soft,130
2017-09,cond-mat.stat-mech,124
2017-09,cond-mat.str-el,169
2017-09,cond-mat.supr-con,101
2017-09,cs.AI,128
2017-09,cs.AR,5
2017-09,cs.CC,24
2017-09,cs.CE,13
2017-09,cs.CG,33
2017-09,cs.CL,181
2017-09,cs.CR,112
2017-09,cs.CV,465
2017-09,cs.CY,31
2017-09,cs.DB,43
2017-09,cs.DC,103
2017-09,cs.DL,16
2017-09,cs.DM,20
2017-09,cs.DS,74
2017-09,cs.ET,28
2017-09,cs.FL,14
2017-09,cs.GR,13
2017-09,cs.GT,31
2017-09,cs.HC,44
2017-09,cs.IR,39
2017-09,cs.IT,220
2017-09,cs.LG,182
2017-09,cs.LO,58
2017-09,cs.MA,15
2017-09,cs.MM,15
2017-09,cs.MS,5
2017-09,cs.NE,33
2017-09,cs.NI,91
2017-09,cs.OH,5
2017-09,cs.OS,2
2017-09,cs.PF,5
2017-09,cs.PL,39
2017-09,cs.RO,142
2017-09,cs.SC,4
2017-09,cs.SD,26
2017-09,cs.SE,47
2017-09,cs.SI,60
2017-09,econ.EM,14
2017-09,econ.GN,7
2017-09,eess.AS,5
2017-09,eess.IV,9
2017-09,eess.SP,41
2017-09,eess.SY,100
2017-09,gr-qc,212
2017-09,hep-ex,92
2017-09,hep-lat,39
2017-09,hep-ph,375
2017-09,hep-th,262
2017-09,math-ph,127
2017-09,math.AC,39
2017-09,math.AG,159
2017-09,math.AP,299
2017-09,math.AT,42
2017-09,math.CA,74
2017-09,math.CO,257
2017-09,math.CT,15
2017-09,math.CV,64
2017-09,math.DG,143
2017-09,math.DS,109
2017-09,math.FA,94
2017-09,math.GM,8
2017-09,math.GN,18
2017-09,math.GR,76
2017-09,math.GT,57
2017-09,math.HO,12
2017-09,math.KT,5
2017-09,math.LO,52
2017-09,math.MG,30
2017-09,math.NA,181
2017-09,math.NT,164
2017-09,math.OA,38
2017-09,math.OC,196
2017-09,math.PR,202
2017-09,math.QA,30
2017-09,math.RA,51
2017-09,math.RT,80
2017-09,math.SG,20
2017-09,math.SP,19
2017-09,math.ST,74
2017-09,nlin.AO,6
2017-09,nlin.CD,19
2017-09,nlin.CG,2
2017-09,nlin.PS,20
2017-09,nlin.SI,14
2017-09,nucl-ex,47
2017-09,nucl-th,78
2017-09,physics.acc-ph,31
2017-09,physics.ao-ph,13
2017-09,physics.app-ph,77
2017-09,physics.atm-clus,6
2017-09,physics.atom-ph,67
2017-09,physics.bio-ph,32
2017-09,physics.chem-ph,72
2017-09,physics.class-ph,21
2017-09,physics.comp-ph,33
2017-09,physics.data-an,12
2017-09,physics.ed-ph,12
2017-09,physics.flu-dyn,83
2017-09,physics.gen-ph,34
2017-09,physics.geo-ph,14
2017-09,physics.hist-ph,12
2017-09,physics.ins-det,86
2017-09,physics.med-ph,22
2017-09,physics.optics,139
2017-09,physics.plasm-ph,71
2017-09,physics.pop-ph,7
2017-09,physics.soc-ph,62
2017-09,physics.space-ph,9
2017-09,q-bio.BM,4
2017-09,q-bio.CB,4
2017-09,q-bio.GN,3
2017-09,q-bio.MN,10
2017-09,q-bio.NC,35
2017-09,q-bio.OT,5
2017-09,q-bio.PE,31
2017-09,q-bio.QM,20
2017-09,q-bio.SC,1
2017-09,q-bio.TO,9
2017-09,q-fin.CP,2
2017-09,q-fin.GN,6
2017-09,q-fin.MF,19
2017-09,q-fin.PM,8
2017-09,q-fin.PR,2
2017-09,q-fin.RM,3
2017-09,q-fin.ST,9
2017-09,q-fin.TR,5
2017-09,quant-ph,398
2017-09,stat.AP,48
2017-09,stat.CO,36
2017-09,stat.ME,111
2017-09,stat.ML,137
2017-09,stat.OT,2
2017-10,astro-ph.CO,157
2017-10,astro-ph.EP,153
2017-10,astro-ph.GA,360
2017-10,astro-ph.HE,307
2017-10,astro-ph.IM,125
2017-10,astro-ph.SR,209
2017-10,cond-mat.dis-nn,38
2017-10,cond-mat.mes-hall,276
2017-10,cond-mat.mtrl-sci,317
2017-10,cond-mat.other,6
2017-10,cond-mat.quant-gas,92
2017-10,cond-mat.soft,133
2017-10,cond-mat.stat-mech,137
2017-10,cond-mat.str-el,198
2017-10,cond-mat.supr-con,109
2017-10,cs.AI,94
2017-10,cs.AR,10
2017-10,cs.CC,28
2017-10,cs.CE,18
2017-10,cs.CG,27
2017-10,cs.CL,163
2017-10,cs.CR,94
2017-10,cs.CV,332
2017-10,cs.CY,92
2017-10,cs.DB,23
2017-10,cs.DC,82
2017-10,cs.DL,23
2017-10,cs.DM,24
2017-10,cs.DS,82
2017-10,cs.ET,8
2017-10,cs.FL,16
2017-10,cs.GR,11
2017-10,cs.GT,27
2017-10,cs.HC,38
2017-10,cs.IR,34
2017-10,cs.IT,215
2017-10,cs.LG,225
2017-10,cs.LO,46
2017-10,cs.MA,10
2017-10,cs.MM,8
2017-10,cs.MS,9
2017-10,cs.NE,38
2017-10,cs.NI,80
2017-10,cs.OH,8
2017-10,cs.OS,1
2017-10,cs.PF,16
2017-10,cs.PL,30
2017-10,cs.RO,105
2017-10,cs.SC,6
2017-10,cs.SD,31
2017-10,cs.SE,36
2017-10,cs.SI,71
2017-10,econ.EM,17
2017-10,econ.GN,7
2017-10,eess.AS,13
2017-10,eess.IV,12
2017-10,eess.SP,85
2017-10,eess.SY,91
2017-10,gr-qc,219
2017-10,hep-ex,113
2017-10,hep-lat,170
2017-10,hep-ph,417
2017-10,hep-th,307
2017-10,math-ph,134
2017-10,math.AC,49
2017-10,math.AG,161
2017-10,math.AP,313
2017-10,math.AT,52
2017-10,math.CA,103
2017-10,math.CO,250
2017-10,math.CT,20
2017-10,math.CV,59
2017-10,math.DG,140
2017-10,math.DS,122
2017-10,math.FA,120
2017-10,math.GM,16
2017-10,math.GN,19
2017-10,math.GR,80
2017-10,math.GT,82
2017-10,math.HO,18
2017-10,math.KT,16
2017-10,math.LO,60
2017-10,math.MG,22
2017-10,math.NA,184
2017-10,math.NT,189
2017-10,math.OA,35
2017-10,math.OC,179
2017-10,math.PR,208
2017-10,math.QA,30
2017-10,math.RA,47
2017-10,math.RT,82
2017-10,math.SG,19
2017-10,math.SP,26
2017-10,math.ST,100
2017-10,nlin.AO,10
2017-10,nlin.CD,16
2017-10,nlin.PS,23
2017-10,nlin.SI,21
2017-10,nucl-ex,44
2017-10,nucl-th,109
2017-10,physics.acc-ph,25
2017-10,physics.ao-ph,12
2017-10,physics.app-ph,73
2017-10,physics.atm-clus,5
2017-10,physics.atom-ph,58
2017-10,physics.bio-ph,31
2017-10,physics.chem-ph,68
2017-10,physics.class-ph,10
2017-10,physics.comp-ph,44
2017-10,physics.data-an,11
2017-10,physics.ed-ph,19
2017-10,physics.flu-dyn,92
2017-10,physics.gen-ph,40
2017-10,physics.geo-ph,20
2017-10,physics.hist-ph,17
2017-10,physics.ins-det,130
2017-10,physics.med-ph,28
2017-10,physics.optics,162
2017-10,physics.plasm-ph,72
2017-10,physics.pop-ph,4
2017-10,physics.soc-ph,56
2017-10,physics.space-ph,14
2017-10,q-bio.BM,14
2017-10,q-bio.CB,7
2017-10,q-bio.GN,4
2017-10,q-bio.MN,11
2017-10,q-bio.NC,40
2017-10,q-bio.OT,1
2017-10,q-bio.PE,29
2017-10,q-bio.QM,42
2017-10,q-bio.SC,5
2017-10,q-bio.TO,14
2017-10,q-fin.CP,8
2017-10,q-fin.GN,3
2017-10,q-fin.MF,11
2017-10,q-fin.PM,5
2017-10,q-fin.PR,7
2017-10,q-fin.RM,10
2017-10,q-fin.ST,5
2017-10,q-fin.TR,6
2017-10,quant-ph,458
2017-10,stat.AP,67
2017-10,stat.CO,30
2017-10,stat.ME,143
2017-10,stat.ML,175
2017-10,stat.OT,4
2017-11,astro-ph.CO,159
2017-11,astro-ph.EP,165
2017-11,astro-ph.GA,313
2017-11,astro-ph.HE,267
2017-11,astro-ph.IM,118
2017-11,astro-ph.SR,249
2017-11,cond-mat.dis-nn,30
2017-11,cond-mat.mes-hall,301
2017-11,cond-mat.mtrl-sci,251
2017-11,cond-mat.other,15
2017-11,cond-mat.quant-gas,64
2017-11,cond-mat.soft,125
2017-11,cond-mat.stat-mech,125
2017-11,cond-mat.str-el,194
2017-11,cond-mat.supr-con,91
2017-11,cs.AI,127
2017-11,cs.AR,14
2017-11,cs.CC,31
2017-11,cs.CE,15
2017-11,cs.CG,16
2017-11,cs.CL,189
2017-11,cs.CR,103
2017-11,cs.CV,574
2017-11,cs.CY,61
2017-11,cs.DB,24
2017-11,cs.DC,75
2017-11,cs.DL,14
2017-11,cs.DM,27
2017-11,cs.DS,113
2017-11,cs.ET,12
2017-11,cs.FL,16
2017-11,cs.GR,14
2017-11,cs.GT,53
2017-11,cs.HC,37
2017-11,cs.IR,46
2017-11,cs.IT,197
2017-11,cs.LG,303
2017-11,cs.LO,55
2017-11,cs.MA,18
2017-11,cs.MM,15
2017-11,cs.MS,14
2017-11,cs.NE,44
2017-11,cs.NI,81
2017-11,cs.OH,9
2017-11,cs.OS,3
2017-11,cs.PF,4
2017-11,cs.PL,38
2017-11,cs.RO,65
2017-11,cs.SC,7
2017-11,cs.SD,34
2017-11,cs.SE,50
2017-11,cs.SI,56
2017-11,econ.EM,15
2017-11,econ.GN,6
2017-11,eess.AS,14
2017-11,eess.IV,12
2017-11,eess.SP,124
2017-11,eess.SY,86
2017-11,gr-qc,244
2017-11,hep-ex,82
2017-11,hep-lat,75
2017-11,hep-ph,463
2017-11,hep-th,365
2017-11,math-ph,142
2017-11,math.AC,37
2017-11,math.AG,169
2017-11,math.AP,279
2017-11,math.AT,53
2017-11,math.CA,84
2017-11,math.CO,254
2017-11,math.CT,19
2017-11,math.CV,47
2017-11,math.DG,124
2017-11,math.DS,123
2017-11,math.FA,120
2017-11,math.GM,12
2017-11,math.GN,17
2017-11,math.GR,69
2017-11,math.GT,78
2017-11,math.HO,18
2017-11,math.KT,9
2017-11,math.LO,50
2017-11,math.MG,23
2017-11,math.NA,198
2017-11,math.NT,176
2017-11,math.OA,32
2017-11,math.OC,205
2017-11,math.PR,212
2017-11,math.QA,22
2017-11,math.RA,58
2017-11,math.RT,69
2017-11,math.SG,25
2017-11,math.SP,33
2017-11,math.ST,77
2017-11,nlin.AO,10
2017-11,nlin.CD,23
2017-11,nlin.CG,2
2017-11,nlin.PS,20
2017-11,nlin.SI,21
2017-11,nucl-ex,35
2017-11,nucl-th,137
2017-11,physics.acc-ph,30
2017-11,physics.ao-ph,17
2017-11,physics.app-ph,91
2017-11,physics.atm-clus,1
2017-11,physics.atom-ph,49
2017-11,physics.bio-ph,24
2017-11,physics.chem-ph,53
2017-11,physics.class-ph,20
2017-11,physics.comp-ph,39
2017-11,physics.data-an,8
2017-11,physics.ed-ph,18
2017-11,physics.flu-dyn,121
2017-11,physics.gen-ph,37
2017-11,physics.geo-ph,17
2017-11,physics.hist-ph,14
2017-11,physics.ins-det,89
2017-11,physics.med-ph,19
2017-11,physics.optics,152
2017-11,physics.plasm-ph,73
2017-11,physics.pop-ph,8
2017-11,physics.soc-ph,55
2017-11,physics.space-ph,20
2017-11,q-bio.BM,12
2017-11,q-bio.CB,8
2017-11,q-bio.GN,6
2017-11,q-bio.MN,8
2017-11,q-bio.NC,43
2017-11,q-bio.OT,7
2017-11,q-bio.PE,36
2017-11,q-bio.QM,21
2017-11,q-bio.SC,3
2017-11,q-bio.TO,3
2017-11,q-fin.CP,8
2017-11,q-fin.GN,6
2017-11,q-fin.MF,13
2017-11,q-fin.PM,5
2017-11,q-fin.PR,5
2017-11,q-fin.RM,4
2017-11,q-fin.ST,5
2017-11,q-fin.TR,2
2017-11,quant-ph,441
2017-11,stat.AP,59
2017-11,stat.CO,22
2017-11,stat.ME,127
2017-11,stat.ML,229
2017-11,stat.OT,4
2017-12,astro-ph.CO,152
2017-12,astro-ph.EP,107
2017-12,astro-ph.GA,271
2017-12,astro-ph.HE,236
2017-12,astro-ph.IM,96
2017-12,astro-ph.SR,241
2017-12,cond-mat.dis-nn,32
2017-12,cond-mat.mes-hall,275
2017-12,cond-mat.mtrl-sci,246
2017-12,cond-mat.other,8
2017-12,cond-mat.quant-gas,81
2017-12,cond-mat.soft,129
2017-12,cond-mat.stat-mech,141
2017-12,cond-mat.str-el,163
2017-12,cond-mat.supr-con,114
2017-12,cs.AI,82
2017-12,cs.AR,17
2017-12,cs.CC,21
2017-12,cs.CE,22
2017-12,cs.CG,36
2017-12,cs.CL,130
2017-12,cs.CR,93
2017-12,cs.CV,449
2017-12,cs.CY,56
2017-12,cs.DB,31
2017-12,cs.DC,58
2017-12,cs.DL,15
2017-12,cs.DM,26
2017-12,cs.DS,68
2017-12,cs.ET,13
2017-12,cs.FL,8
2017-12,cs.GR,8
2017-12,cs.GT,36
2017-12,cs.HC,27
2017-12,cs.IR,45
2017-12,cs.IT,205
2017-12,cs.LG,202
2017-12,cs.LO,51
2017-12,cs.MA,10
2017-12,cs.MM,10
2017-12,cs.MS,3
2017-12,cs.NE,36
2017-12,cs.NI,91
2017-12,cs.OH,9
2017-12,cs.OS,3
2017-12,cs.PF,9
2017-12,cs.PL,13
2017-12,cs.RO,56
2017-12,cs.SC,10
2017-12,cs.SD,29
2017-12,cs.SE,40
2017-12,cs.SI,55
2017-12,econ.EM,13
2017-12,econ.GN,8
2017-12,econ.TH,1
2017-12,eess.AS,13
2017-12,eess.IV,15
2017-12,eess.SP,65
2017-12,eess.SY,59
2017-12,gr-qc,254
2017-12,hep-ex,94
2017-12,hep-lat,54
2017-12,hep-ph,467
2017-12,hep-th,371
2017-12,math-ph,147
2017-12,math.AC,46
2017-12,math.AG,156
2017-12,math.AP,279
2017-12,math.AT,42
2017-12,math.CA,101
2017-12,math.CO,228
2017-12,math.CT,15
2017-12,math.CV,51
2017-12,math.DG,147
2017-12,math.DS,121
2017-12,math.FA,90
2017-12,math.GM,9
2017-12,math.GN,17
2017-12,math.GR,57
2017-12,math.GT,64
2017-12,math.HO,17
2017-12,math.KT,12
2017-12,math.LO,50
2017-12,math.MG,32
2017-12,math.NA,194
2017-12,math.NT,127
2017-12,math.OA,37
2017-12,math.OC,165
2017-12,math.PR,185
2017-12,math.QA,26
2017-12,math.RA,54
2017-12,math.RT,82
2017-12,math.SG,22
2017-12,math.SP,26
2017-12,math.ST,62
2017-12,nlin.AO,13
2017-12,nlin.CD,18
2017-12,nlin.CG,1
2017-12,nlin.PS,12
2017-12,nlin.SI,25
2017-12,nucl-ex,37
2017-12,nucl-th,136
2017-12,physics.acc-ph,29
2017-12,physics.ao-ph,14
2017-12,physics.app-ph,109
2017-12,physics.atm-clus,4
2017-12,physics.atom-ph,56
2017-12,physics.bio-ph,23
2017-12,physics.chem-ph,59
2017-12,physics.class-ph,20
2017-12,physics.comp-ph,53
2017-12,physics.data-an,14
2017-12,physics.ed-ph,15
2017-12,physics.flu-dyn,122
2017-12,physics.gen-ph,46
2017-12,physics.geo-ph,23
2017-12,physics.hist-ph,26
2017-12,physics.ins-det,76
2017-12,physics.med-ph,19
2017-12,physics.optics,149
2017-12,physics.plasm-ph,63
2017-12,physics.pop-ph,11
2017-12,physics.soc-ph,57
2017-12,physics.space-ph,13
2017-12,q-bio.BM,13
2017-12,q-bio.CB,7
2017-12,q-bio.GN,4
2017-12,q-bio.MN,11
2017-12,q-bio.NC,27
2017-12,q-bio.OT,2
2017-12,q-bio.PE,38
2017-12,q-bio.QM,31
2017-12,q-bio.SC,5
2017-12,q-bio.TO,3
2017-12,q-fin.CP,11
2017-12,q-fin.GN,7
2017-12,q-fin.MF,11
2017-12,q-fin.PM,6
2017-12,q-fin.PR,6
2017-12,q-fin.RM,1
2017-12,q-fin.ST,6
2017-12,q-fin.TR,4
2017-12,quant-ph,433
2017-12,stat.AP,38
2017-12,stat.CO,17
2017-12,stat.ME,122
2017-12,stat.ML,120
2017-12,stat.OT,6
2018-01,astro-ph.CO,147
2018-01,astro-ph.EP,154
2018-01,astro-ph.GA,354
2018-01,astro-ph.HE,225
2018-01,astro-ph.IM,99
2018-01,astro-ph.SR,256
2018-01,cond-mat.dis-nn,28
2018-01,cond-mat.mes-hall,298
2018-01,cond-mat.mtrl-sci,265
2018-01,cond-mat.other,9
2018-01,cond-mat.quant-gas,82
2018-01,cond-mat.soft,113
2018-01,cond-mat.stat-mech,90
2018-01,cond-mat.str-el,166
2018-01,cond-mat.supr-con,85
2018-01,cs.AI,103
2018-01,cs.AR,9
2018-01,cs.CC,27
2018-01,cs.CE,18
2018-01,cs.CG,20
2018-01,cs.CL,112
2018-01,cs.CR,117
2018-01,cs.CV,383
2018-01,cs.CY,38
2018-01,cs.DB,41
2018-01,cs.DC,74
2018-01,cs.DL,21
2018-01,cs.DM,24
2018-01,cs.DS,49
2018-01,cs.ET,18
2018-01,cs.FL,14
2018-01,cs.GR,11
2018-01,cs.GT,21
2018-01,cs.HC,37
2018-01,cs.IR,34
2018-01,cs.IT,351
2018-01,cs.LG,158
2018-01,cs.LO,45
2018-01,cs.MA,16
2018-01,cs.MM,7
2018-01,cs.MS,6
2018-01,cs.NE,28
2018-01,cs.NI,120
2018-01,cs.OH,9
2018-01,cs.OS,3
2018-01,cs.PF,5
2018-01,cs.PL,23
2018-01,cs.RO,68
2018-01,cs.SC,7
2018-01,cs.SD,17
2018-01,cs.SE,54
2018-01,cs.SI,76
2018-01,econ.EM,25
2018-01,econ.GN,5
2018-01,econ.TH,1
2018-01,eess.AS,4
2018-01,eess.IV,25
2018-01,eess.SP,105
2018-01,eess.SY,59
2018-01,gr-qc,235
2018-01,hep-ex,56
2018-01,hep-lat,21
2018-01,hep-ph,357
2018-01,hep-th,241
2018-01,math-ph,108
2018-01,math.AC,39
2018-01,math.AG,141
2018-01,math.AP,285
2018-01,math.AT,54
2018-01,math.CA,99
2018-01,math.CO,212
2018-01,math.CT,17
2018-01,math.CV,41
2018-01,math.DG,128
2018-01,math.DS,103
2018-01,math.FA,115
2018-01,math.GM,11
2018-01,math.GN,17
2018-01,math.GR,72
2018-01,math.GT,64
2018-01,math.HO,12
2018-01,math.KT,9
2018-01,math.LO,46
2018-01,math.MG,25
2018-01,math.NA,172
2018-01,math.NT,150
2018-01,math.OA,27
2018-01,math.OC,163
2018-01,math.PR,197
2018-01,math.QA,23
2018-01,math.RA,45
2018-01,math.RT,77
2018-01,math.SG,15
2018-01,math.SP,29
2018-01,math.ST,71
2018-01,nlin.AO,11
2018-01,nlin.CD,13
2018-01,nlin.PS,11
2018-01,nlin.SI,12
2018-01,nucl-ex,40
2018-01,nucl-th,97
2018-01,physics.acc-ph,52
2018-01,physics.ao-ph,11
2018-01,physics.app-ph,126
2018-01,physics.atm-clus,6
2018-01,physics.atom-ph,54
2018-01,physics.bio-ph,24
2018-01,physics.chem-ph,65
2018-01,physics.class-ph,14
2018-01,physics.comp-ph,75
2018-01,physics.data-an,13
2018-01,physics.ed-ph,14
2018-01,physics.flu-dyn,127
2018-01,physics.gen-ph,24
2018-01,physics.geo-ph,12
2018-01,physics.hist-ph,21
2018-01,physics.ins-det,83
2018-01,physics.med-ph,18
2018-01,physics.optics,124
2018-01,physics.plasm-ph,65
2018-01,physics.pop-ph,6
2018-01,physics.soc-ph,61
2018-01,physics.space-ph,17
2018-01,q-bio.BM,8
2018-01,q-bio.CB,5
2018-01,q-bio.GN,5
2018-01,q-bio.MN,10
2018-01,q-bio.NC,49
2018-01,q-bio.OT,6
2018-01,q-bio.PE,27
2018-01,q-bio.QM,31
2018-01,q-bio.SC,5
2018-01,q-bio.TO,6
2018-01,q-fin.CP,10
2018-01,q-fin.GN,5
2018-01,q-fin.MF,14
2018-01,q-fin.PM,3
2018-01,q-fin.PR,6
2018-01,q-fin.RM,13
2018-01,q-fin.ST,7
2018-01,quant-ph,401
2018-01,stat.AP,61
2018-01,stat.CO,24
2018-01,stat.ME,105
2018-01,stat.ML,99
2018-01,stat.OT,4
2018-02,astro-ph.CO,118
2018-02,astro-ph.EP,126
2018-02,astro-ph.GA,285
2018-02,astro-ph.HE,203
2018-02,astro-ph.IM,102
2018-02,astro-ph.SR,200
2018-02,cond-mat.dis-nn,35
2018-02,cond-mat.mes-hall,290
2018-02,cond-mat.mtrl-sci,217
2018-02,cond-mat.other,6
2018-02,cond-mat.quant-gas,55
2018-02,cond-mat.soft,106
2018-02,cond-mat.stat-mech,112
2018-02,cond-mat.str-el,175
2018-02,cond-mat.supr-con,97
2018-02,cs.AI,148
2018-02,cs.AR,5
2018-02,cs.CC,31
2018-02,cs.CE,24
2018-02,cs.CG,17
2018-02,cs.CL,147
2018-02,cs.CR,109
2018-02,cs.CV,431
2018-02,cs.CY,65
2018-02,cs.DB,33
2018-02,cs.DC,97
2018-02,cs.DL,29
2018-02,cs.DM,22
2018-02,cs.DS,114
2018-02,cs.ET,10
2018-02,cs.FL,15
2018-02,cs.GR,11
2018-02,cs.GT,34
2018-02,cs.HC,37
2018-02,cs.IR,34
2018-02,cs.IT,202
2018-02,cs.LG,415
2018-02,cs.LO,84
2018-02,cs.MA,18
2018-02,cs.MM,9
2018-02,cs.MS,10
2018-02,cs.NE,55
2018-02,cs.NI,67
2018-02,cs.OH,4
2018-02,cs.OS,1
2018-02,cs.PF,6
2018-02,cs.PL,41
2018-02,cs.RO,90
2018-02,cs.SC,16
2018-02,cs.SD,19
2018-02,cs.SE,74
2018-02,cs.SI,87
2018-02,econ.EM,20
2018-02,econ.GN,5
2018-02,econ.TH,1
2018-02,eess.AS,14
2018-02,eess.IV,32
2018-02,eess.SP,129
2018-02,eess.SY,79
2018-02,gr-qc,202
2018-02,hep-ex,45
2018-02,hep-lat,30
2018-02,hep-ph,307
2018-02,hep-th,252
2018-02,math-ph,90
2018-02,math.AC,49
2018-02,math.AG,155
2018-02,math.AP,252
2018-02,math.AT,42
2018-02,math.CA,75
2018-02,math.CO,214
2018-02,math.CT,22
2018-02,math.CV,54
2018-02,math.DG,138
2018-02,math.DS,109
2018-02,math.FA,98
2018-02,math.GM,18
2018-02,math.GN,13
2018-02,math.GR,69
2018-02,math.GT,50
2018-02,math.HO,24
2018-02,math.KT,6
2018-02,math.LO,46
2018-02,math.MG,35
2018-02,math.NA,168
2018-02,math.NT,144
2018-02,math.OA,24
2018-02,math.OC,222
2018-02,math.PR,202
2018-02,math.QA,28
2018-02,math.RA,39
2018-02,math.RT,88
2018-02,math.SG,20
2018-02,math.SP,20
2018-02,math.ST,69
2018-02,nlin.AO,7
2018-02,nlin.CD,15
2018-02,nlin.CG,4
2018-02,nlin.PS,10
2018-02,nlin.SI,12
2018-02,nucl-ex,39
2018-02,nucl-th,74
2018-02,physics.acc-ph,46
2018-02,physics.ao-ph,13
2018-02,physics.app-ph,95
2018-02,physics.atm-clus,9
2018-02,physics.atom-ph,64
2018-02,physics.bio-ph,40
2018-02,physics.chem-ph,56
2018-02,physics.class-ph,14
2018-02,physics.comp-ph,66
2018-02,physics.data-an,9
2018-02,physics.ed-ph,11
2018-02,physics.flu-dyn,90
2018-02,physics.gen-ph,34
2018-02,physics.geo-ph,22
2018-02,physics.hist-ph,17
2018-02,physics.ins-det,64
2018-02,physics.med-ph,31
2018-02,physics.optics,143
2018-02,physics.plasm-ph,66
2018-02,physics.pop-ph,11
2018-02,physics.soc-ph,71
2018-02,physics.space-ph,16
2018-02,q-bio.BM,13
2018-02,q-bio.CB,4
2018-02,q-bio.GN,5
2018-02,q-bio.MN,12
2018-02,q-bio.NC,31
2018-02,q-bio.OT,3
2018-02,q-bio.PE,32
2018-02,q-bio.QM,24
2018-02,q-bio.SC,3
2018-02,q-bio.TO,4
2018-02,q-fin.CP,6
2018-02,q-fin.GN,3
2018-02,q-fin.MF,10
2018-02,q-fin.PM,8
2018-02,q-fin.PR,8
2018-02,q-fin.RM,4
2018-02,q-fin.ST,4
2018-02,q-fin.TR,7
2018-02,quant-ph,357
2018-02,stat.AP,56
2018-02,stat.CO,24
2018-02,stat.ME,111
2018-02,stat.ML,241
2018-02,stat.OT,7
2018-03,astro-ph.CO,128
2018-03,astro-ph.EP,153
2018-03,astro-ph.GA,294
2018-03,astro-ph.HE,191
2018-03,astro-ph.IM,95
2018-03,astro-ph.SR,219
2018-03,cond-mat.dis-nn,43
2018-03,cond-mat.mes-hall,320
2018-03,cond-mat.mtrl-sci,313
2018-03,cond-mat.other,13
2018-03,cond-mat.quant-gas,89
2018-03,cond-mat.soft,135
2018-03,cond-mat.stat-mech,130
2018-03,cond-mat.str-el,218
2018-03,cond-mat.supr-con,108
2018-03,cs.AI,95
2018-03,cs.AR,14
2018-03,cs.CC,26
2018-03,cs.CE,8
2018-03,cs.CG,45
2018-03,cs.CL,168
2018-03,cs.CR,89
2018-03,cs.CV,656
2018-03,cs.CY,86
2018-03,cs.DB,31
2018-03,cs.DC,84
2018-03,cs.DL,21
2018-03,cs.DM,35
2018-03,cs.DS,69
2018-03,cs.ET,18
2018-03,cs.FL,8
2018-03,cs.GR,9
2018-03,cs.GT,37
2018-03,cs.HC,53
2018-03,cs.IR,42
2018-03,cs.IT,197
2018-03,cs.LG,299
2018-03,cs.LO,57
2018-03,cs.MA,14
2018-03,cs.MM,22
2018-03,cs.MS,5
2018-03,cs.NE,47
2018-03,cs.NI,107
2018-03,cs.OH,6
2018-03,cs.PF,9
2018-03,cs.PL,35
2018-03,cs.RO,113
2018-03,cs.SC,7
2018-03,cs.SD,25
2018-03,cs.SE,81
2018-03,cs.SI,59
2018-03,econ.EM,32
2018-03,econ.GN,3
2018-03,eess.AS,20
2018-03,eess.IV,34
2018-03,eess.SP,144
2018-03,eess.SY,116
2018-03,gr-qc,228
2018-03,hep-ex,67
2018-03,hep-lat,23
2018-03,hep-ph,340
2018-03,hep-th,276
2018-03,math-ph,115
2018-03,math.AC,49
2018-03,math.AG,169
2018-03,math.AP,298
2018-03,math.AT,29
2018-03,math.CA,87
2018-03,math.CO,246
2018-03,math.CT,24
2018-03,math.CV,38
2018-03,math.DG,134
2018-03,math.DS,139
2018-03,math.FA,124
2018-03,math.GM,14
2018-03,math.GN,23
2018-03,math.GR,80
2018-03,math.GT,72
2018-03,math.HO,15
2018-03,math.KT,18
2018-03,math.LO,59
2018-03,math.MG,36
2018-03,math.NA,203
2018-03,math.NT,173
2018-03,math.OA,41
2018-03,math.OC,270
2018-03,math.PR,202
2018-03,math.QA,29
2018-03,math.RA,54
2018-03,math.RT,68
2018-03,math.SG,19
2018-03,math.SP,26
2018-03,math.ST,63
2018-03,nlin.AO,11
2018-03,nlin.CD,23
2018-03,nlin.CG,5
2018-03,nlin.PS,16
2018-03,nlin.SI,11
2018-03,nucl-ex,55
2018-03,nucl-th,100
2018-03,physics.acc-ph,48
2018-03,physics.ao-ph,11
2018-03,physics.app-ph,125
2018-03,physics.atm-clus,4
2018-03,physics.atom-ph,59
2018-03,physics.bio-ph,38
2018-03,physics.chem-ph,76
2018-03,physics.class-ph,12
2018-03,physics.comp-ph,64
2018-03,physics.data-an,14
2018-03,physics.ed-ph,15
2018-03,physics.flu-dyn,101
2018-03,physics.gen-ph,38
2018-03,physics.geo-ph,15
2018-03,physics.hist-ph,21
2018-03,physics.ins-det,89
2018-03,physics.med-ph,28
2018-03,physics.optics,115
2018-03,physics.plasm-ph,62
2018-03,physics.pop-ph,14
2018-03,physics.soc-ph,71
2018-03,physics.space-ph,17
2018-03,q-bio.BM,12
2018-03,q-bio.CB,8
2018-03,q-bio.GN,4
2018-03,q-bio.MN,13
2018-03,q-bio.NC,41
2018-03,q-bio.OT,7
2018-03,q-bio.PE,41
2018-03,q-bio.QM,26
2018-03,q-bio.SC,4
2018-03,q-bio.TO,9
2018-03,q-fin.CP,7
2018-03,q-fin.GN,6
2018-03,q-fin.MF,17
2018-03,q-fin.PM,7
2018-03,q-fin.PR,5
2018-03,q-fin.RM,10
2018-03,q-fin.ST,11
2018-03,q-fin.TR,3
2018-03,quant-ph,466
2018-03,stat.AP,70
2018-03,stat.CO,33
2018-03,stat.ME,130
2018-03,stat.ML,187
2018-03,stat.OT,5
2018-04,astro-ph.CO,147
2018-04,astro-ph.EP,148
2018-04,astro-ph.GA,316
2018-04,astro-ph.HE,177
2018-04,astro-ph.IM,82
2018-04,astro-ph.SR,275
2018-04,cond-mat.dis-nn,28
2018-04,cond-mat.mes-hall,255
2018-04,cond-mat.mtrl-sci,326
2018-04,cond-mat.other,8
2018-04,cond-mat.quant-gas,83
2018-04,cond-mat.soft,106
2018-04,cond-mat.stat-mech,121
2018-04,cond-mat.str-el,188
2018-04,cond-mat.supr-con,90
2018-04,cs.AI,114
2018-04,cs.AR,4
2018-04,cs.CC,25
2018-04,cs.CE,19
2018-04,cs.CG,21
2018-04,cs.CL,293
2018-04,cs.CR,127
2018-04,cs.CV,635
2018-04,cs.CY,72
2018-04,cs.DB,30
2018-04,cs.DC,89
2018-04,cs.DL,31
2018-04,cs.DM,29
2018-04,cs.DS,127
2018-04,cs.ET,12
2018-04,cs.FL,19
2018-04,cs.GR,16
2018-04,cs.GT,51
2018-04,cs.HC,44
2018-04,cs.IR,41
2018-04,cs.IT,195
2018-04,cs.LG,230
2018-04,cs.LO,98
2018-04,cs.MA,12
2018-04,cs.MM,19
2018-04,cs.MS,5
2018-04,cs.NE,63
2018-04,cs.NI,124
2018-04,cs.OH,12
2018-04,cs.OS,2
2018-04,cs.PF,9
2018-04,cs.PL,32
2018-04,cs.RO,100
2018-04,cs.SC,6
2018-04,cs.SD,33
2018-04,cs.SE,50
2018-04,cs.SI,80
2018-04,econ.EM,22
2018-04,econ.GN,5
2018-04,eess.AS,29
2018-04,eess.IV,21
2018-04,eess.SP,128
2018-04,eess.SY,119
2018-04,gr-qc,230
2018-04,hep-ex,46
2018-04,hep-lat,18
2018-04,hep-ph,328
2018-04,hep-th,298
2018-04,math-ph,108
2018-04,math.AC,36
2018-04,math.AG,162
2018-04,math.AP,273
2018-04,math.AT,31
2018-04,math.CA,91
2018-04,math.CO,253
2018-04,math.CT,12
2018-04,math.CV,52
2018-04,math.DG,123
2018-04,math.DS,92
2018-04,math.FA,120
2018-04,math.GM,13
2018-04,math.GN,20
2018-04,math.GR,70
2018-04,math.GT,74
2018-04,math.HO,18
2018-04,math.KT,12
2018-04,math.LO,68
2018-04,math.MG,40
2018-04,math.NA,206
2018-04,math.NT,143
2018-04,math.OA,38
2018-04,math.OC,195
2018-04,math.PR,199
2018-04,math.QA,36
2018-04,math.RA,42
2018-04,math.RT,74
2018-04,math.SG,17
2018-04,math.SP,24
2018-04,math.ST,70
2018-04,nlin.AO,11
2018-04,nlin.CD,12
2018-04,nlin.CG,1
2018-04,nlin.PS,19
2018-04,nlin.SI,20
2018-04,nucl-ex,37
2018-04,nucl-th,114
2018-04,physics.acc-ph,23
2018-04,physics.ao-ph,16
2018-04,physics.app-ph,103
2018-04,physics.atm-clus,8
2018-04,physics.atom-ph,49
2018-04,physics.bio-ph,26
2018-04,physics.chem-ph,70
2018-04,physics.class-ph,22
2018-04,physics.comp-ph,50
2018-04,physics.data-an,17
2018-04,physics.ed-ph,21
2018-04,physics.flu-dyn,106
2018-04,physics.gen-ph,26
2018-04,physics.geo-ph,24
2018-04,physics.hist-ph,20
2018-04,physics.ins-det,83
2018-04,physics.med-ph,31
2018-04,physics.optics,113
2018-04,physics.plasm-ph,56
2018-04,physics.pop-ph,10
2018-04,physics.soc-ph,51
2018-04,physics.space-ph,14
2018-04,q-bio.BM,3
2018-04,q-bio.CB,7
2018-04,q-bio.GN,8
2018-04,q-bio.MN,7
2018-04,q-bio.NC,37
2018-04,q-bio.OT,5
2018-04,q-bio.PE,34
2018-04,q-bio.QM,15
2018-04,q-bio.SC,5
2018-04,q-bio.TO,7
2018-04,q-fin.CP,4
2018-04,q-fin.GN,10
2018-04,q-fin.MF,10
2018-04,q-fin.PM,2
2018-04,q-fin.PR,7
2018-04,q-fin.RM,4
2018-04,q-fin.ST,6
2018-04,q-fin.TR,3
2018-04,quant-ph,402
2018-04,stat.AP,54
2018-04,stat.CO,26
2018-04,stat.ME,109
2018-04,stat.ML,127
2018-04,stat.OT,6
2018-05,astro-ph.CO,155
2018-05,astro-ph.EP,150
2018-05,astro-ph.GA,354
2018-05,astro-ph.HE,207
2018-05,astro-ph.IM,116
2018-05,astro-ph.SR,281
2018-05,cond-mat.dis-nn,41
2018-05,cond-mat.mes-hall,320
2018-05,cond-mat.mtrl-sci,286
2018-05,cond-mat.other,9
2018-05,cond-mat.quant-gas,79
2018-05,cond-mat.soft,118
2018-05,cond-mat.stat-mech,128
2018-05,cond-mat.str-el,215
2018-05,cond-mat.supr-con,98
2018-05,cs.AI,129
2018-05,cs.AR,30
2018-05,cs.CC,20
2018-05,cs.CE,17
2018-05,cs.CG,20
2018-05,cs.CL,368
2018-05,cs.CR,135
2018-05,cs.CV,640
2018-05,cs.CY,80
2018-05,cs.DB,39
2018-05,cs.DC,144
2018-05,cs.DL,17
2018-05,cs.DM,36
2018-05,cs.DS,111
2018-05,cs.ET,19
2018-05,cs.FL,21
2018-05,cs.GR,21
2018-05,cs.GT,40
2018-05,cs.HC,46
2018-05,cs.IR,71
2018-05,cs.IT,248
2018-05,cs.LG,417
2018-05,cs.LO,55
2018-05,cs.MA,19
2018-05,cs.MM,19
2018-05,cs.MS,7
2018-05,cs.NE,55
2018-05,cs.NI,100
2018-05,cs.OH,15
2018-05,cs.OS,1
2018-05,cs.PF,14
2018-05,cs.PL,37
2018-05,cs.RO,93
2018-05,cs.SC,10
2018-05,cs.SD,30
2018-05,cs.SE,72
2018-05,cs.SI,83
2018-05,econ.EM,24
2018-05,econ.GN,9
2018-05,eess.AS,17
2018-05,eess.IV,25
2018-05,eess.SP,114
2018-05,eess.SY,92
2018-05,gr-qc,256
2018-05,hep-ex,81
2018-05,hep-lat,32
2018-05,hep-ph,429
2018-05,hep-th,316
2018-05,math-ph,126
2018-05,math.AC,42
2018-05,math.AG,166
2018-05,math.AP,301
2018-05,math.AT,46
2018-05,math.CA,80
2018-05,math.CO,266
2018-05,math.CT,30
2018-05,math.CV,50
2018-05,math.DG,144
2018-05,math.DS,120
2018-05,math.FA,112
2018-05,math.GM,13
2018-05,math.GN,25
2018-05,math.GR,72
2018-05,math.GT,73
2018-05,math.HO,22
2018-05,math.KT,9
2018-05,math.LO,54
2018-05,math.MG,23
2018-05,math.NA,228
2018-05,math.NT,178
2018-05,math.OA,34
2018-05,math.OC,209
2018-05,math.PR,200
2018-05,math.QA,27
2018-05,math.RA,62
2018-05,math.RT,68
2018-05,math.SG,22
2018-05,math.SP,21
2018-05,math.ST,66
2018-05,nlin.AO,9
2018-05,nlin.CD,18
2018-05,nlin.CG,3
2018-05,nlin.PS,18
2018-05,nlin.SI,18
2018-05,nucl-ex,55
2018-05,nucl-th,95
2018-05,physics.acc-ph,33
2018-05,physics.ao-ph,18
2018-05,physics.app-ph,105
2018-05,physics.atm-clus,15
2018-05,physics.atom-ph,66
2018-05,physics.bio-ph,30
2018-05,physics.chem-ph,94
2018-05,physics.class-ph,22
2018-05,physics.comp-ph,46
2018-05,physics.data-an,18
2018-05,physics.ed-ph,19
2018-05,physics.flu-dyn,116
2018-05,physics.gen-ph,51
2018-05,physics.geo-ph,19
2018-05,physics.hist-ph,16
2018-05,physics.ins-det,81
2018-05,physics.med-ph,25
2018-05,physics.optics,158
2018-05,physics.plasm-ph,55
2018-05,physics.pop-ph,7
2018-05,physics.soc-ph,79
2018-05,physics.space-ph,8
2018-05,q-bio.BM,5
2018-05,q-bio.CB,6
2018-05,q-bio.GN,9
2018-05,q-bio.MN,13
2018-05,q-bio.NC,48
2018-05,q-bio.OT,3
2018-05,q-bio.PE,26
2018-05,q-bio.QM,23
2018-05,q-bio.SC,1
2018-05,q-bio.TO,8
2018-05,q-fin.CP,5
2018-05,q-fin.GN,6
2018-05,q-fin.MF,11
2018-05,q-fin.PM,6
2018-05,q-fin.PR,7
2018-05,q-fin.RM,10
2018-05,q-fin.ST,7
2018-05,q-fin.TR,6
2018-05,quant-ph,459
2018-05,stat.AP,75
2018-05,stat.CO,22
2018-05,stat.ME,124
2018-05,stat.ML,267
2018-05,stat.OT,6
2018-06,astro-ph.CO,131
2018-06,astro-ph.EP,126
2018-06,astro-ph.GA,307
2018-06,astro-ph.HE,204
2018-06,astro-ph.IM,128
2018-06,astro-ph.SR,215
2018-06,cond-mat.dis-nn,26
2018-06,cond-mat.mes-hall,307
2018-06,cond-mat.mtrl-sci,288
2018-06,cond-mat.other,10
2018-06,cond-mat.quant-gas,67
2018-06,cond-mat.soft,104
2018-06,cond-mat.stat-mech,135
2018-06,cond-mat.str-el,221
2018-06,cond-mat.supr-con,88
2018-06,cs.AI,131
2018-06,cs.AR,6
2018-06,cs.CC,22
2018-06,cs.CE,20
2018-06,cs.CG,20
2018-06,cs.CL,257
2018-06,cs.CR,129
2018-06,cs.CV,599
2018-06,cs.CY,60
2018-06,cs.DB,27
2018-06,cs.DC,83
2018-06,cs.DL,28
2018-06,cs.DM,20
2018-06,cs.DS,94
2018-06,cs.ET,11
2018-06,cs.FL,12
2018-06,cs.GL,4
2018-06,cs.GR,22
2018-06,cs.GT,37
2018-06,cs.HC,38
2018-06,cs.IR,55
2018-06,cs.IT,206
2018-06,cs.LG,397
2018-06,cs.LO,59
2018-06,cs.MA,10
2018-06,cs.MM,13
2018-06,cs.MS,8
2018-06,cs.NE,57
2018-06,cs.NI,102
2018-06,cs.OH,6
2018-06,cs.OS,5
2018-06,cs.PF,5
2018-06,cs.PL,16
2018-06,cs.RO,74
2018-06,cs.SC,7
2018-06,cs.SD,38
2018-06,cs.SE,60
2018-06,cs.SI,61
2018-06,econ.EM,26
2018-06,econ.GN,6
2018-06,eess.AS,18
2018-06,eess.IV,35
2018-06,eess.SP,153
2018-06,eess.SY,75
2018-06,gr-qc,252
2018-06,hep-ex,70
2018-06,hep-lat,28
2018-06,hep-ph,336
2018-06,hep-th,323
2018-06,math-ph,103
2018-06,math.AC,47
2018-06,math.AG,144
2018-06,math.AP,290
2018-06,math.AT,26
2018-06,math.CA,69
2018-06,math.CO,249
2018-06,math.CT,20
2018-06,math.CV,46
2018-06,math.DG,116
2018-06,math.DS,104
2018-06,math.FA,113
2018-06,math.GM,14
2018-06,math.GN,25
2018-06,math.GR,65
2018-06,math.GT,54
2018-06,math.HO,10
2018-06,math.KT,8
2018-06,math.LO,48
2018-06,math.MG,31
2018-06,math.NA,211
2018-06,math.NT,191
2018-06,math.OA,36
2018-06,math.OC,181
2018-06,math.PR,219
2018-06,math.QA,27
2018-06,math.RA,56
2018-06,math.RT,78
2018-06,math.SG,19
2018-06,math.SP,25
2018-06,math.ST,87
2018-06,nlin.AO,12
2018-06,nlin.CD,25
2018-06,nlin.CG,4
2018-06,nlin.PS,17
2018-06,nlin.SI,16
2018-06,nucl-ex,29
2018-06,nucl-th,101
2018-06,physics.acc-ph,55
2018-06,physics.ao-ph,16
2018-06,physics.app-ph,120
2018-06,physics.atm-clus,6
2018-06,physics.atom-ph,55
2018-06,physics.bio-ph,45
2018-06,physics.chem-ph,59
2018-06,physics.class-ph,30
2018-06,physics.comp-ph,62
2018-06,physics.data-an,7
2018-06,physics.ed-ph,15
2018-06,physics.flu-dyn,111
2018-06,physics.gen-ph,29
2018-06,physics.geo-ph,26
2018-06,physics.hist-ph,11
2018-06,physics.ins-det,199
2018-06,physics.med-ph,36
2018-06,physics.optics,134
2018-06,physics.plasm-ph,57
2018-06,physics.pop-ph,19
2018-06,physics.soc-ph,58
2018-06,physics.space-ph,14
2018-06,q-bio.BM,10
2018-06,q-bio.CB,7
2018-06,q-bio.GN,7
2018-06,q-bio.MN,7
2018-06,q-bio.NC,38
2018-06,q-bio.OT,5
2018-06,q-bio.PE,40
2018-06,q-bio.QM,23
2018-06,q-bio.SC,3
2018-06,q-bio.TO,14
2018-06,q-fin.CP,5
2018-06,q-fin.GN,7
2018-06,q-fin.MF,13
2018-06,q-fin.PM,6
2018-06,q-fin.PR,5
2018-06,q-fin.RM,5
2018-06,q-fin.ST,12
2018-06,q-fin.TR,5
2018-06,quant-ph,456
2018-06,stat.AP,67
2018-06,stat.CO,37
2018-06,stat.ME,117
2018-06,stat.ML,255
2018-06,stat.OT,5
2018-07,astro-ph.CO,135
2018-07,astro-ph.EP,115
2018-07,astro-ph.GA,331
2018-07,astro-ph.HE,214
2018-07,astro-ph.IM,194
2018-07,astro-ph.SR,267
2018-07,cond-mat.dis-nn,28
2018-07,cond-mat.mes-hall,335
2018-07,cond-mat.mtrl-sci,252
2018-07,cond-mat.other,15
2018-07,cond-mat.quant-gas,74
2018-07,cond-mat.soft,114
2018-07,cond-mat.stat-mech,123
2018-07,cond-mat.str-el,190
2018-07,cond-mat.supr-con,101
2018-07,cs.AI,106
2018-07,cs.AR,13
2018-07,cs.CC,21
2018-07,cs.CE,22
2018-07,cs.CG,30
2018-07,cs.CL,193
2018-07,cs.CR,119
2018-07,cs.CV,737
2018-07,cs.CY,85
2018-07,cs.DB,29
2018-07,cs.DC,87
2018-07,cs.DL,24
2018-07,cs.DM,37
2018-07,cs.DS,138
2018-07,cs.ET,19
2018-07,cs.FL,20
2018-07,cs.GL,3
2018-07,cs.GR,18
2018-07,cs.GT,40
2018-07,cs.HC,33
2018-07,cs.IR,77
2018-07,cs.IT,170
2018-07,cs.LG,379
2018-07,cs.LO,46
2018-07,cs.MA,20
2018-07,cs.MM,14
2018-07,cs.MS,8
2018-07,cs.NE,50
2018-07,cs.NI,83
2018-07,cs.OH,6
2018-07,cs.OS,1
2018-07,cs.PF,5
2018-07,cs.PL,39
2018-07,cs.RO,106
2018-07,cs.SC,6
2018-07,cs.SD,36
2018-07,cs.SE,97
2018-07,cs.SI,64
2018-07,econ.EM,30
2018-07,econ.GN,11
2018-07,econ.TH,5
2018-07,eess.AS,28
2018-07,eess.IV,31
2018-07,eess.SP,167
2018-07,eess.SY,76
2018-07,gr-qc,253
2018-07,hep-ex,76
2018-07,hep-lat,51
2018-07,hep-ph,394
2018-07,hep-th,305
2018-07,math-ph,114
2018-07,math.AC,40
2018-07,math.AG,170
2018-07,math.AP,279
2018-07,math.AT,50
2018-07,math.CA,72
2018-07,math.CO,295
2018-07,math.CT,15
2018-07,math.CV,56
2018-07,math.DG,126
2018-07,math.DS,109
2018-07,math.FA,99
2018-07,math.GM,9
2018-07,math.GN,14
2018-07,math.GR,69
2018-07,math.GT,58
2018-07,math.HO,12
2018-07,math.KT,9
2018-07,math.LO,47
2018-07,math.MG,32
2018-07,math.NA,190
2018-07,math.NT,149
2018-07,math.OA,36
2018-07,math.OC,184
2018-07,math.PR,222
2018-07,math.QA,32
2018-07,math.RA,55
2018-07,math.RT,64
2018-07,math.SG,18
2018-07,math.SP,17
2018-07,math.ST,61
2018-07,nlin.AO,8
2018-07,nlin.CD,28
2018-07,nlin.CG,3
2018-07,nlin.PS,13
2018-07,nlin.SI,11
2018-07,nucl-ex,44
2018-07,nucl-th,124
2018-07,physics.acc-ph,27
2018-07,physics.ao-ph,13
2018-07,physics.app-ph,108
2018-07,physics.atm-clus,5
2018-07,physics.atom-ph,65
2018-07,physics.bio-ph,31
2018-07,physics.chem-ph,62
2018-07,physics.class-ph,14
2018-07,physics.comp-ph,56
2018-07,physics.data-an,12
2018-07,physics.ed-ph,38
2018-07,physics.flu-dyn,97
2018-07,physics.gen-ph,44
2018-07,physics.geo-ph,15
2018-07,physics.hist-ph,16
2018-07,physics.ins-det,101
2018-07,physics.med-ph,20
2018-07,physics.optics,137
2018-07,physics.plasm-ph,57
2018-07,physics.pop-ph,12
2018-07,physics.soc-ph,60
2018-07,physics.space-ph,20
2018-07,q-bio.BM,9
2018-07,q-bio.CB,6
2018-07,q-bio.GN,6
2018-07,q-bio.MN,9
2018-07,q-bio.NC,44
2018-07,q-bio.OT,7
2018-07,q-bio.PE,23
2018-07,q-bio.QM,24
2018-07,q-bio.SC,9
2018-07,q-bio.TO,11
2018-07,q-fin.CP,3
2018-07,q-fin.GN,3
2018-07,q-fin.MF,16
2018-07,q-fin.PM,7
2018-07,q-fin.PR,3
2018-07,q-fin.RM,5
2018-07,q-fin.ST,12
2018-07,q-fin.TR,8
2018-07,quant-ph,468
2018-07,stat.AP,74
2018-07,stat.CO,22
2018-07,stat.ME,111
2018-07,stat.ML,124
2018-08,astro-ph.CO,98
2018-08,astro-ph.EP,129
2018-08,astro-ph.GA,280
2018-08,astro-ph.HE,231
2018-08,astro-ph.IM,141
2018-08,astro-ph.SR,233
2018-08,cond-mat.dis-nn,42
2018-08,cond-mat.mes-hall,280
2018-08,cond-mat.mtrl-sci,227
2018-08,cond-mat.other,7
2018-08,cond-mat.quant-gas,49
2018-08,cond-mat.soft,123
2018-08,cond-mat.stat-mech,139
2018-08,cond-mat.str-el,214
2018-08,cond-mat.supr-con,106
2018-08,cs.AI,90
2018-08,cs.AR,12
2018-08,cs.CC,17
2018-08,cs.CE,23
2018-08,cs.CG,31
2018-08,cs.CL,373
2018-08,cs.CR,133
2018-08,cs.CV,511
2018-08,cs.CY,66
2018-08,cs.DB,30
2018-08,cs.DC,75
2018-08,cs.DL,18
2018-08,cs.DM,27
2018-08,cs.DS,81
2018-08,cs.ET,23
2018-08,cs.FL,10
2018-08,cs.GR,16
2018-08,cs.GT,39
2018-08,cs.HC,44
2018-08,cs.IR,68
2018-08,cs.IT,180
2018-08,cs.LG,269
2018-08,cs.LO,50
2018-08,cs.MA,6
2018-08,cs.MM,16
2018-08,cs.MS,5
2018-08,cs.NE,35
2018-08,cs.NI,94
2018-08,cs.OH,5
2018-08,cs.OS,4
2018-08,cs.PF,9
2018-08,cs.PL,49
2018-08,cs.RO,78
2018-08,cs.SC,2
2018-08,cs.SD,32
2018-08,cs.SE,78
2018-08,cs.SI,51
2018-08,econ.EM,18
2018-08,econ.GN,12
2018-08,econ.TH,9
2018-08,eess.AS,13
2018-08,eess.IV,28
2018-08,eess.SP,118
2018-08,eess.SY,65
2018-08,gr-qc,239
2018-08,hep-ex,78
2018-08,hep-lat,30
2018-08,hep-ph,370
2018-08,hep-th,287
2018-08,math-ph,110
2018-08,math.AC,34
2018-08,math.AG,150
2018-08,math.AP,245
2018-08,math.AT,44
2018-08,math.CA,80
2018-08,math.CO,262
2018-08,math.CT,21
2018-08,math.CV,47
2018-08,math.DG,133
2018-08,math.DS,121
2018-08,math.FA,105
2018-08,math.GM,16
2018-08,math.GN,13
2018-08,math.GR,58
2018-08,math.GT,63
2018-08,math.HO,23
2018-08,math.KT,4
2018-08,math.LO,55
2018-08,math.MG,16
2018-08,math.NA,177
2018-08,math.NT,137
2018-08,math.OA,29
2018-08,math.OC,167
2018-08,math.PR,205
2018-08,math.QA,25
2018-08,math.RA,70
2018-08,math.RT,75
2018-08,math.SG,20
2018-08,math.SP,24
2018-08,math.ST,82
2018-08,nlin.AO,8
2018-08,nlin.CD,13
2018-08,nlin.PS,22
2018-08,nlin.SI,11
2018-08,nucl-ex,27
2018-08,nucl-th,84
2018-08,physics.acc-ph,24
2018-08,physics.ao-ph,19
2018-08,physics.app-ph,102
2018-08,physics.atm-clus,3
2018-08,physics.atom-ph,53
2018-08,physics.bio-ph,31
2018-08,physics.chem-ph,69
2018-08,physics.class-ph,25
2018-08,physics.comp-ph,60
2018-08,physics.data-an,10
2018-08,physics.ed-ph,23
2018-08,physics.flu-dyn,99
2018-08,physics.gen-ph,18
2018-08,physics.geo-ph,20
2018-08,physics.hist-ph,10
2018-08,physics.ins-det,79
2018-08,physics.med-ph,23
2018-08,physics.optics,129
2018-08,physics.plasm-ph,53
2018-08,physics.pop-ph,7
2018-08,physics.soc-ph,57
2018-08,physics.space-ph,20
2018-08,q-bio.BM,12
2018-08,q-bio.CB,6
2018-08,q-bio.GN,6
2018-08,q-bio.MN,8
2018-08,q-bio.NC,30
2018-08,q-bio.OT,3
2018-08,q-bio.PE,31
2018-08,q-bio.QM,27
2018-08,q-bio.SC,1
2018-08,q-bio.TO,12
2018-08,q-fin.CP,8
2018-08,q-fin.GN,4
2018-08,q-fin.MF,11
2018-08,q-fin.PM,8
2018-08,q-fin.PR,10
2018-08,q-fin.RM,5
2018-08,q-fin.ST,9
2018-08,q-fin.TR,3
2018-08,quant-ph,397
2018-08,stat.AP,64
2018-08,stat.CO,23
2018-08,stat.ME,106
2018-08,stat.ML,91
2018-08,stat.OT,3
2018-09,astro-ph.CO,131
2018-09,astro-ph.EP,150
2018-09,astro-ph.GA,309
2018-09,astro-ph.HE,196
2018-09,astro-ph.IM,130
2018-09,astro-ph.SR,225
2018-09,cond-mat.dis-nn,23
2018-09,cond-mat.mes-hall,327
2018-09,cond-mat.mtrl-sci,251
2018-09,cond-mat.other,7
2018-09,cond-mat.quant-gas,71
2018-09,cond-mat.soft,124
2018-09,cond-mat.stat-mech,134
2018-09,cond-mat.str-el,198
2018-09,cond-mat.supr-con,90
2018-09,cs.AI,147
2018-09,cs.AR,8
2018-09,cs.CC,26
2018-09,cs.CE,22
2018-09,cs.CG,30
2018-09,cs.CL,323
2018-09,cs.CR,138
2018-09,cs.CV,552
2018-09,cs.CY,62
2018-09,cs.DB,26
2018-09,cs.DC,73
2018-09,cs.DL,13
2018-09,cs.DM,28
2018-09,cs.DS,66
2018-09,cs.ET,25
2018-09,cs.FL,11
2018-09,cs.GR,18
2018-09,cs.GT,45
2018-09,cs.HC,63
2018-09,cs.IR,81
2018-09,cs.IT,174
2018-09,cs.LG,448
2018-09,cs.LO,55
2018-09,cs.MA,15
2018-09,cs.MM,9
2018-09,cs.MS,5
2018-09,cs.NE,30
2018-09,cs.NI,108
2018-09,cs.OH,9
2018-09,cs.OS,1
2018-09,cs.PF,7
2018-09,cs.PL,24
2018-09,cs.RO,225
2018-09,cs.SC,5
2018-09,cs.SD,25
2018-09,cs.SE,60
2018-09,cs.SI,82
2018-09,econ.EM,20
2018-09,econ.GN,16
2018-09,econ.TH,8
2018-09,eess.AS,16
2018-09,eess.IV,25
2018-09,eess.SP,119
2018-09,eess.SY,114
2018-09,gr-qc,210
2018-09,hep-ex,59
2018-09,hep-lat,26
2018-09,hep-ph,362
2018-09,hep-th,268
2018-09,math-ph,101
2018-09,math.AC,42
2018-09,math.AG,180
2018-09,math.AP,278
2018-09,math.AT,52
2018-09,math.CA,71
2018-09,math.CO,252
2018-09,math.CT,23
2018-09,math.CV,51
2018-09,math.DG,126
2018-09,math.DS,118
2018-09,math.FA,103
2018-09,math.GM,13
2018-09,math.GN,26
2018-09,math.GR,58
2018-09,math.GT,66
2018-09,math.HO,13
2018-09,math.KT,12
2018-09,math.LO,59
2018-09,math.MG,42
2018-09,math.NA,186
2018-09,math.NT,210
2018-09,math.OA,28
2018-09,math.OC,253
2018-09,math.PR,207
2018-09,math.QA,31
2018-09,math.RA,50
2018-09,math.RT,68
2018-09,math.SG,24
2018-09,math.SP,20
2018-09,math.ST,66
2018-09,nlin.AO,18
2018-09,nlin.CD,14
2018-09,nlin.CG,1
2018-09,nlin.PS,22
2018-09,nlin.SI,10
2018-09,nucl-ex,38
2018-09,nucl-th,105
2018-09,physics.acc-ph,24
2018-09,physics.ao-ph,19
2018-09,physics.app-ph,107
2018-09,physics.atm-clus,6
2018-09,physics.atom-ph,70
2018-09,physics.bio-ph,39
2018-09,physics.chem-ph,72
2018-09,physics.class-ph,24
2018-09,physics.comp-ph,66
2018-09,physics.data-an,14
2018-09,physics.ed-ph,10
2018-09,physics.flu-dyn,108
2018-09,physics.gen-ph,36
2018-09,physics.geo-ph,8
2018-09,physics.hist-ph,17
2018-09,physics.ins-det,81
2018-09,physics.med-ph,41
2018-09,physics.optics,115
2018-09,physics.plasm-ph,69
2018-09,physics.pop-ph,3
2018-09,physics.soc-ph,69
2018-09,physics.space-ph,15
2018-09,q-bio.BM,12
2018-09,q-bio.CB,5
2018-09,q-bio.GN,11
2018-09,q-bio.MN,7
2018-09,q-bio.NC,40
2018-09,q-bio.OT,2
2018-09,q-bio.PE,32
2018-09,q-bio.QM,30
2018-09,q-bio.SC,6
2018-09,q-bio.TO,8
2018-09,q-fin.CP,12
2018-09,q-fin.GN,9
2018-09,q-fin.MF,19
2018-09,q-fin.PM,6
2018-09,q-fin.PR,5
2018-09,q-fin.RM,7
2018-09,q-fin.ST,15
2018-09,q-fin.TR,5
2018-09,quant-ph,418
2018-09,stat.AP,56
2018-09,stat.CO,29
2018-09,stat.ME,105
2018-09,stat.ML,100
2018-09,stat.OT,6
2018-10,astro-ph.CO,169
2018-10,astro-ph.EP,149
2018-10,astro-ph.GA,404
2018-10,astro-ph.HE,249
2018-10,astro-ph.IM,111
2018-10,astro-ph.SR,256
2018-10,cond-mat.dis-nn,34
2018-10,cond-mat.mes-hall,310
2018-10,cond-mat.mtrl-sci,322
2018-10,cond-mat.other,12
2018-10,cond-mat.quant-gas,79
2018-10,cond-mat.soft,130
2018-10,cond-mat.stat-mech,135
2018-10,cond-mat.str-el,222
2018-10,cond-mat.supr-con,103
2018-10,cs.AI,137
2018-10,cs.AR,7
2018-10,cs.CC,27
2018-10,cs.CE,17
2018-10,cs.CG,32
2018-10,cs.CL,266
2018-10,cs.CR,129
2018-10,cs.CV,560
2018-10,cs.CY,56
2018-10,cs.DB,34
2018-10,cs.DC,108
2018-10,cs.DL,66
2018-10,cs.DM,20
2018-10,cs.DS,116
2018-10,cs.ET,16
2018-10,cs.FL,17
2018-10,cs.GL,1
2018-10,cs.GR,16
2018-10,cs.GT,38
2018-10,cs.HC,40
2018-10,cs.IR,70
2018-10,cs.IT,156
2018-10,cs.LG,575
2018-10,cs.LO,75
2018-10,cs.MA,16
2018-10,cs.MM,13
2018-10,cs.MS,10
2018-10,cs.NE,55
2018-10,cs.NI,131
2018-10,cs.OH,10
2018-10,cs.OS,8
2018-10,cs.PF,9
2018-10,cs.PL,34
2018-10,cs.RO,146
2018-10,cs.SC,5
2018-10,cs.SD,43
2018-10,cs.SE,53
2018-10,cs.SI,60
2018-10,econ.EM,20
2018-10,econ.GN,26
2018-10,econ.TH,9
2018-10,eess.AS,40
2018-10,eess.IV,44
2018-10,eess.SP,164
2018-10,eess.SY,88
2018-10,gr-qc,236
2018-10,hep-ex,71
2018-10,hep-lat,72
2018-10,hep-ph,404
2018-10,hep-th,343
2018-10,math-ph,131
2018-10,math.AC,42
2018-10,math.AG,191
2018-10,math.AP,350
2018-10,math.AT,61
2018-10,math.CA,85
2018-10,math.CO,256
2018-10,math.CT,19
2018-10,math.CV,66
2018-10,math.DG,139
2018-10,math.DS,121
2018-10,math.FA,110
2018-10,math.GM,6
2018-10,math.GN,15
2018-10,math.GR,83
2018-10,math.GT,84
2018-10,math.HO,16
2018-10,math.KT,17
2018-10,math.LO,87
2018-10,math.MG,35
2018-10,math.NA,206
2018-10,math.NT,214
2018-10,math.OA,33
2018-10,math.OC,246
2018-10,math.PR,220
2018-10,math.QA,37
2018-10,math.RA,64
2018-10,math.RT,91
2018-10,math.SG,33
2018-10,math.SP,19
2018-10,math.ST,97
2018-10,nlin.AO,23
2018-10,nlin.CD,21
2018-10,nlin.CG,1
2018-10,nlin.PS,25
2018-10,nlin.SI,19
2018-10,nucl-ex,56
2018-10,nucl-th,121
2018-10,physics.acc-ph,23
2018-10,physics.ao-ph,24
2018-10,physics.app-ph,140
2018-10,physics.atm-clus,6
2018-10,physics.atom-ph,75
2018-10,physics.bio-ph,32
2018-10,physics.chem-ph,76
2018-10,physics.class-ph,34
2018-10,physics.comp-ph,94
2018-10,physics.data-an,10
2018-10,physics.ed-ph,12
2018-10,physics.flu-dyn,114
2018-10,physics.gen-ph,36
2018-10,physics.geo-ph,29
2018-10,physics.hist-ph,20
2018-10,physics.ins-det,82
2018-10,physics.med-ph,25
2018-10,physics.optics,185
2018-10,physics.plasm-ph,67
2018-10,physics.pop-ph,8
2018-10,physics.soc-ph,61
2018-10,physics.space-ph,14
2018-10,q-bio.BM,7
2018-10,q-bio.CB,8
2018-10,q-bio.GN,7
2018-10,q-bio.MN,14
2018-10,q-bio.NC,36
2018-10,q-bio.OT,7
2018-10,q-bio.PE,39
2018-10,q-bio.QM,25
2018-10,q-bio.SC,6
2018-10,q-bio.TO,9
2018-10,q-fin.CP,7
2018-10,q-fin.GN,5
2018-10,q-fin.MF,11
2018-10,q-fin.PM,12
2018-10,q-fin.PR,6
2018-10,q-fin.RM,5
2018-10,q-fin.ST,6
2018-10,q-fin.TR,7
2018-10,quant-ph,466
2018-10,stat.AP,83
2018-10,stat.CO,29
2018-10,stat.ME,111
2018-10,stat.ML,185
2018-10,stat.OT,6
2018-11,astro-ph.CO,165
2018-11,astro-ph.EP,139
2018-11,astro-ph.GA,372
2018-11,astro-ph.HE,244
2018-11,astro-ph.IM,98
2018-11,astro-ph.SR,280
2018-11,cond-mat.dis-nn,29
2018-11,cond-mat.mes-hall,280
2018-11,cond-mat.mtrl-sci,269
2018-11,cond-mat.other,7
2018-11,cond-mat.quant-gas,69
2018-11,cond-mat.soft,119
2018-11,cond-mat.stat-mech,120
2018-11,cond-mat.str-el,185
2018-11,cond-mat.supr-con,91
2018-11,cs.AI,139
2018-11,cs.AR,7
2018-11,cs.CC,23
2018-11,cs.CE,14
2018-11,cs.CG,25
2018-11,cs.CL,314
2018-11,cs.CR,167
2018-11,cs.CV,861
2018-11,cs.CY,64
2018-11,cs.DB,24
2018-11,cs.DC,81
2018-11,cs.DL,37
2018-11,cs.DM,28
2018-11,cs.DS,142
2018-11,cs.ET,15
2018-11,cs.FL,14
2018-11,cs.GL,1
2018-11,cs.GR,26
2018-11,cs.GT,47
2018-11,cs.HC,55
2018-11,cs.IR,71
2018-11,cs.IT,173
2018-11,cs.LG,634
2018-11,cs.LO,55
2018-11,cs.MA,20
2018-11,cs.MM,15
2018-11,cs.MS,8
2018-11,cs.NE,54
2018-11,cs.NI,84
2018-11,cs.OH,5
2018-11,cs.OS,3
2018-11,cs.PF,10
2018-11,cs.PL,38
2018-11,cs.RO,107
2018-11,cs.SC,10
2018-11,cs.SD,59
2018-11,cs.SE,65
2018-11,cs.SI,72
2018-11,cs.SY,1
2018-11,econ.EM,21
2018-11,econ.GN,17
2018-11,econ.TH,13
2018-11,eess.AS,58
2018-11,eess.IV,44
2018-11,eess.SP,173
2018-11,eess.SY,94
2018-11,gr-qc,253
2018-11,hep-ex,82
2018-11,hep-lat,114
2018-11,hep-ph,476
2018-11,hep-th,347
2018-11,math-ph,132
2018-11,math.AC,33
2018-11,math.AG,147
2018-11,math.AP,325
2018-11,math.AT,49
2018-11,math.CA,84
2018-11,math.CO,250
2018-11,math.CT,20
2018-11,math.CV,59
2018-11,math.DG,133
2018-11,math.DS,109
2018-11,math.FA,122
2018-11,math.GM,17
2018-11,math.GN,20
2018-11,math.GR,84
2018-11,math.GT,67
2018-11,math.HO,14
2018-11,math.KT,18
2018-11,math.LO,60
2018-11,math.MG,27
2018-11,math.NA,231
2018-11,math.NT,166
2018-11,math.OA,47
2018-11,math.OC,204
2018-11,math.PR,196
2018-11,math.QA,35
2018-11,math.RA,48
2018-11,math.RT,74
2018-11,math.SG,35
2018-11,math.SP,18
2018-11,math.ST,85
2018-11,nlin.AO,9
2018-11,nlin.CD,16
2018-11,nlin.CG,3
2018-11,nlin.PS,18
2018-11,nlin.SI,12
2018-11,nucl-ex,39
2018-11,nucl-th,130
2018-11,physics.acc-ph,23
2018-11,physics.ao-ph,25
2018-11,physics.app-ph,129
2018-11,physics.atm-clus,2
2018-11,physics.atom-ph,65
2018-11,physics.bio-ph,25
2018-11,physics.chem-ph,66
2018-11,physics.class-ph,28
2018-11,physics.comp-ph,88
2018-11,physics.data-an,11
2018-11,physics.ed-ph,18
2018-11,physics.flu-dyn,105
2018-11,physics.gen-ph,33
2018-11,physics.geo-ph,18
2018-11,physics.hist-ph,16
2018-11,physics.ins-det,81
2018-11,physics.med-ph,41
2018-11,physics.optics,175
2018-11,physics.plasm-ph,58
2018-11,physics.pop-ph,8
2018-11,physics.soc-ph,61
2018-11,physics.space-ph,15
2018-11,q-bio.BM,9
2018-11,q-bio.CB,4
2018-11,q-bio.GN,13
2018-11,q-bio.MN,11
2018-11,q-bio.NC,43
2018-11,q-bio.OT,2
2018-11,q-bio.PE,32
2018-11,q-bio.QM,29
2018-11,q-bio.SC,7
2018-11,q-bio.TO,7
2018-11,q-fin.CP,12
2018-11,q-fin.GN,8
2018-11,q-fin.MF,10
2018-11,q-fin.PM,5
2018-11,q-fin.PR,3
2018-11,q-fin.RM,7
2018-11,q-fin.ST,14
2018-11,q-fin.TR,9
2018-11,quant-ph,475
2018-11,stat.AP,67
2018-11,stat.CO,27
2018-11,stat.ME,82
2018-11,stat.ML,136
2018-11,stat.OT,9
2018-12,astro-ph.CO,151
2018-12,astro-ph.EP,120
2018-12,astro-ph.GA,264
2018-12,astro-ph.HE,181
2018-12,astro-ph.IM,127
2018-12,astro-ph.SR,207
2018-12,cond-mat.dis-nn,34
2018-12,cond-mat.mes-hall,337
2018-12,cond-mat.mtrl-sci,244
2018-12,cond-mat.other,7
2018-12,cond-mat.quant-gas,71
2018-12,cond-mat.soft,116
2018-12,cond-mat.stat-mech,126
2018-12,cond-mat.str-el,188
2018-12,cond-mat.supr-con,84
2018-12,cs.AI,103
2018-12,cs.AR,7
2018-12,cs.CC,18
2018-12,cs.CE,5
2018-12,cs.CG,33
2018-12,cs.CL,160
2018-12,cs.CR,138
2018-12,cs.CV,696
2018-12,cs.CY,88
2018-12,cs.DB,33
2018-12,cs.DC,89
2018-12,cs.DL,28
2018-12,cs.DM,26
2018-12,cs.DS,80
2018-12,cs.ET,14
2018-12,cs.FL,15
2018-12,cs.GR,20
2018-12,cs.GT,26
2018-12,cs.HC,53
2018-12,cs.IR,67
2018-12,cs.IT,155
2018-12,cs.LG,515
2018-12,cs.LO,45
2018-12,cs.MA,15
2018-12,cs.MM,15
2018-12,cs.MS,6
2018-12,cs.NE,37
2018-12,cs.NI,125
2018-12,cs.OH,9
2018-12,cs.OS,1
2018-12,cs.PF,7
2018-12,cs.PL,22
2018-12,cs.RO,84
2018-12,cs.SC,4
2018-12,cs.SD,34
2018-12,cs.SE,77
2018-12,cs.SI,61
2018-12,econ.EM,19
2018-12,econ.GN,20
2018-12,econ.TH,16
2018-12,eess.AS,24
2018-12,eess.IV,43
2018-12,eess.SP,148
2018-12,eess.SY,69
2018-12,gr-qc,253
2018-12,hep-ex,94
2018-12,hep-lat,73
2018-12,hep-ph,468
2018-12,hep-th,408
2018-12,math-ph,151
2018-12,math.AC,37
2018-12,math.AG,178
2018-12,math.AP,300
2018-12,math.AT,32
2018-12,math.CA,97
2018-12,math.CO,263
2018-12,math.CT,22
2018-12,math.CV,49
2018-12,math.DG,117
2018-12,math.DS,118
2018-12,math.FA,129
2018-12,math.GM,12
2018-12,math.GN,17
2018-12,math.GR,65
2018-12,math.GT,62
2018-12,math.HO,18
2018-12,math.KT,11
2018-12,math.LO,48
2018-12,math.MG,36
2018-12,math.NA,214
2018-12,math.NT,178
2018-12,math.OA,31
2018-12,math.OC,197
2018-12,math.PR,231
2018-12,math.QA,30
2018-12,math.RA,62
2018-12,math.RT,79
2018-12,math.SG,17
2018-12,math.SP,18
2018-12,math.ST,85
2018-12,nlin.AO,12
2018-12,nlin.CD,14
2018-12,nlin.CG,1
2018-12,nlin.PS,18
2018-12,nlin.SI,17
2018-12,nucl-ex,45
2018-12,nucl-th,111
2018-12,physics.acc-ph,31
2018-12,physics.ao-ph,17
2018-12,physics.app-ph,124
2018-12,physics.atm-clus,7
2018-12,physics.atom-ph,77
2018-12,physics.bio-ph,18
2018-12,physics.chem-ph,65
2018-12,physics.class-ph,24
2018-12,physics.comp-ph,73
2018-12,physics.data-an,10
2018-12,physics.ed-ph,17
2018-12,physics.flu-dyn,114
2018-12,physics.gen-ph,29
2018-12,physics.geo-ph,32
2018-12,physics.hist-ph,16
2018-12,physics.ins-det,91
2018-12,physics.med-ph,35
2018-12,physics.optics,151
2018-12,physics.plasm-ph,51
2018-12,physics.pop-ph,1
2018-12,physics.soc-ph,61
2018-12,physics.space-ph,15
2018-12,q-bio.BM,10
2018-12,q-bio.CB,7
2018-12,q-bio.GN,4
2018-12,q-bio.MN,8
2018-12,q-bio.NC,43
2018-12,q-bio.OT,3
2018-12,q-bio.PE,29
2018-12,q-bio.QM,32
2018-12,q-bio.SC,3
2018-12,q-bio.TO,9
2018-12,q-fin.CP,3
2018-12,q-fin.GN,8
2018-12,q-fin.MF,7
2018-12,q-fin.PM,2
2018-12,q-fin.PR,3
2018-12,q-fin.RM,11
2018-12,q-fin.ST,9
2018-12,q-fin.TR,8
2018-12,quant-ph,433
2018-12,stat.AP,55
2018-12,stat.CO,28
2018-12,stat.ME,102
2018-12,stat.ML,119
2018-12,stat.OT,5
2019-01,astro-ph.CO,114
2019-01,astro-ph.EP,157
2019-01,astro-ph.GA,316
2019-01,astro-ph.HE,243
2019-01,astro-ph.IM,100
2019-01,astro-ph.SR,209
2019-01,cond-mat.dis-nn,34
2019-01,cond-mat.mes-hall,306
2019-01,cond-mat.mtrl-sci,278
2019-01,cond-mat.other,6
2019-01,cond-mat.quant-gas,68
2019-01,cond-mat.soft,134
2019-01,cond-mat.stat-mech,121
2019-01,cond-mat.str-el,197
2019-01,cond-mat.supr-con,112
2019-01,cs.AI,77
2019-01,cs.AR,6
2019-01,cs.CC,21
2019-01,cs.CE,19
2019-01,cs.CG,19
2019-01,cs.CL,151
2019-01,cs.CR,147
2019-01,cs.CV,568
2019-01,cs.CY,73
2019-01,cs.DB,36
2019-01,cs.DC,100
2019-01,cs.DL,13
2019-01,cs.DM,17
2019-01,cs.DS,79
2019-01,cs.ET,24
2019-01,cs.FL,12
2019-01,cs.GL,1
2019-01,cs.GR,17
2019-01,cs.GT,27
2019-01,cs.HC,37
2019-01,cs.IR,53
2019-01,cs.IT,308
2019-01,cs.LG,574
2019-01,cs.LO,50
2019-01,cs.MA,16
2019-01,cs.MM,10
2019-01,cs.MS,4
2019-01,cs.NE,59
2019-01,cs.NI,115
2019-01,cs.OH,8
2019-01,cs.OS,7
2019-01,cs.PF,10
2019-01,cs.PL,19
2019-01,cs.RO,94
2019-01,cs.SC,9
2019-01,cs.SD,25
2019-01,cs.SE,71
2019-01,cs.SI,64
2019-01,econ.EM,8
2019-01,econ.GN,20
2019-01,econ.TH,7
2019-01,eess.AS,12
2019-01,eess.IV,46
2019-01,eess.SP,144
2019-01,eess.SY,92
2019-01,gr-qc,237
2019-01,hep-ex,100
2019-01,hep-lat,40
2019-01,hep-ph,353
2019-01,hep-th,226
2019-01,math-ph,101
2019-01,math.AC,42
2019-01,math.AG,156
2019-01,math.AP,309
2019-01,math.AT,39
2019-01,math.CA,104
2019-01,math.CO,226
2019-01,math.CT,15
2019-01,math.CV,57
2019-01,math.DG,149
2019-01,math.DS,151
2019-01,math.FA,113
2019-01,math.GM,30
2019-01,math.GN,17
2019-01,math.GR,86
2019-01,math.GT,66
2019-01,math.HO,12
2019-01,math.KT,17
2019-01,math.LO,59
2019-01,math.MG,26
2019-01,math.NA,196
2019-01,math.NT,155
2019-01,math.OA,35
2019-01,math.OC,190
2019-01,math.PR,184
2019-01,math.QA,24
2019-01,math.RA,52
2019-01,math.RT,64
2019-01,math.SG,14
2019-01,math.SP,24
2019-01,math.ST,78
2019-01,nlin.AO,13
2019-01,nlin.CD,7
2019-01,nlin.CG,2
2019-01,nlin.PS,13
2019-01,nlin.SI,20
2019-01,nucl-ex,36
2019-01,nucl-th,106
2019-01,physics.acc-ph,16
2019-01,physics.ao-ph,19
2019-01,physics.app-ph,117
2019-01,physics.atm-clus,1
2019-01,physics.atom-ph,61
2019-01,physics.bio-ph,27
2019-01,physics.chem-ph,76
2019-01,physics.class-ph,27
2019-01,physics.comp-ph,66
2019-01,physics.data-an,10
2019-01,physics.ed-ph,22
2019-01,physics.flu-dyn,86
2019-01,physics.gen-ph,37
2019-01,physics.geo-ph,38
2019-01,physics.hist-ph,17
2019-01,physics.ins-det,89
2019-01,physics.med-ph,31
2019-01,physics.optics,134
2019-01,physics.plasm-ph,62
2019-01,physics.pop-ph,7
2019-01,physics.soc-ph,67
2019-01,physics.space-ph,23
2019-01,q-bio.BM,7
2019-01,q-bio.CB,11
2019-01,q-bio.GN,8
2019-01,q-bio.MN,8
2019-01,q-bio.NC,30
2019-01,q-bio.OT,4
2019-01,q-bio.PE,29
2019-01,q-bio.QM,26
2019-01,q-bio.SC,4
2019-01,q-bio.TO,8
2019-01,q-fin.CP,8
2019-01,q-fin.GN,9
2019-01,q-fin.MF,14
2019-01,q-fin.PM,5
2019-01,q-fin.PR,3
2019-01,q-fin.RM,2
2019-01,q-fin.ST,7
2019-01,q-fin.TR,5
2019-01,quant-ph,385
2019-01,stat.AP,61
2019-01,stat.CO,18
2019-01,stat.ME,104
2019-01,stat.ML,137
2019-01,stat.OT,7
2019-02,astro-ph.CO,127
2019-02,astro-ph.EP,122
2019-02,astro-ph.GA,266
2019-02,astro-ph.HE,186
2019-02,astro-ph.IM,101
2019-02,astro-ph.SR,235
2019-02,cond-mat.dis-nn,28
2019-02,cond-mat.mes-hall,285
2019-02,cond-mat.mtrl-sci,289
2019-02,cond-mat.other,4
2019-02,cond-mat.quant-gas,57
2019-02,cond-mat.soft,124
2019-02,cond-mat.stat-mech,124
2019-02,cond-mat.str-el,195
2019-02,cond-mat.supr-con,92
2019-02,cs.AI,95
2019-02,cs.AR,10
2019-02,cs.CC,36
2019-02,cs.CE,22
2019-02,cs.CG,24
2019-02,cs.CL,191
2019-02,cs.CR,152
2019-02,cs.CV,518
2019-02,cs.CY,47
2019-02,cs.DB,39
2019-02,cs.DC,109
2019-02,cs.DL,14
2019-02,cs.DM,21
2019-02,cs.DS,110
2019-02,cs.ET,13
2019-02,cs.FL,24
2019-02,cs.GR,13
2019-02,cs.GT,47
2019-02,cs.HC,52
2019-02,cs.IR,52
2019-02,cs.IT,189
2019-02,cs.LG,608
2019-02,cs.LO,70
2019-02,cs.MA,22
2019-02,cs.MM,14
2019-02,cs.MS,3
2019-02,cs.NE,43
2019-02,cs.NI,126
2019-02,cs.OH,3
2019-02,cs.OS,2
2019-02,cs.PF,9
2019-02,cs.PL,36
2019-02,cs.RO,128
2019-02,cs.SC,6
2019-02,cs.SD,27
2019-02,cs.SE,68
2019-02,cs.SI,71
2019-02,econ.EM,23
2019-02,econ.GN,20
2019-02,econ.TH,4
2019-02,eess.AS,21
2019-02,eess.IV,34
2019-02,eess.SP,147
2019-02,eess.SY,92
2019-02,gr-qc,200
2019-02,hep-ex,65
2019-02,hep-lat,26
2019-02,hep-ph,321
2019-02,hep-th,237
2019-02,math-ph,108
2019-02,math.AC,26
2019-02,math.AG,161
2019-02,math.AP,294
2019-02,math.AT,45
2019-02,math.CA,64
2019-02,math.CO,221
2019-02,math.CT,20
2019-02,math.CV,52
2019-02,math.DG,121
2019-02,math.DS,137
2019-02,math.FA,127
2019-02,math.GM,30
2019-02,math.GN,25
2019-02,math.GR,61
2019-02,math.GT,75
2019-02,math.HO,13
2019-02,math.KT,9
2019-02,math.LO,57
2019-02,math.MG,37
2019-02,math.NA,207
2019-02,math.NT,146
2019-02,math.OA,24
2019-02,math.OC,227
2019-02,math.PR,171
2019-02,math.QA,23
2019-02,math.RA,54
2019-02,math.RT,63
2019-02,math.SG,25
2019-02,math.SP,22
2019-02,math.ST,105
2019-02,nlin.AO,13
2019-02,nlin.CD,20
2019-02,nlin.PS,14
2019-02,nlin.SI,13
2019-02,nucl-ex,29
2019-02,nucl-th,90
2019-02,physics.acc-ph,23
2019-02,physics.ao-ph,16
2019-02,physics.app-ph,126
2019-02,physics.atm-clus,8
2019-02,physics.atom-ph,58
2019-02,physics.bio-ph,31
2019-02,physics.chem-ph,60
2019-02,physics.class-ph,29
2019-02,physics.comp-ph,60
2019-02,physics.data-an,12
2019-02,physics.ed-ph,7
2019-02,physics.flu-dyn,113
2019-02,physics.gen-ph,26
2019-02,physics.geo-ph,23
2019-02,physics.hist-ph,12
2019-02,physics.ins-det,65
2019-02,physics.med-ph,39
2019-02,physics.optics,144
2019-02,physics.plasm-ph,45
2019-02,physics.pop-ph,8
2019-02,physics.soc-ph,40
2019-02,physics.space-ph,20
2019-02,q-bio.BM,11
2019-02,q-bio.CB,4
2019-02,q-bio.GN,6
2019-02,q-bio.MN,14
2019-02,q-bio.NC,47
2019-02,q-bio.OT,7
2019-02,q-bio.PE,31
2019-02,q-bio.QM,36
2019-02,q-bio.SC,4
2019-02,q-bio.TO,4
2019-02,q-fin.CP,9
2019-02,q-fin.GN,8
2019-02,q-fin.MF,5
2019-02,q-fin.PM,6
2019-02,q-fin.PR,2
2019-02,q-fin.RM,8
2019-02,q-fin.ST,16
2019-02,q-fin.TR,7
2019-02,quant-ph,441
2019-02,stat.AP,69
2019-02,stat.CO,24
2019-02,stat.ME,90
2019-02,stat.ML,143
2019-02,stat.OT,8
2019-03,astro-ph.CO,171
2019-03,astro-ph.EP,233
2019-03,astro-ph.GA,392
2019-03,astro-ph.HE,316
2019-03,astro-ph.IM,149
2019-03,astro-ph.SR,253
2019-03,cond-mat.dis-nn,35
2019-03,cond-mat.mes-hall,357
2019-03,cond-mat.mtrl-sci,278
2019-03,cond-mat.other,10
2019-03,cond-mat.quant-gas,73
2019-03,cond-mat.soft,116
2019-03,cond-mat.stat-mech,129
2019-03,cond-mat.str-el,225
2019-03,cond-mat.supr-con,103
2019-03,cs.AI,112
2019-03,cs.AR,13
2019-03,cs.CC,24
2019-03,cs.CE,19
2019-03,cs.CG,42
2019-03,cs.CL,206
2019-03,cs.CR,145
2019-03,cs.CV,733
2019-03,cs.CY,65
2019-03,cs.DB,41
2019-03,cs.DC,99
2019-03,cs.DL,12
2019-03,cs.DM,20
2019-03,cs.DS,75
2019-03,cs.ET,23
2019-03,cs.FL,24
2019-03,cs.GL,3
2019-03,cs.GR,11
2019-03,cs.GT,40
2019-03,cs.HC,68
2019-03,cs.IR,51
2019-03,cs.IT,211
2019-03,cs.LG,510
2019-03,cs.LO,45
2019-03,cs.MA,22
2019-03,cs.MM,18
2019-03,cs.MS,8
2019-03,cs.NE,56
2019-03,cs.NI,113
2019-03,cs.OH,14
2019-03,cs.OS,7
2019-03,cs.PF,6
2019-03,cs.PL,22
2019-03,cs.RO,219
2019-03,cs.SC,7
2019-03,cs.SD,29
2019-03,cs.SE,86
2019-03,cs.SI,76
2019-03,econ.EM,18
2019-03,econ.GN,24
2019-03,econ.TH,9
2019-03,eess.AS,27
2019-03,eess.IV,47
2019-03,eess.SP,183
2019-03,eess.SY,156
2019-03,gr-qc,272
2019-03,hep-ex,71
2019-03,hep-lat,41
2019-03,hep-ph,355
2019-03,hep-th,319
2019-03,math-ph,142
2019-03,math.AC,44
2019-03,math.AG,176
2019-03,math.AP,351
2019-03,math.AT,47
2019-03,math.CA,81
2019-03,math.CO,266
2019-03,math.CT,25
2019-03,math.CV,54
2019-03,math.DG,142
2019-03,math.DS,127
2019-03,math.FA,124
2019-03,math.GM,22
2019-03,math.GN,25
2019-03,math.GR,66
2019-03,math.GT,70
2019-03,math.HO,11
2019-03,math.KT,5
2019-03,math.LO,60
2019-03,math.MG,33
2019-03,math.NA,210
2019-03,math.NT,167
2019-03,math.OA,35
2019-03,math.OC,299
2019-03,math.PR,233
2019-03,math.QA,25
2019-03,math.RA,72
2019-03,math.RT,82
2019-03,math.SG,26
2019-03,math.SP,29
2019-03,math.ST,98
2019-03,nlin.AO,11
2019-03,nlin.CD,17
2019-03,nlin.CG,4
2019-03,nlin.PS,9
2019-03,nlin.SI,19
2019-03,nucl-ex,33
2019-03,nucl-th,118
2019-03,physics.acc-ph,21
2019-03,physics.ao-ph,13
2019-03,physics.app-ph,146
2019-03,physics.atm-clus,2
2019-03,physics.atom-ph,64
2019-03,physics.bio-ph,26
2019-03,physics.chem-ph,53
2019-03,physics.class-ph,31
2019-03,physics.comp-ph,67
2019-03,physics.data-an,10
2019-03,physics.ed-ph,13
2019-03,physics.flu-dyn,99
2019-03,physics.gen-ph,31
2019-03,physics.geo-ph,20
2019-03,physics.hist-ph,12
2019-03,physics.ins-det,96
2019-03,physics.med-ph,48
2019-03,physics.optics,177
2019-03,physics.plasm-ph,66
2019-03,physics.pop-ph,10
2019-03,physics.soc-ph,59
2019-03,physics.space-ph,21
2019-03,q-bio.BM,11
2019-03,q-bio.CB,10
2019-03,q-bio.GN,2
2019-03,q-bio.MN,10
2019-03,q-bio.NC,41
2019-03,q-bio.OT,1
2019-03,q-bio.PE,37
2019-03,q-bio.QM,34
2019-03,q-bio.TO,13
2019-03,q-fin.CP,9
2019-03,q-fin.GN,9
2019-03,q-fin.MF,12
2019-03,q-fin.PM,10
2019-03,q-fin.PR,4
2019-03,q-fin.RM,5
2019-03,q-fin.ST,9
2019-03,q-fin.TR,4
2019-03,quant-ph,454
2019-03,stat.AP,75
2019-03,stat.CO,37
2019-03,stat.ME,95
2019-03,stat.ML,123
2019-03,stat.OT,5
2019-04,astro-ph.CO,160
2019-04,astro-ph.EP,161
2019-04,astro-ph.GA,301
2019-04,astro-ph.HE,279
2019-04,astro-ph.IM,75
2019-04,astro-ph.SR,238
2019-04,cond-mat.dis-nn,42
2019-04,cond-mat.mes-hall,323
2019-04,cond-mat.mtrl-sci,300
2019-04,cond-mat.other,7
2019-04,cond-mat.quant-gas,62
2019-04,cond-mat.soft,116
2019-04,cond-mat.stat-mech,131
2019-04,cond-mat.str-el,199
2019-04,cond-mat.supr-con,93
2019-04,cs.AI,65
2019-04,cs.AR,12
2019-04,cs.CC,29
2019-04,cs.CE,16
2019-04,cs.CG,30
2019-04,cs.CL,368
2019-04,cs.CR,147
2019-04,cs.CV,1063
2019-04,cs.CY,63
2019-04,cs.DB,48
2019-04,cs.DC,99
2019-04,cs.DL,14
2019-04,cs.DM,30
2019-04,cs.DS,123
2019-04,cs.ET,16
2019-04,cs.FL,26
2019-04,cs.GR,25
2019-04,cs.GT,35
2019-04,cs.HC,72
2019-04,cs.IR,100
2019-04,cs.IT,216
2019-04,cs.LG,567
2019-04,cs.LO,86
2019-04,cs.MA,19
2019-04,cs.MM,13
2019-04,cs.MS,7
2019-04,cs.NE,66
2019-04,cs.NI,148
2019-04,cs.OH,16
2019-04,cs.PF,8
2019-04,cs.PL,39
2019-04,cs.RO,157
2019-04,cs.SC,8
2019-04,cs.SD,62
2019-04,cs.SE,89
2019-04,cs.SI,85
2019-04,econ.EM,24
2019-04,econ.GN,20
2019-04,econ.TH,11
2019-04,eess.AS,52
2019-04,eess.IV,66
2019-04,eess.SP,148
2019-04,eess.SY,94
2019-04,gr-qc,267
2019-04,hep-ex,48
2019-04,hep-lat,39
2019-04,hep-ph,362
2019-04,hep-th,308
2019-04,math-ph,126
2019-04,math.AC,42
2019-04,math.AG,161
2019-04,math.AP,302
2019-04,math.AT,48
2019-04,math.CA,80
2019-04,math.CO,249
2019-04,math.CT,21
2019-04,math.CV,56
2019-04,math.DG,136
2019-04,math.DS,137
2019-04,math.FA,101
2019-04,math.GM,17
2019-04,math.GN,21
2019-04,math.GR,66
2019-04,math.GT,77
2019-04,math.HO,26
2019-04,math.KT,6
2019-04,math.LO,50
2019-04,math.MG,28
2019-04,math.NA,166
2019-04,math.NT,158
2019-04,math.OA,32
2019-04,math.OC,209
2019-04,math.PR,218
2019-04,math.QA,27
2019-04,math.RA,57
2019-04,math.RT,79
2019-04,math.SG,20
2019-04,math.SP,18
2019-04,math.ST,89
2019-04,nlin.AO,15
2019-04,nlin.CD,21
2019-04,nlin.CG,4
2019-04,nlin.PS,11
2019-04,nlin.SI,16
2019-04,nucl-ex,46
2019-04,nucl-th,109
2019-04,physics.acc-ph,22
2019-04,physics.ao-ph,21
2019-04,physics.app-ph,108
2019-04,physics.atm-clus,1
2019-04,physics.atom-ph,56
2019-04,physics.bio-ph,38
2019-04,physics.chem-ph,83
2019-04,physics.class-ph,32
2019-04,physics.comp-ph,74
2019-04,physics.data-an,8
2019-04,physics.ed-ph,7
2019-04,physics.flu-dyn,82
2019-04,physics.gen-ph,31
2019-04,physics.geo-ph,26
2019-04,physics.hist-ph,18
2019-04,physics.ins-det,85
2019-04,physics.med-ph,28
2019-04,physics.optics,163
2019-04,physics.plasm-ph,64
2019-04,physics.pop-ph,6
2019-04,physics.soc-ph,65
2019-04,physics.space-ph,17
2019-04,q-bio.BM,11
2019-04,q-bio.CB,8
2019-04,q-bio.GN,6
2019-04,q-bio.MN,7
2019-04,q-bio.NC,41
2019-04,q-bio.OT,3
2019-04,q-bio.PE,27
2019-04,q-bio.QM,26
2019-04,q-bio.SC,3
2019-04,q-bio.TO,10
2019-04,q-fin.CP,7
2019-04,q-fin.GN,4
2019-04,q-fin.MF,15
2019-04,q-fin.PM,5
2019-04,q-fin.PR,3
2019-04,q-fin.RM,6
2019-04,q-fin.ST,11
2019-04,q-fin.TR,5
2019-04,quant-ph,452
2019-04,stat.AP,75
2019-04,stat.CO,25
2019-04,stat.ME,106
2019-04,stat.ML,101
2019-04,stat.OT,9
2019-05,astro-ph.CO,172
2019-05,astro-ph.EP,155
2019-05,astro-ph.GA,311
2019-05,astro-ph.HE,257
2019-05,astro-ph.IM,82
2019-05,astro-ph.SR,188
2019-05,cond-mat.dis-nn,31
2019-05,cond-mat.mes-hall,327
2019-05,cond-mat.mtrl-sci,238
2019-05,cond-mat.other,4
2019-05,cond-mat.quant-gas,75
2019-05,cond-mat.soft,121
2019-05,cond-mat.stat-mech,163
2019-05,cond-mat.str-el,217
2019-05,cond-mat.supr-con,104
2019-05,cs.AI,99
2019-05,cs.AR,12
2019-05,cs.CC,22
2019-05,cs.CE,23
2019-05,cs.CG,18
2019-05,cs.CL,310
2019-05,cs.CR,198
2019-05,cs.CV,740
2019-05,cs.CY,63
2019-05,cs.DB,52
2019-05,cs.DC,132
2019-05,cs.DL,29
2019-05,cs.DM,34
2019-05,cs.DS,133
2019-05,cs.ET,14
2019-05,cs.FL,20
2019-05,cs.GL,1
2019-05,cs.GR,16
2019-05,cs.GT,70
2019-05,cs.HC,69
2019-05,cs.IR,90
2019-05,cs.IT,164
2019-05,cs.LG,1099
2019-05,cs.LO,74
2019-05,cs.MA,32
2019-05,cs.MM,23
2019-05,cs.MS,6
2019-05,cs.NE,59
2019-05,cs.NI,115
2019-05,cs.OH,12
2019-05,cs.OS,1
2019-05,cs.PF,15
2019-05,cs.PL,53
2019-05,cs.RO,158
2019-05,cs.SC,11
2019-05,cs.SD,39
2019-05,cs.SE,93
2019-05,cs.SI,79
2019-05,econ.EM,23
2019-05,econ.GN,15
2019-05,econ.TH,18
2019-05,eess.AS,33
2019-05,eess.IV,119
2019-05,eess.SP,230
2019-05,eess.SY,93
2019-05,gr-qc,286
2019-05,hep-ex,72
2019-05,hep-lat,29
2019-05,hep-ph,408
2019-05,hep-th,359
2019-05,math-ph,115
2019-05,math.AC,39
2019-05,math.AG,174
2019-05,math.AP,323
2019-05,math.AT,57
2019-05,math.CA,90
2019-05,math.CO,250
2019-05,math.CT,22
2019-05,math.CV,54
2019-05,math.DG,127
2019-05,math.DS,127
2019-05,math.FA,138
2019-05,math.GM,37
2019-05,math.GN,24
2019-05,math.GR,63
2019-05,math.GT,62
2019-05,math.HO,14
2019-05,math.KT,14
2019-05,math.LO,65
2019-05,math.MG,40
2019-05,math.NA,211
2019-05,math.NT,146
2019-05,math.OA,44
2019-05,math.OC,249
2019-05,math.PR,217
2019-05,math.QA,23
2019-05,math.RA,70
2019-05,math.RT,74
2019-05,math.SG,30
2019-05,math.SP,14
2019-05,math.ST,91
2019-05,nlin.AO,23
2019-05,nlin.CD,7
2019-05,nlin.CG,1
2019-05,nlin.PS,17
2019-05,nlin.SI,12
2019-05,nucl-ex,48
2019-05,nucl-th,86
2019-05,physics.acc-ph,29
2019-05,physics.ao-ph,19
2019-05,physics.app-ph,182
2019-05,physics.atm-clus,7
2019-05,physics.atom-ph,62
2019-05,physics.bio-ph,43
2019-05,physics.chem-ph,94
2019-05,physics.class-ph,24
2019-05,physics.comp-ph,87
2019-05,physics.data-an,17
2019-05,physics.ed-ph,8
2019-05,physics.flu-dyn,87
2019-05,physics.gen-ph,40
2019-05,physics.geo-ph,24
2019-05,physics.hist-ph,12
2019-05,physics.ins-det,73
2019-05,physics.med-ph,31
2019-05,physics.optics,190
2019-05,physics.plasm-ph,41
2019-05,physics.pop-ph,6
2019-05,physics.soc-ph,50
2019-05,physics.space-ph,21
2019-05,q-bio.BM,10
2019-05,q-bio.CB,6
2019-05,q-bio.GN,9
2019-05,q-bio.MN,7
2019-05,q-bio.NC,47
2019-05,q-bio.OT,4
2019-05,q-bio.PE,25
2019-05,q-bio.QM,23
2019-05,q-bio.SC,6
2019-05,q-bio.TO,6
2019-05,q-fin.CP,7
2019-05,q-fin.GN,10
2019-05,q-fin.MF,12
2019-05,q-fin.PM,6
2019-05,q-fin.PR,4
2019-05,q-fin.RM,5
2019-05,q-fin.ST,11
2019-05,q-fin.TR,4
2019-05,quant-ph,519
2019-05,stat.AP,63
2019-05,stat.CO,38
2019-05,stat.ME,105
2019-05,stat.ML,196
2019-05,stat.OT,7
2019-06,astro-ph.CO,146
2019-06,astro-ph.EP,133
2019-06,astro-ph.GA,264
2019-06,astro-ph.HE,217
2019-06,astro-ph.IM,74
2019-06,astro-ph.SR,210
2019-06,cond-mat.dis-nn,30
2019-06,cond-mat.mes-hall,285
2019-06,cond-mat.mtrl-sci,261
2019-06,cond-mat.other,6
2019-06,cond-mat.quant-gas,53
2019-06,cond-mat.soft,123
2019-06,cond-mat.stat-mech,154
2019-06,cond-mat.str-el,185
2019-06,cond-mat.supr-con,98
2019-06,cs.AI,106
2019-06,cs.AR,9
2019-06,cs.CC,23
2019-06,cs.CE,22
2019-06,cs.CG,22
2019-06,cs.CL,509
2019-06,cs.CR,163
2019-06,cs.CV,625
2019-06,cs.CY,70
2019-06,cs.DB,46
2019-06,cs.DC,94
2019-06,cs.DL,32
2019-06,cs.DM,34
2019-06,cs.DS,76
2019-06,cs.ET,23
2019-06,cs.FL,18
2019-06,cs.GR,31
2019-06,cs.GT,50
2019-06,cs.HC,81
2019-06,cs.IR,71
2019-06,cs.IT,126
2019-06,cs.LG,896
2019-06,cs.LO,58
2019-06,cs.MA,16
2019-06,cs.MM,9
2019-06,cs.MS,13
2019-06,cs.NE,53
2019-06,cs.NI,116
2019-06,cs.OH,10
2019-06,cs.OS,4
2019-06,cs.PF,11
2019-06,cs.PL,30
2019-06,cs.RO,144
2019-06,cs.SC,3
2019-06,cs.SD,39
2019-06,cs.SE,81
2019-06,cs.SI,93
2019-06,econ.EM,20
2019-06,econ.GN,15
2019-06,econ.TH,11
2019-06,eess.AS,52
2019-06,eess.IV,154
2019-06,eess.SP,211
2019-06,eess.SY,127
2019-06,gr-qc,251
2019-06,hep-ex,77
2019-06,hep-lat,20
2019-06,hep-ph,348
2019-06,hep-th,338
2019-06,math-ph,118
2019-06,math.AC,45
2019-06,math.AG,157
2019-06,math.AP,293
2019-06,math.AT,33
2019-06,math.CA,67
2019-06,math.CO,265
2019-06,math.CT,19
2019-06,math.CV,41
2019-06,math.DG,116
2019-06,math.DS,125
2019-06,math.FA,97
2019-06,math.GM,15
2019-06,math.GN,20
2019-06,math.GR,56
2019-06,math.GT,49
2019-06,math.HO,9
2019-06,math.KT,5
2019-06,math.LO,44
2019-06,math.MG,29
2019-06,math.NA,194
2019-06,math.NT,154
2019-06,math.OA,37
2019-06,math.OC,208
2019-06,math.PR,185
2019-06,math.QA,21
2019-06,math.RA,48
2019-06,math.RT,67
2019-06,math.SG,11
2019-06,math.SP,17
2019-06,math.ST,102
2019-06,nlin.AO,13
2019-06,nlin.CD,11
2019-06,nlin.CG,1
2019-06,nlin.PS,16
2019-06,nlin.SI,24
2019-06,nucl-ex,47
2019-06,nucl-th,90
2019-06,physics.acc-ph,18
2019-06,physics.ao-ph,32
2019-06,physics.app-ph,178
2019-06,physics.atm-clus,7
2019-06,physics.atom-ph,62
2019-06,physics.bio-ph,32
2019-06,physics.chem-ph,65
2019-06,physics.class-ph,28
2019-06,physics.comp-ph,97
2019-06,physics.data-an,18
2019-06,physics.ed-ph,9
2019-06,physics.flu-dyn,99
2019-06,physics.gen-ph,25
2019-06,physics.geo-ph,25
2019-06,physics.hist-ph,18
2019-06,physics.ins-det,74
2019-06,physics.med-ph,35
2019-06,physics.optics,152
2019-06,physics.plasm-ph,57
2019-06,physics.pop-ph,6
2019-06,physics.soc-ph,59
2019-06,physics.space-ph,14
2019-06,q-bio.BM,17
2019-06,q-bio.CB,6
2019-06,q-bio.GN,6
2019-06,q-bio.MN,10
2019-06,q-bio.NC,49
2019-06,q-bio.OT,2
2019-06,q-bio.PE,30
2019-06,q-bio.QM,24
2019-06,q-bio.SC,3
2019-06,q-bio.TO,5
2019-06,q-fin.CP,5
2019-06,q-fin.GN,11
2019-06,q-fin.MF,12
2019-06,q-fin.PM,5
2019-06,q-fin.PR,10
2019-06,q-fin.RM,7
2019-06,q-fin.ST,16
2019-06,q-fin.TR,9
2019-06,quant-ph,430
2019-06,stat.AP,84
2019-06,stat.CO,30
2019-06,stat.ME,117
2019-06,stat.ML,217
2019-06,stat.OT,2
2019-07,astro-ph.CO,194
2019-07,astro-ph.EP,140
2019-07,astro-ph.GA,311
2019-07,astro-ph.HE,217
2019-07,astro-ph.IM,200
2019-07,astro-ph.SR,198
2019-07,cond-mat.dis-nn,33
2019-07,cond-mat.mes-hall,325
2019-07,cond-mat.mtrl-sci,297
2019-07,cond-mat.other,6
2019-07,cond-mat.quant-gas,64
2019-07,cond-mat.soft,126
2019-07,cond-mat.stat-mech,115
2019-07,cond-mat.str-el,230
2019-07,cond-mat.supr-con,94
2019-07,cs.AI,105
2019-07,cs.AR,13
2019-07,cs.CC,39
2019-07,cs.CE,16
2019-07,cs.CG,28
2019-07,cs.CL,278
2019-07,cs.CR,144
2019-07,cs.CV,685
2019-07,cs.CY,70
2019-07,cs.DB,31
2019-07,cs.DC,107
2019-07,cs.DL,13
2019-07,cs.DM,33
2019-07,cs.DS,156
2019-07,cs.ET,15
2019-07,cs.FL,21
2019-07,cs.GL,3
2019-07,cs.GR,29
2019-07,cs.GT,58
2019-07,cs.HC,114
2019-07,cs.IR,98
2019-07,cs.IT,175
2019-07,cs.LG,640
2019-07,cs.LO,87
2019-07,cs.MA,20
2019-07,cs.MM,10
2019-07,cs.MS,10
2019-07,cs.NE,55
2019-07,cs.NI,90
2019-07,cs.OH,9
2019-07,cs.OS,3
2019-07,cs.PF,14
2019-07,cs.PL,56
2019-07,cs.RO,148
2019-07,cs.SC,5
2019-07,cs.SD,37
2019-07,cs.SE,85
2019-07,cs.SI,72
2019-07,econ.EM,26
2019-07,econ.GN,18
2019-07,econ.TH,18
2019-07,eess.AS,56
2019-07,eess.IV,200
2019-07,eess.SP,212
2019-07,eess.SY,125
2019-07,gr-qc,251
2019-07,hep-ex,62
2019-07,hep-lat,23
2019-07,hep-ph,412
2019-07,hep-th,328
2019-07,math-ph,131
2019-07,math.AC,58
2019-07,math.AG,173
2019-07,math.AP,306
2019-07,math.AT,51
2019-07,math.CA,99
2019-07,math.CO,298
2019-07,math.CT,19
2019-07,math.CV,50
2019-07,math.DG,125
2019-07,math.DS,119
2019-07,math.FA,104
2019-07,math.GM,21
2019-07,math.GN,16
2019-07,math.GR,62
2019-07,math.GT,71
2019-07,math.HO,21
2019-07,math.KT,15
2019-07,math.LO,45
2019-07,math.MG,41
2019-07,math.NA,224
2019-07,math.NT,171
2019-07,math.OA,41
2019-07,math.OC,230
2019-07,math.PR,229
2019-07,math.QA,27
2019-07,math.RA,62
2019-07,math.RT,70
2019-07,math.SG,17
2019-07,math.SP,26
2019-07,math.ST,89
2019-07,nlin.AO,22
2019-07,nlin.CD,14
2019-07,nlin.CG,2
2019-07,nlin.PS,25
2019-07,nlin.SI,20
2019-07,nucl-ex,32
2019-07,nucl-th,108
2019-07,physics.acc-ph,22
2019-07,physics.ao-ph,22
2019-07,physics.app-ph,174
2019-07,physics.atm-clus,8
2019-07,physics.atom-ph,80
2019-07,physics.bio-ph,29
2019-07,physics.chem-ph,74
2019-07,physics.class-ph,27
2019-07,physics.comp-ph,75
2019-07,physics.data-an,14
2019-07,physics.ed-ph,18
2019-07,physics.flu-dyn,94
2019-07,physics.gen-ph,33
2019-07,physics.geo-ph,21
2019-07,physics.hist-ph,21
2019-07,physics.ins-det,76
2019-07,physics.med-ph,33
2019-07,physics.optics,146
2019-07,physics.plasm-ph,61
2019-07,physics.pop-ph,8
2019-07,physics.soc-ph,59
2019-07,physics.space-ph,16
2019-07,q-bio.BM,11
2019-07,q-bio.CB,5
2019-07,q-bio.GN,5
2019-07,q-bio.MN,8
2019-07,q-bio.NC,40
2019-07,q-bio.OT,2
2019-07,q-bio.PE,34
2019-07,q-bio.QM,26
2019-07,q-bio.SC,3
2019-07,q-bio.TO,9
2019-07,q-fin.CP,6
2019-07,q-fin.GN,6
2019-07,q-fin.MF,20
2019-07,q-fin.PM,8
2019-07,q-fin.PR,1
2019-07,q-fin.RM,6
2019-07,q-fin.ST,14
2019-07,q-fin.TR,7
2019-07,quant-ph,493
2019-07,stat.AP,70
2019-07,stat.CO,23
2019-07,stat.ME,120
2019-07,stat.ML,106
2019-07,stat.OT,3
2019-08,astro-ph.CO,125
2019-08,astro-ph.EP,138
2019-08,astro-ph.GA,270
2019-08,astro-ph.HE,322
2019-08,astro-ph.IM,147
2019-08,astro-ph.SR,227
2019-08,cond-mat.dis-nn,38
2019-08,cond-mat.mes-hall,247
2019-08,cond-mat.mtrl-sci,259
2019-08,cond-mat.other,8
2019-08,cond-mat.quant-gas,80
2019-08,cond-mat.soft,122
2019-08,cond-mat.stat-mech,144
2019-08,cond-mat.str-el,192
2019-08,cond-mat.supr-con,106
2019-08,cs.AI,67
2019-08,cs.AR,20
2019-08,cs.CC,24
2019-08,cs.CE,15
2019-08,cs.CG,36
2019-08,cs.CL,404
2019-08,cs.CR,159
2019-08,cs.CV,730
2019-08,cs.CY,66
2019-08,cs.DB,34
2019-08,cs.DC,91
2019-08,cs.DL,13
2019-08,cs.DM,19
2019-08,cs.DS,111
2019-08,cs.ET,20
2019-08,cs.FL,11
2019-08,cs.GL,2
2019-08,cs.GR,26
2019-08,cs.GT,19
2019-08,cs.HC,88
2019-08,cs.IR,85
2019-08,cs.IT,144
2019-08,cs.LG,482
2019-08,cs.LO,51
2019-08,cs.MA,14
2019-08,cs.MM,22
2019-08,cs.MS,4
2019-08,cs.NE,33
2019-08,cs.NI,65
2019-08,cs.OH,4
2019-08,cs.OS,7
2019-08,cs.PF,11
2019-08,cs.PL,39
2019-08,cs.RO,120
2019-08,cs.SC,2
2019-08,cs.SD,26
2019-08,cs.SE,71
2019-08,cs.SI,93
2019-08,econ.EM,25
2019-08,econ.GN,28
2019-08,econ.TH,10
2019-08,eess.AS,32
2019-08,eess.IV,230
2019-08,eess.SP,184
2019-08,eess.SY,121
2019-08,gr-qc,248
2019-08,hep-ex,50
2019-08,hep-lat,31
2019-08,hep-ph,344
2019-08,hep-th,274
2019-08,math-ph,108
2019-08,math.AC,31
2019-08,math.AG,145
2019-08,math.AP,241
2019-08,math.AT,42
2019-08,math.CA,69
2019-08,math.CO,260
2019-08,math.CT,25
2019-08,math.CV,53
2019-08,math.DG,136
2019-08,math.DS,115
2019-08,math.FA,100
2019-08,math.GM,14
2019-08,math.GN,16
2019-08,math.GR,72
2019-08,math.GT,63
2019-08,math.HO,21
2019-08,math.KT,11
2019-08,math.LO,58
2019-08,math.MG,44
2019-08,math.NA,185
2019-08,math.NT,149
2019-08,math.OA,27
2019-08,math.OC,172
2019-08,math.PR,189
2019-08,math.QA,26
2019-08,math.RA,50
2019-08,math.RT,58
2019-08,math.SG,10
2019-08,math.SP,25
2019-08,math.ST,74
2019-08,nlin.AO,17
2019-08,nlin.CD,15
2019-08,nlin.PS,22
2019-08,nlin.SI,18
2019-08,nucl-ex,36
2019-08,nucl-th,95
2019-08,physics.acc-ph,10
2019-08,physics.ao-ph,19
2019-08,physics.app-ph,144
2019-08,physics.atm-clus,2
2019-08,physics.atom-ph,42
2019-08,physics.bio-ph,31
2019-08,physics.chem-ph,76
2019-08,physics.class-ph,20
2019-08,physics.comp-ph,76
2019-08,physics.data-an,8
2019-08,physics.ed-ph,12
2019-08,physics.flu-dyn,95
2019-08,physics.gen-ph,32
2019-08,physics.geo-ph,25
2019-08,physics.hist-ph,15
2019-08,physics.ins-det,79
2019-08,physics.med-ph,35
2019-08,physics.optics,139
2019-08,physics.plasm-ph,53
2019-08,physics.pop-ph,9
2019-08,physics.soc-ph,63
2019-08,physics.space-ph,30
2019-08,q-bio.BM,11
2019-08,q-bio.CB,10
2019-08,q-bio.GN,6
2019-08,q-bio.MN,9
2019-08,q-bio.NC,33
2019-08,q-bio.OT,4
2019-08,q-bio.PE,41
2019-08,q-bio.QM,27
2019-08,q-bio.SC,5
2019-08,q-bio.TO,7
2019-08,q-fin.CP,4
2019-08,q-fin.GN,6
2019-08,q-fin.MF,16
2019-08,q-fin.PM,12
2019-08,q-fin.PR,6
2019-08,q-fin.RM,9
2019-08,q-fin.ST,13
2019-08,q-fin.TR,6
2019-08,quant-ph,415
2019-08,stat.AP,71
2019-08,stat.CO,21
2019-08,stat.ME,111
2019-08,stat.ML,96
2019-08,stat.OT,7
2019-09,astro-ph.CO,145
2019-09,astro-ph.EP,137
2019-09,astro-ph.GA,383
2019-09,astro-ph.HE,285
2019-09,astro-ph.IM,152
2019-09,astro-ph.SR,230
2019-09,cond-mat.dis-nn,30
2019-09,cond-mat.mes-hall,282
2019-09,cond-mat.mtrl-sci,286
2019-09,cond-mat.other,5
2019-09,cond-mat.quant-gas,75
2019-09,cond-mat.soft,138
2019-09,cond-mat.stat-mech,148
2019-09,cond-mat.str-el,205
2019-09,cond-mat.supr-con,119
2019-09,cs.AI,168
2019-09,cs.AR,13
2019-09,cs.CC,25
2019-09,cs.CE,27
2019-09,cs.CG,20
2019-09,cs.CL,571
2019-09,cs.CR,172
2019-09,cs.CV,694
2019-09,cs.CY,61
2019-09,cs.DB,31
2019-09,cs.DC,110
2019-09,cs.DL,26
2019-09,cs.DM,28
2019-09,cs.DS,89
2019-09,cs.ET,17
2019-09,cs.FL,25
2019-09,cs.GL,1
2019-09,cs.GR,17
2019-09,cs.GT,51
2019-09,cs.HC,79
2019-09,cs.IR,74
2019-09,cs.IT,152
2019-09,cs.LG,779
2019-09,cs.LO,61
2019-09,cs.MA,34
2019-09,cs.MM,19
2019-09,cs.MS,4
2019-09,cs.NE,50
2019-09,cs.NI,112
2019-09,cs.OH,8
2019-09,cs.OS,6
2019-09,cs.PF,4
2019-09,cs.PL,43
2019-09,cs.RO,290
2019-09,cs.SC,4
2019-09,cs.SD,29
2019-09,cs.SE,66
2019-09,cs.SI,74
2019-09,econ.EM,33
2019-09,econ.GN,24
2019-09,econ.TH,13
2019-09,eess.AS,43
2019-09,eess.IV,191
2019-09,eess.SP,173
2019-09,eess.SY,190
2019-09,gr-qc,225
2019-09,hep-ex,71
2019-09,hep-lat,29
2019-09,hep-ph,404
2019-09,hep-th,304
2019-09,math-ph,122
2019-09,math.AC,40
2019-09,math.AG,187
2019-09,math.AP,276
2019-09,math.AT,47
2019-09,math.CA,72
2019-09,math.CO,262
2019-09,math.CT,21
2019-09,math.CV,61
2019-09,math.DG,153
2019-09,math.DS,141
2019-09,math.FA,106
2019-09,math.GM,28
2019-09,math.GN,24
2019-09,math.GR,88
2019-09,math.GT,91
2019-09,math.HO,10
2019-09,math.KT,14
2019-09,math.LO,52
2019-09,math.MG,31
2019-09,math.NA,206
2019-09,math.NT,183
2019-09,math.OA,24
2019-09,math.OC,240
2019-09,math.PR,220
2019-09,math.QA,19
2019-09,math.RA,49
2019-09,math.RT,72
2019-09,math.SG,22
2019-09,math.SP,35
2019-09,math.ST,101
2019-09,nlin.AO,18
2019-09,nlin.CD,21
2019-09,nlin.CG,2
2019-09,nlin.PS,19
2019-09,nlin.SI,13
2019-09,nucl-ex,35
2019-09,nucl-th,107
2019-09,physics.acc-ph,31
2019-09,physics.ao-ph,21
2019-09,physics.app-ph,159
2019-09,physics.atm-clus,6
2019-09,physics.atom-ph,68
2019-09,physics.bio-ph,31
2019-09,physics.chem-ph,75
2019-09,physics.class-ph,27
2019-09,physics.comp-ph,80
2019-09,physics.data-an,11
2019-09,physics.ed-ph,20
2019-09,physics.flu-dyn,118
2019-09,physics.gen-ph,42
2019-09,physics.geo-ph,31
2019-09,physics.hist-ph,17
2019-09,physics.ins-det,94
2019-09,physics.med-ph,31
2019-09,physics.optics,176
2019-09,physics.plasm-ph,61
2019-09,physics.pop-ph,10
2019-09,physics.soc-ph,67
2019-09,physics.space-ph,14
2019-09,q-bio.BM,10
2019-09,q-bio.CB,4
2019-09,q-bio.GN,12
2019-09,q-bio.MN,9
2019-09,q-bio.NC,36
2019-09,q-bio.OT,5
2019-09,q-bio.PE,29
2019-09,q-bio.QM,34
2019-09,q-bio.SC,3
2019-09,q-bio.TO,3
2019-09,q-fin.CP,4
2019-09,q-fin.GN,7
2019-09,q-fin.MF,22
2019-09,q-fin.PM,7
2019-09,q-fin.PR,5
2019-09,q-fin.RM,7
2019-09,q-fin.ST,9
2019-09,q-fin.TR,6
2019-09,quant-ph,486
2019-09,stat.AP,66
2019-09,stat.CO,22
2019-09,stat.ME,108
2019-09,stat.ML,133
2019-09,stat.OT,8
2019-10,astro-ph.CO,169
2019-10,astro-ph.EP,164
2019-10,astro-ph.GA,349
2019-10,astro-ph.HE,239
2019-10,astro-ph.IM,119
2019-10,astro-ph.SR,257
2019-10,cond-mat.dis-nn,51
2019-10,cond-mat.mes-hall,324
2019-10,cond-mat.mtrl-sci,331
2019-10,cond-mat.other,11
2019-10,cond-mat.quant-gas,61
2019-10,cond-mat.soft,150
2019-10,cond-mat.stat-mech,142
2019-10,cond-mat.str-el,232
2019-10,cond-mat.supr-con,75
2019-10,cs.AI,100
2019-10,cs.AR,15
2019-10,cs.CC,31
2019-10,cs.CE,19
2019-10,cs.CG,21
2019-10,cs.CL,445
2019-10,cs.CR,174
2019-10,cs.CV,636
2019-10,cs.CY,67
2019-10,cs.DB,37
2019-10,cs.DC,111
2019-10,cs.DL,22
2019-10,cs.DM,32
2019-10,cs.DS,121
2019-10,cs.ET,14
2019-10,cs.FL,20
2019-10,cs.GR,23
2019-10,cs.GT,36
2019-10,cs.HC,65
2019-10,cs.IR,56
2019-10,cs.IT,204
2019-10,cs.LG,1012
2019-10,cs.LO,82
2019-10,cs.MA,25
2019-10,cs.MM,15
2019-10,cs.MS,8
2019-10,cs.NE,55
2019-10,cs.NI,108
2019-10,cs.OH,11
2019-10,cs.OS,6
2019-10,cs.PF,16
2019-10,cs.PL,27
2019-10,cs.RO,195
2019-10,cs.SC,1
2019-10,cs.SD,51
2019-10,cs.SE,73
2019-10,cs.SI,79
2019-10,econ.EM,25
2019-10,econ.GN,25
2019-10,econ.TH,18
2019-10,eess.AS,99
2019-10,eess.IV,210
2019-10,eess.SP,200
2019-10,eess.SY,193
2019-10,gr-qc,272
2019-10,hep-ex,76
2019-10,hep-lat,52
2019-10,hep-ph,396
2019-10,hep-th,339
2019-10,math-ph,159
2019-10,math.AC,43
2019-10,math.AG,197
2019-10,math.AP,342
2019-10,math.AT,49
2019-10,math.CA,93
2019-10,math.CO,285
2019-10,math.CT,23
2019-10,math.CV,45
2019-10,math.DG,168
2019-10,math.DS,143
2019-10,math.FA,129
2019-10,math.GM,22
2019-10,math.GN,22
2019-10,math.GR,77
2019-10,math.GT,80
2019-10,math.HO,23
2019-10,math.KT,15
2019-10,math.LO,59
2019-10,math.MG,34
2019-10,math.NA,225
2019-10,math.NT,214
2019-10,math.OA,31
2019-10,math.OC,271
2019-10,math.PR,211
2019-10,math.QA,43
2019-10,math.RA,50
2019-10,math.RT,81
2019-10,math.SG,28
2019-10,math.SP,30
2019-10,math.ST,111
2019-10,nlin.AO,13
2019-10,nlin.CD,19
2019-10,nlin.CG,1
2019-10,nlin.PS,24
2019-10,nlin.SI,17
2019-10,nucl-ex,61
2019-10,nucl-th,125
2019-10,physics.acc-ph,42
2019-10,physics.ao-ph,23
2019-10,physics.app-ph,186
2019-10,physics.atm-clus,8
2019-10,physics.atom-ph,50
2019-10,physics.bio-ph,41
2019-10,physics.chem-ph,60
2019-10,physics.class-ph,22
2019-10,physics.comp-ph,86
2019-10,physics.data-an,18
2019-10,physics.ed-ph,19
2019-10,physics.flu-dyn,102
2019-10,physics.gen-ph,43
2019-10,physics.geo-ph,17
2019-10,physics.hist-ph,21
2019-10,physics.ins-det,123
2019-10,physics.med-ph,53
2019-10,physics.optics,182
2019-10,physics.plasm-ph,64
2019-10,physics.pop-ph,6
2019-10,physics.soc-ph,72
2019-10,physics.space-ph,18
2019-10,q-bio.BM,15
2019-10,q-bio.CB,3
2019-10,q-bio.GN,14
2019-10,q-bio.MN,13
2019-10,q-bio.NC,34
2019-10,q-bio.OT,3
2019-10,q-bio.PE,40
2019-10,q-bio.QM,42
2019-10,q-bio.SC,3
2019-10,q-bio.TO,7
2019-10,q-fin.CP,6
2019-10,q-fin.GN,12
2019-10,q-fin.MF,18
2019-10,q-fin.PM,9
2019-10,q-fin.PR,6
2019-10,q-fin.RM,5
2019-10,q-fin.ST,14
2019-10,q-fin.TR,7
2019-10,quant-ph,503
2019-10,stat.AP,93
2019-10,stat.CO,26
2019-10,stat.ME,155
2019-10,stat.ML,199
2019-10,stat.OT,9
2019-11,astro-ph.CO,166
2019-11,astro-ph.EP,156
2019-11,astro-ph.GA,283
2019-11,astro-ph.HE,192
2019-11,astro-ph.IM,112
2019-11,astro-ph.SR,199
2019-11,cond-mat.dis-nn,48
2019-11,cond-mat.mes-hall,272
2019-11,cond-mat.mtrl-sci,274
2019-11,cond-mat.other,7
2019-11,cond-mat.quant-gas,69
2019-11,cond-mat.soft,113
2019-11,cond-mat.stat-mech,139
2019-11,cond-mat.str-el,207
2019-11,cond-mat.supr-con,101
2019-11,cs.AI,118
2019-11,cs.AR,8
2019-11,cs.CC,34
2019-11,cs.CE,25
2019-11,cs.CG,23
2019-11,cs.CL,502
2019-11,cs.CR,182
2019-11,cs.CV,724
2019-11,cs.CY,64
2019-11,cs.DB,38
2019-11,cs.DC,97
2019-11,cs.DL,15
2019-11,cs.DM,49
2019-11,cs.DS,142
2019-11,cs.ET,19
2019-11,cs.FL,19
2019-11,cs.GR,18
2019-11,cs.GT,65
2019-11,cs.HC,64
2019-11,cs.IR,57
2019-11,cs.IT,187
2019-11,cs.LG,951
2019-11,cs.LO,47
2019-11,cs.MA,19
2019-11,cs.MM,18
2019-11,cs.MS,9
2019-11,cs.NE,38
2019-11,cs.NI,87
2019-11,cs.OH,7
2019-11,cs.OS,4
2019-11,cs.PF,12
2019-11,cs.PL,28
2019-11,cs.RO,132
2019-11,cs.SC,8
2019-11,cs.SD,37
2019-11,cs.SE,64
2019-11,cs.SI,77
2019-11,econ.EM,28
2019-11,econ.GN,10
2019-11,econ.TH,19
2019-11,eess.AS,61
2019-11,eess.IV,196
2019-11,eess.SP,201
2019-11,eess.SY,203
2019-11,gr-qc,277
2019-11,hep-ex,63
2019-11,hep-lat,61
2019-11,hep-ph,400
2019-11,hep-th,344
2019-11,math-ph,114
2019-11,math.AC,35
2019-11,math.AG,166
2019-11,math.AP,313
2019-11,math.AT,52
2019-11,math.CA,63
2019-11,math.CO,255
2019-11,math.CT,27
2019-11,math.CV,50
2019-11,math.DG,142
2019-11,math.DS,121
2019-11,math.FA,107
2019-11,math.GM,28
2019-11,math.GN,21
2019-11,math.GR,74
2019-11,math.GT,66
2019-11,math.HO,12
2019-11,math.KT,10
2019-11,math.LO,40
2019-11,math.MG,26
2019-11,math.NA,189
2019-11,math.NT,150
2019-11,math.OA,35
2019-11,math.OC,235
2019-11,math.PR,220
2019-11,math.QA,43
2019-11,math.RA,69
2019-11,math.RT,74
2019-11,math.SG,21
2019-11,math.SP,14
2019-11,math.ST,78
2019-11,nlin.AO,10
2019-11,nlin.CD,19
2019-11,nlin.CG,1
2019-11,nlin.PS,28
2019-11,nlin.SI,22
2019-11,nucl-ex,33
2019-11,nucl-th,116
2019-11,physics.acc-ph,17
2019-11,physics.ao-ph,29
2019-11,physics.app-ph,174
2019-11,physics.atm-clus,6
2019-11,physics.atom-ph,52
2019-11,physics.bio-ph,35
2019-11,physics.chem-ph,79
2019-11,physics.class-ph,23
2019-11,physics.comp-ph,83
2019-11,physics.data-an,13
2019-11,physics.ed-ph,16
2019-11,physics.flu-dyn,118
2019-11,physics.gen-ph,34
2019-11,physics.geo-ph,27
2019-11,physics.hist-ph,8
2019-11,physics.ins-det,99
2019-11,physics.med-ph,33
2019-11,physics.optics,163
2019-11,physics.plasm-ph,65
2019-11,physics.pop-ph,2
2019-11,physics.soc-ph,67
2019-11,physics.space-ph,9
2019-11,q-bio.BM,19
2019-11,q-bio.CB,5
2019-11,q-bio.GN,18
2019-11,q-bio.MN,11
2019-11,q-bio.NC,45
2019-11,q-bio.OT,6
2019-11,q-bio.PE,37
2019-11,q-bio.QM,44
2019-11,q-bio.SC,3
2019-11,q-bio.TO,7
2019-11,q-fin.CP,10
2019-11,q-fin.GN,10
2019-11,q-fin.MF,13
2019-11,q-fin.PM,8
2019-11,q-fin.PR,3
2019-11,q-fin.RM,8
2019-11,q-fin.ST,10
2019-11,q-fin.TR,8
2019-11,quant-ph,479
2019-11,stat.AP,89
2019-11,stat.CO,28
2019-11,stat.ME,140
2019-11,stat.ML,113
2019-11,stat.OT,4
2019-12,astro-ph.CO,145
2019-12,astro-ph.EP,155
2019-12,astro-ph.GA,265
2019-12,astro-ph.HE,199
2019-12,astro-ph.IM,92
2019-12,astro-ph.SR,225
2019-12,cond-mat.dis-nn,40
2019-12,cond-mat.mes-hall,292
2019-12,cond-mat.mtrl-sci,308
2019-12,cond-mat.other,4
2019-12,cond-mat.quant-gas,80
2019-12,cond-mat.soft,130
2019-12,cond-mat.stat-mech,135
2019-12,cond-mat.str-el,216
2019-12,cond-mat.supr-con,99
2019-12,cs.AI,98
2019-12,cs.AR,5
2019-12,cs.CC,18
2019-12,cs.CE,20
2019-12,cs.CG,22
2019-12,cs.CL,235
2019-12,cs.CR,154
2019-12,cs.CV,773
2019-12,cs.CY,54
2019-12,cs.DB,38
2019-12,cs.DC,94
2019-12,cs.DL,11
2019-12,cs.DM,20
2019-12,cs.DS,87
2019-12,cs.ET,18
2019-12,cs.FL,12
2019-12,cs.GR,28
2019-12,cs.GT,29
2019-12,cs.HC,49
2019-12,cs.IR,59
2019-12,cs.IT,174
2019-12,cs.LG,722
2019-12,cs.LO,54
2019-12,cs.MA,21
2019-12,cs.MM,14
2019-12,cs.MS,13
2019-12,cs.NE,41
2019-12,cs.NI,100
2019-12,cs.OH,9
2019-12,cs.OS,3
2019-12,cs.PF,11
2019-12,cs.PL,22
2019-12,cs.RO,112
2019-12,cs.SC,9
2019-12,cs.SD,38
2019-12,cs.SE,72
2019-12,cs.SI,61
2019-12,econ.EM,26
2019-12,econ.GN,22
2019-12,econ.TH,11
2019-12,eess.AS,42
2019-12,eess.IV,184
2019-12,eess.SP,209
2019-12,eess.SY,160
2019-12,gr-qc,262
2019-12,hep-ex,57
2019-12,hep-lat,84
2019-12,hep-ph,471
2019-12,hep-th,457
2019-12,math-ph,134
2019-12,math.AC,36
2019-12,math.AG,185
2019-12,math.AP,320
2019-12,math.AT,51
2019-12,math.CA,93
2019-12,math.CO,276
2019-12,math.CT,9
2019-12,math.CV,58
2019-12,math.DG,121
2019-12,math.DS,121
2019-12,math.FA,159
2019-12,math.GM,24
2019-12,math.GN,21
2019-12,math.GR,53
2019-12,math.GT,80
2019-12,math.HO,24
2019-12,math.KT,13
2019-12,math.LO,53
2019-12,math.MG,34
2019-12,math.NA,239
2019-12,math.NT,191
2019-12,math.OA,30
2019-12,math.OC,283
2019-12,math.PR,234
2019-12,math.QA,34
2019-12,math.RA,71
2019-12,math.RT,89
2019-12,math.SG,25
2019-12,math.SP,24
2019-12,math.ST,98
2019-12,nlin.AO,18
2019-12,nlin.CD,16
2019-12,nlin.CG,1
2019-12,nlin.PS,22
2019-12,nlin.SI,24
2019-12,nucl-ex,37
2019-12,nucl-th,94
2019-12,physics.acc-ph,18
2019-12,physics.ao-ph,21
2019-12,physics.app-ph,161
2019-12,physics.atm-clus,9
2019-12,physics.atom-ph,64
2019-12,physics.bio-ph,30
2019-12,physics.chem-ph,79
2019-12,physics.class-ph,22
2019-12,physics.comp-ph,76
2019-12,physics.data-an,12
2019-12,physics.ed-ph,24
2019-12,physics.flu-dyn,130
2019-12,physics.gen-ph,15
2019-12,physics.geo-ph,28
2019-12,physics.hist-ph,24
2019-12,physics.ins-det,96
2019-12,physics.med-ph,33
2019-12,physics.optics,171
2019-12,physics.plasm-ph,61
2019-12,physics.pop-ph,10
2019-12,physics.soc-ph,61
2019-12,physics.space-ph,33
2019-12,q-bio.BM,20
2019-12,q-bio.CB,3
2019-12,q-bio.GN,8
2019-12,q-bio.MN,9
2019-12,q-bio.NC,29
2019-12,q-bio.OT,9
2019-12,q-bio.PE,30
2019-12,q-bio.QM,30
2019-12,q-bio.SC,8
2019-12,q-bio.TO,5
2019-12,q-fin.CP,8
2019-12,q-fin.GN,8
2019-12,q-fin.MF,18
2019-12,q-fin.PM,3
2019-12,q-fin.PR,8
2019-12,q-fin.RM,12
2019-12,q-fin.ST,7
2019-12,q-fin.TR,9
2019-12,quant-ph,499
2019-12,stat.AP,83
2019-12,stat.CO,26
2019-12,stat.ME,105
2019-12,stat.ML,128
2019-12,stat.OT,4
2020-01,astro-ph.CO,128
2020-01,astro-ph.EP,122
2020-01,astro-ph.GA,315
2020-01,astro-ph.HE,233
2020-01,astro-ph.IM,84
2020-01,astro-ph.SR,233
2020-01,cond-mat.dis-nn,47
2020-01,cond-mat.mes-hall,269
2020-01,cond-mat.mtrl-sci,277
2020-01,cond-mat.other,4
2020-01,cond-mat.quant-gas,71
2020-01,cond-mat.soft,109
2020-01,cond-mat.stat-mech,119
2020-01,cond-mat.str-el,181
2020-01,cond-mat.supr-con,91
2020-01,cs.AI,123
2020-01,cs.AR,10
2020-01,cs.CC,20
2020-01,cs.CE,33
2020-01,cs.CG,23
2020-01,cs.CL,199
2020-01,cs.CR,154
2020-01,cs.CV,542
2020-01,cs.CY,90
2020-01,cs.DB,43
2020-01,cs.DC,95
2020-01,cs.DL,16
2020-01,cs.DM,22
2020-01,cs.DS,92
2020-01,cs.ET,11
2020-01,cs.FL,16
2020-01,cs.GR,9
2020-01,cs.GT,44
2020-01,cs.HC,101
2020-01,cs.IR,70
2020-01,cs.IT,298
2020-01,cs.LG,573
2020-01,cs.LO,58
2020-01,cs.MA,18
2020-01,cs.MM,13
2020-01,cs.MS,11
2020-01,cs.NE,44
2020-01,cs.NI,109
2020-01,cs.OH,4
2020-01,cs.OS,3
2020-01,cs.PF,9
2020-01,cs.PL,31
2020-01,cs.RO,113
2020-01,cs.SC,7
2020-01,cs.SD,29
2020-01,cs.SE,67
2020-01,cs.SI,86
2020-01,econ.EM,13
2020-01,econ.GN,41
2020-01,econ.TH,9
2020-01,eess.AS,54
2020-01,eess.IV,149
2020-01,eess.SP,195
2020-01,eess.SY,159
2020-01,gr-qc,220
2020-01,hep-ex,53
2020-01,hep-lat,55
2020-01,hep-ph,306
2020-01,hep-th,226
2020-01,math-ph,93
2020-01,math.AC,30
2020-01,math.AG,150
2020-01,math.AP,304
2020-01,math.AT,65
2020-01,math.CA,80
2020-01,math.CO,226
2020-01,math.CT,17
2020-01,math.CV,41
2020-01,math.DG,140
2020-01,math.DS,122
2020-01,math.FA,103
2020-01,math.GM,17
2020-01,math.GN,16
2020-01,math.GR,65
2020-01,math.GT,55
2020-01,math.HO,15
2020-01,math.KT,12
2020-01,math.LO,46
2020-01,math.MG,23
2020-01,math.NA,212
2020-01,math.NT,180
2020-01,math.OA,25
2020-01,math.OC,238
2020-01,math.PR,194
2020-01,math.QA,29
2020-01,math.RA,79
2020-01,math.RT,70
2020-01,math.SG,10
2020-01,math.SP,22
2020-01,math.ST,73
2020-01,nlin.AO,12
2020-01,nlin.CD,8
2020-01,nlin.CG,4
2020-01,nlin.PS,23
2020-01,nlin.SI,13
2020-01,nucl-ex,48
2020-01,nucl-th,111
2020-01,physics.acc-ph,19
2020-01,physics.ao-ph,28
2020-01,physics.app-ph,165
2020-01,physics.atm-clus,4
2020-01,physics.atom-ph,40
2020-01,physics.bio-ph,30
2020-01,physics.chem-ph,82
2020-01,physics.class-ph,22
2020-01,physics.comp-ph,62
2020-01,physics.data-an,21
2020-01,physics.ed-ph,18
2020-01,physics.flu-dyn,106
2020-01,physics.gen-ph,24
2020-01,physics.geo-ph,18
2020-01,physics.hist-ph,19
2020-01,physics.ins-det,73
2020-01,physics.med-ph,38
2020-01,physics.optics,173
2020-01,physics.plasm-ph,49
2020-01,physics.pop-ph,10
2020-01,physics.soc-ph,77
2020-01,physics.space-ph,14
2020-01,q-bio.BM,14
2020-01,q-bio.CB,3
2020-01,q-bio.GN,6
2020-01,q-bio.MN,13
2020-01,q-bio.NC,42
2020-01,q-bio.OT,3
2020-01,q-bio.PE,32
2020-01,q-bio.QM,25
2020-01,q-bio.SC,4
2020-01,q-bio.TO,8
2020-01,q-fin.CP,3
2020-01,q-fin.GN,9
2020-01,q-fin.MF,14
2020-01,q-fin.PM,5
2020-01,q-fin.PR,9
2020-01,q-fin.RM,2
2020-01,q-fin.ST,12
2020-01,q-fin.TR,5
2020-01,quant-ph,419
2020-01,stat.AP,67
2020-01,stat.CO,31
2020-01,stat.ME,99
2020-01,stat.ML,103
2020-01,stat.OT,9
2020-02,astro-ph.CO,130
2020-02,astro-ph.EP,138
2020-02,astro-ph.GA,279
2020-02,astro-ph.HE,202
2020-02,astro-ph.IM,105
2020-02,astro-ph.SR,232
2020-02,cond-mat.dis-nn,28
2020-02,cond-mat.mes-hall,267
2020-02,cond-mat.mtrl-sci,299
2020-02,cond-mat.other,11
2020-02,cond-mat.quant-gas,72
2020-02,cond-mat.soft,139
2020-02,cond-mat.stat-mech,122
2020-02,cond-mat.str-el,188
2020-02,cond-mat.supr-con,71
2020-02,cs.AI,150
2020-02,cs.AR,14
2020-02,cs.CC,38
2020-02,cs.CE,26
2020-02,cs.CG,33
2020-02,cs.CL,262
2020-02,cs.CR,179
2020-02,cs.CV,635
2020-02,cs.CY,61
2020-02,cs.DB,44
2020-02,cs.DC,121
2020-02,cs.DL,16
2020-02,cs.DM,28
2020-02,cs.DS,149
2020-02,cs.ET,17
2020-02,cs.FL,25
2020-02,cs.GR,23
2020-02,cs.GT,75
2020-02,cs.HC,94
2020-02,cs.IR,54
2020-02,cs.IT,201
2020-02,cs.LG,1046
2020-02,cs.LO,59
2020-02,cs.MA,26
2020-02,cs.MM,7
2020-02,cs.MS,9
2020-02,cs.NE,60
2020-02,cs.NI,120
2020-02,cs.OH,8
2020-02,cs.OS,2
2020-02,cs.PF,13
2020-02,cs.PL,42
2020-02,cs.RO,175
2020-02,cs.SC,12
2020-02,cs.SD,37
2020-02,cs.SE,73
2020-02,cs.SI,71
2020-02,econ.EM,21
2020-02,econ.GN,15
2020-02,econ.TH,14
2020-02,eess.AS,89
2020-02,eess.IV,178
2020-02,eess.SP,282
2020-02,eess.SY,146
2020-02,gr-qc,204
2020-02,hep-ex,51
2020-02,hep-lat,32
2020-02,hep-ph,329
2020-02,hep-th,230
2020-02,math-ph,102
2020-02,math.AC,47
2020-02,math.AG,188
2020-02,math.AP,282
2020-02,math.AT,49
2020-02,math.CA,82
2020-02,math.CO,221
2020-02,math.CT,22
2020-02,math.CV,42
2020-02,math.DG,126
2020-02,math.DS,115
2020-02,math.FA,130
2020-02,math.GM,29
2020-02,math.GN,21
2020-02,math.GR,86
2020-02,math.GT,78
2020-02,math.HO,19
2020-02,math.KT,9
2020-02,math.LO,58
2020-02,math.MG,31
2020-02,math.NA,213
2020-02,math.NT,173
2020-02,math.OA,29
2020-02,math.OC,267
2020-02,math.PR,189
2020-02,math.QA,29
2020-02,math.RA,44
2020-02,math.RT,69
2020-02,math.SG,17
2020-02,math.SP,19
2020-02,math.ST,104
2020-02,nlin.AO,19
2020-02,nlin.CD,14
2020-02,nlin.CG,7
2020-02,nlin.PS,14
2020-02,nlin.SI,13
2020-02,nucl-ex,50
2020-02,nucl-th,92
2020-02,physics.acc-ph,25
2020-02,physics.ao-ph,26
2020-02,physics.app-ph,118
2020-02,physics.atm-clus,4
2020-02,physics.atom-ph,58
2020-02,physics.bio-ph,26
2020-02,physics.chem-ph,83
2020-02,physics.class-ph,13
2020-02,physics.comp-ph,79
2020-02,physics.data-an,10
2020-02,physics.ed-ph,20
2020-02,physics.flu-dyn,107
2020-02,physics.gen-ph,38
2020-02,physics.geo-ph,17
2020-02,physics.hist-ph,14
2020-02,physics.ins-det,122
2020-02,physics.med-ph,33
2020-02,physics.optics,165
2020-02,physics.plasm-ph,65
2020-02,physics.pop-ph,10
2020-02,physics.soc-ph,77
2020-02,physics.space-ph,10
2020-02,q-bio.BM,16
2020-02,q-bio.CB,5
2020-02,q-bio.GN,7
2020-02,q-bio.MN,9
2020-02,q-bio.NC,44
2020-02,q-bio.OT,6
2020-02,q-bio.PE,44
2020-02,q-bio.QM,37
2020-02,q-bio.SC,2
2020-02,q-bio.TO,6
2020-02,q-fin.CP,8
2020-02,q-fin.GN,10
2020-02,q-fin.MF,12
2020-02,q-fin.PM,5
2020-02,q-fin.PR,5
2020-02,q-fin.RM,8
2020-02,q-fin.ST,13
2020-02,q-fin.TR,12
2020-02,quant-ph,437
2020-02,stat.AP,63
2020-02,stat.CO,25
2020-02,stat.ME,137
2020-02,stat.ML,218
2020-02,stat.OT,7
2020-03,astro-ph.CO,122
2020-03,astro-ph.EP,157
2020-03,astro-ph.GA,263
2020-03,astro-ph.HE,223
2020-03,astro-ph.IM,112
2020-03,astro-ph.SR,207
2020-03,cond-mat.dis-nn,32
2020-03,cond-mat.mes-hall,304
2020-03,cond-mat.mtrl-sci,292
2020-03,cond-mat.other,8
2020-03,cond-mat.quant-gas,86
2020-03,cond-mat.soft,138
2020-03,cond-mat.stat-mech,139
2020-03,cond-mat.str-el,199
2020-03,cond-mat.supr-con,84
2020-03,cs.AI,139
2020-03,cs.AR,11
2020-03,cs.CC,27
2020-03,cs.CE,32
2020-03,cs.CG,36
2020-03,cs.CL,252
2020-03,cs.CR,179
2020-03,cs.CV,1052
2020-03,cs.CY,73
2020-03,cs.DB,58
2020-03,cs.DC,112
2020-03,cs.DL,25
2020-03,cs.DM,22
2020-03,cs.DS,91
2020-03,cs.ET,19
2020-03,cs.FL,8
2020-03,cs.GL,1
2020-03,cs.GR,18
2020-03,cs.GT,40
2020-03,cs.HC,74
2020-03,cs.IR,57
2020-03,cs.IT,157
2020-03,cs.LG,703
2020-03,cs.LO,62
2020-03,cs.MA,23
2020-03,cs.MM,23
2020-03,cs.MS,14
2020-03,cs.NE,74
2020-03,cs.NI,106
2020-03,cs.OH,8
2020-03,cs.OS,7
2020-03,cs.PF,9
2020-03,cs.PL,22
2020-03,cs.RO,304
2020-03,cs.SC,5
2020-03,cs.SD,18
2020-03,cs.SE,86
2020-03,cs.SI,87
2020-03,econ.EM,20
2020-03,econ.GN,23
2020-03,econ.TH,7
2020-03,eess.AS,74
2020-03,eess.IV,205
2020-03,eess.SP,274
2020-03,eess.SY,265
2020-03,gr-qc,293
2020-03,hep-ex,33
2020-03,hep-lat,38
2020-03,hep-ph,383
2020-03,hep-th,286
2020-03,math-ph,144
2020-03,math.AC,35
2020-03,math.AG,178
2020-03,math.AP,355
2020-03,math.AT,37
2020-03,math.CA,79
2020-03,math.CO,293
2020-03,math.CT,27
2020-03,math.CV,57
2020-03,math.DG,136
2020-03,math.DS,134
2020-03,math.FA,132
2020-03,math.GM,35
2020-03,math.GN,17
2020-03,math.GR,72
2020-03,math.GT,77
2020-03,math.HO,21
2020-03,math.KT,9
2020-03,math.LO,49
2020-03,math.MG,28
2020-03,math.NA,221
2020-03,math.NT,182
2020-03,math.OA,24
2020-03,math.OC,270
2020-03,math.PR,236
2020-03,math.QA,36
2020-03,math.RA,48
2020-03,math.RT,81
2020-03,math.SG,22
2020-03,math.SP,26
2020-03,math.ST,93
2020-03,nlin.AO,16
2020-03,nlin.CD,11
2020-03,nlin.CG,2
2020-03,nlin.PS,23
2020-03,nlin.SI,18
2020-03,nucl-ex,36
2020-03,nucl-th,95
2020-03,physics.acc-ph,34
2020-03,physics.ao-ph,30
2020-03,physics.app-ph,169
2020-03,physics.atm-clus,8
2020-03,physics.atom-ph,55
2020-03,physics.bio-ph,34
2020-03,physics.chem-ph,90
2020-03,physics.class-ph,24
2020-03,physics.comp-ph,90
2020-03,physics.data-an,16
2020-03,physics.ed-ph,17
2020-03,physics.flu-dyn,104
2020-03,physics.gen-ph,38
2020-03,physics.geo-ph,42
2020-03,physics.hist-ph,17
2020-03,physics.ins-det,109
2020-03,physics.med-ph,46
2020-03,physics.optics,179
2020-03,physics.plasm-ph,58
2020-03,physics.pop-ph,9
2020-03,physics.soc-ph,109
2020-03,physics.space-ph,12
2020-03,q-bio.BM,17
2020-03,q-bio.CB,5
2020-03,q-bio.GN,12
2020-03,q-bio.MN,15
2020-03,q-bio.NC,39
2020-03,q-bio.OT,8
2020-03,q-bio.PE,119
2020-03,q-bio.QM,31
2020-03,q-bio.SC,1
2020-03,q-bio.TO,13
2020-03,q-fin.CP,15
2020-03,q-fin.GN,14
2020-03,q-fin.MF,11
2020-03,q-fin.PM,6
2020-03,q-fin.PR,4
2020-03,q-fin.RM,9
2020-03,q-fin.ST,17
2020-03,q-fin.TR,9
2020-03,quant-ph,511
2020-03,stat.AP,75
2020-03,stat.CO,19
2020-03,stat.ME,136
2020-03,stat.ML,124
2020-03,stat.OT,11
2020-04,astro-ph.CO,151
2020-04,astro-ph.EP,159
2020-04,astro-ph.GA,302
2020-04,astro-ph.HE,234
2020-04,astro-ph.IM,69
2020-04,astro-ph.SR,207
2020-04,cond-mat.dis-nn,36
2020-04,cond-mat.mes-hall,331
2020-04,cond-mat.mtrl-sci,304
2020-04,cond-mat.other,5
2020-04,cond-mat.quant-gas,80
2020-04,cond-mat.soft,125
2020-04,cond-mat.stat-mech,148
2020-04,cond-mat.str-el,208
2020-04,cond-mat.supr-con,88
2020-04,cs.AI,123
2020-04,cs.AR,21
2020-04,cs.CC,26
2020-04,cs.CE,29
2020-04,cs.CG,35
2020-04,cs.CL,735
2020-04,cs.CR,201
2020-04,cs.CV,947
2020-04,cs.CY,95
2020-04,cs.DB,74
2020-04,cs.DC,124
2020-04,cs.DL,33
2020-04,cs.DM,29
2020-04,cs.DS,161
2020-04,cs.ET,20
2020-04,cs.FL,19
2020-04,cs.GL,1
2020-04,cs.GR,21
2020-04,cs.GT,35
2020-04,cs.HC,86
2020-04,cs.IR,88
2020-04,cs.IT,177
2020-04,cs.LG,673
2020-04,cs.LO,68
2020-04,cs.MA,19
2020-04,cs.MM,27
2020-04,cs.MS,4
2020-04,cs.NE,97
2020-04,cs.NI,129
2020-04,cs.OH,13
2020-04,cs.OS,8
2020-04,cs.PF,14
2020-04,cs.PL,43
2020-04,cs.RO,146
2020-04,cs.SC,3
2020-04,cs.SD,13
2020-04,cs.SE,111
2020-04,cs.SI,138
2020-04,econ.EM,34
2020-04,econ.GN,28
2020-04,econ.TH,21
2020-04,eess.AS,97
2020-04,eess.IV,263
2020-04,eess.SP,261
2020-04,eess.SY,247
2020-04,gr-qc,312
2020-04,hep-ex,47
2020-04,hep-lat,30
2020-04,hep-ph,372
2020-04,hep-th,329
2020-04,math-ph,119
2020-04,math.AC,31
2020-04,math.AG,167
2020-04,math.AP,355
2020-04,math.AT,40
2020-04,math.CA,65
2020-04,math.CO,258
2020-04,math.CT,33
2020-04,math.CV,79
2020-04,math.DG,133
2020-04,math.DS,127
2020-04,math.FA,115
2020-04,math.GM,21
2020-04,math.GN,21
2020-04,math.GR,90
2020-04,math.GT,79
2020-04,math.HO,18
2020-04,math.KT,7
2020-04,math.LO,72
2020-04,math.MG,41
2020-04,math.NA,221
2020-04,math.NT,157
2020-04,math.OA,28
2020-04,math.OC,260
2020-04,math.PR,245
2020-04,math.QA,31
2020-04,math.RA,59
2020-04,math.RT,74
2020-04,math.SG,19
2020-04,math.SP,25
2020-04,math.ST,85
2020-04,nlin.AO,15
2020-04,nlin.CD,10
2020-04,nlin.PS,18
2020-04,nlin.SI,17
2020-04,nucl-ex,39
2020-04,nucl-th,127
2020-04,physics.acc-ph,33
2020-04,physics.ao-ph,30
2020-04,physics.app-ph,196
2020-04,physics.atm-clus,4
2020-04,physics.atom-ph,48
2020-04,physics.bio-ph,25
2020-04,physics.chem-ph,94
2020-04,physics.class-ph,17
2020-04,physics.comp-ph,84
2020-04,physics.data-an,15
2020-04,physics.ed-ph,22
2020-04,physics.flu-dyn,148
2020-04,physics.gen-ph,20
2020-04,physics.geo-ph,31
2020-04,physics.hist-ph,23
2020-04,physics.ins-det,116
2020-04,physics.med-ph,38
2020-04,physics.optics,190
2020-04,physics.plasm-ph,60
2020-04,physics.pop-ph,12
2020-04,physics.soc-ph,120
2020-04,physics.space-ph,21
2020-04,q-bio.BM,22
2020-04,q-bio.CB,9
2020-04,q-bio.GN,12
2020-04,q-bio.MN,11
2020-04,q-bio.NC,39
2020-04,q-bio.OT,9
2020-04,q-bio.PE,192
2020-04,q-bio.QM,46
2020-04,q-bio.SC,4
2020-04,q-bio.TO,11
2020-04,q-fin.CP,10
2020-04,q-fin.GN,6
2020-04,q-fin.MF,10
2020-04,q-fin.PM,7
2020-04,q-fin.PR,5
2020-04,q-fin.RM,10
2020-04,q-fin.ST,19
2020-04,q-fin.TR,12
2020-04,quant-ph,538
2020-04,stat.AP,83
2020-04,stat.CO,34
2020-04,stat.ME,162
2020-04,stat.ML,99
2020-04,stat.OT,5
2020-05,astro-ph.CO,164
2020-05,astro-ph.EP,146
2020-05,astro-ph.GA,285
2020-05,astro-ph.HE,235
2020-05,astro-ph.IM,98
2020-05,astro-ph.SR,235
2020-05,cond-mat.dis-nn,38
2020-05,cond-mat.mes-hall,344
2020-05,cond-mat.mtrl-sci,294
2020-05,cond-mat.other,8
2020-05,cond-mat.quant-gas,80
2020-05,cond-mat.soft,143
2020-05,cond-mat.stat-mech,144
2020-05,cond-mat.str-el,214
2020-05,cond-mat.supr-con,78
2020-05,cs.AI,152
2020-05,cs.AR,19
2020-05,cs.CC,33
2020-05,cs.CE,37
2020-05,cs.CG,12
2020-05,cs.CL,653
2020-05,cs.CR,227
2020-05,cs.CV,697
2020-05,cs.CY,144
2020-05,cs.DB,43
2020-05,cs.DC,129
2020-05,cs.DL,40
2020-05,cs.DM,24
2020-05,cs.DS,112
2020-05,cs.ET,14
2020-05,cs.FL,24
2020-05,cs.GR,28
2020-05,cs.GT,52
2020-05,cs.HC,98
2020-05,cs.IR,132
2020-05,cs.IT,219
2020-05,cs.LG,652
2020-05,cs.LO,75
2020-05,cs.MA,10
2020-05,cs.MM,25
2020-05,cs.MS,7
2020-05,cs.NE,65
2020-05,cs.NI,117
2020-05,cs.OH,6
2020-05,cs.OS,5
2020-05,cs.PF,11
2020-05,cs.PL,40
2020-05,cs.RO,169
2020-05,cs.SC,10
2020-05,cs.SD,41
2020-05,cs.SE,125
2020-05,cs.SI,100
2020-05,econ.EM,31
2020-05,econ.GN,30
2020-05,econ.TH,25
2020-05,eess.AS,191
2020-05,eess.IV,231
2020-05,eess.SP,248
2020-05,eess.SY,235
2020-05,gr-qc,302
2020-05,hep-ex,53
2020-05,hep-lat,32
2020-05,hep-ph,363
2020-05,hep-th,380
2020-05,math-ph,108
2020-05,math.AC,46
2020-05,math.AG,163
2020-05,math.AP,368
2020-05,math.AT,47
2020-05,math.CA,97
2020-05,math.CO,318
2020-05,math.CT,33
2020-05,math.CV,55
2020-05,math.DG,124
2020-05,math.DS,128
2020-05,math.FA,144
2020-05,math.GM,23
2020-05,math.GN,17
2020-05,math.GR,84
2020-05,math.GT,78
2020-05,math.HO,18
2020-05,math.KT,6
2020-05,math.LO,47
2020-05,math.MG,38
2020-05,math.NA,203
2020-05,math.NT,234
2020-05,math.OA,37
2020-05,math.OC,234
2020-05,math.PR,228
2020-05,math.QA,38
2020-05,math.RA,58
2020-05,math.RT,74
2020-05,math.SG,19
2020-05,math.SP,24
2020-05,math.ST,89
2020-05,nlin.AO,11
2020-05,nlin.CD,19
2020-05,nlin.CG,4
2020-05,nlin.PS,26
2020-05,nlin.SI,19
2020-05,nucl-ex,62
2020-05,nucl-th,85
2020-05,physics.acc-ph,46
2020-05,physics.ao-ph,33
2020-05,physics.app-ph,193
2020-05,physics.atm-clus,2
2020-05,physics.atom-ph,64
2020-05,physics.bio-ph,30
2020-05,physics.chem-ph,82
2020-05,physics.class-ph,25
2020-05,physics.comp-ph,96
2020-05,physics.data-an,13
2020-05,physics.ed-ph,22
2020-05,physics.flu-dyn,152
2020-05,physics.gen-ph,24
2020-05,physics.geo-ph,22
2020-05,physics.hist-ph,19
2020-05,physics.ins-det,133
2020-05,physics.med-ph,49
2020-05,physics.optics,195
2020-05,physics.plasm-ph,70
2020-05,physics.pop-ph,12
2020-05,physics.soc-ph,141
2020-05,physics.space-ph,14
2020-05,q-bio.BM,32
2020-05,q-bio.CB,9
2020-05,q-bio.GN,12
2020-05,q-bio.MN,14
2020-05,q-bio.NC,39
2020-05,q-bio.OT,12
2020-05,q-bio.PE,127
2020-05,q-bio.QM,60
2020-05,q-bio.SC,7
2020-05,q-bio.TO,13
2020-05,q-fin.CP,19
2020-05,q-fin.GN,26
2020-05,q-fin.MF,14
2020-05,q-fin.PM,12
2020-05,q-fin.PR,4
2020-05,q-fin.RM,13
2020-05,q-fin.ST,16
2020-05,q-fin.TR,6
2020-05,quant-ph,510
2020-05,stat.AP,101
2020-05,stat.CO,25
2020-05,stat.ME,178
2020-05,stat.ML,101
2020-05,stat.OT,1
2020-06,astro-ph.CO,179
2020-06,astro-ph.EP,169
2020-06,astro-ph.GA,367
2020-06,astro-ph.HE,278
2020-06,astro-ph.IM,86
2020-06,astro-ph.SR,306
2020-06,cond-mat.dis-nn,28
2020-06,cond-mat.mes-hall,314
2020-06,cond-mat.mtrl-sci,337
2020-06,cond-mat.other,2
2020-06,cond-mat.quant-gas,75
2020-06,cond-mat.soft,136
2020-06,cond-mat.stat-mech,161
2020-06,cond-mat.str-el,193
2020-06,cond-mat.supr-con,91
2020-06,cs.AI,157
2020-06,cs.AR,19
2020-06,cs.CC,27
2020-06,cs.CE,42
2020-06,cs.CG,18
2020-06,cs.CL,337
2020-06,cs.CR,214
2020-06,cs.CV,968
2020-06,cs.CY,182
2020-06,cs.DB,41
2020-06,cs.DC,121
2020-06,cs.DL,43
2020-06,cs.DM,22
2020-06,cs.DS,116
2020-06,cs.ET,16
2020-06,cs.FL,15
2020-06,cs.GL,1
2020-06,cs.GR,20
2020-06,cs.GT,58
2020-06,cs.HC,86
2020-06,cs.IR,86
2020-06,cs.IT,156
2020-06,cs.LG,1562
2020-06,cs.LO,57
2020-06,cs.MA,27
2020-06,cs.MM,10
2020-06,cs.MS,8
2020-06,cs.NE,86
2020-06,cs.NI,112
2020-06,cs.OH,12
2020-06,cs.OS,2
2020-06,cs.PF,7
2020-06,cs.PL,21
2020-06,cs.RO,165
2020-06,cs.SC,4
2020-06,cs.SD,29
2020-06,cs.SE,76
2020-06,cs.SI,132
2020-06,econ.EM,46
2020-06,econ.GN,34
2020-06,econ.TH,29
2020-06,eess.AS,109
2020-06,eess.IV,206
2020-06,eess.SP,286
2020-06,eess.SY,206
2020-06,gr-qc,300
2020-06,hep-ex,44
2020-06,hep-lat,21
2020-06,hep-ph,429
2020-06,hep-th,360
2020-06,math-ph,138
2020-06,math.AC,36
2020-06,math.AG,178
2020-06,math.AP,376
2020-06,math.AT,58
2020-06,math.CA,107
2020-06,math.CO,286
2020-06,math.CT,28
2020-06,math.CV,53
2020-06,math.DG,138
2020-06,math.DS,148
2020-06,math.FA,127
2020-06,math.GM,31
2020-06,math.GN,13
2020-06,math.GR,88
2020-06,math.GT,83
2020-06,math.HO,13
2020-06,math.KT,13
2020-06,math.LO,64
2020-06,math.MG,31
2020-06,math.NA,211
2020-06,math.NT,232
2020-06,math.OA,37
2020-06,math.OC,299
2020-06,math.PR,228
2020-06,math.QA,22
2020-06,math.RA,78
2020-06,math.RT,86
2020-06,math.SG,20
2020-06,math.SP,37
2020-06,math.ST,103
2020-06,nlin.AO,22
2020-06,nlin.CD,20
2020-06,nlin.CG,3
2020-06,nlin.PS,24
2020-06,nlin.SI,15
2020-06,nucl-ex,31
2020-06,nucl-th,109
2020-06,physics.acc-ph,44
2020-06,physics.ao-ph,29
2020-06,physics.app-ph,209
2020-06,physics.atm-clus,8
2020-06,physics.atom-ph,58
2020-06,physics.bio-ph,34
2020-06,physics.chem-ph,74
2020-06,physics.class-ph,17
2020-06,physics.comp-ph,142
2020-06,physics.data-an,4
2020-06,physics.ed-ph,41
2020-06,physics.flu-dyn,155
2020-06,physics.gen-ph,26
2020-06,physics.geo-ph,29
2020-06,physics.hist-ph,27
2020-06,physics.ins-det,107
2020-06,physics.med-ph,41
2020-06,physics.optics,175
2020-06,physics.plasm-ph,62
2020-06,physics.pop-ph,8
2020-06,physics.soc-ph,122
2020-06,physics.space-ph,20
2020-06,q-bio.BM,18
2020-06,q-bio.CB,4
2020-06,q-bio.GN,9
2020-06,q-bio.MN,11
2020-06,q-bio.NC,66
2020-06,q-bio.OT,12
2020-06,q-bio.PE,93
2020-06,q-bio.QM,33
2020-06,q-bio.SC,3
2020-06,q-bio.TO,11
2020-06,q-fin.CP,10
2020-06,q-fin.GN,18
2020-06,q-fin.MF,22
2020-06,q-fin.PM,8
2020-06,q-fin.PR,8
2020-06,q-fin.RM,11
2020-06,q-fin.ST,11
2020-06,q-fin.TR,11
2020-06,quant-ph,561
2020-06,stat.AP,85
2020-06,stat.CO,19
2020-06,stat.ME,210
2020-06,stat.ML,352
2020-06,stat.OT,4
2020-07,astro-ph.CO,237
2020-07,astro-ph.EP,180
2020-07,astro-ph.GA,353
2020-07,astro-ph.HE,272
2020-07,astro-ph.IM,113
2020-07,astro-ph.SR,235
2020-07,cond-mat.dis-nn,42
2020-07,cond-mat.mes-hall,322
2020-07,cond-mat.mtrl-sci,378
2020-07,cond-mat.other,1
2020-07,cond-mat.quant-gas,98
2020-07,cond-mat.soft,169
2020-07,cond-mat.stat-mech,152
2020-07,cond-mat.str-el,228
2020-07,cond-mat.supr-con,93
2020-07,cs.AI,160
2020-07,cs.AR,44
2020-07,cs.CC,23
2020-07,cs.CE,36
2020-07,cs.CG,47
2020-07,cs.CL,286
2020-07,cs.CR,241
2020-07,cs.CV,1242
2020-07,cs.CY,172
2020-07,cs.DB,42
2020-07,cs.DC,124
2020-07,cs.DL,14
2020-07,cs.DM,29
2020-07,cs.DS,160
2020-07,cs.ET,15
2020-07,cs.FL,21
2020-07,cs.GL,1
2020-07,cs.GR,28
2020-07,cs.GT,87
2020-07,cs.HC,89
2020-07,cs.IR,104
2020-07,cs.IT,197
2020-07,cs.LG,1045
2020-07,cs.LO,85
2020-07,cs.MA,20
2020-07,cs.MM,12
2020-07,cs.MS,12
2020-07,cs.NE,60
2020-07,cs.NI,115
2020-07,cs.OH,14
2020-07,cs.OS,5
2020-07,cs.PF,9
2020-07,cs.PL,30
2020-07,cs.RO,205
2020-07,cs.SC,4
2020-07,cs.SD,27
2020-07,cs.SE,109
2020-07,cs.SI,89
2020-07,econ.EM,32
2020-07,econ.GN,40
2020-07,econ.TH,26
2020-07,eess.AS,118
2020-07,eess.IV,232
2020-07,eess.SP,274
2020-07,eess.SY,177
2020-07,gr-qc,309
2020-07,hep-ex,59
2020-07,hep-lat,36
2020-07,hep-ph,404
2020-07,hep-th,359
2020-07,math-ph,134
2020-07,math.AC,43
2020-07,math.AG,195
2020-07,math.AP,348
2020-07,math.AT,59
2020-07,math.CA,75
2020-07,math.CO,309
2020-07,math.CT,24
2020-07,math.CV,60
2020-07,math.DG,164
2020-07,math.DS,131
2020-07,math.FA,146
2020-07,math.GM,22
2020-07,math.GN,28
2020-07,math.GR,73
2020-07,math.GT,76
2020-07,math.HO,7
2020-07,math.KT,13
2020-07,math.LO,48
2020-07,math.MG,38
2020-07,math.NA,246
2020-07,math.NT,173
2020-07,math.OA,25
2020-07,math.OC,263
2020-07,math.PR,227
2020-07,math.QA,26
2020-07,math.RA,72
2020-07,math.RT,79
2020-07,math.SG,11
2020-07,math.SP,17
2020-07,math.ST,101
2020-07,nlin.AO,27
2020-07,nlin.CD,13
2020-07,nlin.CG,1
2020-07,nlin.PS,27
2020-07,nlin.SI,8
2020-07,nucl-ex,40
2020-07,nucl-th,109
2020-07,physics.acc-ph,30
2020-07,physics.ao-ph,29
2020-07,physics.app-ph,234
2020-07,physics.atm-clus,4
2020-07,physics.atom-ph,79
2020-07,physics.bio-ph,31
2020-07,physics.chem-ph,97
2020-07,physics.class-ph,23
2020-07,physics.comp-ph,116
2020-07,physics.data-an,10
2020-07,physics.ed-ph,29
2020-07,physics.flu-dyn,163
2020-07,physics.gen-ph,22
2020-07,physics.geo-ph,18
2020-07,physics.hist-ph,25
2020-07,physics.ins-det,85
2020-07,physics.med-ph,51
2020-07,physics.optics,185
2020-07,physics.plasm-ph,73
2020-07,physics.pop-ph,9
2020-07,physics.soc-ph,126
2020-07,physics.space-ph,13
2020-07,q-bio.BM,17
2020-07,q-bio.CB,9
2020-07,q-bio.GN,11
2020-07,q-bio.MN,10
2020-07,q-bio.NC,43
2020-07,q-bio.OT,9
2020-07,q-bio.PE,102
2020-07,q-bio.QM,39
2020-07,q-bio.SC,5
2020-07,q-bio.TO,12
2020-07,q-fin.CP,7
2020-07,q-fin.GN,17
2020-07,q-fin.MF,10
2020-07,q-fin.PM,7
2020-07,q-fin.PR,8
2020-07,q-fin.RM,11
2020-07,q-fin.ST,19
2020-07,q-fin.TR,3
2020-07,quant-ph,535
2020-07,stat.AP,111
2020-07,stat.CO,23
2020-07,stat.ME,195
2020-07,stat.ML,187
2020-07,stat.OT,9
2020-08,astro-ph.CO,144
2020-08,astro-ph.EP,123
2020-08,astro-ph.GA,262
2020-08,astro-ph.HE,245
2020-08,astro-ph.IM,105
2020-08,astro-ph.SR,245
2020-08,cond-mat.dis-nn,31
2020-08,cond-mat.mes-hall,288
2020-08,cond-mat.mtrl-sci,383
2020-08,cond-mat.other,1
2020-08,cond-mat.quant-gas,55
2020-08,cond-mat.soft,124
2020-08,cond-mat.stat-mech,141
2020-08,cond-mat.str-el,197
2020-08,cond-mat.supr-con,75
2020-08,cs.AI,150
2020-08,cs.AR,29
2020-08,cs.CC,23
2020-08,cs.CE,28
2020-08,cs.CG,26
2020-08,cs.CL,262
2020-08,cs.CR,171
2020-08,cs.CV,1012
2020-08,cs.CY,139
2020-08,cs.DB,46
2020-08,cs.DC,121
2020-08,cs.DL,27
2020-08,cs.DM,23
2020-08,cs.DS,103
2020-08,cs.ET,12
2020-08,cs.FL,18
2020-08,cs.GL,1
2020-08,cs.GR,25
2020-08,cs.GT,24
2020-08,cs.HC,114
2020-08,cs.IR,85
2020-08,cs.IT,165
2020-08,cs.LG,632
2020-08,cs.LO,70
2020-08,cs.MA,15
2020-08,cs.MM,13
2020-08,cs.MS,6
2020-08,cs.NE,38
2020-08,cs.NI,115
2020-08,cs.OH,7
2020-08,cs.OS,2
2020-08,cs.PF,9
2020-08,cs.PL,33
2020-08,cs.RO,177
2020-08,cs.SC,2
2020-08,cs.SD,30
2020-08,cs.SE,105
2020-08,cs.SI,122
2020-08,econ.EM,33
2020-08,econ.GN,22
2020-08,econ.TH,22
2020-08,eess.AS,200
2020-08,eess.IV,244
2020-08,eess.SP,255
2020-08,eess.SY,188
2020-08,gr-qc,257
2020-08,hep-ex,57
2020-08,hep-lat,30
2020-08,hep-ph,389
2020-08,hep-th,299
2020-08,math-ph,127
2020-08,math.AC,27
2020-08,math.AG,142
2020-08,math.AP,295
2020-08,math.AT,40
2020-08,math.CA,64
2020-08,math.CO,289
2020-08,math.CT,18
2020-08,math.CV,51
2020-08,math.DG,124
2020-08,math.DS,107
2020-08,math.FA,111
2020-08,math.GM,16
2020-08,math.GN,5
2020-08,math.GR,75
2020-08,math.GT,76
2020-08,math.HO,25
2020-08,math.KT,3
2020-08,math.LO,54
2020-08,math.MG,31
2020-08,math.NA,190
2020-08,math.NT,177
2020-08,math.OA,29
2020-08,math.OC,198
2020-08,math.PR,209
2020-08,math.QA,24
2020-08,math.RA,67
2020-08,math.RT,83
2020-08,math.SG,24
2020-08,math.SP,16
2020-08,math.ST,89
2020-08,nlin.AO,21
2020-08,nlin.CD,17
2020-08,nlin.CG,6
2020-08,nlin.PS,22
2020-08,nlin.SI,18
2020-08,nucl-ex,36
2020-08,nucl-th,95
2020-08,physics.acc-ph,26
2020-08,physics.ao-ph,31
2020-08,physics.app-ph,173
2020-08,physics.atm-clus,3
2020-08,physics.atom-ph,67
2020-08,physics.bio-ph,36
2020-08,physics.chem-ph,83
2020-08,physics.class-ph,24
2020-08,physics.comp-ph,101
2020-08,physics.data-an,8
2020-08,physics.ed-ph,32
2020-08,physics.flu-dyn,128
2020-08,physics.gen-ph,21
2020-08,physics.geo-ph,24
2020-08,physics.hist-ph,20
2020-08,physics.ins-det,68
2020-08,physics.med-ph,42
2020-08,physics.optics,181
2020-08,physics.plasm-ph,59
2020-08,physics.pop-ph,9
2020-08,physics.soc-ph,105
2020-08,physics.space-ph,19
2020-08,q-bio.BM,15
2020-08,q-bio.CB,3
2020-08,q-bio.GN,7
2020-08,q-bio.MN,4
2020-08,q-bio.NC,38
2020-08,q-bio.OT,10
2020-08,q-bio.PE,66
2020-08,q-bio.QM,34
2020-08,q-bio.SC,4
2020-08,q-bio.TO,11
2020-08,q-fin.CP,6
2020-08,q-fin.GN,12
2020-08,q-fin.MF,9
2020-08,q-fin.PM,6
2020-08,q-fin.PR,5
2020-08,q-fin.RM,11
2020-08,q-fin.ST,15
2020-08,q-fin.TR,3
2020-08,quant-ph,497
2020-08,stat.AP,81
2020-08,stat.CO,16
2020-08,stat.ME,160
2020-08,stat.ML,104
2020-08,stat.OT,3
2020-09,astro-ph.CO,170
2020-09,astro-ph.EP,163
2020-09,astro-ph.GA,384
2020-09,astro-ph.HE,297
2020-09,astro-ph.IM,110
2020-09,astro-ph.SR,262
2020-09,cond-mat.dis-nn,38
2020-09,cond-mat.mes-hall,288
2020-09,cond-mat.mtrl-sci,408
2020-09,cond-mat.other,6
2020-09,cond-mat.quant-gas,79
2020-09,cond-mat.soft,139
2020-09,cond-mat.stat-mech,163
2020-09,cond-mat.str-el,203
2020-09,cond-mat.supr-con,98
2020-09,cs.AI,210
2020-09,cs.AR,44
2020-09,cs.CC,32
2020-09,cs.CE,36
2020-09,cs.CG,17
2020-09,cs.CL,469
2020-09,cs.CR,193
2020-09,cs.CV,821
2020-09,cs.CY,150
2020-09,cs.DB,45
2020-09,cs.DC,101
2020-09,cs.DL,22
2020-09,cs.DM,17
2020-09,cs.DS,108
2020-09,cs.ET,20
2020-09,cs.FL,13
2020-09,cs.GR,46
2020-09,cs.GT,49
2020-09,cs.HC,129
2020-09,cs.IR,73
2020-09,cs.IT,181
2020-09,cs.LG,801
2020-09,cs.LO,66
2020-09,cs.MA,26
2020-09,cs.MM,14
2020-09,cs.MS,11
2020-09,cs.NE,55
2020-09,cs.NI,100
2020-09,cs.OH,2
2020-09,cs.OS,6
2020-09,cs.PF,11
2020-09,cs.PL,33
2020-09,cs.RO,134
2020-09,cs.SC,7
2020-09,cs.SD,15
2020-09,cs.SE,114
2020-09,cs.SI,97
2020-09,econ.EM,38
2020-09,econ.GN,27
2020-09,econ.TH,17
2020-09,eess.AS,79
2020-09,eess.IV,240
2020-09,eess.SP,265
2020-09,eess.SY,222
2020-09,gr-qc,267
2020-09,hep-ex,44
2020-09,hep-lat,39
2020-09,hep-ph,371
2020-09,hep-th,307
2020-09,math-ph,124
2020-09,math.AC,47
2020-09,math.AG,162
2020-09,math.AP,325
2020-09,math.AT,33
2020-09,math.CA,86
2020-09,math.CO,298
2020-09,math.CT,22
2020-09,math.CV,65
2020-09,math.DG,154
2020-09,math.DS,126
2020-09,math.FA,128
2020-09,math.GM,22
2020-09,math.GN,15
2020-09,math.GR,85
2020-09,math.GT,90
2020-09,math.HO,16
2020-09,math.KT,20
2020-09,math.LO,57
2020-09,math.MG,42
2020-09,math.NA,201
2020-09,math.NT,199
2020-09,math.OA,35
2020-09,math.OC,265
2020-09,math.PR,220
2020-09,math.QA,28
2020-09,math.RA,58
2020-09,math.RT,67
2020-09,math.SG,16
2020-09,math.SP,16
2020-09,math.ST,86
2020-09,nlin.AO,29
2020-09,nlin.CD,14
2020-09,nlin.CG,4
2020-09,nlin.PS,27
2020-09,nlin.SI,19
2020-09,nucl-ex,50
2020-09,nucl-th,117
2020-09,physics.acc-ph,31
2020-09,physics.ao-ph,23
2020-09,physics.app-ph,185
2020-09,physics.atm-clus,3
2020-09,physics.atom-ph,46
2020-09,physics.bio-ph,30
2020-09,physics.chem-ph,72
2020-09,physics.class-ph,13
2020-09,physics.comp-ph,91
2020-09,physics.data-an,12
2020-09,physics.ed-ph,20
2020-09,physics.flu-dyn,137
2020-09,physics.gen-ph,30
2020-09,physics.geo-ph,29
2020-09,physics.hist-ph,24
2020-09,physics.ins-det,88
2020-09,physics.med-ph,52
2020-09,physics.optics,171
2020-09,physics.plasm-ph,69
2020-09,physics.pop-ph,15
2020-09,physics.soc-ph,86
2020-09,physics.space-ph,18
2020-09,q-bio.BM,20
2020-09,q-bio.CB,4
2020-09,q-bio.GN,7
2020-09,q-bio.MN,14
2020-09,q-bio.NC,38
2020-09,q-bio.OT,5
2020-09,q-bio.PE,54
2020-09,q-bio.QM,34
2020-09,q-bio.SC,5
2020-09,q-bio.TO,9
2020-09,q-fin.CP,9
2020-09,q-fin.GN,15
2020-09,q-fin.MF,12
2020-09,q-fin.PM,7
2020-09,q-fin.PR,5
2020-09,q-fin.RM,13
2020-09,q-fin.ST,27
2020-09,q-fin.TR,11
2020-09,quant-ph,538
2020-09,stat.AP,92
2020-09,stat.CO,23
2020-09,stat.ME,155
2020-09,stat.ML,101
2020-09,stat.OT,2
2020-10,astro-ph.CO,181
2020-10,astro-ph.EP,187
2020-10,astro-ph.GA,361
2020-10,astro-ph.HE,257
2020-10,astro-ph.IM,113
2020-10,astro-ph.SR,232
2020-10,cond-mat.dis-nn,36
2020-10,cond-mat.mes-hall,278
2020-10,cond-mat.mtrl-sci,415
2020-10,cond-mat.other,9
2020-10,cond-mat.quant-gas,65
2020-10,cond-mat.soft,162
2020-10,cond-mat.stat-mech,130
2020-10,cond-mat.str-el,206
2020-10,cond-mat.supr-con,99
2020-10,cs.AI,176
2020-10,cs.AR,30
2020-10,cs.CC,29
2020-10,cs.CE,39
2020-10,cs.CG,20
2020-10,cs.CL,1135
2020-10,cs.CR,232
2020-10,cs.CV,939
2020-10,cs.CY,126
2020-10,cs.DB,52
2020-10,cs.DC,166
2020-10,cs.DL,14
2020-10,cs.DM,20
2020-10,cs.DS,112
2020-10,cs.ET,9
2020-10,cs.FL,15
2020-10,cs.GL,1
2020-10,cs.GR,21
2020-10,cs.GT,41
2020-10,cs.HC,115
2020-10,cs.IR,90
2020-10,cs.IT,215
2020-10,cs.LG,1376
2020-10,cs.LO,74
2020-10,cs.MA,27
2020-10,cs.MM,17
2020-10,cs.MS,10
2020-10,cs.NE,74
2020-10,cs.NI,113
2020-10,cs.OH,6
2020-10,cs.OS,3
2020-10,cs.PF,10
2020-10,cs.PL,64
2020-10,cs.RO,300
2020-10,cs.SC,7
2020-10,cs.SD,141
2020-10,cs.SE,95
2020-10,cs.SI,102
2020-10,econ.EM,45
2020-10,econ.GN,58
2020-10,econ.TH,18
2020-10,eess.AS,132
2020-10,eess.IV,228
2020-10,eess.SP,233
2020-10,eess.SY,214
2020-10,gr-qc,304
2020-10,hep-ex,55
2020-10,hep-lat,37
2020-10,hep-ph,362
2020-10,hep-th,318
2020-10,math-ph,98
2020-10,math.AC,37
2020-10,math.AG,172
2020-10,math.AP,347
2020-10,math.AT,41
2020-10,math.CA,67
2020-10,math.CO,299
2020-10,math.CT,32
2020-10,math.CV,43
2020-10,math.DG,150
2020-10,math.DS,152
2020-10,math.FA,135
2020-10,math.GM,25
2020-10,math.GN,11
2020-10,math.GR,80
2020-10,math.GT,105
2020-10,math.HO,15
2020-10,math.KT,11
2020-10,math.LO,54
2020-10,math.MG,21
2020-10,math.NA,234
2020-10,math.NT,208
2020-10,math.OA,29
2020-10,math.OC,248
2020-10,math.PR,222
2020-10,math.QA,20
2020-10,math.RA,62
2020-10,math.RT,89
2020-10,math.SG,27
2020-10,math.SP,11
2020-10,math.ST,99
2020-10,nlin.AO,11
2020-10,nlin.CD,16
2020-10,nlin.CG,2
2020-10,nlin.PS,28
2020-10,nlin.SI,17
2020-10,nucl-ex,39
2020-10,nucl-th,119
2020-10,physics.acc-ph,24
2020-10,physics.ao-ph,24
2020-10,physics.app-ph,104
2020-10,physics.atm-clus,5
2020-10,physics.atom-ph,63
2020-10,physics.bio-ph,43
2020-10,physics.chem-ph,101
2020-10,physics.class-ph,17
2020-10,physics.comp-ph,64
2020-10,physics.data-an,21
2020-10,physics.ed-ph,27
2020-10,physics.flu-dyn,151
2020-10,physics.gen-ph,23
2020-10,physics.geo-ph,26
2020-10,physics.hist-ph,15
2020-10,physics.ins-det,119
2020-10,physics.med-ph,49
2020-10,physics.optics,198
2020-10,physics.plasm-ph,81
2020-10,physics.pop-ph,8
2020-10,physics.soc-ph,92
2020-10,physics.space-ph,17
2020-10,q-bio.BM,18
2020-10,q-bio.CB,7
2020-10,q-bio.GN,9
2020-10,q-bio.MN,12
2020-10,q-bio.NC,54
2020-10,q-bio.OT,8
2020-10,q-bio.PE,53
2020-10,q-bio.QM,44
2020-10,q-bio.SC,1
2020-10,q-bio.TO,8
2020-10,q-fin.CP,6
2020-10,q-fin.GN,10
2020-10,q-fin.MF,12
2020-10,q-fin.PM,7
2020-10,q-fin.PR,3
2020-10,q-fin.RM,9
2020-10,q-fin.ST,21
2020-10,q-fin.TR,9
2020-10,quant-ph,553
2020-10,stat.AP,80
2020-10,stat.CO,26
2020-10,stat.ME,168
2020-10,stat.ML,184
2020-10,stat.OT,8
2020-11,astro-ph.CO,210
2020-11,astro-ph.EP,153
2020-11,astro-ph.GA,342
2020-11,astro-ph.HE,252
2020-11,astro-ph.IM,125
2020-11,astro-ph.SR,215
2020-11,cond-mat.dis-nn,44
2020-11,cond-mat.mes-hall,307
2020-11,cond-mat.mtrl-sci,386
2020-11,cond-mat.other,14
2020-11,cond-mat.quant-gas,86
2020-11,cond-mat.soft,174
2020-11,cond-mat.stat-mech,125
2020-11,cond-mat.str-el,182
2020-11,cond-mat.supr-con,93
2020-11,cs.AI,177
2020-11,cs.AR,37
2020-11,cs.CC,34
2020-11,cs.CE,31
2020-11,cs.CG,23
2020-11,cs.CL,490
2020-11,cs.CR,194
2020-11,cs.CV,1022
2020-11,cs.CY,113
2020-11,cs.DB,37
2020-11,cs.DC,97
2020-11,cs.DL,23
2020-11,cs.DM,20
2020-11,cs.DS,148
2020-11,cs.ET,16
2020-11,cs.FL,28
2020-11,cs.GR,21
2020-11,cs.GT,42
2020-11,cs.HC,67
2020-11,cs.IR,68
2020-11,cs.IT,194
2020-11,cs.LG,965
2020-11,cs.LO,27
2020-11,cs.MA,17
2020-11,cs.MM,9
2020-11,cs.MS,7
2020-11,cs.NE,44
2020-11,cs.NI,96
2020-11,cs.OH,2
2020-11,cs.OS,3
2020-11,cs.PF,11
2020-11,cs.PL,35
2020-11,cs.RO,438
2020-11,cs.SC,5
2020-11,cs.SD,91
2020-11,cs.SE,81
2020-11,cs.SI,98
2020-11,econ.EM,30
2020-11,econ.GN,60
2020-11,econ.TH,24
2020-11,eess.AS,103
2020-11,eess.IV,202
2020-11,eess.SP,203
2020-11,eess.SY,236
2020-11,gr-qc,272
2020-11,hep-ex,52
2020-11,hep-lat,36
2020-11,hep-ph,374
2020-11,hep-th,342
2020-11,math-ph,96
2020-11,math.AC,41
2020-11,math.AG,159
2020-11,math.AP,317
2020-11,math.AT,52
2020-11,math.CA,77
2020-11,math.CO,233
2020-11,math.CT,22
2020-11,math.CV,62
2020-11,math.DG,109
2020-11,math.DS,124
2020-11,math.FA,118
2020-11,math.GM,15
2020-11,math.GN,14
2020-11,math.GR,59
2020-11,math.GT,81
2020-11,math.HO,15
2020-11,math.KT,9
2020-11,math.LO,56
2020-11,math.MG,26
2020-11,math.NA,251
2020-11,math.NT,177
2020-11,math.OA,30
2020-11,math.OC,264
2020-11,math.PR,199
2020-11,math.QA,24
2020-11,math.RA,46
2020-11,math.RT,77
2020-11,math.SG,26
2020-11,math.SP,27
2020-11,math.ST,97
2020-11,nlin.AO,8
2020-11,nlin.CD,12
2020-11,nlin.CG,2
2020-11,nlin.PS,19
2020-11,nlin.SI,19
2020-11,nucl-ex,40
2020-11,nucl-th,87
2020-11,physics.acc-ph,22
2020-11,physics.ao-ph,35
2020-11,physics.app-ph,121
2020-11,physics.atm-clus,6
2020-11,physics.atom-ph,44
2020-11,physics.bio-ph,26
2020-11,physics.chem-ph,85
2020-11,physics.class-ph,13
2020-11,physics.comp-ph,35
2020-11,physics.data-an,15
2020-11,physics.ed-ph,18
2020-11,physics.flu-dyn,156
2020-11,physics.gen-ph,18
2020-11,physics.geo-ph,30
2020-11,physics.hist-ph,19
2020-11,physics.ins-det,85
2020-11,physics.med-ph,45
2020-11,physics.optics,164
2020-11,physics.plasm-ph,90
2020-11,physics.pop-ph,7
2020-11,physics.soc-ph,79
2020-11,physics.space-ph,13
2020-11,q-bio.BM,16
2020-11,q-bio.CB,4
2020-11,q-bio.GN,13
2020-11,q-bio.MN,7
2020-11,q-bio.NC,44
2020-11,q-bio.OT,10
2020-11,q-bio.PE,59
2020-11,q-bio.QM,45
2020-11,q-bio.TO,11
2020-11,q-fin.CP,7
2020-11,q-fin.GN,9
2020-11,q-fin.MF,18
2020-11,q-fin.PM,7
2020-11,q-fin.PR,2
2020-11,q-fin.RM,7
2020-11,q-fin.ST,13
2020-11,q-fin.TR,7
2020-11,quant-ph,592
2020-11,stat.AP,81
2020-11,stat.CO,23
2020-11,stat.ME,188
2020-11,stat.ML,135
2020-11,stat.OT,1
2020-12,astro-ph.CO,174
2020-12,astro-ph.EP,144
2020-12,astro-ph.GA,311
2020-12,astro-ph.HE,251
2020-12,astro-ph.IM,265
2020-12,astro-ph.SR,209
2020-12,cond-mat.dis-nn,52
2020-12,cond-mat.mes-hall,338
2020-12,cond-mat.mtrl-sci,379
2020-12,cond-mat.other,15
2020-12,cond-mat.quant-gas,77
2020-12,cond-mat.soft,163
2020-12,cond-mat.stat-mech,139
2020-12,cond-mat.str-el,232
2020-12,cond-mat.supr-con,125
2020-12,cs.AI,199
2020-12,cs.AR,32
2020-12,cs.CC,30
2020-12,cs.CE,37
2020-12,cs.CG,32
2020-12,cs.CL,502
2020-12,cs.CR,208
2020-12,cs.CV,1123
2020-12,cs.CY,91
2020-12,cs.DB,45
2020-12,cs.DC,99
2020-12,cs.DL,19
2020-12,cs.DM,15
2020-12,cs.DS,89
2020-12,cs.ET,15
2020-12,cs.FL,21
2020-12,cs.GL,1
2020-12,cs.GR,13
2020-12,cs.GT,59
2020-12,cs.HC,81
2020-12,cs.IR,85
2020-12,cs.IT,195
2020-12,cs.LG,1069
2020-12,cs.LO,43
2020-12,cs.MA,28
2020-12,cs.MM,20
2020-12,cs.MS,4
2020-12,cs.NE,37
2020-12,cs.NI,105
2020-12,cs.OH,9
2020-12,cs.OS,1
2020-12,cs.PF,7
2020-12,cs.PL,24
2020-12,cs.RO,248
2020-12,cs.SC,5
2020-12,cs.SD,49
2020-12,cs.SE,120
2020-12,cs.SI,98
2020-12,econ.EM,40
2020-12,econ.GN,72
2020-12,econ.TH,23
2020-12,eess.AS,51
2020-12,eess.IV,210
2020-12,eess.SP,188
2020-12,eess.SY,198
2020-12,gr-qc,317
2020-12,hep-ex,76
2020-12,hep-lat,31
2020-12,hep-ph,516
2020-12,hep-th,422
2020-12,math-ph,102
2020-12,math.AC,37
2020-12,math.AG,201
2020-12,math.AP,334
2020-12,math.AT,49
2020-12,math.CA,81
2020-12,math.CO,304
2020-12,math.CT,26
2020-12,math.CV,60
2020-12,math.DG,134
2020-12,math.DS,151
2020-12,math.FA,134
2020-12,math.GM,26
2020-12,math.GN,15
2020-12,math.GR,73
2020-12,math.GT,73
2020-12,math.HO,23
2020-12,math.KT,9
2020-12,math.LO,46
2020-12,math.MG,36
2020-12,math.NA,240
2020-12,math.NT,188
2020-12,math.OA,32
2020-12,math.OC,268
2020-12,math.PR,225
2020-12,math.QA,29
2020-12,math.RA,46
2020-12,math.RT,81
2020-12,math.SG,22
2020-12,math.SP,34
2020-12,math.ST,86
2020-12,nlin.AO,13
2020-12,nlin.CD,14
2020-12,nlin.CG,2
2020-12,nlin.PS,24
2020-12,nlin.SI,24
2020-12,nucl-ex,40
2020-12,nucl-th,96
2020-12,physics.acc-ph,25
2020-12,physics.ao-ph,47
2020-12,physics.app-ph,81
2020-12,physics.atm-clus,3
2020-12,physics.atom-ph,62
2020-12,physics.bio-ph,42
2020-12,physics.chem-ph,96
2020-12,physics.class-ph,30
2020-12,physics.comp-ph,36
2020-12,physics.data-an,11
2020-12,physics.ed-ph,21
2020-12,physics.flu-dyn,157
2020-12,physics.gen-ph,23
2020-12,physics.geo-ph,26
2020-12,physics.hist-ph,19
2020-12,physics.ins-det,75
2020-12,physics.med-ph,46
2020-12,physics.optics,215
2020-12,physics.plasm-ph,83
2020-12,physics.pop-ph,6
2020-12,physics.soc-ph,70
2020-12,physics.space-ph,20
2020-12,q-bio.BM,16
2020-12,q-bio.CB,3
2020-12,q-bio.GN,9
2020-12,q-bio.MN,8
2020-12,q-bio.NC,38
2020-12,q-bio.OT,6
2020-12,q-bio.PE,58
2020-12,q-bio.QM,30
2020-12,q-bio.SC,1
2020-12,q-bio.TO,10
2020-12,q-fin.CP,5
2020-12,q-fin.GN,9
2020-12,q-fin.MF,12
2020-12,q-fin.PM,6
2020-12,q-fin.RM,14
2020-12,q-fin.ST,8
2020-12,q-fin.TR,16
2020-12,quant-ph,619
2020-12,stat.AP,79
2020-12,stat.CO,25
2020-12,stat.ME,174
2020-12,stat.ML,117
2020-12,stat.OT,5
2021-01,astro-ph.CO,134
2021-01,astro-ph.EP,180
2021-01,astro-ph.GA,319
2021-01,astro-ph.HE,229
2021-01,astro-ph.IM,147
2021-01,astro-ph.SR,198
2021-01,cond-mat.dis-nn,38
2021-01,cond-mat.mes-hall,240
2021-01,cond-mat.mtrl-sci,330
2021-01,cond-mat.other,4
2021-01,cond-mat.quant-gas,63
2021-01,cond-mat.soft,160
2021-01,cond-mat.stat-mech,114
2021-01,cond-mat.str-el,169
2021-01,cond-mat.supr-con,102
2021-01,cs.AI,133
2021-01,cs.AR,26
2021-01,cs.CC,20
2021-01,cs.CE,25
2021-01,cs.CG,26
2021-01,cs.CL,397
2021-01,cs.CR,198
2021-01,cs.CV,709
2021-01,cs.CY,123
2021-01,cs.DB,41
2021-01,cs.DC,78
2021-01,cs.DL,24
2021-01,cs.DM,22
2021-01,cs.DS,71
2021-01,cs.ET,12
2021-01,cs.FL,17
2021-01,cs.GR,14
2021-01,cs.GT,40
2021-01,cs.HC,151
2021-01,cs.IR,86
2021-01,cs.IT,243
2021-01,cs.LG,749
2021-01,cs.LO,66
2021-01,cs.MA,20
2021-01,cs.MM,19
2021-01,cs.MS,5
2021-01,cs.NE,41
2021-01,cs.NI,119
2021-01,cs.OH,2
2021-01,cs.OS,2
2021-01,cs.PF,4
2021-01,cs.PL,30
2021-01,cs.RO,197
2021-01,cs.SC,9
2021-01,cs.SD,45
2021-01,cs.SE,115
2021-01,cs.SI,94
2021-01,econ.EM,27
2021-01,econ.GN,62
2021-01,econ.TH,16
2021-01,eess.AS,39
2021-01,eess.IV,197
2021-01,eess.SP,165
2021-01,eess.SY,189
2021-01,gr-qc,282
2021-01,hep-ex,45
2021-01,hep-lat,31
2021-01,hep-ph,300
2021-01,hep-th,242
2021-01,math-ph,90
2021-01,math.AC,57
2021-01,math.AG,169
2021-01,math.AP,274
2021-01,math.AT,25
2021-01,math.CA,73
2021-01,math.CO,249
2021-01,math.CT,29
2021-01,math.CV,47
2021-01,math.DG,131
2021-01,math.DS,126
2021-01,math.FA,115
2021-01,math.GM,34
2021-01,math.GN,13
2021-01,math.GR,68
2021-01,math.GT,56
2021-01,math.HO,15
2021-01,math.KT,8
2021-01,math.LO,56
2021-01,math.MG,27
2021-01,math.NA,239
2021-01,math.NT,188
2021-01,math.OA,31
2021-01,math.OC,260
2021-01,math.PR,202
2021-01,math.QA,15
2021-01,math.RA,57
2021-01,math.RT,70
2021-01,math.SG,17
2021-01,math.SP,21
2021-01,math.ST,82
2021-01,nlin.AO,15
2021-01,nlin.CD,13
2021-01,nlin.CG,2
2021-01,nlin.PS,14
2021-01,nlin.SI,19
2021-01,nucl-ex,36
2021-01,nucl-th,81
2021-01,physics.acc-ph,25
2021-01,physics.ao-ph,28
2021-01,physics.app-ph,81
2021-01,physics.atm-clus,3
2021-01,physics.atom-ph,57
2021-01,physics.bio-ph,30
2021-01,physics.chem-ph,72
2021-01,physics.class-ph,26
2021-01,physics.comp-ph,42
2021-01,physics.data-an,25
2021-01,physics.ed-ph,17
2021-01,physics.flu-dyn,152
2021-01,physics.gen-ph,15
2021-01,physics.geo-ph,34
2021-01,physics.hist-ph,16
2021-01,physics.ins-det,77
2021-01,physics.med-ph,60
2021-01,physics.optics,197
2021-01,physics.plasm-ph,57
2021-01,physics.pop-ph,6
2021-01,physics.soc-ph,79
2021-01,physics.space-ph,11
2021-01,q-bio.BM,12
2021-01,q-bio.CB,3
2021-01,q-bio.GN,17
2021-01,q-bio.MN,8
2021-01,q-bio.NC,29
2021-01,q-bio.OT,8
2021-01,q-bio.PE,39
2021-01,q-bio.QM,40
2021-01,q-bio.SC,3
2021-01,q-bio.TO,14
2021-01,q-fin.CP,7
2021-01,q-fin.GN,6
2021-01,q-fin.MF,15
2021-01,q-fin.PM,5
2021-01,q-fin.PR,4
2021-01,q-fin.RM,8
2021-01,q-fin.ST,15
2021-01,q-fin.TR,6
2021-01,quant-ph,463
2021-01,stat.AP,77
2021-01,stat.CO,27
2021-01,stat.ME,156
2021-01,stat.ML,88
2021-01,stat.OT,6
2021-02,astro-ph.CO,146
2021-02,astro-ph.EP,146
2021-02,astro-ph.GA,292
2021-02,astro-ph.HE,198
2021-02,astro-ph.IM,110
2021-02,astro-ph.SR,193
2021-02,cond-mat.dis-nn,43
2021-02,cond-mat.mes-hall,244
2021-02,cond-mat.mtrl-sci,368
2021-02,cond-mat.other,6
2021-02,cond-mat.quant-gas,58
2021-02,cond-mat.soft,155
2021-02,cond-mat.stat-mech,125
2021-02,cond-mat.str-el,175
2021-02,cond-mat.supr-con,99
2021-02,cs.AI,190
2021-02,cs.AR,30
2021-02,cs.CC,25
2021-02,cs.CE,21
2021-02,cs.CG,15
2021-02,cs.CL,337
2021-02,cs.CR,204
2021-02,cs.CV,638
2021-02,cs.CY,108
2021-02,cs.DB,33
2021-02,cs.DC,116
2021-02,cs.DL,32
2021-02,cs.DM,21
2021-02,cs.DS,111
2021-02,cs.ET,12
2021-02,cs.FL,25
2021-02,cs.GR,18
2021-02,cs.GT,69
2021-02,cs.HC,107
2021-02,cs.IR,102
2021-02,cs.IT,271
2021-02,cs.LG,1251
2021-02,cs.LO,62
2021-02,cs.MA,32
2021-02,cs.MM,10
2021-02,cs.MS,9
2021-02,cs.NE,70
2021-02,cs.NI,109
2021-02,cs.OH,3
2021-02,cs.OS,1
2021-02,cs.PF,7
2021-02,cs.PL,27
2021-02,cs.RO,221
2021-02,cs.SC,16
2021-02,cs.SD,96
2021-02,cs.SE,184
2021-02,cs.SI,100
2021-02,econ.EM,47
2021-02,econ.GN,79
2021-02,econ.TH,29
2021-02,eess.AS,78
2021-02,eess.IV,159
2021-02,eess.SP,173
2021-02,eess.SY,202
2021-02,gr-qc,226
2021-02,hep-ex,62
2021-02,hep-lat,33
2021-02,hep-ph,353
2021-02,hep-th,237
2021-02,math-ph,75
2021-02,math.AC,37
2021-02,math.AG,143
2021-02,math.AP,296
2021-02,math.AT,27
2021-02,math.CA,48
2021-02,math.CO,245
2021-02,math.CT,32
2021-02,math.CV,38
2021-02,math.DG,112
2021-02,math.DS,113
2021-02,math.FA,101
2021-02,math.GM,24
2021-02,math.GN,19
2021-02,math.GR,67
2021-02,math.GT,44
2021-02,math.HO,12
2021-02,math.KT,8
2021-02,math.LO,47
2021-02,math.MG,34
2021-02,math.NA,232
2021-02,math.NT,188
2021-02,math.OA,23
2021-02,math.OC,238
2021-02,math.PR,192
2021-02,math.QA,17
2021-02,math.RA,44
2021-02,math.RT,81
2021-02,math.SG,29
2021-02,math.SP,17
2021-02,math.ST,78
2021-02,nlin.AO,19
2021-02,nlin.CD,15
2021-02,nlin.CG,1
2021-02,nlin.PS,22
2021-02,nlin.SI,22
2021-02,nucl-ex,31
2021-02,nucl-th,92
2021-02,physics.acc-ph,16
2021-02,physics.ao-ph,26
2021-02,physics.app-ph,76
2021-02,physics.atm-clus,4
2021-02,physics.atom-ph,44
2021-02,physics.bio-ph,40
2021-02,physics.chem-ph,84
2021-02,physics.class-ph,23
2021-02,physics.comp-ph,42
2021-02,physics.data-an,15
2021-02,physics.ed-ph,13
2021-02,physics.flu-dyn,167
2021-02,physics.gen-ph,9
2021-02,physics.geo-ph,17
2021-02,physics.hist-ph,8
2021-02,physics.ins-det,76
2021-02,physics.med-ph,49
2021-02,physics.optics,188
2021-02,physics.plasm-ph,69
2021-02,physics.pop-ph,5
2021-02,physics.soc-ph,64
2021-02,physics.space-ph,10
2021-02,q-bio.BM,18
2021-02,q-bio.CB,4
2021-02,q-bio.GN,14
2021-02,q-bio.MN,10
2021-02,q-bio.NC,39
2021-02,q-bio.OT,3
2021-02,q-bio.PE,54
2021-02,q-bio.QM,34
2021-02,q-bio.SC,1
2021-02,q-bio.TO,7
2021-02,q-fin.CP,10
2021-02,q-fin.GN,5
2021-02,q-fin.MF,12
2021-02,q-fin.PM,5
2021-02,q-fin.PR,5
2021-02,q-fin.RM,7
2021-02,q-fin.ST,12
2021-02,q-fin.TR,6
2021-02,quant-ph,514
2021-02,stat.AP,78
2021-02,stat.CO,21
2021-02,stat.ME,160
2021-02,stat.ML,169
2021-02,stat.OT,5
2021-03,astro-ph.CO,157
2021-03,astro-ph.EP,171
2021-03,astro-ph.GA,316
2021-03,astro-ph.HE,228
2021-03,astro-ph.IM,118
2021-03,astro-ph.SR,235
2021-03,cond-mat.dis-nn,32
2021-03,cond-mat.mes-hall,340
2021-03,cond-mat.mtrl-sci,422
2021-03,cond-mat.other,13
2021-03,cond-mat.quant-gas,73
2021-03,cond-mat.soft,193
2021-03,cond-mat.stat-mech,155
2021-03,cond-mat.str-el,233
2021-03,cond-mat.supr-con,133
2021-03,cs.AI,185
2021-03,cs.AR,35
2021-03,cs.CC,26
2021-03,cs.CE,39
2021-03,cs.CG,50
2021-03,cs.CL,426
2021-03,cs.CR,263
2021-03,cs.CV,1447
2021-03,cs.CY,88
2021-03,cs.DB,64
2021-03,cs.DC,119
2021-03,cs.DL,45
2021-03,cs.DM,21
2021-03,cs.DS,62
2021-03,cs.ET,24
2021-03,cs.FL,23
2021-03,cs.GR,28
2021-03,cs.GT,55
2021-03,cs.HC,102
2021-03,cs.IR,80
2021-03,cs.IT,224
2021-03,cs.LG,1015
2021-03,cs.LO,49
2021-03,cs.MA,19
2021-03,cs.MM,16
2021-03,cs.MS,11
2021-03,cs.NE,49
2021-03,cs.NI,102
2021-03,cs.OH,3
2021-03,cs.PF,9
2021-03,cs.PL,41
2021-03,cs.RO,469
2021-03,cs.SC,4
2021-03,cs.SD,72
2021-03,cs.SE,314
2021-03,cs.SI,97
2021-03,econ.EM,38
2021-03,econ.GN,63
2021-03,econ.TH,29
2021-03,eess.AS,72
2021-03,eess.IV,235
2021-03,eess.SP,184
2021-03,eess.SY,304
2021-03,gr-qc,303
2021-03,hep-ex,68
2021-03,hep-lat,35
2021-03,hep-ph,399
2021-03,hep-th,329
2021-03,math-ph,87
2021-03,math.AC,35
2021-03,math.AG,184
2021-03,math.AP,363
2021-03,math.AT,48
2021-03,math.CA,55
2021-03,math.CO,285
2021-03,math.CT,30
2021-03,math.CV,62
2021-03,math.DG,144
2021-03,math.DS,166
2021-03,math.FA,111
2021-03,math.GM,32
2021-03,math.GN,17
2021-03,math.GR,89
2021-03,math.GT,75
2021-03,math.HO,15
2021-03,math.KT,7
2021-03,math.LO,53
2021-03,math.MG,30
2021-03,math.NA,307
2021-03,math.NT,191
2021-03,math.OA,24
2021-03,math.OC,338
2021-03,math.PR,220
2021-03,math.QA,35
2021-03,math.RA,45
2021-03,math.RT,63
2021-03,math.SG,17
2021-03,math.SP,24
2021-03,math.ST,84
2021-03,nlin.AO,19
2021-03,nlin.CD,10
2021-03,nlin.PS,19
2021-03,nlin.SI,19
2021-03,nucl-ex,39
2021-03,nucl-th,114
2021-03,physics.acc-ph,34
2021-03,physics.ao-ph,17
2021-03,physics.app-ph,105
2021-03,physics.atm-clus,4
2021-03,physics.atom-ph,54
2021-03,physics.bio-ph,49
2021-03,physics.chem-ph,91
2021-03,physics.class-ph,27
2021-03,physics.comp-ph,46
2021-03,physics.data-an,16
2021-03,physics.ed-ph,10
2021-03,physics.flu-dyn,209
2021-03,physics.gen-ph,36
2021-03,physics.geo-ph,23
2021-03,physics.hist-ph,44
2021-03,physics.ins-det,88
2021-03,physics.med-ph,45
2021-03,physics.optics,234
2021-03,physics.plasm-ph,90
2021-03,physics.pop-ph,15
2021-03,physics.soc-ph,89
2021-03,physics.space-ph,13
2021-03,q-bio.BM,13
2021-03,q-bio.CB,3
2021-03,q-bio.GN,6
2021-03,q-bio.MN,9
2021-03,q-bio.NC,44
2021-03,q-bio.OT,3
2021-03,q-bio.PE,58
2021-03,q-bio.QM,32
2021-03,q-bio.SC,4
2021-03,q-bio.TO,21
2021-03,q-fin.CP,14
2021-03,q-fin.GN,9
2021-03,q-fin.MF,12
2021-03,q-fin.PM,9
2021-03,q-fin.PR,3
2021-03,q-fin.RM,11
2021-03,q-fin.ST,20
2021-03,q-fin.TR,12
2021-03,quant-ph,713
2021-03,stat.AP,79
2021-03,stat.CO,22
2021-03,stat.ME,206
2021-03,stat.ML,137
2021-03,stat.OT,5
2021-04,astro-ph.CO,135
2021-04,astro-ph.EP,172
2021-04,astro-ph.GA,290
2021-04,astro-ph.HE,213
2021-04,astro-ph.IM,94
2021-04,astro-ph.SR,186
2021-04,cond-mat.dis-nn,27
2021-04,cond-mat.mes-hall,266
2021-04,cond-mat.mtrl-sci,377
2021-04,cond-mat.other,12
2021-04,cond-mat.quant-gas,64
2021-04,cond-mat.soft,141
2021-04,cond-mat.stat-mech,149
2021-04,cond-mat.str-el,188
2021-04,cond-mat.supr-con,106
2021-04,cs.AI,186
2021-04,cs.AR,41
2021-04,cs.CC,25
2021-04,cs.CE,35
2021-04,cs.CG,23
2021-04,cs.CL,801
2021-04,cs.CR,223
2021-04,cs.CV,1307
2021-04,cs.CY,97
2021-04,cs.DB,48
2021-04,cs.DC,116
2021-04,cs.DL,41
2021-04,cs.DM,18
2021-04,cs.DS,70
2021-04,cs.ET,11
2021-04,cs.FL,19
2021-04,cs.GL,3
2021-04,cs.GR,23
2021-04,cs.GT,42
2021-04,cs.HC,99
2021-04,cs.IR,84
2021-04,cs.IT,196
2021-04,cs.LG,860
2021-04,cs.LO,91
2021-04,cs.MA,21
2021-04,cs.MM,32
2021-04,cs.MS,11
2021-04,cs.NE,59
2021-04,cs.NI,116
2021-04,cs.OH,5
2021-04,cs.OS,5
2021-04,cs.PF,10
2021-04,cs.PL,33
2021-04,cs.RO,267
2021-04,cs.SC,3
2021-04,cs.SD,98
2021-04,cs.SE,153
2021-04,cs.SI,76
2021-04,econ.EM,20
2021-04,econ.GN,74
2021-04,econ.TH,18
2021-04,eess.AS,109
2021-04,eess.IV,179
2021-04,eess.SP,165
2021-04,eess.SY,229
2021-04,gr-qc,289
2021-04,hep-ex,51
2021-04,hep-lat,23
2021-04,hep-ph,423
2021-04,hep-th,278
2021-04,math-ph,91
2021-04,math.AC,45
2021-04,math.AG,126
2021-04,math.AP,321
2021-04,math.AT,41
2021-04,math.CA,73
2021-04,math.CO,283
2021-04,math.CT,27
2021-04,math.CV,62
2021-04,math.DG,113
2021-04,math.DS,122
2021-04,math.FA,112
2021-04,math.GM,28
2021-04,math.GN,19
2021-04,math.GR,47
2021-04,math.GT,67
2021-04,math.HO,11
2021-04,math.KT,5
2021-04,math.LO,46
2021-04,math.MG,27
2021-04,math.NA,251
2021-04,math.NT,168
2021-04,math.OA,27
2021-04,math.OC,272
2021-04,math.PR,200
2021-04,math.QA,35
2021-04,math.RA,55
2021-04,math.RT,58
2021-04,math.SG,19
2021-04,math.SP,23
2021-04,math.ST,87
2021-04,nlin.AO,15
2021-04,nlin.CD,12
2021-04,nlin.CG,2
2021-04,nlin.PS,24
2021-04,nlin.SI,24
2021-04,nucl-ex,26
2021-04,nucl-th,88
2021-04,physics.acc-ph,34
2021-04,physics.ao-ph,36
2021-04,physics.app-ph,96
2021-04,physics.atm-clus,6
2021-04,physics.atom-ph,48
2021-04,physics.bio-ph,44
2021-04,physics.chem-ph,83
2021-04,physics.class-ph,22
2021-04,physics.comp-ph,47
2021-04,physics.data-an,13
2021-04,physics.ed-ph,17
2021-04,physics.flu-dyn,141
2021-04,physics.gen-ph,24
2021-04,physics.geo-ph,40
2021-04,physics.hist-ph,19
2021-04,physics.ins-det,74
2021-04,physics.med-ph,36
2021-04,physics.optics,225
2021-04,physics.plasm-ph,99
2021-04,physics.pop-ph,8
2021-04,physics.soc-ph,74
2021-04,physics.space-ph,12
2021-04,q-bio.BM,13
2021-04,q-bio.CB,6
2021-04,q-bio.GN,7
2021-04,q-bio.MN,12
2021-04,q-bio.NC,38
2021-04,q-bio.OT,3
2021-04,q-bio.PE,40
2021-04,q-bio.QM,29
2021-04,q-bio.SC,2
2021-04,q-bio.TO,15
2021-04,q-fin.CP,8
2021-04,q-fin.GN,3
2021-04,q-fin.MF,14
2021-04,q-fin.PM,8
2021-04,q-fin.PR,6
2021-04,q-fin.RM,9
2021-04,q-fin.ST,15
2021-04,q-fin.TR,3
2021-04,quant-ph,595
2021-04,stat.AP,59
2021-04,stat.CO,22
2021-04,stat.ME,180
2021-04,stat.ML,113
2021-04,stat.OT,3
2021-05,astro-ph.CO,166
2021-05,astro-ph.EP,167
2021-05,astro-ph.GA,293
2021-05,astro-ph.HE,215
2021-05,astro-ph.IM,83
2021-05,astro-ph.SR,191
2021-05,cond-mat.dis-nn,46
2021-05,cond-mat.mes-hall,308
2021-05,cond-mat.mtrl-sci,343
2021-05,cond-mat.other,8
2021-05,cond-mat.quant-gas,71
2021-05,cond-mat.soft,138
2021-05,cond-mat.stat-mech,123
2021-05,cond-mat.str-el,206
2021-05,cond-mat.supr-con,110
2021-05,cs.AI,223
2021-05,cs.AR,38
2021-05,cs.CC,24
2021-05,cs.CE,21
2021-05,cs.CG,31
2021-05,cs.CL,567
2021-05,cs.CR,243
2021-05,cs.CV,969
2021-05,cs.CY,102
2021-05,cs.DB,45
2021-05,cs.DC,148
2021-05,cs.DL,32
2021-05,cs.DM,24
2021-05,cs.DS,118
2021-05,cs.ET,23
2021-05,cs.FL,37
2021-05,cs.GL,1
2021-05,cs.GR,19
2021-05,cs.GT,61
2021-05,cs.HC,99
2021-05,cs.IR,132
2021-05,cs.IT,272
2021-05,cs.LG,994
2021-05,cs.LO,79
2021-05,cs.MA,34
2021-05,cs.MM,16
2021-05,cs.MS,3
2021-05,cs.NE,55
2021-05,cs.NI,136
2021-05,cs.OH,7
2021-05,cs.OS,1
2021-05,cs.PF,4
2021-05,cs.PL,42
2021-05,cs.RO,244
2021-05,cs.SC,7
2021-05,cs.SD,71
2021-05,cs.SE,124
2021-05,cs.SI,102
2021-05,econ.EM,26
2021-05,econ.GN,68
2021-05,econ.TH,35
2021-05,eess.AS,52
2021-05,eess.IV,211
2021-05,eess.SP,170
2021-05,eess.SY,182
2021-05,gr-qc,346
2021-05,hep-ex,77
2021-05,hep-lat,32
2021-05,hep-ph,432
2021-05,hep-th,329
2021-05,math-ph,86
2021-05,math.AC,43
2021-05,math.AG,171
2021-05,math.AP,304
2021-05,math.AT,46
2021-05,math.CA,64
2021-05,math.CO,270
2021-05,math.CT,41
2021-05,math.CV,53
2021-05,math.DG,148
2021-05,math.DS,138
2021-05,math.FA,110
2021-05,math.GM,25
2021-05,math.GN,14
2021-05,math.GR,75
2021-05,math.GT,64
2021-05,math.HO,26
2021-05,math.KT,9
2021-05,math.LO,58
2021-05,math.MG,36
2021-05,math.NA,274
2021-05,math.NT,182
2021-05,math.OA,35
2021-05,math.OC,271
2021-05,math.PR,220
2021-05,math.QA,21
2021-05,math.RA,52
2021-05,math.RT,84
2021-05,math.SG,15
2021-05,math.SP,15
2021-05,math.ST,89
2021-05,nlin.AO,17
2021-05,nlin.CD,18
2021-05,nlin.CG,1
2021-05,nlin.PS,21
2021-05,nlin.SI,15
2021-05,nucl-ex,34
2021-05,nucl-th,93
2021-05,physics.acc-ph,39
2021-05,physics.ao-ph,24
2021-05,physics.app-ph,104
2021-05,physics.atm-clus,5
2021-05,physics.atom-ph,64
2021-05,physics.bio-ph,29
2021-05,physics.chem-ph,75
2021-05,physics.class-ph,27
2021-05,physics.comp-ph,41
2021-05,physics.data-an,19
2021-05,physics.ed-ph,17
2021-05,physics.flu-dyn,146
2021-05,physics.gen-ph,23
2021-05,physics.geo-ph,29
2021-05,physics.hist-ph,11
2021-05,physics.ins-det,89
2021-05,physics.med-ph,43
2021-05,physics.optics,202
2021-05,physics.plasm-ph,70
2021-05,physics.pop-ph,9
2021-05,physics.soc-ph,67
2021-05,physics.space-ph,13
2021-05,q-bio.BM,13
2021-05,q-bio.CB,5
2021-05,q-bio.GN,11
2021-05,q-bio.MN,10
2021-05,q-bio.NC,31
2021-05,q-bio.OT,6
2021-05,q-bio.PE,39
2021-05,q-bio.QM,33
2021-05,q-bio.SC,3
2021-05,q-bio.TO,8
2021-05,q-fin.CP,12
2021-05,q-fin.GN,5
2021-05,q-fin.MF,10
2021-05,q-fin.PM,8
2021-05,q-fin.PR,7
2021-05,q-fin.RM,6
2021-05,q-fin.ST,12
2021-05,q-fin.TR,7
2021-05,quant-ph,614
2021-05,stat.AP,62
2021-05,stat.CO,26
2021-05,stat.ME,186
2021-05,stat.ML,128
2021-05,stat.OT,8
2021-06,astro-ph.CO,179
2021-06,astro-ph.EP,126
2021-06,astro-ph.GA,330
2021-06,astro-ph.HE,244
2021-06,astro-ph.IM,96
2021-06,astro-ph.SR,196
2021-06,cond-mat.dis-nn,38
2021-06,cond-mat.mes-hall,286
2021-06,cond-mat.mtrl-sci,326
2021-06,cond-mat.other,10
2021-06,cond-mat.quant-gas,72
2021-06,cond-mat.soft,135
2021-06,cond-mat.stat-mech,144
2021-06,cond-mat.str-el,194
2021-06,cond-mat.supr-con,130
2021-06,cs.AI,207
2021-06,cs.AR,26
2021-06,cs.CC,25
2021-06,cs.CE,26
2021-06,cs.CG,39
2021-06,cs.CL,746
2021-06,cs.CR,234
2021-06,cs.CV,1179
2021-06,cs.CY,86
2021-06,cs.DB,38
2021-06,cs.DC,109
2021-06,cs.DL,38
2021-06,cs.DM,22
2021-06,cs.DS,128
2021-06,cs.ET,21
2021-06,cs.FL,22
2021-06,cs.GR,21
2021-06,cs.GT,85
2021-06,cs.HC,97
2021-06,cs.IR,120
2021-06,cs.IT,203
2021-06,cs.LG,1644
2021-06,cs.LO,63
2021-06,cs.MA,25
2021-06,cs.MM,11
2021-06,cs.MS,4
2021-06,cs.NE,66
2021-06,cs.NI,106
2021-06,cs.OH,9
2021-06,cs.OS,1
2021-06,cs.PF,10
2021-06,cs.PL,34
2021-06,cs.RO,216
2021-06,cs.SC,7
2021-06,cs.SD,100
2021-06,cs.SE,113
2021-06,cs.SI,99
2021-06,econ.EM,21
2021-06,econ.GN,56
2021-06,econ.TH,25
2021-06,eess.AS,119
2021-06,eess.IV,211
2021-06,eess.SP,200
2021-06,eess.SY,199
2021-06,gr-qc,273
2021-06,hep-ex,57
2021-06,hep-lat,29
2021-06,hep-ph,380
2021-06,hep-th,324
2021-06,math-ph,104
2021-06,math.AC,59
2021-06,math.AG,155
2021-06,math.AP,333
2021-06,math.AT,54
2021-06,math.CA,66
2021-06,math.CO,293
2021-06,math.CT,25
2021-06,math.CV,59
2021-06,math.DG,129
2021-06,math.DS,131
2021-06,math.FA,105
2021-06,math.GM,23
2021-06,math.GN,12
2021-06,math.GR,69
2021-06,math.GT,57
2021-06,math.HO,16
2021-06,math.KT,4
2021-06,math.LO,51
2021-06,math.MG,30
2021-06,math.NA,273
2021-06,math.NT,180
2021-06,math.OA,19
2021-06,math.OC,324
2021-06,math.PR,205
2021-06,math.QA,25
2021-06,math.RA,44
2021-06,math.RT,72
2021-06,math.SG,21
2021-06,math.SP,20
2021-06,math.ST,86
2021-06,nlin.AO,12
2021-06,nlin.CD,15
2021-06,nlin.CG,3
2021-06,nlin.PS,21
2021-06,nlin.SI,17
2021-06,nucl-ex,31
2021-06,nucl-th,91
2021-06,physics.acc-ph,39
2021-06,physics.ao-ph,25
2021-06,physics.app-ph,102
2021-06,physics.atm-clus,7
2021-06,physics.atom-ph,52
2021-06,physics.bio-ph,42
2021-06,physics.chem-ph,85
2021-06,physics.class-ph,25
2021-06,physics.comp-ph,55
2021-06,physics.data-an,10
2021-06,physics.ed-ph,20
2021-06,physics.flu-dyn,177
2021-06,physics.gen-ph,27
2021-06,physics.geo-ph,30
2021-06,physics.hist-ph,10
2021-06,physics.ins-det,86
2021-06,physics.med-ph,39
2021-06,physics.optics,201
2021-06,physics.plasm-ph,79
2021-06,physics.pop-ph,8
2021-06,physics.soc-ph,76
2021-06,physics.space-ph,9
2021-06,q-bio.BM,13
2021-06,q-bio.CB,3
2021-06,q-bio.GN,11
2021-06,q-bio.MN,13
2021-06,q-bio.NC,52
2021-06,q-bio.OT,3
2021-06,q-bio.PE,38
2021-06,q-bio.QM,28
2021-06,q-bio.SC,1
2021-06,q-bio.TO,3
2021-06,q-fin.CP,9
2021-06,q-fin.GN,10
2021-06,q-fin.MF,12
2021-06,q-fin.PM,11
2021-06,q-fin.PR,1
2021-06,q-fin.RM,10
2021-06,q-fin.ST,21
2021-06,q-fin.TR,9
2021-06,quant-ph,629
2021-06,stat.AP,92
2021-06,stat.CO,32
2021-06,stat.ME,195
2021-06,stat.ML,211
2021-06,stat.OT,1
2021-07,astro-ph.CO,171
2021-07,astro-ph.EP,145
2021-07,astro-ph.GA,274
2021-07,astro-ph.HE,311
2021-07,astro-ph.IM,135
2021-07,astro-ph.SR,238
2021-07,cond-mat.dis-nn,45
2021-07,cond-mat.mes-hall,281
2021-07,cond-mat.mtrl-sci,337
2021-07,cond-mat.other,12
2021-07,cond-mat.quant-gas,57
2021-07,cond-mat.soft,144
2021-07,cond-mat.stat-mech,127
2021-07,cond-mat.str-el,222
2021-07,cond-mat.supr-con,110
2021-07,cs.AI,177
2021-07,cs.AR,32
2021-07,cs.CC,45
2021-07,cs.CE,29
2021-07,cs.CG,31
2021-07,cs.CL,363
2021-07,cs.CR,201
2021-07,cs.CV,983
2021-07,cs.CY,91
2021-07,cs.DB,62
2021-07,cs.DC,102
2021-07,cs.DL,35
2021-07,cs.DM,23
2021-07,cs.DS,128
2021-07,cs.ET,19
2021-07,cs.FL,16
2021-07,cs.GR,22
2021-07,cs.GT,88
2021-07,cs.HC,104
2021-07,cs.IR,84
2021-07,cs.IT,214
2021-07,cs.LG,1026
2021-07,cs.LO,83
2021-07,cs.MA,20
2021-07,cs.MM,19
2021-07,cs.MS,10
2021-07,cs.NE,48
2021-07,cs.NI,99
2021-07,cs.OH,5
2021-07,cs.OS,1
2021-07,cs.PF,7
2021-07,cs.PL,41
2021-07,cs.RO,299
2021-07,cs.SC,5
2021-07,cs.SD,89
2021-07,cs.SE,134
2021-07,cs.SI,71
2021-07,econ.EM,27
2021-07,econ.GN,59
2021-07,econ.TH,30
2021-07,eess.AS,85
2021-07,eess.IV,227
2021-07,eess.SP,169
2021-07,eess.SY,168
2021-07,gr-qc,296
2021-07,hep-ex,85
2021-07,hep-lat,37
2021-07,hep-ph,461
2021-07,hep-th,295
2021-07,math-ph,95
2021-07,math.AC,52
2021-07,math.AG,183
2021-07,math.AP,355
2021-07,math.AT,50
2021-07,math.CA,76
2021-07,math.CO,289
2021-07,math.CT,19
2021-07,math.CV,51
2021-07,math.DG,129
2021-07,math.DS,124
2021-07,math.FA,120
2021-07,math.GM,16
2021-07,math.GN,16
2021-07,math.GR,83
2021-07,math.GT,59
2021-07,math.HO,14
2021-07,math.KT,6
2021-07,math.LO,50
2021-07,math.MG,30
2021-07,math.NA,222
2021-07,math.NT,156
2021-07,math.OA,39
2021-07,math.OC,273
2021-07,math.PR,196
2021-07,math.QA,31
2021-07,math.RA,64
2021-07,math.RT,86
2021-07,math.SG,18
2021-07,math.SP,24
2021-07,math.ST,98
2021-07,nlin.AO,9
2021-07,nlin.CD,16
2021-07,nlin.CG,3
2021-07,nlin.PS,21
2021-07,nlin.SI,12
2021-07,nucl-ex,35
2021-07,nucl-th,92
2021-07,physics.acc-ph,19
2021-07,physics.ao-ph,28
2021-07,physics.app-ph,115
2021-07,physics.atm-clus,3
2021-07,physics.atom-ph,60
2021-07,physics.bio-ph,30
2021-07,physics.chem-ph,85
2021-07,physics.class-ph,29
2021-07,physics.comp-ph,53
2021-07,physics.data-an,17
2021-07,physics.ed-ph,20
2021-07,physics.flu-dyn,152
2021-07,physics.gen-ph,32
2021-07,physics.geo-ph,23
2021-07,physics.hist-ph,15
2021-07,physics.ins-det,93
2021-07,physics.med-ph,43
2021-07,physics.optics,197
2021-07,physics.plasm-ph,69
2021-07,physics.pop-ph,9
2021-07,physics.soc-ph,100
2021-07,physics.space-ph,17
2021-07,q-bio.BM,13
2021-07,q-bio.CB,6
2021-07,q-bio.GN,14
2021-07,q-bio.MN,12
2021-07,q-bio.NC,36
2021-07,q-bio.OT,8
2021-07,q-bio.PE,42
2021-07,q-bio.QM,31
2021-07,q-bio.SC,3
2021-07,q-bio.TO,4
2021-07,q-fin.CP,10
2021-07,q-fin.GN,9
2021-07,q-fin.MF,14
2021-07,q-fin.PM,5
2021-07,q-fin.PR,4
2021-07,q-fin.RM,18
2021-07,q-fin.ST,24
2021-07,q-fin.TR,8
2021-07,quant-ph,608
2021-07,stat.AP,58
2021-07,stat.CO,22
2021-07,stat.ME,184
2021-07,stat.ML,112
2021-07,stat.OT,2
2021-08,astro-ph.CO,147
2021-08,astro-ph.EP,146
2021-08,astro-ph.GA,220
2021-08,astro-ph.HE,295
2021-08,astro-ph.IM,121
2021-08,astro-ph.SR,188
2021-08,cond-mat.dis-nn,37
2021-08,cond-mat.mes-hall,284
2021-08,cond-mat.mtrl-sci,307
2021-08,cond-mat.other,8
2021-08,cond-mat.quant-gas,70
2021-08,cond-mat.soft,138
2021-08,cond-mat.stat-mech,115
2021-08,cond-mat.str-el,177
2021-08,cond-mat.supr-con,108
2021-08,cs.AI,162
2021-08,cs.AR,28
2021-08,cs.CC,16
2021-08,cs.CE,37
2021-08,cs.CG,29
2021-08,cs.CL,424
2021-08,cs.CR,189
2021-08,cs.CV,1146
2021-08,cs.CY,152
2021-08,cs.DB,30
2021-08,cs.DC,134
2021-08,cs.DL,25
2021-08,cs.DM,20
2021-08,cs.DS,85
2021-08,cs.ET,13
2021-08,cs.FL,17
2021-08,cs.GR,22
2021-08,cs.GT,25
2021-08,cs.HC,121
2021-08,cs.IR,116
2021-08,cs.IT,184
2021-08,cs.LG,773
2021-08,cs.LO,66
2021-08,cs.MA,13
2021-08,cs.MM,14
2021-08,cs.MS,9
2021-08,cs.NE,37
2021-08,cs.NI,96
2021-08,cs.OH,11
2021-08,cs.PF,6
2021-08,cs.PL,37
2021-08,cs.RO,254
2021-08,cs.SC,1
2021-08,cs.SD,66
2021-08,cs.SE,158
2021-08,cs.SI,61
2021-08,econ.EM,25
2021-08,econ.GN,47
2021-08,econ.TH,28
2021-08,eess.AS,61
2021-08,eess.IV,189
2021-08,eess.SP,182
2021-08,eess.SY,173
2021-08,gr-qc,274
2021-08,hep-ex,55
2021-08,hep-lat,28
2021-08,hep-ph,385
2021-08,hep-th,272
2021-08,math-ph,111
2021-08,math.AC,42
2021-08,math.AG,182
2021-08,math.AP,284
2021-08,math.AT,43
2021-08,math.CA,58
2021-08,math.CO,277
2021-08,math.CT,19
2021-08,math.CV,43
2021-08,math.DG,132
2021-08,math.DS,108
2021-08,math.FA,102
2021-08,math.GM,22
2021-08,math.GN,13
2021-08,math.GR,44
2021-08,math.GT,71
2021-08,math.HO,17
2021-08,math.KT,6
2021-08,math.LO,46
2021-08,math.MG,33
2021-08,math.NA,224
2021-08,math.NT,193
2021-08,math.OA,39
2021-08,math.OC,202
2021-08,math.PR,180
2021-08,math.QA,21
2021-08,math.RA,56
2021-08,math.RT,75
2021-08,math.SG,17
2021-08,math.SP,21
2021-08,math.ST,69
2021-08,nlin.AO,10
2021-08,nlin.CD,11
2021-08,nlin.CG,1
2021-08,nlin.PS,21
2021-08,nlin.SI,12
2021-08,nucl-ex,35
2021-08,nucl-th,85
2021-08,physics.acc-ph,25
2021-08,physics.ao-ph,31
2021-08,physics.app-ph,105
2021-08,physics.atm-clus,1
2021-08,physics.atom-ph,49
2021-08,physics.bio-ph,27
2021-08,physics.chem-ph,79
2021-08,physics.class-ph,15
2021-08,physics.comp-ph,36
2021-08,physics.data-an,14
2021-08,physics.ed-ph,28
2021-08,physics.flu-dyn,147
2021-08,physics.gen-ph,38
2021-08,physics.geo-ph,26
2021-08,physics.hist-ph,11
2021-08,physics.ins-det,64
2021-08,physics.med-ph,46
2021-08,physics.optics,196
2021-08,physics.plasm-ph,65
2021-08,physics.pop-ph,3
2021-08,physics.soc-ph,78
2021-08,physics.space-ph,21
2021-08,q-bio.BM,13
2021-08,q-bio.CB,1
2021-08,q-bio.GN,6
2021-08,q-bio.MN,6
2021-08,q-bio.NC,33
2021-08,q-bio.OT,5
2021-08,q-bio.PE,35
2021-08,q-bio.QM,41
2021-08,q-bio.TO,2
2021-08,q-fin.CP,8
2021-08,q-fin.GN,12
2021-08,q-fin.MF,10
2021-08,q-fin.PM,6
2021-08,q-fin.PR,5
2021-08,q-fin.RM,7
2021-08,q-fin.ST,10
2021-08,q-fin.TR,2
2021-08,quant-ph,563
2021-08,stat.AP,54
2021-08,stat.CO,22
2021-08,stat.ME,151
2021-08,stat.ML,75
2021-08,stat.OT,6
2021-09,astro-ph.CO,192
2021-09,astro-ph.EP,157
2021-09,astro-ph.GA,364
2021-09,astro-ph.HE,273
2021-09,astro-ph.IM,110
2021-09,astro-ph.SR,238
2021-09,cond-mat.dis-nn,37
2021-09,cond-mat.mes-hall,226
2021-09,cond-mat.mtrl-sci,345
2021-09,cond-mat.other,12
2021-09,cond-mat.quant-gas,72
2021-09,cond-mat.soft,117
2021-09,cond-mat.stat-mech,139
2021-09,cond-mat.str-el,205
2021-09,cond-mat.supr-con,125
2021-09,cs.AI,188
2021-09,cs.AR,30
2021-09,cs.CC,27
2021-09,cs.CE,21
2021-09,cs.CG,30
2021-09,cs.CL,995
2021-09,cs.CR,240
2021-09,cs.CV,871
2021-09,cs.CY,72
2021-09,cs.DB,27
2021-09,cs.DC,119
2021-09,cs.DL,36
2021-09,cs.DM,16
2021-09,cs.DS,74
2021-09,cs.ET,17
2021-09,cs.FL,16
2021-09,cs.GL,1
2021-09,cs.GR,26
2021-09,cs.GT,58
2021-09,cs.HC,111
2021-09,cs.IR,109
2021-09,cs.IT,195
2021-09,cs.LG,979
2021-09,cs.LO,74
2021-09,cs.MA,19
2021-09,cs.MM,15
2021-09,cs.MS,7
2021-09,cs.NE,53
2021-09,cs.NI,123
2021-09,cs.OH,3
2021-09,cs.OS,2
2021-09,cs.PF,9
2021-09,cs.PL,38
2021-09,cs.RO,453
2021-09,cs.SC,4
2021-09,cs.SD,72
2021-09,cs.SE,109
2021-09,cs.SI,87
2021-09,econ.EM,36
2021-09,econ.GN,45
2021-09,econ.TH,29
2021-09,eess.AS,64
2021-09,eess.IV,238
2021-09,eess.SP,185
2021-09,eess.SY,207
2021-09,gr-qc,273
2021-09,hep-ex,69
2021-09,hep-lat,40
2021-09,hep-ph,428
2021-09,hep-th,294
2021-09,math-ph,88
2021-09,math.AC,42
2021-09,math.AG,145
2021-09,math.AP,339
2021-09,math.AT,46
2021-09,math.CA,69
2021-09,math.CO,277
2021-09,math.CT,27
2021-09,math.CV,49
2021-09,math.DG,137
2021-09,math.DS,127
2021-09,math.FA,108
2021-09,math.GM,25
2021-09,math.GN,23
2021-09,math.GR,67
2021-09,math.GT,76
2021-09,math.HO,14
2021-09,math.KT,11
2021-09,math.LO,62
2021-09,math.MG,40
2021-09,math.NA,216
2021-09,math.NT,206
2021-09,math.OA,39
2021-09,math.OC,292
2021-09,math.PR,195
2021-09,math.QA,24
2021-09,math.RA,42
2021-09,math.RT,87
2021-09,math.SG,20
2021-09,math.SP,17
2021-09,math.ST,73
2021-09,nlin.AO,10
2021-09,nlin.CD,18
2021-09,nlin.PS,15
2021-09,nlin.SI,21
2021-09,nucl-ex,37
2021-09,nucl-th,92
2021-09,physics.acc-ph,30
2021-09,physics.ao-ph,18
2021-09,physics.app-ph,94
2021-09,physics.atm-clus,4
2021-09,physics.atom-ph,52
2021-09,physics.bio-ph,35
2021-09,physics.chem-ph,84
2021-09,physics.class-ph,14
2021-09,physics.comp-ph,48
2021-09,physics.data-an,12
2021-09,physics.ed-ph,15
2021-09,physics.flu-dyn,133
2021-09,physics.gen-ph,25
2021-09,physics.geo-ph,25
2021-09,physics.hist-ph,13
2021-09,physics.ins-det,80
2021-09,physics.med-ph,45
2021-09,physics.optics,202
2021-09,physics.plasm-ph,78
2021-09,physics.pop-ph,5
2021-09,physics.soc-ph,78
2021-09,physics.space-ph,12
2021-09,q-bio.BM,12
2021-09,q-bio.CB,6
2021-09,q-bio.GN,9
2021-09,q-bio.MN,12
2021-09,q-bio.NC,39
2021-09,q-bio.OT,4
2021-09,q-bio.PE,50
2021-09,q-bio.QM,37
2021-09,q-bio.SC,1
2021-09,q-bio.TO,5
2021-09,q-fin.CP,5
2021-09,q-fin.GN,7
2021-09,q-fin.MF,5
2021-09,q-fin.PM,6
2021-09,q-fin.PR,8
2021-09,q-fin.RM,8
2021-09,q-fin.ST,10
2021-09,q-fin.TR,8
2021-09,quant-ph,578
2021-09,stat.AP,63
2021-09,stat.CO,23
2021-09,stat.ME,183
2021-09,stat.ML,106
2021-09,stat.OT,1
2021-10,astro-ph.CO,211
2021-10,astro-ph.EP,205
2021-10,astro-ph.GA,325
2021-10,astro-ph.HE,249
2021-10,astro-ph.IM,84
2021-10,astro-ph.SR,207
2021-10,cond-mat.dis-nn,38
2021-10,cond-mat.mes-hall,285
2021-10,cond-mat.mtrl-sci,407
2021-10,cond-mat.other,13
2021-10,cond-mat.quant-gas,73
2021-10,cond-mat.soft,144
2021-10,cond-mat.stat-mech,136
2021-10,cond-mat.str-el,191
2021-10,cond-mat.supr-con,107
2021-10,cs.AI,170
2021-10,cs.AR,34
2021-10,cs.CC,24
2021-10,cs.CE,26
2021-10,cs.CG,22
2021-10,cs.CL,660
2021-10,cs.CR,219
2021-10,cs.CV,1142
2021-10,cs.CY,99
2021-10,cs.DB,48
2021-10,cs.DC,99
2021-10,cs.DL,25
2021-10,cs.DM,13
2021-10,cs.DS,107
2021-10,cs.ET,20
2021-10,cs.FL,18
2021-10,cs.GR,17
2021-10,cs.GT,59
2021-10,cs.HC,111
2021-10,cs.IR,108
2021-10,cs.IT,222
2021-10,cs.LG,1571
2021-10,cs.LO,55
2021-10,cs.MA,27
2021-10,cs.MM,20
2021-10,cs.MS,8
2021-10,cs.NE,55
2021-10,cs.NI,110
2021-10,cs.OH,7
2021-10,cs.OS,1
2021-10,cs.PF,6
2021-10,cs.PL,34
2021-10,cs.RO,307
2021-10,cs.SC,3
2021-10,cs.SD,139
2021-10,cs.SE,121
2021-10,cs.SI,88
2021-10,econ.EM,35
2021-10,econ.GN,36
2021-10,econ.TH,26
2021-10,eess.AS,171
2021-10,eess.IV,221
2021-10,eess.SP,221
2021-10,eess.SY,249
2021-10,gr-qc,305
2021-10,hep-ex,97
2021-10,hep-lat,82
2021-10,hep-ph,468
2021-10,hep-th,344
2021-10,math-ph,85
2021-10,math.AC,26
2021-10,math.AG,158
2021-10,math.AP,314
2021-10,math.AT,46
2021-10,math.CA,69
2021-10,math.CO,300
2021-10,math.CT,22
2021-10,math.CV,45
2021-10,math.DG,139
2021-10,math.DS,121
2021-10,math.FA,113
2021-10,math.GM,25
2021-10,math.GN,16
2021-10,math.GR,69
2021-10,math.GT,69
2021-10,math.HO,9
2021-10,math.KT,11
2021-10,math.LO,70
2021-10,math.MG,34
2021-10,math.NA,254
2021-10,math.NT,197
2021-10,math.OA,36
2021-10,math.OC,279
2021-10,math.PR,218
2021-10,math.QA,27
2021-10,math.RA,37
2021-10,math.RT,72
2021-10,math.SG,31
2021-10,math.SP,25
2021-10,math.ST,92
2021-10,nlin.AO,12
2021-10,nlin.CD,16
2021-10,nlin.CG,1
2021-10,nlin.PS,13
2021-10,nlin.SI,17
2021-10,nucl-ex,54
2021-10,nucl-th,76
2021-10,physics.acc-ph,23
2021-10,physics.ao-ph,27
2021-10,physics.app-ph,122
2021-10,physics.atm-clus,4
2021-10,physics.atom-ph,39
2021-10,physics.bio-ph,31
2021-10,physics.chem-ph,82
2021-10,physics.class-ph,28
2021-10,physics.comp-ph,47
2021-10,physics.data-an,12
2021-10,physics.ed-ph,16
2021-10,physics.flu-dyn,147
2021-10,physics.gen-ph,27
2021-10,physics.geo-ph,31
2021-10,physics.hist-ph,29
2021-10,physics.ins-det,93
2021-10,physics.med-ph,39
2021-10,physics.optics,176
2021-10,physics.plasm-ph,71
2021-10,physics.pop-ph,12
2021-10,physics.soc-ph,78
2021-10,physics.space-ph,11
2021-10,q-bio.BM,12
2021-10,q-bio.CB,4
2021-10,q-bio.GN,9
2021-10,q-bio.MN,8
2021-10,q-bio.NC,49
2021-10,q-bio.OT,4
2021-10,q-bio.PE,42
2021-10,q-bio.QM,51
2021-10,q-bio.SC,1
2021-10,q-bio.TO,10
2021-10,q-fin.CP,4
2021-10,q-fin.GN,7
2021-10,q-fin.MF,9
2021-10,q-fin.PM,2
2021-10,q-fin.PR,3
2021-10,q-fin.RM,13
2021-10,q-fin.ST,12
2021-10,q-fin.TR,13
2021-10,quant-ph,642
2021-10,stat.AP,76
2021-10,stat.CO,31
2021-10,stat.ME,207
2021-10,stat.ML,183
2021-10,stat.OT,2
2021-11,astro-ph.CO,201
2021-11,astro-ph.EP,170
2021-11,astro-ph.GA,393
2021-11,astro-ph.HE,259
2021-11,astro-ph.IM,136
2021-11,astro-ph.SR,211
2021-11,cond-mat.dis-nn,48
2021-11,cond-mat.mes-hall,285
2021-11,cond-mat.mtrl-sci,371
2021-11,cond-mat.other,9
2021-11,cond-mat.quant-gas,70
2021-11,cond-mat.soft,136
2021-11,cond-mat.stat-mech,126
2021-11,cond-mat.str-el,187
2021-11,cond-mat.supr-con,118
2021-11,cs.AI,165
2021-11,cs.AR,30
2021-11,cs.CC,37
2021-11,cs.CE,39
2021-11,cs.CG,31
2021-11,cs.CL,376
2021-11,cs.CR,218
2021-11,cs.CV,1095
2021-11,cs.CY,86
2021-11,cs.DB,35
2021-11,cs.DC,97
2021-11,cs.DL,17
2021-11,cs.DM,23
2021-11,cs.DS,143
2021-11,cs.ET,20
2021-11,cs.FL,19
2021-11,cs.GR,26
2021-11,cs.GT,58
2021-11,cs.HC,83
2021-11,cs.IR,82
2021-11,cs.IT,194
2021-11,cs.LG,1147
2021-11,cs.LO,46
2021-11,cs.MA,15
2021-11,cs.MM,9
2021-11,cs.MS,11
2021-11,cs.NE,35
2021-11,cs.NI,102
2021-11,cs.OH,4
2021-11,cs.OS,3
2021-11,cs.PF,2
2021-11,cs.PL,36
2021-11,cs.RO,239
2021-11,cs.SC,3
2021-11,cs.SD,85
2021-11,cs.SE,78
2021-11,cs.SI,84
2021-11,econ.EM,35
2021-11,econ.GN,49
2021-11,econ.TH,18
2021-11,eess.AS,61
2021-11,eess.IV,208
2021-11,eess.SP,179
2021-11,eess.SY,211
2021-11,gr-qc,309
2021-11,hep-ex,79
2021-11,hep-lat,157
2021-11,hep-ph,438
2021-11,hep-th,359
2021-11,math-ph,98
2021-11,math.AC,41
2021-11,math.AG,173
2021-11,math.AP,335
2021-11,math.AT,42
2021-11,math.CA,63
2021-11,math.CO,300
2021-11,math.CT,21
2021-11,math.CV,62
2021-11,math.DG,139
2021-11,math.DS,134
2021-11,math.FA,102
2021-11,math.GM,21
2021-11,math.GN,22
2021-11,math.GR,58
2021-11,math.GT,81
2021-11,math.HO,15
2021-11,math.KT,13
2021-11,math.LO,46
2021-11,math.MG,34
2021-11,math.NA,254
2021-11,math.NT,213
2021-11,math.OA,34
2021-11,math.OC,250
2021-11,math.PR,219
2021-11,math.QA,23
2021-11,math.RA,40
2021-11,math.RT,63
2021-11,math.SG,23
2021-11,math.SP,16
2021-11,math.ST,62
2021-11,nlin.AO,13
2021-11,nlin.CD,16
2021-11,nlin.PS,14
2021-11,nlin.SI,20
2021-11,nucl-ex,39
2021-11,nucl-th,104
2021-11,physics.acc-ph,22
2021-11,physics.ao-ph,22
2021-11,physics.app-ph,94
2021-11,physics.atm-clus,7
2021-11,physics.atom-ph,61
2021-11,physics.bio-ph,31
2021-11,physics.chem-ph,99
2021-11,physics.class-ph,26
2021-11,physics.comp-ph,37
2021-11,physics.data-an,7
2021-11,physics.ed-ph,16
2021-11,physics.flu-dyn,144
2021-11,physics.gen-ph,15
2021-11,physics.geo-ph,29
2021-11,physics.hist-ph,10
2021-11,physics.ins-det,110
2021-11,physics.med-ph,52
2021-11,physics.optics,192
2021-11,physics.plasm-ph,67
2021-11,physics.pop-ph,2
2021-11,physics.soc-ph,83
2021-11,physics.space-ph,11
2021-11,q-bio.BM,18
2021-11,q-bio.CB,4
2021-11,q-bio.GN,10
2021-11,q-bio.MN,2
2021-11,q-bio.NC,42
2021-11,q-bio.OT,6
2021-11,q-bio.PE,60
2021-11,q-bio.QM,47
2021-11,q-bio.SC,2
2021-11,q-bio.TO,7
2021-11,q-fin.CP,7
2021-11,q-fin.GN,3
2021-11,q-fin.MF,15
2021-11,q-fin.PM,11
2021-11,q-fin.PR,3
2021-11,q-fin.RM,6
2021-11,q-fin.ST,15
2021-11,q-fin.TR,6
2021-11,quant-ph,643
2021-11,stat.AP,89
2021-11,stat.CO,17
2021-11,stat.ME,170
2021-11,stat.ML,117
2021-11,stat.OT,2
2021-12,astro-ph.CO,192
2021-12,astro-ph.EP,153
2021-12,astro-ph.GA,269
2021-12,astro-ph.HE,252
2021-12,astro-ph.IM,137
2021-12,astro-ph.SR,191
2021-12,cond-mat.dis-nn,40
2021-12,cond-mat.mes-hall,319
2021-12,cond-mat.mtrl-sci,363
2021-12,cond-mat.other,6
2021-12,cond-mat.quant-gas,78
2021-12,cond-mat.soft,139
2021-12,cond-mat.stat-mech,147
2021-12,cond-mat.str-el,224
2021-12,cond-mat.supr-con,127
2021-12,cs.AI,144
2021-12,cs.AR,37
2021-12,cs.CC,28
2021-12,cs.CE,28
2021-12,cs.CG,32
2021-12,cs.CL,486
2021-12,cs.CR,239
2021-12,cs.CV,1208
2021-12,cs.CY,65
2021-12,cs.DB,43
2021-12,cs.DC,113
2021-12,cs.DL,28
2021-12,cs.DM,18
2021-12,cs.DS,96
2021-12,cs.ET,25
2021-12,cs.FL,11
2021-12,cs.GR,17
2021-12,cs.GT,48
2021-12,cs.HC,91
2021-12,cs.IR,107
2021-12,cs.IT,212
2021-12,cs.LG,1078
2021-12,cs.LO,58
2021-12,cs.MA,22
2021-12,cs.MM,15
2021-12,cs.MS,9
2021-12,cs.NE,49
2021-12,cs.NI,100
2021-12,cs.OH,2
2021-12,cs.OS,4
2021-12,cs.PF,12
2021-12,cs.PL,27
2021-12,cs.RO,181
2021-12,cs.SC,3
2021-12,cs.SD,63
2021-12,cs.SE,116
2021-12,cs.SI,72
2021-12,econ.EM,32
2021-12,econ.GN,54
2021-12,econ.TH,26
2021-12,eess.AS,44
2021-12,eess.IV,197
2021-12,eess.SP,148
2021-12,eess.SY,192
2021-12,gr-qc,349
2021-12,hep-ex,64
2021-12,hep-lat,142
2021-12,hep-ph,512
2021-12,hep-th,467
2021-12,math-ph,94
2021-12,math.AC,55
2021-12,math.AG,198
2021-12,math.AP,364
2021-12,math.AT,42
2021-12,math.CA,70
2021-12,math.CO,274
2021-12,math.CT,27
2021-12,math.CV,52
2021-12,math.DG,132
2021-12,math.DS,141
2021-12,math.FA,105
2021-12,math.GM,26
2021-12,math.GN,21
2021-12,math.GR,78
2021-12,math.GT,65
2021-12,math.HO,23
2021-12,math.KT,12
2021-12,math.LO,50
2021-12,math.MG,36
2021-12,math.NA,248
2021-12,math.NT,177
2021-12,math.OA,39
2021-12,math.OC,242
2021-12,math.PR,204
2021-12,math.QA,35
2021-12,math.RA,60
2021-12,math.RT,70
2021-12,math.SG,20
2021-12,math.SP,20
2021-12,math.ST,88
2021-12,nlin.AO,15
2021-12,nlin.CD,15
2021-12,nlin.CG,1
2021-12,nlin.PS,11
2021-12,nlin.SI,16
2021-12,nucl-ex,28
2021-12,nucl-th,102
2021-12,physics.acc-ph,29
2021-12,physics.ao-ph,23
2021-12,physics.app-ph,65
2021-12,physics.atm-clus,1
2021-12,physics.atom-ph,50
2021-12,physics.bio-ph,49
2021-12,physics.chem-ph,94
2021-12,physics.class-ph,24
2021-12,physics.comp-ph,36
2021-12,physics.data-an,6
2021-12,physics.ed-ph,11
2021-12,physics.flu-dyn,156
2021-12,physics.gen-ph,19
2021-12,physics.geo-ph,25
2021-12,physics.hist-ph,17
2021-12,physics.ins-det,126
2021-12,physics.med-ph,38
2021-12,physics.optics,199
2021-12,physics.plasm-ph,60
2021-12,physics.pop-ph,3
2021-12,physics.soc-ph,71
2021-12,physics.space-ph,16
2021-12,q-bio.BM,8
2021-12,q-bio.CB,3
2021-12,q-bio.GN,19
2021-12,q-bio.MN,5
2021-12,q-bio.NC,53
2021-12,q-bio.OT,11
2021-12,q-bio.PE,45
2021-12,q-bio.QM,33
2021-12,q-bio.TO,5
2021-12,q-fin.CP,9
2021-12,q-fin.GN,5
2021-12,q-fin.MF,18
2021-12,q-fin.PM,7
2021-12,q-fin.PR,7
2021-12,q-fin.RM,9
2021-12,q-fin.ST,13
2021-12,q-fin.TR,10
2021-12,quant-ph,734
2021-12,stat.AP,67
2021-12,stat.CO,26
2021-12,stat.ME,182
2021-12,stat.ML,95
2021-12,stat.OT,4
2022-01,astro-ph.CO,155
2022-01,astro-ph.EP,163
2022-01,astro-ph.GA,308
2022-01,astro-ph.HE,225
2022-01,astro-ph.IM,76
2022-01,astro-ph.SR,186
2022-01,cond-mat.dis-nn,28
2022-01,cond-mat.mes-hall,254
2022-01,cond-mat.mtrl-sci,381
2022-01,cond-mat.other,10
2022-01,cond-mat.quant-gas,62
2022-01,cond-mat.soft,130
2022-01,cond-mat.stat-mech,118
2022-01,cond-mat.str-el,177
2022-01,cond-mat.supr-con,99
2022-01,cs.AI,152
2022-01,cs.AR,32
2022-01,cs.CC,22
2022-01,cs.CE,35
2022-01,cs.CG,26
2022-01,cs.CL,352
2022-01,cs.CR,241
2022-01,cs.CV,783
2022-01,cs.CY,70
2022-01,cs.DB,50
2022-01,cs.DC,79
2022-01,cs.DL,19
2022-01,cs.DM,22
2022-01,cs.DS,85
2022-01,cs.ET,9
2022-01,cs.FL,13
2022-01,cs.GL,1
2022-01,cs.GR,29
2022-01,cs.GT,57
2022-01,cs.HC,120
2022-01,cs.IR,100
2022-01,cs.IT,246
2022-01,cs.LG,933
2022-01,cs.LO,47
2022-01,cs.MA,26
2022-01,cs.MM,10
2022-01,cs.MS,5
2022-01,cs.NE,58
2022-01,cs.NI,143
2022-01,cs.OH,2
2022-01,cs.OS,4
2022-01,cs.PF,3
2022-01,cs.PL,23
2022-01,cs.RO,192
2022-01,cs.SC,7
2022-01,cs.SD,61
2022-01,cs.SE,120
2022-01,cs.SI,85
2022-01,econ.EM,34
2022-01,econ.GN,52
2022-01,econ.TH,18
2022-01,eess.AS,55
2022-01,eess.IV,233
2022-01,eess.SP,177
2022-01,eess.SY,159
2022-01,gr-qc,271
2022-01,hep-ex,65
2022-01,hep-lat,52
2022-01,hep-ph,360
2022-01,hep-th,261
2022-01,math-ph,99
2022-01,math.AC,33
2022-01,math.AG,158
2022-01,math.AP,343
2022-01,math.AT,44
2022-01,math.CA,61
2022-01,math.CO,270
2022-01,math.CT,27
2022-01,math.CV,46
2022-01,math.DG,127
2022-01,math.DS,106
2022-01,math.FA,113
2022-01,math.GM,26
2022-01,math.GN,13
2022-01,math.GR,73
2022-01,math.GT,53
2022-01,math.HO,24
2022-01,math.KT,10
2022-01,math.LO,32
2022-01,math.MG,27
2022-01,math.NA,232
2022-01,math.NT,174
2022-01,math.OA,31
2022-01,math.OC,239
2022-01,math.PR,175
2022-01,math.QA,20
2022-01,math.RA,47
2022-01,math.RT,60
2022-01,math.SG,17
2022-01,math.SP,19
2022-01,math.ST,59
2022-01,nlin.AO,8
2022-01,nlin.CD,15
2022-01,nlin.PS,16
2022-01,nlin.SI,24
2022-01,nucl-ex,24
2022-01,nucl-th,101
2022-01,physics.acc-ph,35
2022-01,physics.ao-ph,21
2022-01,physics.app-ph,87
2022-01,physics.atm-clus,6
2022-01,physics.atom-ph,53
2022-01,physics.bio-ph,28
2022-01,physics.chem-ph,71
2022-01,physics.class-ph,15
2022-01,physics.comp-ph,29
2022-01,physics.data-an,9
2022-01,physics.ed-ph,19
2022-01,physics.flu-dyn,154
2022-01,physics.gen-ph,18
2022-01,physics.geo-ph,26
2022-01,physics.hist-ph,17
2022-01,physics.ins-det,91
2022-01,physics.med-ph,40
2022-01,physics.optics,195
2022-01,physics.plasm-ph,74
2022-01,physics.pop-ph,13
2022-01,physics.soc-ph,82
2022-01,physics.space-ph,18
2022-01,q-bio.BM,20
2022-01,q-bio.CB,4
2022-01,q-bio.GN,9
2022-01,q-bio.MN,7
2022-01,q-bio.NC,36
2022-01,q-bio.OT,8
2022-01,q-bio.PE,38
2022-01,q-bio.QM,39
2022-01,q-bio.SC,1
2022-01,q-bio.TO,9
2022-01,q-fin.CP,3
2022-01,q-fin.GN,9
2022-01,q-fin.MF,12
2022-01,q-fin.PM,10
2022-01,q-fin.PR,4
2022-01,q-fin.RM,8
2022-01,q-fin.ST,20
2022-01,q-fin.TR,5
2022-01,quant-ph,540
2022-01,stat.AP,58
2022-01,stat.CO,21
2022-01,stat.ME,152
2022-01,stat.ML,102
2022-01,stat.OT,4
2022-02,astro-ph.CO,137
2022-02,astro-ph.EP,138
2022-02,astro-ph.GA,248
2022-02,astro-ph.HE,211
2022-02,astro-ph.IM,86
2022-02,astro-ph.SR,205
2022-02,cond-mat.dis-nn,40
2022-02,cond-mat.mes-hall,240
2022-02,cond-mat.mtrl-sci,360
2022-02,cond-mat.other,11
2022-02,cond-mat.quant-gas,70
2022-02,cond-mat.soft,149
2022-02,cond-mat.stat-mech,135
2022-02,cond-mat.str-el,201
2022-02,cond-mat.supr-con,102
2022-02,cs.AI,185
2022-02,cs.AR,30
2022-02,cs.CC,33
2022-02,cs.CE,29
2022-02,cs.CG,27
2022-02,cs.CL,345
2022-02,cs.CR,241
2022-02,cs.CV,742
2022-02,cs.CY,90
2022-02,cs.DB,46
2022-02,cs.DC,89
2022-02,cs.DL,25
2022-02,cs.DM,20
2022-02,cs.DS,94
2022-02,cs.ET,17
2022-02,cs.FL,13
2022-02,cs.GR,25
2022-02,cs.GT,79
2022-02,cs.HC,127
2022-02,cs.IR,84
2022-02,cs.IT,262
2022-02,cs.LG,1264
2022-02,cs.LO,53
2022-02,cs.MA,34
2022-02,cs.MM,8
2022-02,cs.MS,3
2022-02,cs.NE,58
2022-02,cs.NI,118
2022-02,cs.OH,3
2022-02,cs.OS,2
2022-02,cs.PF,8
2022-02,cs.PL,35
2022-02,cs.RO,280
2022-02,cs.SC,18
2022-02,cs.SD,94
2022-02,cs.SE,125
2022-02,cs.SI,72
2022-02,econ.EM,29
2022-02,econ.GN,51
2022-02,econ.TH,36
2022-02,eess.AS,97
2022-02,eess.IV,227
2022-02,eess.SP,176
2022-02,eess.SY,189
2022-02,gr-qc,229
2022-02,hep-ex,62
2022-02,hep-lat,32
2022-02,hep-ph,348
2022-02,hep-th,283
2022-02,math-ph,92
2022-02,math.AC,41
2022-02,math.AG,153
2022-02,math.AP,298
2022-02,math.AT,38
2022-02,math.CA,64
2022-02,math.CO,277
2022-02,math.CT,25
2022-02,math.CV,44
2022-02,math.DG,123
2022-02,math.DS,124
2022-02,math.FA,94
2022-02,math.GM,14
2022-02,math.GN,12
2022-02,math.GR,78
2022-02,math.GT,65
2022-02,math.HO,11
2022-02,math.KT,10
2022-02,math.LO,47
2022-02,math.MG,33
2022-02,math.NA,229
2022-02,math.NT,173
2022-02,math.OA,30
2022-02,math.OC,246
2022-02,math.PR,168
2022-02,math.QA,23
2022-02,math.RA,42
2022-02,math.RT,57
2022-02,math.SG,22
2022-02,math.SP,23
2022-02,math.ST,73
2022-02,nlin.AO,6
2022-02,nlin.CD,13
2022-02,nlin.CG,2
2022-02,nlin.PS,8
2022-02,nlin.SI,18
2022-02,nucl-ex,35
2022-02,nucl-th,84
2022-02,physics.acc-ph,25
2022-02,physics.ao-ph,20
2022-02,physics.app-ph,58
2022-02,physics.atm-clus,3
2022-02,physics.atom-ph,48
2022-02,physics.bio-ph,25
2022-02,physics.chem-ph,89
2022-02,physics.class-ph,16
2022-02,physics.comp-ph,39
2022-02,physics.data-an,14
2022-02,physics.ed-ph,13
2022-02,physics.flu-dyn,163
2022-02,physics.gen-ph,23
2022-02,physics.geo-ph,21
2022-02,physics.hist-ph,13
2022-02,physics.ins-det,109
2022-02,physics.med-ph,40
2022-02,physics.optics,177
2022-02,physics.plasm-ph,52
2022-02,physics.pop-ph,3
2022-02,physics.soc-ph,66
2022-02,physics.space-ph,9
2022-02,q-bio.BM,12
2022-02,q-bio.CB,5
2022-02,q-bio.GN,6
2022-02,q-bio.MN,7
2022-02,q-bio.NC,35
2022-02,q-bio.OT,4
2022-02,q-bio.PE,55
2022-02,q-bio.QM,32
2022-02,q-bio.TO,4
2022-02,q-fin.CP,11
2022-02,q-fin.GN,8
2022-02,q-fin.MF,13
2022-02,q-fin.PM,16
2022-02,q-fin.PR,4
2022-02,q-fin.RM,16
2022-02,q-fin.ST,12
2022-02,q-fin.TR,5
2022-02,quant-ph,549
2022-02,stat.AP,61
2022-02,stat.CO,18
2022-02,stat.ME,172
2022-02,stat.ML,186
2022-02,stat.OT,6
2022-03,astro-ph.CO,206
2022-03,astro-ph.EP,177
2022-03,astro-ph.GA,336
2022-03,astro-ph.HE,236
2022-03,astro-ph.IM,107
2022-03,astro-ph.SR,241
2022-03,cond-mat.dis-nn,39
2022-03,cond-mat.mes-hall,293
2022-03,cond-mat.mtrl-sci,401
2022-03,cond-mat.other,14
2022-03,cond-mat.quant-gas,58
2022-03,cond-mat.soft,157
2022-03,cond-mat.stat-mech,164
2022-03,cond-mat.str-el,217
2022-03,cond-mat.supr-con,106
2022-03,cs.AI,150
2022-03,cs.AR,43
2022-03,cs.CC,27
2022-03,cs.CE,33
2022-03,cs.CG,36
2022-03,cs.CL,677
2022-03,cs.CR,232
2022-03,cs.CV,1710
2022-03,cs.CY,68
2022-03,cs.DB,49
2022-03,cs.DC,116
2022-03,cs.DL,20
2022-03,cs.DM,29
2022-03,cs.DS,87
2022-03,cs.ET,21
2022-03,cs.FL,18
2022-03,cs.GR,22
2022-03,cs.GT,61
2022-03,cs.HC,103
2022-03,cs.IR,90
2022-03,cs.IT,188
2022-03,cs.LG,1070
2022-03,cs.LO,49
2022-03,cs.MA,27
2022-03,cs.MM,16
2022-03,cs.MS,2
2022-03,cs.NE,59
2022-03,cs.NI,116
2022-03,cs.OH,5
2022-03,cs.OS,3
2022-03,cs.PF,3
2022-03,cs.PL,37
2022-03,cs.RO,450
2022-03,cs.SC,8
2022-03,cs.SD,178
2022-03,cs.SE,152
2022-03,cs.SI,87
2022-03,econ.EM,24
2022-03,econ.GN,42
2022-03,econ.TH,22
2022-03,eess.AS,129
2022-03,eess.IV,320
2022-03,eess.SP,225
2022-03,eess.SY,287
2022-03,gr-qc,317
2022-03,hep-ex,136
2022-03,hep-lat,42
2022-03,hep-ph,502
2022-03,hep-th,340
2022-03,math-ph,110
2022-03,math.AC,50
2022-03,math.AG,156
2022-03,math.AP,383
2022-03,math.AT,57
2022-03,math.CA,82
2022-03,math.CO,271
2022-03,math.CT,27
2022-03,math.CV,47
2022-03,math.DG,148
2022-03,math.DS,146
2022-03,math.FA,121
2022-03,math.GM,16
2022-03,math.GN,15
2022-03,math.GR,72
2022-03,math.GT,64
2022-03,math.HO,10
2022-03,math.KT,8
2022-03,math.LO,59
2022-03,math.MG,34
2022-03,math.NA,277
2022-03,math.NT,198
2022-03,math.OA,35
2022-03,math.OC,291
2022-03,math.PR,225
2022-03,math.QA,36
2022-03,math.RA,58
2022-03,math.RT,80
2022-03,math.SG,20
2022-03,math.SP,22
2022-03,math.ST,75
2022-03,nlin.AO,22
2022-03,nlin.CD,13
2022-03,nlin.CG,3
2022-03,nlin.PS,23
2022-03,nlin.SI,18
2022-03,nucl-ex,38
2022-03,nucl-th,107
2022-03,physics.acc-ph,91
2022-03,physics.ao-ph,20
2022-03,physics.app-ph,66
2022-03,physics.atm-clus,1
2022-03,physics.atom-ph,53
2022-03,physics.bio-ph,24
2022-03,physics.chem-ph,101
2022-03,physics.class-ph,18
2022-03,physics.comp-ph,51
2022-03,physics.data-an,17
2022-03,physics.ed-ph,27
2022-03,physics.flu-dyn,152
2022-03,physics.gen-ph,22
2022-03,physics.geo-ph,26
2022-03,physics.hist-ph,20
2022-03,physics.ins-det,137
2022-03,physics.med-ph,46
2022-03,physics.optics,242
2022-03,physics.plasm-ph,78
2022-03,physics.pop-ph,10
2022-03,physics.soc-ph,68
2022-03,physics.space-ph,14
2022-03,q-bio.BM,14
2022-03,q-bio.CB,5
2022-03,q-bio.GN,6
2022-03,q-bio.MN,8
2022-03,q-bio.NC,40
2022-03,q-bio.OT,4
2022-03,q-bio.PE,25
2022-03,q-bio.QM,30
2022-03,q-bio.SC,1
2022-03,q-bio.TO,3
2022-03,q-fin.CP,11
2022-03,q-fin.GN,5
2022-03,q-fin.MF,7
2022-03,q-fin.PM,4
2022-03,q-fin.PR,4
2022-03,q-fin.RM,8
2022-03,q-fin.ST,10
2022-03,q-fin.TR,4
2022-03,quant-ph,688
2022-03,stat.AP,66
2022-03,stat.CO,25
2022-03,stat.ME,231
2022-03,stat.ML,130
2022-03,stat.OT,1
2022-04,astro-ph.CO,152
2022-04,astro-ph.EP,169
2022-04,astro-ph.GA,279
2022-04,astro-ph.HE,235
2022-04,astro-ph.IM,76
2022-04,astro-ph.SR,185
2022-04,cond-mat.dis-nn,31
2022-04,cond-mat.mes-hall,232
2022-04,cond-mat.mtrl-sci,326
2022-04,cond-mat.other,7
2022-04,cond-mat.quant-gas,70
2022-04,cond-mat.soft,124
2022-04,cond-mat.stat-mech,134
2022-04,cond-mat.str-el,194
2022-04,cond-mat.supr-con,110
2022-04,cs.AI,147
2022-04,cs.AR,30
2022-04,cs.CC,19
2022-04,cs.CE,31
2022-04,cs.CG,16
2022-04,cs.CL,728
2022-04,cs.CR,196
2022-04,cs.CV,1211
2022-04,cs.CY,72
2022-04,cs.DB,40
2022-04,cs.DC,103
2022-04,cs.DL,28
2022-04,cs.DM,24
2022-04,cs.DS,115
2022-04,cs.ET,30
2022-04,cs.FL,9
2022-04,cs.GR,25
2022-04,cs.GT,70
2022-04,cs.HC,153
2022-04,cs.IR,159
2022-04,cs.IT,160
2022-04,cs.LG,839
2022-04,cs.LO,74
2022-04,cs.MA,21
2022-04,cs.MM,11
2022-04,cs.MS,4
2022-04,cs.NE,101
2022-04,cs.NI,99
2022-04,cs.OH,6
2022-04,cs.OS,2
2022-04,cs.PF,6
2022-04,cs.PL,25
2022-04,cs.RO,249
2022-04,cs.SC,8
2022-04,cs.SD,131
2022-04,cs.SE,165
2022-04,cs.SI,63
2022-04,econ.EM,34
2022-04,econ.GN,41
2022-04,econ.TH,23
2022-04,eess.AS,111
2022-04,eess.IV,210
2022-04,eess.SP,181
2022-04,eess.SY,229
2022-04,gr-qc,268
2022-04,hep-ex,56
2022-04,hep-lat,24
2022-04,hep-ph,471
2022-04,hep-th,274
2022-04,math-ph,88
2022-04,math.AC,30
2022-04,math.AG,147
2022-04,math.AP,339
2022-04,math.AT,36
2022-04,math.CA,75
2022-04,math.CO,249
2022-04,math.CT,31
2022-04,math.CV,43
2022-04,math.DG,140
2022-04,math.DS,111
2022-04,math.FA,129
2022-04,math.GM,24
2022-04,math.GN,21
2022-04,math.GR,83
2022-04,math.GT,59
2022-04,math.HO,17
2022-04,math.KT,14
2022-04,math.LO,55
2022-04,math.MG,25
2022-04,math.NA,200
2022-04,math.NT,177
2022-04,math.OA,30
2022-04,math.OC,283
2022-04,math.PR,163
2022-04,math.QA,24
2022-04,math.RA,58
2022-04,math.RT,61
2022-04,math.SG,13
2022-04,math.SP,19
2022-04,math.ST,64
2022-04,nlin.AO,15
2022-04,nlin.CD,16
2022-04,nlin.PS,15
2022-04,nlin.SI,13
2022-04,nucl-ex,51
2022-04,nucl-th,71
2022-04,physics.acc-ph,28
2022-04,physics.ao-ph,24
2022-04,physics.app-ph,68
2022-04,physics.atm-clus,3
2022-04,physics.atom-ph,48
2022-04,physics.bio-ph,36
2022-04,physics.chem-ph,81
2022-04,physics.class-ph,18
2022-04,physics.comp-ph,41
2022-04,physics.data-an,14
2022-04,physics.ed-ph,12
2022-04,physics.flu-dyn,120
2022-04,physics.gen-ph,19
2022-04,physics.geo-ph,35
2022-04,physics.hist-ph,20
2022-04,physics.ins-det,71
2022-04,physics.med-ph,42
2022-04,physics.optics,179
2022-04,physics.plasm-ph,65
2022-04,physics.pop-ph,5
2022-04,physics.soc-ph,56
2022-04,physics.space-ph,12
2022-04,q-bio.BM,18
2022-04,q-bio.CB,2
2022-04,q-bio.GN,4
2022-04,q-bio.MN,8
2022-04,q-bio.NC,40
2022-04,q-bio.OT,8
2022-04,q-bio.PE,25
2022-04,q-bio.QM,36
2022-04,q-bio.SC,1
2022-04,q-bio.TO,1
2022-04,q-fin.CP,7
2022-04,q-fin.GN,4
2022-04,q-fin.MF,9
2022-04,q-fin.PM,5
2022-04,q-fin.PR,3
2022-04,q-fin.RM,7
2022-04,q-fin.ST,21
2022-04,q-fin.TR,7
2022-04,quant-ph,608
2022-04,stat.AP,46
2022-04,stat.CO,23
2022-04,stat.ME,151
2022-04,stat.ML,80
2022-04,stat.OT,8
2022-05,astro-ph.CO,186
2022-05,astro-ph.EP,145
2022-05,astro-ph.GA,292
2022-05,astro-ph.HE,241
2022-05,astro-ph.IM,88
2022-05,astro-ph.SR,210
2022-05,cond-mat.dis-nn,36
2022-05,cond-mat.mes-hall,246
2022-05,cond-mat.mtrl-sci,343
2022-05,cond-mat.other,11
2022-05,cond-mat.quant-gas,61
2022-05,cond-mat.soft,131
2022-05,cond-mat.stat-mech,167
2022-05,cond-mat.str-el,184
2022-05,cond-mat.supr-con,102
2022-05,cs.AI,222
2022-05,cs.AR,54
2022-05,cs.CC,37
2022-05,cs.CE,37
2022-05,cs.CG,26
2022-05,cs.CL,849
2022-05,cs.CR,239
2022-05,cs.CV,1065
2022-05,cs.CY,92
2022-05,cs.DB,33
2022-05,cs.DC,130
2022-05,cs.DL,23
2022-05,cs.DM,24
2022-05,cs.DS,92
2022-05,cs.ET,24
2022-05,cs.FL,22
2022-05,cs.GL,1
2022-05,cs.GR,32
2022-05,cs.GT,69
2022-05,cs.HC,115
2022-05,cs.IR,129
2022-05,cs.IT,269
2022-05,cs.LG,1377
2022-05,cs.LO,96
2022-05,cs.MA,39
2022-05,cs.MM,15
2022-05,cs.MS,6
2022-05,cs.NE,67
2022-05,cs.NI,123
2022-05,cs.OH,5
2022-05,cs.OS,3
2022-05,cs.PF,3
2022-05,cs.PL,44
2022-05,cs.RO,265
2022-05,cs.SC,5
2022-05,cs.SD,59
2022-05,cs.SE,140
2022-05,cs.SI,64
2022-05,econ.EM,37
2022-05,econ.GN,51
2022-05,econ.TH,41
2022-05,eess.AS,71
2022-05,eess.IV,193
2022-05,eess.SP,200
2022-05,eess.SY,189
2022-05,gr-qc,336
2022-05,hep-ex,65
2022-05,hep-lat,35
2022-05,hep-ph,458
2022-05,hep-th,308
2022-05,math-ph,99
2022-05,math.AC,40
2022-05,math.AG,147
2022-05,math.AP,310
2022-05,math.AT,39
2022-05,math.CA,63
2022-05,math.CO,292
2022-05,math.CT,36
2022-05,math.CV,32
2022-05,math.DG,126
2022-05,math.DS,109
2022-05,math.FA,102
2022-05,math.GM,26
2022-05,math.GN,21
2022-05,math.GR,68
2022-05,math.GT,80
2022-05,math.HO,12
2022-05,math.KT,10
2022-05,math.LO,36
2022-05,math.MG,28
2022-05,math.NA,221
2022-05,math.NT,173
2022-05,math.OA,27
2022-05,math.OC,269
2022-05,math.PR,207
2022-05,math.QA,24
2022-05,math.RA,61
2022-05,math.RT,77
2022-05,math.SG,33
2022-05,math.SP,19
2022-05,math.ST,76
2022-05,nlin.AO,10
2022-05,nlin.CD,10
2022-05,nlin.CG,3
2022-05,nlin.PS,20
2022-05,nlin.SI,13
2022-05,nucl-ex,33
2022-05,nucl-th,81
2022-05,physics.acc-ph,31
2022-05,physics.ao-ph,25
2022-05,physics.app-ph,70
2022-05,physics.atm-clus,7
2022-05,physics.atom-ph,44
2022-05,physics.bio-ph,28
2022-05,physics.chem-ph,85
2022-05,physics.class-ph,17
2022-05,physics.comp-ph,60
2022-05,physics.data-an,12
2022-05,physics.ed-ph,11
2022-05,physics.flu-dyn,154
2022-05,physics.gen-ph,35
2022-05,physics.geo-ph,28
2022-05,physics.hist-ph,19
2022-05,physics.ins-det,89
2022-05,physics.med-ph,47
2022-05,physics.optics,196
2022-05,physics.plasm-ph,60
2022-05,physics.pop-ph,5
2022-05,physics.soc-ph,75
2022-05,physics.space-ph,15
2022-05,q-bio.BM,14
2022-05,q-bio.CB,5
2022-05,q-bio.GN,9
2022-05,q-bio.MN,8
2022-05,q-bio.NC,49
2022-05,q-bio.OT,1
2022-05,q-bio.PE,40
2022-05,q-bio.QM,40
2022-05,q-bio.TO,6
2022-05,q-fin.CP,10
2022-05,q-fin.GN,7
2022-05,q-fin.MF,7
2022-05,q-fin.PM,4
2022-05,q-fin.PR,8
2022-05,q-fin.RM,14
2022-05,q-fin.ST,12
2022-05,q-fin.TR,7
2022-05,quant-ph,692
2022-05,stat.AP,56
2022-05,stat.CO,29
2022-05,stat.ME,186
2022-05,stat.ML,181
2022-05,stat.OT,7
2022-06,astro-ph.CO,154
2022-06,astro-ph.EP,141
2022-06,astro-ph.GA,350
2022-06,astro-ph.HE,235
2022-06,astro-ph.IM,105
2022-06,astro-ph.SR,249
2022-06,cond-mat.dis-nn,36
2022-06,cond-mat.mes-hall,266
2022-06,cond-mat.mtrl-sci,325
2022-06,cond-mat.other,11
2022-06,cond-mat.quant-gas,71
2022-06,cond-mat.soft,159
2022-06,cond-mat.stat-mech,149
2022-06,cond-mat.str-el,193
2022-06,cond-mat.supr-con,93
2022-06,cs.AI,196
2022-06,cs.AR,39
2022-06,cs.CC,19
2022-06,cs.CE,40
2022-06,cs.CG,31
2022-06,cs.CL,426
2022-06,cs.CR,227
2022-06,cs.CV,1124
2022-06,cs.CY,97
2022-06,cs.DB,53
2022-06,cs.DC,103
2022-06,cs.DL,16
2022-06,cs.DM,27
2022-06,cs.DS,85
2022-06,cs.ET,20
2022-06,cs.FL,22
2022-06,cs.GL,3
2022-06,cs.GR,29
2022-06,cs.GT,46
2022-06,cs.HC,92
2022-06,cs.IR,105
2022-06,cs.IT,208
2022-06,cs.LG,1512
2022-06,cs.LO,58
2022-06,cs.MA,41
2022-06,cs.MM,24
2022-06,cs.MS,1
2022-06,cs.NE,74
2022-06,cs.NI,79
2022-06,cs.OH,3
2022-06,cs.OS,4
2022-06,cs.PF,4
2022-06,cs.PL,28
2022-06,cs.RO,272
2022-06,cs.SC,4
2022-06,cs.SD,108
2022-06,cs.SE,140
2022-06,cs.SI,77
2022-06,econ.EM,34
2022-06,econ.GN,69
2022-06,econ.TH,26
2022-06,eess.AS,115
2022-06,eess.IV,256
2022-06,eess.SP,186
2022-06,eess.SY,204
2022-06,gr-qc,315
2022-06,hep-ex,72
2022-06,hep-lat,34
2022-06,hep-ph,359
2022-06,hep-th,291
2022-06,math-ph,99
2022-06,math.AC,34
2022-06,math.AG,154
2022-06,math.AP,318
2022-06,math.AT,43
2022-06,math.CA,59
2022-06,math.CO,296
2022-06,math.CT,21
2022-06,math.CV,51
2022-06,math.DG,144
2022-06,math.DS,131
2022-06,math.FA,112
2022-06,math.GM,28
2022-06,math.GN,16
2022-06,math.GR,89
2022-06,math.GT,72
2022-06,math.HO,16
2022-06,math.KT,12
2022-06,math.LO,53
2022-06,math.MG,34
2022-06,math.NA,202
2022-06,math.NT,197
2022-06,math.OA,19
2022-06,math.OC,277
2022-06,math.PR,204
2022-06,math.QA,22
2022-06,math.RA,58
2022-06,math.RT,75
2022-06,math.SG,18
2022-06,math.SP,20
2022-06,math.ST,88
2022-06,nlin.AO,20
2022-06,nlin.CD,15
2022-06,nlin.CG,1
2022-06,nlin.PS,11
2022-06,nlin.SI,19
2022-06,nucl-ex,33
2022-06,nucl-th,102
2022-06,physics.acc-ph,28
2022-06,physics.ao-ph,30
2022-06,physics.app-ph,65
2022-06,physics.atm-clus,2
2022-06,physics.atom-ph,51
2022-06,physics.bio-ph,36
2022-06,physics.chem-ph,99
2022-06,physics.class-ph,16
2022-06,physics.comp-ph,46
2022-06,physics.data-an,7
2022-06,physics.ed-ph,22
2022-06,physics.flu-dyn,137
2022-06,physics.gen-ph,22
2022-06,physics.geo-ph,25
2022-06,physics.hist-ph,14
2022-06,physics.ins-det,75
2022-06,physics.med-ph,30
2022-06,physics.optics,214
2022-06,physics.plasm-ph,53
2022-06,physics.pop-ph,5
2022-06,physics.soc-ph,69
2022-06,physics.space-ph,13
2022-06,q-bio.BM,14
2022-06,q-bio.CB,1
2022-06,q-bio.GN,6
2022-06,q-bio.MN,7
2022-06,q-bio.NC,48
2022-06,q-bio.PE,27
2022-06,q-bio.QM,37
2022-06,q-bio.SC,1
2022-06,q-bio.TO,5
2022-06,q-fin.CP,7
2022-06,q-fin.GN,9
2022-06,q-fin.MF,7
2022-06,q-fin.PM,11
2022-06,q-fin.PR,2
2022-06,q-fin.RM,10
2022-06,q-fin.ST,11
2022-06,q-fin.TR,9
2022-06,quant-ph,621
2022-06,stat.AP,67
2022-06,stat.CO,34
2022-06,stat.ME,206
2022-06,stat.ML,181
2022-06,stat.OT,4
2022-07,astro-ph.CO,192
2022-07,astro-ph.EP,158
2022-07,astro-ph.GA,332
2022-07,astro-ph.HE,211
2022-07,astro-ph.IM,145
2022-07,astro-ph.SR,212
2022-07,cond-mat.dis-nn,46
2022-07,cond-mat.mes-hall,291
2022-07,cond-mat.mtrl-sci,341
2022-07,cond-mat.other,5
2022-07,cond-mat.quant-gas,68
2022-07,cond-mat.soft,124
2022-07,cond-mat.stat-mech,131
2022-07,cond-mat.str-el,194
2022-07,cond-mat.supr-con,96
2022-07,cs.AI,163
2022-07,cs.AR,37
2022-07,cs.CC,22
2022-07,cs.CE,32
2022-07,cs.CG,22
2022-07,cs.CL,317
2022-07,cs.CR,228
2022-07,cs.CV,1562
2022-07,cs.CY,82
2022-07,cs.DB,44
2022-07,cs.DC,95
2022-07,cs.DL,17
2022-07,cs.DM,21
2022-07,cs.DS,124
2022-07,cs.ET,14
2022-07,cs.FL,22
2022-07,cs.GR,19
2022-07,cs.GT,65
2022-07,cs.HC,120
2022-07,cs.IR,95
2022-07,cs.IT,204
2022-07,cs.LG,1006
2022-07,cs.LO,71
2022-07,cs.MA,29
2022-07,cs.MM,19
2022-07,cs.MS,6
2022-07,cs.NE,49
2022-07,cs.NI,100
2022-07,cs.OS,1
2022-07,cs.PF,7
2022-07,cs.PL,44
2022-07,cs.RO,320
2022-07,cs.SC,4
2022-07,cs.SD,99
2022-07,cs.SE,118
2022-07,cs.SI,74
2022-07,econ.EM,27
2022-07,econ.GN,37
2022-07,econ.TH,23
2022-07,eess.AS,80
2022-07,eess.IV,244
2022-07,eess.SP,154
2022-07,eess.SY,245
2022-07,gr-qc,305
2022-07,hep-ex,83
2022-07,hep-lat,27
2022-07,hep-ph,452
2022-07,hep-th,344
2022-07,math-ph,91
2022-07,math.AC,46
2022-07,math.AG,184
2022-07,math.AP,343
2022-07,math.AT,48
2022-07,math.CA,57
2022-07,math.CO,313
2022-07,math.CT,26
2022-07,math.CV,62
2022-07,math.DG,116
2022-07,math.DS,109
2022-07,math.FA,131
2022-07,math.GM,18
2022-07,math.GN,21
2022-07,math.GR,72
2022-07,math.GT,79
2022-07,math.HO,20
2022-07,math.KT,7
2022-07,math.LO,49
2022-07,math.MG,41
2022-07,math.NA,230
2022-07,math.NT,205
2022-07,math.OA,20
2022-07,math.OC,272
2022-07,math.PR,211
2022-07,math.QA,21
2022-07,math.RA,54
2022-07,math.RT,89
2022-07,math.SG,21
2022-07,math.SP,19
2022-07,math.ST,74
2022-07,nlin.AO,10
2022-07,nlin.CD,12
2022-07,nlin.PS,16
2022-07,nlin.SI,18
2022-07,nucl-ex,46
2022-07,nucl-th,95
2022-07,physics.acc-ph,22
2022-07,physics.ao-ph,25
2022-07,physics.app-ph,50
2022-07,physics.atm-clus,5
2022-07,physics.atom-ph,52
2022-07,physics.bio-ph,24
2022-07,physics.chem-ph,73
2022-07,physics.class-ph,19
2022-07,physics.comp-ph,28
2022-07,physics.data-an,15
2022-07,physics.ed-ph,8
2022-07,physics.flu-dyn,182
2022-07,physics.gen-ph,18
2022-07,physics.geo-ph,22
2022-07,physics.hist-ph,7
2022-07,physics.ins-det,55
2022-07,physics.med-ph,31
2022-07,physics.optics,189
2022-07,physics.plasm-ph,54
2022-07,physics.pop-ph,3
2022-07,physics.soc-ph,73
2022-07,physics.space-ph,11
2022-07,q-bio.BM,13
2022-07,q-bio.CB,2
2022-07,q-bio.GN,8
2022-07,q-bio.MN,7
2022-07,q-bio.NC,42
2022-07,q-bio.OT,4
2022-07,q-bio.PE,42
2022-07,q-bio.QM,35
2022-07,q-bio.SC,2
2022-07,q-bio.TO,5
2022-07,q-fin.CP,15
2022-07,q-fin.GN,17
2022-07,q-fin.MF,13
2022-07,q-fin.PM,5
2022-07,q-fin.PR,1
2022-07,q-fin.RM,8
2022-07,q-fin.ST,9
2022-07,q-fin.TR,6
2022-07,quant-ph,648
2022-07,stat.AP,57
2022-07,stat.CO,21
2022-07,stat.ME,179
2022-07,stat.ML,102
2022-07,stat.OT,1
2022-08,astro-ph.CO,137
2022-08,astro-ph.EP,137
2022-08,astro-ph.GA,353
2022-08,astro-ph.HE,209
2022-08,astro-ph.IM,212
2022-08,astro-ph.SR,199
2022-08,cond-mat.dis-nn,47
2022-08,cond-mat.mes-hall,242
2022-08,cond-mat.mtrl-sci,345
2022-08,cond-mat.other,5
2022-08,cond-mat.quant-gas,64
2022-08,cond-mat.soft,127
2022-08,cond-mat.stat-mech,118
2022-08,cond-mat.str-el,193
2022-08,cond-mat.supr-con,88
2022-08,cs.AI,170
2022-08,cs.AR,34
2022-08,cs.CC,22
2022-08,cs.CE,27
2022-08,cs.CG,32
2022-08,cs.CL,351
2022-08,cs.CR,274
2022-08,cs.CV,1107
2022-08,cs.CY,76
2022-08,cs.DB,48
2022-08,cs.DC,124
2022-08,cs.DL,21
2022-08,cs.DM,27
2022-08,cs.DS,112
2022-08,cs.ET,17
2022-08,cs.FL,23
2022-08,cs.GL,1
2022-08,cs.GR,37
2022-08,cs.GT,54
2022-08,cs.HC,153
2022-08,cs.IR,137
2022-08,cs.IT,224
2022-08,cs.LG,889
2022-08,cs.LO,48
2022-08,cs.MA,29
2022-08,cs.MM,13
2022-08,cs.MS,4
2022-08,cs.NE,57
2022-08,cs.NI,99
2022-08,cs.OH,6
2022-08,cs.PF,3
2022-08,cs.PL,25
2022-08,cs.RO,252
2022-08,cs.SC,4
2022-08,cs.SD,80
2022-08,cs.SE,162
2022-08,cs.SI,70
2022-08,econ.EM,26
2022-08,econ.GN,41
2022-08,econ.TH,38
2022-08,eess.AS,37
2022-08,eess.IV,209
2022-08,eess.SP,192
2022-08,eess.SY,205
2022-08,gr-qc,263
2022-08,hep-ex,81
2022-08,hep-lat,31
2022-08,hep-ph,422
2022-08,hep-th,300
2022-08,math-ph,99
2022-08,math.AC,50
2022-08,math.AG,191
2022-08,math.AP,289
2022-08,math.AT,46
2022-08,math.CA,62
2022-08,math.CO,259
2022-08,math.CT,28
2022-08,math.CV,57
2022-08,math.DG,150
2022-08,math.DS,128
2022-08,math.FA,110
2022-08,math.GM,23
2022-08,math.GN,16
2022-08,math.GR,81
2022-08,math.GT,68
2022-08,math.HO,21
2022-08,math.KT,6
2022-08,math.LO,54
2022-08,math.MG,25
2022-08,math.NA,214
2022-08,math.NT,193
2022-08,math.OA,23
2022-08,math.OC,246
2022-08,math.PR,194
2022-08,math.QA,23
2022-08,math.RA,61
2022-08,math.RT,74
2022-08,math.SG,16
2022-08,math.SP,16
2022-08,math.ST,76
2022-08,nlin.AO,15
2022-08,nlin.CD,10
2022-08,nlin.CG,3
2022-08,nlin.PS,19
2022-08,nlin.SI,13
2022-08,nucl-ex,37
2022-08,nucl-th,101
2022-08,physics.acc-ph,45
2022-08,physics.ao-ph,31
2022-08,physics.app-ph,65
2022-08,physics.atm-clus,3
2022-08,physics.atom-ph,48
2022-08,physics.bio-ph,39
2022-08,physics.chem-ph,83
2022-08,physics.class-ph,25
2022-08,physics.comp-ph,36
2022-08,physics.data-an,12
2022-08,physics.ed-ph,10
2022-08,physics.flu-dyn,161
2022-08,physics.gen-ph,19
2022-08,physics.geo-ph,27
2022-08,physics.hist-ph,18
2022-08,physics.ins-det,73
2022-08,physics.med-ph,38
2022-08,physics.optics,241
2022-08,physics.plasm-ph,76
2022-08,physics.pop-ph,5
2022-08,physics.soc-ph,67
2022-08,physics.space-ph,15
2022-08,q-bio.BM,13
2022-08,q-bio.CB,7
2022-08,q-bio.GN,7
2022-08,q-bio.MN,7
2022-08,q-bio.NC,41
2022-08,q-bio.OT,5
2022-08,q-bio.PE,32
2022-08,q-bio.QM,36
2022-08,q-bio.TO,10
2022-08,q-fin.CP,5
2022-08,q-fin.GN,4
2022-08,q-fin.MF,8
2022-08,q-fin.PM,8
2022-08,q-fin.PR,6
2022-08,q-fin.RM,8
2022-08,q-fin.ST,15
2022-08,q-fin.TR,5
2022-08,quant-ph,616
2022-08,stat.AP,65
2022-08,stat.CO,23
2022-08,stat.ME,211
2022-08,stat.ML,89
2022-08,stat.OT,2
2022-09,astro-ph.CO,187
2022-09,astro-ph.EP,167
2022-09,astro-ph.GA,327
2022-09,astro-ph.HE,241
2022-09,astro-ph.IM,155
2022-09,astro-ph.SR,238
2022-09,cond-mat.dis-nn,35
2022-09,cond-mat.mes-hall,283
2022-09,cond-mat.mtrl-sci,330
2022-09,cond-mat.other,9
2022-09,cond-mat.quant-gas,62
2022-09,cond-mat.soft,138
2022-09,cond-mat.stat-mech,119
2022-09,cond-mat.str-el,214
2022-09,cond-mat.supr-con,104
2022-09,cs.AI,190
2022-09,cs.AR,31
2022-09,cs.CC,33
2022-09,cs.CE,42
2022-09,cs.CG,31
2022-09,cs.CL,480
2022-09,cs.CR,250
2022-09,cs.CV,1119
2022-09,cs.CY,75
2022-09,cs.DB,45
2022-09,cs.DC,96
2022-09,cs.DL,27
2022-09,cs.DM,9
2022-09,cs.DS,95
2022-09,cs.ET,10
2022-09,cs.FL,29
2022-09,cs.GL,1
2022-09,cs.GR,23
2022-09,cs.GT,64
2022-09,cs.HC,147
2022-09,cs.IR,109
2022-09,cs.IT,188
2022-09,cs.LG,1080
2022-09,cs.LO,57
2022-09,cs.MA,34
2022-09,cs.MM,18
2022-09,cs.MS,2
2022-09,cs.NE,51
2022-09,cs.NI,114
2022-09,cs.OH,5
2022-09,cs.OS,3
2022-09,cs.PF,9
2022-09,cs.PL,38
2022-09,cs.RO,504
2022-09,cs.SC,4
2022-09,cs.SD,86
2022-09,cs.SE,141
2022-09,cs.SI,78
2022-09,econ.EM,34
2022-09,econ.GN,60
2022-09,econ.TH,24
2022-09,eess.AS,68
2022-09,eess.IV,226
2022-09,eess.SP,192
2022-09,eess.SY,249
2022-09,gr-qc,281
2022-09,hep-ex,93
2022-09,hep-lat,29
2022-09,hep-ph,399
2022-09,hep-th,327
2022-09,math-ph,82
2022-09,math.AC,43
2022-09,math.AG,168
2022-09,math.AP,303
2022-09,math.AT,48
2022-09,math.CA,68
2022-09,math.CO,311
2022-09,math.CT,23
2022-09,math.CV,49
2022-09,math.DG,122
2022-09,math.DS,157
2022-09,math.FA,120
2022-09,math.GM,24
2022-09,math.GN,15
2022-09,math.GR,80
2022-09,math.GT,69
2022-09,math.HO,17
2022-09,math.KT,11
2022-09,math.LO,72
2022-09,math.MG,20
2022-09,math.NA,259
2022-09,math.NT,171
2022-09,math.OA,27
2022-09,math.OC,293
2022-09,math.PR,201
2022-09,math.QA,37
2022-09,math.RA,74
2022-09,math.RT,79
2022-09,math.SG,21
2022-09,math.SP,19
2022-09,math.ST,88
2022-09,nlin.AO,11
2022-09,nlin.CD,16
2022-09,nlin.CG,1
2022-09,nlin.PS,14
2022-09,nlin.SI,14
2022-09,nucl-ex,55
2022-09,nucl-th,93
2022-09,physics.acc-ph,48
2022-09,physics.ao-ph,23
2022-09,physics.app-ph,96
2022-09,physics.atm-clus,4
2022-09,physics.atom-ph,59
2022-09,physics.bio-ph,20
2022-09,physics.chem-ph,110
2022-09,physics.class-ph,12
2022-09,physics.comp-ph,37
2022-09,physics.data-an,11
2022-09,physics.ed-ph,17
2022-09,physics.flu-dyn,128
2022-09,physics.gen-ph,28
2022-09,physics.geo-ph,29
2022-09,physics.hist-ph,10
2022-09,physics.ins-det,100
2022-09,physics.med-ph,41
2022-09,physics.optics,190
2022-09,physics.plasm-ph,72
2022-09,physics.pop-ph,5
2022-09,physics.soc-ph,69
2022-09,physics.space-ph,16
2022-09,q-bio.BM,16
2022-09,q-bio.CB,2
2022-09,q-bio.GN,11
2022-09,q-bio.MN,6
2022-09,q-bio.NC,43
2022-09,q-bio.OT,3
2022-09,q-bio.PE,34
2022-09,q-bio.QM,29
2022-09,q-bio.SC,2
2022-09,q-bio.TO,5
2022-09,q-fin.CP,12
2022-09,q-fin.GN,6
2022-09,q-fin.MF,15
2022-09,q-fin.PM,6
2022-09,q-fin.PR,6
2022-09,q-fin.RM,5
2022-09,q-fin.ST,12
2022-09,q-fin.TR,6
2022-09,quant-ph,687
2022-09,stat.AP,59
2022-09,stat.CO,24
2022-09,stat.ME,198
2022-09,stat.ML,106
2022-09,stat.OT,1
2022-10,astro-ph.CO,193
2022-10,astro-ph.EP,152
2022-10,astro-ph.GA,357
2022-10,astro-ph.HE,289
2022-10,astro-ph.IM,129
2022-10,astro-ph.SR,225
2022-10,cond-mat.dis-nn,47
2022-10,cond-mat.mes-hall,266
2022-10,cond-mat.mtrl-sci,338
2022-10,cond-mat.other,5
2022-10,cond-mat.quant-gas,69
2022-10,cond-mat.soft,126
2022-10,cond-mat.stat-mech,128
2022-10,cond-mat.str-el,212
2022-10,cond-mat.supr-con,113
2022-10,cs.AI,179
2022-10,cs.AR,33
2022-10,cs.CC,17
2022-10,cs.CE,30
2022-10,cs.CG,19
2022-10,cs.CL,1209
2022-10,cs.CR,254
2022-10,cs.CV,1480
2022-10,cs.CY,77
2022-10,cs.DB,44
2022-10,cs.DC,92
2022-10,cs.DL,40
2022-10,cs.DM,13
2022-10,cs.DS,96
2022-10,cs.ET,9
2022-10,cs.FL,15
2022-10,cs.GR,27
2022-10,cs.GT,60
2022-10,cs.HC,131
2022-10,cs.IR,121
2022-10,cs.IT,207
2022-10,cs.LG,1599
2022-10,cs.LO,52
2022-10,cs.MA,31
2022-10,cs.MM,21
2022-10,cs.MS,1
2022-10,cs.NE,61
2022-10,cs.NI,107
2022-10,cs.OH,5
2022-10,cs.OS,5
2022-10,cs.PF,8
2022-10,cs.PL,29
2022-10,cs.RO,454
2022-10,cs.SC,11
2022-10,cs.SD,155
2022-10,cs.SE,91
2022-10,cs.SI,79
2022-10,econ.EM,36
2022-10,econ.GN,44
2022-10,econ.TH,25
2022-10,eess.AS,144
2022-10,eess.IV,216
2022-10,eess.SP,237
2022-10,eess.SY,232
2022-10,gr-qc,307
2022-10,hep-ex,83
2022-10,hep-lat,52
2022-10,hep-ph,376
2022-10,hep-th,328
2022-10,math-ph,106
2022-10,math.AC,46
2022-10,math.AG,184
2022-10,math.AP,378
2022-10,math.AT,61
2022-10,math.CA,94
2022-10,math.CO,307
2022-10,math.CT,23
2022-10,math.CV,63
2022-10,math.DG,143
2022-10,math.DS,136
2022-10,math.FA,113
2022-10,math.GM,17
2022-10,math.GN,17
2022-10,math.GR,77
2022-10,math.GT,80
2022-10,math.HO,17
2022-10,math.KT,5
2022-10,math.LO,54
2022-10,math.MG,33
2022-10,math.NA,269
2022-10,math.NT,186
2022-10,math.OA,26
2022-10,math.OC,299
2022-10,math.PR,189
2022-10,math.QA,27
2022-10,math.RA,58
2022-10,math.RT,72
2022-10,math.SG,24
2022-10,math.SP,7
2022-10,math.ST,95
2022-10,nlin.AO,16
2022-10,nlin.CD,4
2022-10,nlin.CG,4
2022-10,nlin.PS,18
2022-10,nlin.SI,20
2022-10,nucl-ex,40
2022-10,nucl-th,97
2022-10,physics.acc-ph,39
2022-10,physics.ao-ph,36
2022-10,physics.app-ph,86
2022-10,physics.atm-clus,2
2022-10,physics.atom-ph,53
2022-10,physics.bio-ph,28
2022-10,physics.chem-ph,88
2022-10,physics.class-ph,23
2022-10,physics.comp-ph,44
2022-10,physics.data-an,13
2022-10,physics.ed-ph,15
2022-10,physics.flu-dyn,167
2022-10,physics.gen-ph,16
2022-10,physics.geo-ph,27
2022-10,physics.hist-ph,14
2022-10,physics.ins-det,92
2022-10,physics.med-ph,46
2022-10,physics.optics,207
2022-10,physics.plasm-ph,65
2022-10,physics.pop-ph,9
2022-10,physics.soc-ph,78
2022-10,physics.space-ph,17
2022-10,q-bio.BM,25
2022-10,q-bio.CB,1
2022-10,q-bio.GN,11
2022-10,q-bio.MN,4
2022-10,q-bio.NC,56
2022-10,q-bio.OT,3
2022-10,q-bio.PE,36
2022-10,q-bio.QM,52
2022-10,q-bio.SC,2
2022-10,q-bio.TO,7
2022-10,q-fin.CP,17
2022-10,q-fin.GN,4
2022-10,q-fin.MF,11
2022-10,q-fin.PM,6
2022-10,q-fin.PR,2
2022-10,q-fin.RM,9
2022-10,q-fin.ST,10
2022-10,q-fin.TR,10
2022-10,quant-ph,705
2022-10,stat.AP,88
2022-10,stat.CO,31
2022-10,stat.ME,225
2022-10,stat.ML,176
2022-10,stat.OT,2
2022-11,astro-ph.CO,178
2022-11,astro-ph.EP,166
2022-11,astro-ph.GA,358
2022-11,astro-ph.HE,278
2022-11,astro-ph.IM,125
2022-11,astro-ph.SR,223
2022-11,cond-mat.dis-nn,36
2022-11,cond-mat.mes-hall,239
2022-11,cond-mat.mtrl-sci,377
2022-11,cond-mat.other,9
2022-11,cond-mat.quant-gas,72
2022-11,cond-mat.soft,143
2022-11,cond-mat.stat-mech,132
2022-11,cond-mat.str-el,203
2022-11,cond-mat.supr-con,103
2022-11,cs.AI,186
2022-11,cs.AR,41
2022-11,cs.CC,52
2022-11,cs.CE,21
2022-11,cs.CG,23
2022-11,cs.CL,706
2022-11,cs.CR,232
2022-11,cs.CV,1526
2022-11,cs.CY,87
2022-11,cs.DB,36
2022-11,cs.DC,107
2022-11,cs.DL,17
2022-11,cs.DM,19
2022-11,cs.DS,175
2022-11,cs.ET,25
2022-11,cs.FL,14
2022-11,cs.GR,26
2022-11,cs.GT,59
2022-11,cs.HC,109
2022-11,cs.IR,87
2022-11,cs.IT,210
2022-11,cs.LG,1256
2022-11,cs.LO,47
2022-11,cs.MA,25
2022-11,cs.MM,20
2022-11,cs.MS,3
2022-11,cs.NE,60
2022-11,cs.NI,121
2022-11,cs.OH,5
2022-11,cs.OS,2
2022-11,cs.PF,7
2022-11,cs.PL,38
2022-11,cs.RO,320
2022-11,cs.SC,4
2022-11,cs.SD,130
2022-11,cs.SE,90
2022-11,cs.SI,81
2022-11,econ.EM,42
2022-11,econ.GN,49
2022-11,econ.TH,19
2022-11,eess.AS,149
2022-11,eess.IV,253
2022-11,eess.SP,245
2022-11,eess.SY,252
2022-11,gr-qc,315
2022-11,hep-ex,117
2022-11,hep-lat,90
2022-11,hep-ph,548
2022-11,hep-th,358
2022-11,math-ph,117
2022-11,math.AC,32
2022-11,math.AG,178
2022-11,math.AP,332
2022-11,math.AT,49
2022-11,math.CA,67
2022-11,math.CO,337
2022-11,math.CT,28
2022-11,math.CV,62
2022-11,math.DG,134
2022-11,math.DS,127
2022-11,math.FA,106
2022-11,math.GM,22
2022-11,math.GN,36
2022-11,math.GR,65
2022-11,math.GT,61
2022-11,math.HO,19
2022-11,math.KT,15
2022-11,math.LO,43
2022-11,math.MG,30
2022-11,math.NA,254
2022-11,math.NT,237
2022-11,math.OA,41
2022-11,math.OC,302
2022-11,math.PR,234
2022-11,math.QA,40
2022-11,math.RA,58
2022-11,math.RT,88
2022-11,math.SG,36
2022-11,math.SP,21
2022-11,math.ST,89
2022-11,nlin.AO,16
2022-11,nlin.CD,10
2022-11,nlin.CG,1
2022-11,nlin.PS,22
2022-11,nlin.SI,23
2022-11,nucl-ex,65
2022-11,nucl-th,100
2022-11,physics.acc-ph,29
2022-11,physics.ao-ph,45
2022-11,physics.app-ph,84
2022-11,physics.atm-clus,8
2022-11,physics.atom-ph,61
2022-11,physics.bio-ph,29
2022-11,physics.chem-ph,105
2022-11,physics.class-ph,29
2022-11,physics.comp-ph,33
2022-11,physics.data-an,11
2022-11,physics.ed-ph,17
2022-11,physics.flu-dyn,178
2022-11,physics.gen-ph,19
2022-11,physics.geo-ph,24
2022-11,physics.hist-ph,13
2022-11,physics.ins-det,95
2022-11,physics.med-ph,47
2022-11,physics.optics,210
2022-11,physics.plasm-ph,87
2022-11,physics.pop-ph,6
2022-11,physics.soc-ph,71
2022-11,physics.space-ph,16
2022-11,q-bio.BM,16
2022-11,q-bio.CB,4
2022-11,q-bio.GN,10
2022-11,q-bio.MN,6
2022-11,q-bio.NC,62
2022-11,q-bio.OT,2
2022-11,q-bio.PE,38
2022-11,q-bio.QM,46
2022-11,q-bio.TO,6
2022-11,q-fin.CP,12
2022-11,q-fin.GN,9
2022-11,q-fin.MF,16
2022-11,q-fin.PM,7
2022-11,q-fin.PR,5
2022-11,q-fin.RM,6
2022-11,q-fin.ST,14
2022-11,q-fin.TR,5
2022-11,quant-ph,719
2022-11,stat.AP,75
2022-11,stat.CO,30
2022-11,stat.ME,194
2022-11,stat.ML,135
2022-11,stat.OT,5
2022-12,astro-ph.CO,158
2022-12,astro-ph.EP,113
2022-12,astro-ph.GA,297
2022-12,astro-ph.HE,229
2022-12,astro-ph.IM,114
2022-12,astro-ph.SR,179
2022-12,cond-mat.dis-nn,41
2022-12,cond-mat.mes-hall,283
2022-12,cond-mat.mtrl-sci,326
2022-12,cond-mat.other,12
2022-12,cond-mat.quant-gas,74
2022-12,cond-mat.soft,125
2022-12,cond-mat.stat-mech,120
2022-12,cond-mat.str-el,159
2022-12,cond-mat.supr-con,107
2022-12,cs.AI,174
2022-12,cs.AR,26
2022-12,cs.CC,19
2022-12,cs.CE,29
2022-12,cs.CG,21
2022-12,cs.CL,693
2022-12,cs.CR,229
2022-12,cs.CV,1196
2022-12,cs.CY,100
2022-12,cs.DB,41
2022-12,cs.DC,86
2022-12,cs.DL,22
2022-12,cs.DM,9
2022-12,cs.DS,77
2022-12,cs.ET,16
2022-12,cs.FL,22
2022-12,cs.GR,18
2022-12,cs.GT,30
2022-12,cs.HC,104
2022-12,cs.IR,74
2022-12,cs.IT,175
2022-12,cs.LG,929
2022-12,cs.LO,49
2022-12,cs.MA,21
2022-12,cs.MM,15
2022-12,cs.MS,3
2022-12,cs.NE,46
2022-12,cs.NI,94
2022-12,cs.OH,2
2022-12,cs.OS,3
2022-12,cs.PF,4
2022-12,cs.PL,35
2022-12,cs.RO,268
2022-12,cs.SC,7
2022-12,cs.SD,51
2022-12,cs.SE,112
2022-12,cs.SI,68
2022-12,econ.EM,38
2022-12,econ.GN,64
2022-12,econ.TH,29
2022-12,eess.AS,69
2022-12,eess.IV,146
2022-12,eess.SP,174
2022-12,eess.SY,233
2022-12,gr-qc,293
2022-12,hep-ex,82
2022-12,hep-lat,138
2022-12,hep-ph,481
2022-12,hep-th,484
2022-12,math-ph,105
2022-12,math.AC,52
2022-12,math.AG,169
2022-12,math.AP,316
2022-12,math.AT,43
2022-12,math.CA,62
2022-12,math.CO,330
2022-12,math.CT,20
2022-12,math.CV,45
2022-12,math.DG,141
2022-12,math.DS,112
2022-12,math.FA,119
2022-12,math.GM,18
2022-12,math.GN,12
2022-12,math.GR,86
2022-12,math.GT,78
2022-12,math.HO,24
2022-12,math.KT,5
2022-12,math.LO,61
2022-12,math.MG,37
2022-12,math.NA,254
2022-12,math.NT,165
2022-12,math.OA,29
2022-12,math.OC,260
2022-12,math.PR,201
2022-12,math.QA,27
2022-12,math.RA,58
2022-12,math.RT,61
2022-12,math.SG,30
2022-12,math.SP,17
2022-12,math.ST,68
2022-12,nlin.AO,10
2022-12,nlin.CD,14
2022-12,nlin.CG,1
2022-12,nlin.PS,19
2022-12,nlin.SI,24
2022-12,nucl-ex,46
2022-12,nucl-th,82
2022-12,physics.acc-ph,17
2022-12,physics.ao-ph,29
2022-12,physics.app-ph,79
2022-12,physics.atm-clus,3
2022-12,physics.atom-ph,57
2022-12,physics.bio-ph,18
2022-12,physics.chem-ph,99
2022-12,physics.class-ph,16
2022-12,physics.comp-ph,37
2022-12,physics.data-an,8
2022-12,physics.ed-ph,18
2022-12,physics.flu-dyn,165
2022-12,physics.gen-ph,22
2022-12,physics.geo-ph,37
2022-12,physics.hist-ph,16
2022-12,physics.ins-det,89
2022-12,physics.med-ph,42
2022-12,physics.optics,201
2022-12,physics.plasm-ph,75
2022-12,physics.pop-ph,4
2022-12,physics.soc-ph,65
2022-12,physics.space-ph,7
2022-12,q-bio.BM,21
2022-12,q-bio.CB,5
2022-12,q-bio.GN,11
2022-12,q-bio.MN,8
2022-12,q-bio.NC,47
2022-12,q-bio.OT,4
2022-12,q-bio.PE,33
2022-12,q-bio.QM,24
2022-12,q-bio.SC,1
2022-12,q-bio.TO,8
2022-12,q-fin.CP,14
2022-12,q-fin.GN,5
2022-12,q-fin.MF,17
2022-12,q-fin.PM,3
2022-12,q-fin.PR,4
2022-12,q-fin.RM,10
2022-12,q-fin.ST,9
2022-12,q-fin.TR,6
2022-12,quant-ph,748
2022-12,stat.AP,53
2022-12,stat.CO,12
2022-12,stat.ME,174
2022-12,stat.ML,83
2022-12,stat.OT,2
2023-01,astro-ph.CO,172
2023-01,astro-ph.EP,169
2023-01,astro-ph.GA,336
2023-01,astro-ph.HE,231
2023-01,astro-ph.IM,122
2023-01,astro-ph.SR,238
2023-01,cond-mat.dis-nn,29
2023-01,cond-mat.mes-hall,256
2023-01,cond-mat.mtrl-sci,349
2023-01,cond-mat.other,7
2023-01,cond-mat.quant-gas,56
2023-01,cond-mat.soft,121
2023-01,cond-mat.stat-mech,128
2023-01,cond-mat.str-el,172
2023-01,cond-mat.supr-con,98
2023-01,cs.AI,160
2023-01,cs.AR,31
2023-01,cs.CC,20
2023-01,cs.CE,21
2023-01,cs.CG,19
2023-01,cs.CL,400
2023-01,cs.CR,201
2023-01,cs.CV,805
2023-01,cs.CY,94
2023-01,cs.DB,36
2023-01,cs.DC,103
2023-01,cs.DL,21
2023-01,cs.DM,21
2023-01,cs.DS,79
2023-01,cs.ET,21
2023-01,cs.FL,17
2023-01,cs.GR,30
2023-01,cs.GT,71
2023-01,cs.HC,121
2023-01,cs.IR,82
2023-01,cs.IT,163
2023-01,cs.LG,1021
2023-01,cs.LO,65
2023-01,cs.MA,26
2023-01,cs.MM,13
2023-01,cs.MS,4
2023-01,cs.NE,42
2023-01,cs.NI,102
2023-01,cs.OH,8
2023-01,cs.OS,2
2023-01,cs.PF,4
2023-01,cs.PL,29
2023-01,cs.RO,256
2023-01,cs.SC,6
2023-01,cs.SD,49
2023-01,cs.SE,126
2023-01,cs.SI,76
2023-01,econ.EM,40
2023-01,econ.GN,43
2023-01,econ.TH,28
2023-01,eess.AS,28
2023-01,eess.IV,157
2023-01,eess.SP,183
2023-01,eess.SY,193
2023-01,gr-qc,293
2023-01,hep-ex,74
2023-01,hep-lat,53
2023-01,hep-ph,335
2023-01,hep-th,251
2023-01,math-ph,91
2023-01,math.AC,42
2023-01,math.AG,158
2023-01,math.AP,301
2023-01,math.AT,46
2023-01,math.CA,51
2023-01,math.CO,231
2023-01,math.CT,23
2023-01,math.CV,37
2023-01,math.DG,126
2023-01,math.DS,113
2023-01,math.FA,112
2023-01,math.GM,27
2023-01,math.GN,11
2023-01,math.GR,74
2023-01,math.GT,61
2023-01,math.HO,12
2023-01,math.KT,5
2023-01,math.LO,41
2023-01,math.MG,22
2023-01,math.NA,246
2023-01,math.NT,188
2023-01,math.OA,28
2023-01,math.OC,229
2023-01,math.PR,188
2023-01,math.QA,28
2023-01,math.RA,55
2023-01,math.RT,79
2023-01,math.SG,15
2023-01,math.SP,19
2023-01,math.ST,76
2023-01,nlin.AO,4
2023-01,nlin.CD,18
2023-01,nlin.CG,2
2023-01,nlin.PS,21
2023-01,nlin.SI,14
2023-01,nucl-ex,29
2023-01,nucl-th,77
2023-01,physics.acc-ph,19
2023-01,physics.ao-ph,18
2023-01,physics.app-ph,74
2023-01,physics.atm-clus,3
2023-01,physics.atom-ph,51
2023-01,physics.bio-ph,29
2023-01,physics.chem-ph,75
2023-01,physics.class-ph,17
2023-01,physics.comp-ph,40
2023-01,physics.data-an,15
2023-01,physics.ed-ph,21
2023-01,physics.flu-dyn,211
2023-01,physics.gen-ph,21
2023-01,physics.geo-ph,35
2023-01,physics.hist-ph,15
2023-01,physics.ins-det,84
2023-01,physics.med-ph,39
2023-01,physics.optics,203
2023-01,physics.plasm-ph,65
2023-01,physics.pop-ph,4
2023-01,physics.soc-ph,54
2023-01,physics.space-ph,10
2023-01,q-bio.BM,13
2023-01,q-bio.CB,6
2023-01,q-bio.GN,14
2023-01,q-bio.MN,13
2023-01,q-bio.NC,47
2023-01,q-bio.OT,3
2023-01,q-bio.PE,41
2023-01,q-bio.QM,30
2023-01,q-bio.TO,7
2023-01,q-fin.CP,13
2023-01,q-fin.GN,3
2023-01,q-fin.MF,14
2023-01,q-fin.PM,5
2023-01,q-fin.PR,9
2023-01,q-fin.RM,4
2023-01,q-fin.ST,9
2023-01,q-fin.TR,8
2023-01,quant-ph,590
2023-01,stat.AP,56
2023-01,stat.CO,15
2023-01,stat.ME,175
2023-01,stat.ML,119
2023-01,stat.OT,4
2023-02,astro-ph.CO,150
2023-02,astro-ph.EP,164
2023-02,astro-ph.GA,276
2023-02,astro-ph.HE,236
2023-02,astro-ph.IM,104
2023-02,astro-ph.SR,191
2023-02,cond-mat.dis-nn,45
2023-02,cond-mat.mes-hall,242
2023-02,cond-mat.mtrl-sci,383
2023-02,cond-mat.other,7
2023-02,cond-mat.quant-gas,55
2023-02,cond-mat.soft,122
2023-02,cond-mat.stat-mech,131
2023-02,cond-mat.str-el,176
2023-02,cond-mat.supr-con,92
2023-02,cs.AI,252
2023-02,cs.AR,40
2023-02,cs.CC,36
2023-02,cs.CE,30
2023-02,cs.CG,21
2023-02,cs.CL,533
2023-02,cs.CR,225
2023-02,cs.CV,951
2023-02,cs.CY,80
2023-02,cs.DB,35
2023-02,cs.DC,74
2023-02,cs.DL,22
2023-02,cs.DM,19
2023-02,cs.DS,115
2023-02,cs.ET,19
2023-02,cs.FL,24
2023-02,cs.GR,25
2023-02,cs.GT,90
2023-02,cs.HC,176
2023-02,cs.IR,106
2023-02,cs.IT,170
2023-02,cs.LG,1552
2023-02,cs.LO,62
2023-02,cs.MA,32
2023-02,cs.MM,16
2023-02,cs.MS,9
2023-02,cs.NE,58
2023-02,cs.NI,85
2023-02,cs.OH,4
2023-02,cs.OS,3
2023-02,cs.PF,4
2023-02,cs.PL,28
2023-02,cs.RO,338
2023-02,cs.SC,19
2023-02,cs.SD,70
2023-02,cs.SE,138
2023-02,cs.SI,59
2023-02,econ.EM,37
2023-02,econ.GN,54
2023-02,econ.TH,31
2023-02,eess.AS,68
2023-02,eess.IV,168
2023-02,eess.SP,205
2023-02,eess.SY,173
2023-02,gr-qc,283
2023-02,hep-ex,67
2023-02,hep-lat,34
2023-02,hep-ph,336
2023-02,hep-th,238
2023-02,math-ph,75
2023-02,math.AC,41
2023-02,math.AG,176
2023-02,math.AP,288
2023-02,math.AT,48
2023-02,math.CA,66
2023-02,math.CO,261
2023-02,math.CT,27
2023-02,math.CV,46
2023-02,math.DG,116
2023-02,math.DS,129
2023-02,math.FA,90
2023-02,math.GM,20
2023-02,math.GN,14
2023-02,math.GR,67
2023-02,math.GT,48
2023-02,math.HO,18
2023-02,math.KT,4
2023-02,math.LO,59
2023-02,math.MG,27
2023-02,math.NA,233
2023-02,math.NT,182
2023-02,math.OA,35
2023-02,math.OC,302
2023-02,math.PR,171
2023-02,math.QA,30
2023-02,math.RA,46
2023-02,math.RT,62
2023-02,math.SG,19
2023-02,math.SP,10
2023-02,math.ST,71
2023-02,nlin.AO,17
2023-02,nlin.CD,6
2023-02,nlin.CG,1
2023-02,nlin.PS,11
2023-02,nlin.SI,13
2023-02,nucl-ex,32
2023-02,nucl-th,82
2023-02,physics.acc-ph,19
2023-02,physics.ao-ph,16
2023-02,physics.app-ph,77
2023-02,physics.atm-clus,1
2023-02,physics.atom-ph,39
2023-02,physics.bio-ph,25
2023-02,physics.chem-ph,75
2023-02,physics.class-ph,25
2023-02,physics.comp-ph,49
2023-02,physics.data-an,6
2023-02,physics.ed-ph,17
2023-02,physics.flu-dyn,165
2023-02,physics.gen-ph,23
2023-02,physics.geo-ph,37
2023-02,physics.hist-ph,19
2023-02,physics.ins-det,75
2023-02,physics.med-ph,30
2023-02,physics.optics,155
2023-02,physics.plasm-ph,80
2023-02,physics.pop-ph,4
2023-02,physics.soc-ph,53
2023-02,physics.space-ph,13
2023-02,q-bio.BM,19
2023-02,q-bio.CB,5
2023-02,q-bio.GN,12
2023-02,q-bio.MN,13
2023-02,q-bio.NC,36
2023-02,q-bio.OT,7
2023-02,q-bio.PE,30
2023-02,q-bio.QM,31
2023-02,q-bio.SC,2
2023-02,q-bio.TO,6
2023-02,q-fin.CP,9
2023-02,q-fin.GN,9
2023-02,q-fin.MF,15
2023-02,q-fin.PM,12
2023-02,q-fin.PR,6
2023-02,q-fin.RM,6
2023-02,q-fin.ST,13
2023-02,q-fin.TR,4
2023-02,quant-ph,636
2023-02,stat.AP,58
2023-02,stat.CO,20
2023-02,stat.ME,192
2023-02,stat.ML,176
2023-02,stat.OT,3
2023-03,astro-ph.CO,157
2023-03,astro-ph.EP,171
2023-03,astro-ph.GA,332
2023-03,astro-ph.HE,304
2023-03,astro-ph.IM,95
2023-03,astro-ph.SR,232
2023-03,cond-mat.dis-nn,43
2023-03,cond-mat.mes-hall,318
2023-03,cond-mat.mtrl-sci,400
2023-03,cond-mat.other,8
2023-03,cond-mat.quant-gas,60
2023-03,cond-mat.soft,149
2023-03,cond-mat.stat-mech,158
2023-03,cond-mat.str-el,225
2023-03,cond-mat.supr-con,135
2023-03,cs.AI,235
2023-03,cs.AR,44
2023-03,cs.CC,23
2023-03,cs.CE,37
2023-03,cs.CG,43
2023-03,cs.CL,545
2023-03,cs.CR,228
2023-03,cs.CV,2224
2023-03,cs.CY,113
2023-03,cs.DB,55
2023-03,cs.DC,112
2023-03,cs.DL,28
2023-03,cs.DM,23
2023-03,cs.DS,81
2023-03,cs.ET,13
2023-03,cs.FL,9
2023-03,cs.GL,2
2023-03,cs.GR,28
2023-03,cs.GT,57
2023-03,cs.HC,216
2023-03,cs.IR,98
2023-03,cs.IT,208
2023-03,cs.LG,1274
2023-03,cs.LO,85
2023-03,cs.MA,34
2023-03,cs.MM,17
2023-03,cs.MS,7
2023-03,cs.NE,69
2023-03,cs.NI,104
2023-03,cs.OH,5
2023-03,cs.OS,3
2023-03,cs.PF,9
2023-03,cs.PL,31
2023-03,cs.RO,567
2023-03,cs.SC,5
2023-03,cs.SD,94
2023-03,cs.SE,176
2023-03,cs.SI,89
2023-03,econ.EM,25
2023-03,econ.GN,59
2023-03,econ.TH,45
2023-03,eess.AS,100
2023-03,eess.IV,296
2023-03,eess.SP,215
2023-03,eess.SY,286
2023-03,gr-qc,316
2023-03,hep-ex,71
2023-03,hep-lat,34
2023-03,hep-ph,386
2023-03,hep-th,312
2023-03,math-ph,93
2023-03,math.AC,47
2023-03,math.AG,213
2023-03,math.AP,357
2023-03,math.AT,51
2023-03,math.CA,64
2023-03,math.CO,345
2023-03,math.CT,41
2023-03,math.CV,53
2023-03,math.DG,145
2023-03,math.DS,157
2023-03,math.FA,107
2023-03,math.GM,25
2023-03,math.GN,24
2023-03,math.GR,99
2023-03,math.GT,89
2023-03,math.HO,20
2023-03,math.KT,5
2023-03,math.LO,80
2023-03,math.MG,38
2023-03,math.NA,268
2023-03,math.NT,218
2023-03,math.OA,38
2023-03,math.OC,356
2023-03,math.PR,218
2023-03,math.QA,36
2023-03,math.RA,58
2023-03,math.RT,90
2023-03,math.SG,19
2023-03,math.SP,19
2023-03,math.ST,99
2023-03,nlin.AO,14
2023-03,nlin.CD,18
2023-03,nlin.PS,16
2023-03,nlin.SI,17
2023-03,nucl-ex,43
2023-03,nucl-th,99
2023-03,physics.acc-ph,25
2023-03,physics.ao-ph,24
2023-03,physics.app-ph,93
2023-03,physics.atm-clus,5
2023-03,physics.atom-ph,74
2023-03,physics.bio-ph,28
2023-03,physics.chem-ph,106
2023-03,physics.class-ph,23
2023-03,physics.comp-ph,51
2023-03,physics.data-an,13
2023-03,physics.ed-ph,26
2023-03,physics.flu-dyn,175
2023-03,physics.gen-ph,23
2023-03,physics.geo-ph,25
2023-03,physics.hist-ph,18
2023-03,physics.ins-det,88
2023-03,physics.med-ph,44
2023-03,physics.optics,202
2023-03,physics.plasm-ph,72
2023-03,physics.pop-ph,3
2023-03,physics.soc-ph,81
2023-03,physics.space-ph,21
2023-03,q-bio.BM,25
2023-03,q-bio.CB,2
2023-03,q-bio.GN,16
2023-03,q-bio.MN,10
2023-03,q-bio.NC,35
2023-03,q-bio.OT,6
2023-03,q-bio.PE,52
2023-03,q-bio.QM,39
2023-03,q-bio.SC,4
2023-03,q-bio.TO,10
2023-03,q-fin.CP,8
2023-03,q-fin.GN,2
2023-03,q-fin.MF,17
2023-03,q-fin.PM,14
2023-03,q-fin.PR,5
2023-03,q-fin.RM,7
2023-03,q-fin.ST,19
2023-03,q-fin.TR,6
2023-03,quant-ph,788
2023-03,stat.AP,89
2023-03,stat.CO,30
2023-03,stat.ME,199
2023-03,stat.ML,116
2023-03,stat.OT,4
2023-04,astro-ph.CO,142
2023-04,astro-ph.EP,132
2023-04,astro-ph.GA,314
2023-04,astro-ph.HE,229
2023-04,astro-ph.IM,96
2023-04,astro-ph.SR,164
2023-04,cond-mat.dis-nn,35
2023-04,cond-mat.mes-hall,273
2023-04,cond-mat.mtrl-sci,336
2023-04,cond-mat.other,9
2023-04,cond-mat.quant-gas,64
2023-04,cond-mat.soft,130
2023-04,cond-mat.stat-mech,119
2023-04,cond-mat.str-el,196
2023-04,cond-mat.supr-con,94
2023-04,cs.AI,202
2023-04,cs.AR,50
2023-04,cs.CC,34
2023-04,cs.CE,19
2023-04,cs.CG,12
2023-04,cs.CL,558
2023-04,cs.CR,254
2023-04,cs.CV,1563
2023-04,cs.CY,104
2023-04,cs.DB,55
2023-04,cs.DC,111
2023-04,cs.DL,32
2023-04,cs.DM,18
2023-04,cs.DS,117
2023-04,cs.ET,16
2023-04,cs.FL,20
2023-04,cs.GR,24
2023-04,cs.GT,52
2023-04,cs.HC,180
2023-04,cs.IR,164
2023-04,cs.IT,193
2023-04,cs.LG,986
2023-04,cs.LO,73
2023-04,cs.MA,26
2023-04,cs.MM,21
2023-04,cs.MS,10
2023-04,cs.NE,98
2023-04,cs.NI,93
2023-04,cs.OH,2
2023-04,cs.OS,2
2023-04,cs.PF,7
2023-04,cs.PL,47
2023-04,cs.RO,357
2023-04,cs.SC,9
2023-04,cs.SD,63
2023-04,cs.SE,143
2023-04,cs.SI,58
2023-04,econ.EM,25
2023-04,econ.GN,63
2023-04,econ.TH,41
2023-04,eess.AS,53
2023-04,eess.IV,233
2023-04,eess.SP,170
2023-04,eess.SY,322
2023-04,gr-qc,317
2023-04,hep-ex,53
2023-04,hep-lat,38
2023-04,hep-ph,341
2023-04,hep-th,306
2023-04,math-ph,96
2023-04,math.AC,45
2023-04,math.AG,154
2023-04,math.AP,335
2023-04,math.AT,39
2023-04,math.CA,57
2023-04,math.CO,248
2023-04,math.CT,29
2023-04,math.CV,40
2023-04,math.DG,126
2023-04,math.DS,118
2023-04,math.FA,86
2023-04,math.GM,28
2023-04,math.GN,13
2023-04,math.GR,92
2023-04,math.GT,71
2023-04,math.HO,10
2023-04,math.KT,11
2023-04,math.LO,57
2023-04,math.MG,33
2023-04,math.NA,253
2023-04,math.NT,166
2023-04,math.OA,33
2023-04,math.OC,275
2023-04,math.PR,198
2023-04,math.QA,31
2023-04,math.RA,63
2023-04,math.RT,72
2023-04,math.SG,25
2023-04,math.SP,23
2023-04,math.ST,63
2023-04,nlin.AO,6
2023-04,nlin.CD,6
2023-04,nlin.CG,1
2023-04,nlin.PS,16
2023-04,nlin.SI,21
2023-04,nucl-ex,28
2023-04,nucl-th,92
2023-04,physics.acc-ph,17
2023-04,physics.ao-ph,32
2023-04,physics.app-ph,71
2023-04,physics.atm-clus,3
2023-04,physics.atom-ph,49
2023-04,physics.bio-ph,33
2023-04,physics.chem-ph,86
2023-04,physics.class-ph,9
2023-04,physics.comp-ph,37
2023-04,physics.data-an,9
2023-04,physics.ed-ph,21
2023-04,physics.flu-dyn,173
2023-04,physics.gen-ph,15
2023-04,physics.geo-ph,42
2023-04,physics.hist-ph,15
2023-04,physics.ins-det,59
2023-04,physics.med-ph,51
2023-04,physics.optics,169
2023-04,physics.plasm-ph,71
2023-04,physics.pop-ph,5
2023-04,physics.soc-ph,60
2023-04,physics.space-ph,10
2023-04,q-bio.BM,18
2023-04,q-bio.CB,2
2023-04,q-bio.GN,13
2023-04,q-bio.MN,13
2023-04,q-bio.NC,42
2023-04,q-bio.OT,5
2023-04,q-bio.PE,40
2023-04,q-bio.QM,34
2023-04,q-bio.SC,2
2023-04,q-bio.TO,4
2023-04,q-fin.CP,4
2023-04,q-fin.GN,4
2023-04,q-fin.MF,9
2023-04,q-fin.PM,6
2023-04,q-fin.PR,5
2023-04,q-fin.RM,9
2023-04,q-fin.ST,17
2023-04,q-fin.TR,5
2023-04,quant-ph,632
2023-04,stat.AP,53
2023-04,stat.CO,16
2023-04,stat.ME,172
2023-04,stat.ML,92
2023-04,stat.OT,6
2023-05,astro-ph.CO,207
2023-05,astro-ph.EP,159
2023-05,astro-ph.GA,329
2023-05,astro-ph.HE,244
2023-05,astro-ph.IM,111
2023-05,astro-ph.SR,194
2023-05,cond-mat.dis-nn,32
2023-05,cond-mat.mes-hall,291
2023-05,cond-mat.mtrl-sci,386
2023-05,cond-mat.other,8
2023-05,cond-mat.quant-gas,79
2023-05,cond-mat.soft,135
2023-05,cond-mat.stat-mech,170
2023-05,cond-mat.str-el,209
2023-05,cond-mat.supr-con,104
2023-05,cs.AI,280
2023-05,cs.AR,46
2023-05,cs.CC,36
2023-05,cs.CE,34
2023-05,cs.CG,23
2023-05,cs.CL,1973
2023-05,cs.CR,265
2023-05,cs.CV,1669
2023-05,cs.CY,147
2023-05,cs.DB,45
2023-05,cs.DC,147
2023-05,cs.DL,21
2023-05,cs.DM,20
2023-05,cs.DS,128
2023-05,cs.ET,26
2023-05,cs.FL,25
2023-05,cs.GR,51
2023-05,cs.GT,108
2023-05,cs.HC,170
2023-05,cs.IR,200
2023-05,cs.IT,320
2023-05,cs.LG,1656
2023-05,cs.LO,100
2023-05,cs.MA,40
2023-05,cs.MM,22
2023-05,cs.MS,2
2023-05,cs.NE,95
2023-05,cs.NI,117
2023-05,cs.OH,5
2023-05,cs.OS,2
2023-05,cs.PF,6
2023-05,cs.PL,40
2023-05,cs.RO,360
2023-05,cs.SC,10
2023-05,cs.SD,165
2023-05,cs.SE,215
2023-05,cs.SI,80
2023-05,econ.EM,32
2023-05,econ.GN,55
2023-05,econ.TH,38
2023-05,eess.AS,148
2023-05,eess.IV,213
2023-05,eess.SP,224
2023-05,eess.SY,252
2023-05,gr-qc,349
2023-05,hep-ex,88
2023-05,hep-lat,29
2023-05,hep-ph,435
2023-05,hep-th,318
2023-05,math-ph,107
2023-05,math.AC,48
2023-05,math.AG,179
2023-05,math.AP,375
2023-05,math.AT,58
2023-05,math.CA,73
2023-05,math.CO,337
2023-05,math.CT,43
2023-05,math.CV,56
2023-05,math.DG,143
2023-05,math.DS,141
2023-05,math.FA,131
2023-05,math.GM,31
2023-05,math.GN,16
2023-05,math.GR,91
2023-05,math.GT,68
2023-05,math.HO,20
2023-05,math.KT,7
2023-05,math.LO,64
2023-05,math.MG,43
2023-05,math.NA,275
2023-05,math.NT,175
2023-05,math.OA,31
2023-05,math.OC,290
2023-05,math.PR,195
2023-05,math.QA,37
2023-05,math.RA,51
2023-05,math.RT,67
2023-05,math.SG,17
2023-05,math.SP,29
2023-05,math.ST,98
2023-05,nlin.AO,19
2023-05,nlin.CD,10
2023-05,nlin.CG,3
2023-05,nlin.PS,12
2023-05,nlin.SI,21
2023-05,nucl-ex,28
2023-05,nucl-th,92
2023-05,physics.acc-ph,32
2023-05,physics.ao-ph,19
2023-05,physics.app-ph,92
2023-05,physics.atm-clus,5
2023-05,physics.atom-ph,56
2023-05,physics.bio-ph,29
2023-05,physics.chem-ph,92
2023-05,physics.class-ph,25
2023-05,physics.comp-ph,53
2023-05,physics.data-an,11
2023-05,physics.ed-ph,18
2023-05,physics.flu-dyn,175
2023-05,physics.gen-ph,23
2023-05,physics.geo-ph,39
2023-05,physics.hist-ph,12
2023-05,physics.ins-det,66
2023-05,physics.med-ph,49
2023-05,physics.optics,253
2023-05,physics.plasm-ph,77
2023-05,physics.pop-ph,2
2023-05,physics.soc-ph,89
2023-05,physics.space-ph,17
2023-05,q-bio.BM,32
2023-05,q-bio.CB,1
2023-05,q-bio.GN,11
2023-05,q-bio.MN,10
2023-05,q-bio.NC,56
2023-05,q-bio.OT,6
2023-05,q-bio.PE,36
2023-05,q-bio.QM,40
2023-05,q-bio.SC,3
2023-05,q-bio.TO,6
2023-05,q-fin.CP,12
2023-05,q-fin.GN,7
2023-05,q-fin.MF,10
2023-05,q-fin.PM,10
2023-05,q-fin.PR,4
2023-05,q-fin.RM,6
2023-05,q-fin.ST,15
2023-05,q-fin.TR,6
2023-05,quant-ph,786
2023-05,stat.AP,84
2023-05,stat.CO,19
2023-05,stat.ME,220
2023-05,stat.ML,202
2023-05,stat.OT,7
2023-06,astro-ph.CO,182
2023-06,astro-ph.EP,161
2023-06,astro-ph.GA,340
2023-06,astro-ph.HE,300
2023-06,astro-ph.IM,113
2023-06,astro-ph.SR,223
2023-06,cond-mat.dis-nn,56
2023-06,cond-mat.mes-hall,268
2023-06,cond-mat.mtrl-sci,371
2023-06,cond-mat.other,6
2023-06,cond-mat.quant-gas,78
2023-06,cond-mat.soft,147
2023-06,cond-mat.stat-mech,151
2023-06,cond-mat.str-el,187
2023-06,cond-mat.supr-con,136
2023-06,cs.AI,301
2023-06,cs.AR,38
2023-06,cs.CC,30
2023-06,cs.CE,37
2023-06,cs.CG,33
2023-06,cs.CL,956
2023-06,cs.CR,313
2023-06,cs.CV,1383
2023-06,cs.CY,132
2023-06,cs.DB,50
2023-06,cs.DC,118
2023-06,cs.DL,18
2023-06,cs.DM,24
2023-06,cs.DS,109
2023-06,cs.ET,19
2023-06,cs.FL,20
2023-06,cs.GR,41
2023-06,cs.GT,61
2023-06,cs.HC,173
2023-06,cs.IR,154
2023-06,cs.IT,163
2023-06,cs.LG,1634
2023-06,cs.LO,70
2023-06,cs.MA,25
2023-06,cs.MM,21
2023-06,cs.MS,5
2023-06,cs.NE,68
2023-06,cs.NI,106
2023-06,cs.OH,6
2023-06,cs.OS,4
2023-06,cs.PF,5
2023-06,cs.PL,22
2023-06,cs.RO,405
2023-06,cs.SC,6
2023-06,cs.SD,132
2023-06,cs.SE,153
2023-06,cs.SI,89
2023-06,econ.EM,37
2023-06,econ.GN,57
2023-06,econ.TH,12
2023-06,eess.AS,155
2023-06,eess.IV,226
2023-06,eess.SP,214
2023-06,eess.SY,181
2023-06,gr-qc,320
2023-06,hep-ex,75
2023-06,hep-lat,28
2023-06,hep-ph,426
2023-06,hep-th,327
2023-06,math-ph,112
2023-06,math.AC,48
2023-06,math.AG,191
2023-06,math.AP,341
2023-06,math.AT,53
2023-06,math.CA,67
2023-06,math.CO,313
2023-06,math.CT,29
2023-06,math.CV,51
2023-06,math.DG,160
2023-06,math.DS,128
2023-06,math.FA,112
2023-06,math.GM,28
2023-06,math.GN,9
2023-06,math.GR,67
2023-06,math.GT,82
2023-06,math.HO,18
2023-06,math.KT,13
2023-06,math.LO,49
2023-06,math.MG,31
2023-06,math.NA,285
2023-06,math.NT,186
2023-06,math.OA,33
2023-06,math.OC,257
2023-06,math.PR,186
2023-06,math.QA,38
2023-06,math.RA,58
2023-06,math.RT,63
2023-06,math.SG,14
2023-06,math.SP,21
2023-06,math.ST,81
2023-06,nlin.AO,18
2023-06,nlin.CD,11
2023-06,nlin.CG,3
2023-06,nlin.PS,13
2023-06,nlin.SI,13
2023-06,nucl-ex,38
2023-06,nucl-th,90
2023-06,physics.acc-ph,27
2023-06,physics.ao-ph,34
2023-06,physics.app-ph,92
2023-06,physics.atm-clus,3
2023-06,physics.atom-ph,59
2023-06,physics.bio-ph,26
2023-06,physics.chem-ph,90
2023-06,physics.class-ph,14
2023-06,physics.comp-ph,47
2023-06,physics.data-an,13
2023-06,physics.ed-ph,28
2023-06,physics.flu-dyn,179
2023-06,physics.gen-ph,18
2023-06,physics.geo-ph,24
2023-06,physics.hist-ph,13
2023-06,physics.ins-det,67
2023-06,physics.med-ph,55
2023-06,physics.optics,243
2023-06,physics.plasm-ph,91
2023-06,physics.pop-ph,6
2023-06,physics.soc-ph,82
2023-06,physics.space-ph,7
2023-06,q-bio.BM,17
2023-06,q-bio.CB,7
2023-06,q-bio.GN,11
2023-06,q-bio.MN,6
2023-06,q-bio.NC,52
2023-06,q-bio.OT,8
2023-06,q-bio.PE,45
2023-06,q-bio.QM,38
2023-06,q-bio.TO,4
2023-06,q-fin.CP,6
2023-06,q-fin.GN,6
2023-06,q-fin.MF,15
2023-06,q-fin.PM,13
2023-06,q-fin.PR,6
2023-06,q-fin.RM,4
2023-06,q-fin.ST,20
2023-06,q-fin.TR,12
2023-06,quant-ph,684
2023-06,stat.AP,70
2023-06,stat.CO,20
2023-06,stat.ME,253
2023-06,stat.ML,186
2023-06,stat.OT,3
2023-07,astro-ph.CO,191
2023-07,astro-ph.EP,170
2023-07,astro-ph.GA,327
2023-07,astro-ph.HE,341
2023-07,astro-ph.IM,92
2023-07,astro-ph.SR,202
2023-07,cond-mat.dis-nn,40
2023-07,cond-mat.mes-hall,270
2023-07,cond-mat.mtrl-sci,385
2023-07,cond-mat.other,7
2023-07,cond-mat.quant-gas,53
2023-07,cond-mat.soft,163
2023-07,cond-mat.stat-mech,143
2023-07,cond-mat.str-el,187
2023-07,cond-mat.supr-con,125
2023-07,cs.AI,276
2023-07,cs.AR,37
2023-07,cs.CC,33
2023-07,cs.CE,45
2023-07,cs.CG,18
2023-07,cs.CL,636
2023-07,cs.CR,256
2023-07,cs.CV,1462
2023-07,cs.CY,113
2023-07,cs.DB,63
2023-07,cs.DC,96
2023-07,cs.DL,26
2023-07,cs.DM,26
2023-07,cs.DS,172
2023-07,cs.ET,21
2023-07,cs.FL,32
2023-07,cs.GL,1
2023-07,cs.GR,23
2023-07,cs.GT,79
2023-07,cs.HC,168
2023-07,cs.IR,134
2023-07,cs.IT,199
2023-07,cs.LG,1190
2023-07,cs.LO,116
2023-07,cs.MA,23
2023-07,cs.MM,17
2023-07,cs.MS,7
2023-07,cs.NE,47
2023-07,cs.NI,124
2023-07,cs.OH,9
2023-07,cs.OS,5
2023-07,cs.PF,6
2023-07,cs.PL,40
2023-07,cs.RO,388
2023-07,cs.SC,12
2023-07,cs.SD,92
2023-07,cs.SE,194
2023-07,cs.SI,76
2023-07,econ.EM,47
2023-07,econ.GN,40
2023-07,econ.TH,24
2023-07,eess.AS,88
2023-07,eess.IV,251
2023-07,eess.SP,214
2023-07,eess.SY,209
2023-07,gr-qc,365
2023-07,hep-ex,93
2023-07,hep-lat,34
2023-07,hep-ph,492
2023-07,hep-th,321
2023-07,math-ph,102
2023-07,math.AC,46
2023-07,math.AG,164
2023-07,math.AP,318
2023-07,math.AT,42
2023-07,math.CA,85
2023-07,math.CO,292
2023-07,math.CT,25
2023-07,math.CV,53
2023-07,math.DG,148
2023-07,math.DS,126
2023-07,math.FA,112
2023-07,math.GM,24
2023-07,math.GN,26
2023-07,math.GR,76
2023-07,math.GT,84
2023-07,math.HO,24
2023-07,math.KT,10
2023-07,math.LO,45
2023-07,math.MG,31
2023-07,math.NA,265
2023-07,math.NT,185
2023-07,math.OA,32
2023-07,math.OC,282
2023-07,math.PR,216
2023-07,math.QA,28
2023-07,math.RA,57
2023-07,math.RT,78
2023-07,math.SG,27
2023-07,math.SP,26
2023-07,math.ST,77
2023-07,nlin.AO,20
2023-07,nlin.CD,12
2023-07,nlin.CG,3
2023-07,nlin.PS,20
2023-07,nlin.SI,18
2023-07,nucl-ex,42
2023-07,nucl-th,102
2023-07,physics.acc-ph,55
2023-07,physics.ao-ph,32
2023-07,physics.app-ph,85
2023-07,physics.atm-clus,3
2023-07,physics.atom-ph,49
2023-07,physics.bio-ph,34
2023-07,physics.chem-ph,97
2023-07,physics.class-ph,20
2023-07,physics.comp-ph,39
2023-07,physics.data-an,12
2023-07,physics.ed-ph,17
2023-07,physics.flu-dyn,173
2023-07,physics.gen-ph,24
2023-07,physics.geo-ph,38
2023-07,physics.hist-ph,25
2023-07,physics.ins-det,55
2023-07,physics.med-ph,36
2023-07,physics.optics,213
2023-07,physics.plasm-ph,59
2023-07,physics.pop-ph,5
2023-07,physics.soc-ph,115
2023-07,physics.space-ph,17
2023-07,q-bio.BM,30
2023-07,q-bio.CB,5
2023-07,q-bio.GN,8
2023-07,q-bio.MN,8
2023-07,q-bio.NC,36
2023-07,q-bio.OT,11
2023-07,q-bio.PE,34
2023-07,q-bio.QM,40
2023-07,q-bio.SC,2
2023-07,q-bio.TO,9
2023-07,q-fin.CP,9
2023-07,q-fin.GN,10
2023-07,q-fin.MF,18
2023-07,q-fin.PM,12
2023-07,q-fin.PR,7
2023-07,q-fin.RM,7
2023-07,q-fin.ST,14
2023-07,q-fin.TR,17
2023-07,quant-ph,764
2023-07,stat.AP,64
2023-07,stat.CO,18
2023-07,stat.ME,186
2023-07,stat.ML,104
2023-07,stat.OT,12
2023-08,astro-ph.CO,124
2023-08,astro-ph.EP,162
2023-08,astro-ph.GA,302
2023-08,astro-ph.HE,295
2023-08,astro-ph.IM,122
2023-08,astro-ph.SR,214
2023-08,cond-mat.dis-nn,30
2023-08,cond-mat.mes-hall,229
2023-08,cond-mat.mtrl-sci,356
2023-08,cond-mat.other,5
2023-08,cond-mat.quant-gas,67
2023-08,cond-mat.soft,137
2023-08,cond-mat.stat-mech,126
2023-08,cond-mat.str-el,196
2023-08,cond-mat.supr-con,173
2023-08,cs.AI,356
2023-08,cs.AR,46
2023-08,cs.CC,18
2023-08,cs.CE,45
2023-08,cs.CG,29
2023-08,cs.CL,620
2023-08,cs.CR,299
2023-08,cs.CV,1816
2023-08,cs.CY,123
2023-08,cs.DB,47
2023-08,cs.DC,102
2023-08,cs.DL,28
2023-08,cs.DM,24
2023-08,cs.DS,135
2023-08,cs.ET,21
2023-08,cs.FL,16
2023-08,cs.GR,35
2023-08,cs.GT,49
2023-08,cs.HC,254
2023-08,cs.IR,194
2023-08,cs.IT,201
2023-08,cs.LG,1057
2023-08,cs.LO,60
2023-08,cs.MA,21
2023-08,cs.MM,32
2023-08,cs.MS,8
2023-08,cs.NE,45
2023-08,cs.NI,99
2023-08,cs.OH,3
2023-08,cs.OS,3
2023-08,cs.PF,5
2023-08,cs.PL,34
2023-08,cs.RO,363
2023-08,cs.SC,4
2023-08,cs.SD,104
2023-08,cs.SE,238
2023-08,cs.SI,75
2023-08,econ.EM,41
2023-08,econ.GN,57
2023-08,econ.TH,26
2023-08,eess.AS,74
2023-08,eess.IV,284
2023-08,eess.SP,207
2023-08,eess.SY,213
2023-08,gr-qc,305
2023-08,hep-ex,82
2023-08,hep-lat,24
2023-08,hep-ph,398
2023-08,hep-th,269
2023-08,math-ph,102
2023-08,math.AC,62
2023-08,math.AG,166
2023-08,math.AP,345
2023-08,math.AT,50
2023-08,math.CA,66
2023-08,math.CO,318
2023-08,math.CT,33
2023-08,math.CV,62
2023-08,math.DG,128
2023-08,math.DS,119
2023-08,math.FA,87
2023-08,math.GM,26
2023-08,math.GN,30
2023-08,math.GR,84
2023-08,math.GT,87
2023-08,math.HO,30
2023-08,math.KT,6
2023-08,math.LO,56
2023-08,math.MG,30
2023-08,math.NA,256
2023-08,math.NT,208
2023-08,math.OA,26
2023-08,math.OC,257
2023-08,math.PR,196
2023-08,math.QA,32
2023-08,math.RA,55
2023-08,math.RT,70
2023-08,math.SG,32
2023-08,math.SP,27
2023-08,math.ST,60
2023-08,nlin.AO,16
2023-08,nlin.CD,15
2023-08,nlin.CG,1
2023-08,nlin.PS,20
2023-08,nlin.SI,14
2023-08,nucl-ex,49
2023-08,nucl-th,105
2023-08,physics.acc-ph,26
2023-08,physics.ao-ph,29
2023-08,physics.app-ph,82
2023-08,physics.atm-clus,3
2023-08,physics.atom-ph,50
2023-08,physics.bio-ph,23
2023-08,physics.chem-ph,101
2023-08,physics.class-ph,27
2023-08,physics.comp-ph,35
2023-08,physics.data-an,11
2023-08,physics.ed-ph,23
2023-08,physics.flu-dyn,187
2023-08,physics.gen-ph,28
2023-08,physics.geo-ph,23
2023-08,physics.hist-ph,16
2023-08,physics.ins-det,56
2023-08,physics.med-ph,49
2023-08,physics.optics,210
2023-08,physics.plasm-ph,60
2023-08,physics.pop-ph,12
2023-08,physics.soc-ph,72
2023-08,physics.space-ph,13
2023-08,q-bio.BM,31
2023-08,q-bio.CB,2
2023-08,q-bio.GN,10
2023-08,q-bio.MN,14
2023-08,q-bio.NC,46
2023-08,q-bio.OT,4
2023-08,q-bio.PE,26
2023-08,q-bio.QM,41
2023-08,q-bio.SC,2
2023-08,q-bio.TO,13
2023-08,q-fin.CP,7
2023-08,q-fin.GN,7
2023-08,q-fin.MF,11
2023-08,q-fin.PM,12
2023-08,q-fin.PR,6
2023-08,q-fin.RM,5
2023-08,q-fin.ST,15
2023-08,q-fin.TR,9
2023-08,quant-ph,700
2023-08,stat.AP,57
2023-08,stat.CO,19
2023-08,stat.ME,169
2023-08,stat.ML,98
2023-08,stat.OT,3
2023-09,astro-ph.CO,206
2023-09,astro-ph.EP,171
2023-09,astro-ph.GA,375
2023-09,astro-ph.HE,316
2023-09,astro-ph.IM,139
2023-09,astro-ph.SR,223
2023-09,cond-mat.dis-nn,45
2023-09,cond-mat.mes-hall,253
2023-09,cond-mat.mtrl-sci,378
2023-09,cond-mat.other,7
2023-09,cond-mat.quant-gas,65
2023-09,cond-mat.soft,117
2023-09,cond-mat.stat-mech,122
2023-09,cond-mat.str-el,198
2023-09,cond-mat.supr-con,103
2023-09,cs.AI,255
2023-09,cs.AR,49
2023-09,cs.CC,32
2023-09,cs.CE,45
2023-09,cs.CG,27
2023-09,cs.CL,823
2023-09,cs.CR,306
2023-09,cs.CV,1620
2023-09,cs.CY,114
2023-09,cs.DB,42
2023-09,cs.DC,121
2023-09,cs.DL,27
2023-09,cs.DM,22
2023-09,cs.DS,94
2023-09,cs.ET,29
2023-09,cs.FL,40
2023-09,cs.GL,2
2023-09,cs.GR,39
2023-09,cs.GT,53
2023-09,cs.HC,211
2023-09,cs.IR,125
2023-09,cs.IT,205
2023-09,cs.LG,1212
2023-09,cs.LO,70
2023-09,cs.MA,26
2023-09,cs.MM,17
2023-09,cs.MS,5
2023-09,cs.NE,43
2023-09,cs.NI,126
2023-09,cs.OH,4
2023-09,cs.OS,4
2023-09,cs.PF,8
2023-09,cs.PL,46
2023-09,cs.RO,706
2023-09,cs.SC,4
2023-09,cs.SD,170
2023-09,cs.SE,171
2023-09,cs.SI,75
2023-09,econ.EM,33
2023-09,econ.GN,47
2023-09,econ.TH,23
2023-09,eess.AS,198
2023-09,eess.IV,229
2023-09,eess.SP,258
2023-09,eess.SY,309
2023-09,gr-qc,317
2023-09,hep-ex,74
2023-09,hep-lat,42
2023-09,hep-ph,427
2023-09,hep-th,313
2023-09,math-ph,88
2023-09,math.AC,57
2023-09,math.AG,177
2023-09,math.AP,345
2023-09,math.AT,46
2023-09,math.CA,81
2023-09,math.CO,313
2023-09,math.CT,25
2023-09,math.CV,62
2023-09,math.DG,176
2023-09,math.DS,122
2023-09,math.FA,104
2023-09,math.GM,14
2023-09,math.GN,22
2023-09,math.GR,81
2023-09,math.GT,70
2023-09,math.HO,21
2023-09,math.KT,8
2023-09,math.LO,50
2023-09,math.MG,29
2023-09,math.NA,233
2023-09,math.NT,206
2023-09,math.OA,38
2023-09,math.OC,277
2023-09,math.PR,222
2023-09,math.QA,25
2023-09,math.RA,57
2023-09,math.RT,82
2023-09,math.SG,27
2023-09,math.SP,21
2023-09,math.ST,65
2023-09,nlin.AO,16
2023-09,nlin.CD,5
2023-09,nlin.CG,2
2023-09,nlin.PS,13
2023-09,nlin.SI,14
2023-09,nucl-ex,23
2023-09,nucl-th,103
2023-09,physics.acc-ph,27
2023-09,physics.ao-ph,37
2023-09,physics.app-ph,113
2023-09,physics.atm-clus,6
2023-09,physics.atom-ph,66
2023-09,physics.bio-ph,33
2023-09,physics.chem-ph,95
2023-09,physics.class-ph,14
2023-09,physics.comp-ph,54
2023-09,physics.data-an,10
2023-09,physics.ed-ph,22
2023-09,physics.flu-dyn,156
2023-09,physics.gen-ph,12
2023-09,physics.geo-ph,33
2023-09,physics.hist-ph,21
2023-09,physics.ins-det,75
2023-09,physics.med-ph,53
2023-09,physics.optics,202
2023-09,physics.plasm-ph,71
2023-09,physics.pop-ph,3
2023-09,physics.soc-ph,60
2023-09,physics.space-ph,11
2023-09,q-bio.BM,15
2023-09,q-bio.CB,5
2023-09,q-bio.GN,10
2023-09,q-bio.MN,10
2023-09,q-bio.NC,50
2023-09,q-bio.OT,14
2023-09,q-bio.PE,40
2023-09,q-bio.QM,45
2023-09,q-bio.TO,8
2023-09,q-fin.CP,17
2023-09,q-fin.GN,17
2023-09,q-fin.MF,12
2023-09,q-fin.PM,8
2023-09,q-fin.PR,3
2023-09,q-fin.RM,9
2023-09,q-fin.ST,15
2023-09,q-fin.TR,7
2023-09,quant-ph,743
2023-09,stat.AP,57
2023-09,stat.CO,24
2023-09,stat.ME,202
2023-09,stat.ML,126
2023-09,stat.OT,8
2023-10,astro-ph.CO,214
2023-10,astro-ph.EP,206
2023-10,astro-ph.GA,387
2023-10,astro-ph.HE,341
2023-10,astro-ph.IM,144
2023-10,astro-ph.SR,218
2023-10,cond-mat.dis-nn,37
2023-10,cond-mat.mes-hall,314
2023-10,cond-mat.mtrl-sci,423
2023-10,cond-mat.other,8
2023-10,cond-mat.quant-gas,63
2023-10,cond-mat.soft,154
2023-10,cond-mat.stat-mech,147
2023-10,cond-mat.str-el,227
2023-10,cond-mat.supr-con,115
2023-10,cs.AI,395
2023-10,cs.AR,43
2023-10,cs.CC,26
2023-10,cs.CE,55
2023-10,cs.CG,17
2023-10,cs.CL,1591
2023-10,cs.CR,287
2023-10,cs.CV,1503
2023-10,cs.CY,121
2023-10,cs.DB,53
2023-10,cs.DC,116
2023-10,cs.DL,18
2023-10,cs.DM,16
2023-10,cs.DS,116
2023-10,cs.ET,15
2023-10,cs.FL,26
2023-10,cs.GR,38
2023-10,cs.GT,88
2023-10,cs.HC,205
2023-10,cs.IR,141
2023-10,cs.IT,201
2023-10,cs.LG,2040
2023-10,cs.LO,84
2023-10,cs.MA,45
2023-10,cs.MM,24
2023-10,cs.MS,3
2023-10,cs.NE,62
2023-10,cs.NI,127
2023-10,cs.OH,6
2023-10,cs.OS,8
2023-10,cs.PF,16
2023-10,cs.PL,45
2023-10,cs.RO,561
2023-10,cs.SC,4
2023-10,cs.SD,119
2023-10,cs.SE,188
2023-10,cs.SI,90
2023-10,econ.EM,38
2023-10,econ.GN,64
2023-10,econ.TH,32
2023-10,eess.AS,112
2023-10,eess.IV,245
2023-10,eess.SP,183
2023-10,eess.SY,313
2023-10,gr-qc,316
2023-10,hep-ex,88
2023-10,hep-lat,40
2023-10,hep-ph,416
2023-10,hep-th,339
2023-10,math-ph,119
2023-10,math.AC,42
2023-10,math.AG,194
2023-10,math.AP,414
2023-10,math.AT,61
2023-10,math.CA,52
2023-10,math.CO,331
2023-10,math.CT,27
2023-10,math.CV,55
2023-10,math.DG,163
2023-10,math.DS,135
2023-10,math.FA,100
2023-10,math.GM,41
2023-10,math.GN,12
2023-10,math.GR,89
2023-10,math.GT,93
2023-10,math.HO,26
2023-10,math.KT,11
2023-10,math.LO,73
2023-10,math.MG,40
2023-10,math.NA,324
2023-10,math.NT,222
2023-10,math.OA,37
2023-10,math.OC,311
2023-10,math.PR,238
2023-10,math.QA,19
2023-10,math.RA,52
2023-10,math.RT,88
2023-10,math.SG,13
2023-10,math.SP,18
2023-10,math.ST,110
2023-10,nlin.AO,14
2023-10,nlin.CD,5
2023-10,nlin.CG,2
2023-10,nlin.PS,18
2023-10,nlin.SI,18
2023-10,nucl-ex,42
2023-10,nucl-th,92
2023-10,physics.acc-ph,59
2023-10,physics.ao-ph,50
2023-10,physics.app-ph,89
2023-10,physics.atm-clus,2
2023-10,physics.atom-ph,54
2023-10,physics.bio-ph,29
2023-10,physics.chem-ph,97
2023-10,physics.class-ph,16
2023-10,physics.comp-ph,43
2023-10,physics.data-an,13
2023-10,physics.ed-ph,22
2023-10,physics.flu-dyn,222
2023-10,physics.gen-ph,20
2023-10,physics.geo-ph,39
2023-10,physics.hist-ph,16
2023-10,physics.ins-det,78
2023-10,physics.med-ph,54
2023-10,physics.optics,276
2023-10,physics.plasm-ph,91
2023-10,physics.pop-ph,5
2023-10,physics.soc-ph,90
2023-10,physics.space-ph,9
2023-10,q-bio.BM,29
2023-10,q-bio.CB,5
2023-10,q-bio.GN,10
2023-10,q-bio.MN,8
2023-10,q-bio.NC,59
2023-10,q-bio.OT,7
2023-10,q-bio.PE,44
2023-10,q-bio.QM,39
2023-10,q-bio.TO,9
2023-10,q-fin.CP,14
2023-10,q-fin.GN,2
2023-10,q-fin.MF,6
2023-10,q-fin.PM,11
2023-10,q-fin.PR,6
2023-10,q-fin.RM,15
2023-10,q-fin.ST,14
2023-10,q-fin.TR,5
2023-10,quant-ph,768
2023-10,stat.AP,79
2023-10,stat.CO,29
2023-10,stat.ME,227
2023-10,stat.ML,228
2023-10,stat.OT,5
2023-11,astro-ph.CO,225
2023-11,astro-ph.EP,158
2023-11,astro-ph.GA,343
2023-11,astro-ph.HE,308
2023-11,astro-ph.IM,154
2023-11,astro-ph.SR,197
2023-11,cond-mat.dis-nn,41
2023-11,cond-mat.mes-hall,305
2023-11,cond-mat.mtrl-sci,395
2023-11,cond-mat.other,7
2023-11,cond-mat.quant-gas,84
2023-11,cond-mat.soft,181
2023-11,cond-mat.stat-mech,139
2023-11,cond-mat.str-el,216
2023-11,cond-mat.supr-con,128
2023-11,cs.AI,282
2023-11,cs.AR,62
2023-11,cs.CC,35
2023-11,cs.CE,63
2023-11,cs.CG,26
2023-11,cs.CL,1139
2023-11,cs.CR,282
2023-11,cs.CV,1868
2023-11,cs.CY,146
2023-11,cs.DB,54
2023-11,cs.DC,127
2023-11,cs.DL,27
2023-11,cs.DM,22
2023-11,cs.DS,139
2023-11,cs.ET,15
2023-11,cs.FL,18
2023-11,cs.GL,1
2023-11,cs.GR,25
2023-11,cs.GT,57
2023-11,cs.HC,169
2023-11,cs.IR,143
2023-11,cs.IT,210
2023-11,cs.LG,1358
2023-11,cs.LO,65
2023-11,cs.MA,25
2023-11,cs.MM,15
2023-11,cs.MS,4
2023-11,cs.NE,47
2023-11,cs.NI,120
2023-11,cs.OH,3
2023-11,cs.OS,6
2023-11,cs.PF,8
2023-11,cs.PL,50
2023-11,cs.RO,410
2023-11,cs.SC,8
2023-11,cs.SD,83
2023-11,cs.SE,164
2023-11,cs.SI,79
2023-11,econ.EM,39
2023-11,econ.GN,67
2023-11,econ.TH,30
2023-11,eess.AS,70
2023-11,eess.IV,268
2023-11,eess.SP,212
2023-11,eess.SY,324
2023-11,gr-qc,344
2023-11,hep-ex,101
2023-11,hep-lat,75
2023-11,hep-ph,450
2023-11,hep-th,363
2023-11,math-ph,92
2023-11,math.AC,56
2023-11,math.AG,174
2023-11,math.AP,369
2023-11,math.AT,51
2023-11,math.CA,72
2023-11,math.CO,327
2023-11,math.CT,39
2023-11,math.CV,48
2023-11,math.DG,133
2023-11,math.DS,139
2023-11,math.FA,91
2023-11,math.GM,25
2023-11,math.GN,16
2023-11,math.GR,79
2023-11,math.GT,81
2023-11,math.HO,17
2023-11,math.KT,12
2023-11,math.LO,59
2023-11,math.MG,27
2023-11,math.NA,253
2023-11,math.NT,169
2023-11,math.OA,40
2023-11,math.OC,357
2023-11,math.PR,204
2023-11,math.QA,25
2023-11,math.RA,55
2023-11,math.RT,77
2023-11,math.SG,26
2023-11,math.SP,28
2023-11,math.ST,90
2023-11,nlin.AO,14
2023-11,nlin.CD,14
2023-11,nlin.CG,1
2023-11,nlin.PS,16
2023-11,nlin.SI,17
2023-11,nucl-ex,43
2023-11,nucl-th,99
2023-11,physics.acc-ph,34
2023-11,physics.ao-ph,49
2023-11,physics.app-ph,98
2023-11,physics.atom-ph,61
2023-11,physics.bio-ph,45
2023-11,physics.chem-ph,98
2023-11,physics.class-ph,18
2023-11,physics.comp-ph,42
2023-11,physics.data-an,9
2023-11,physics.ed-ph,26
2023-11,physics.flu-dyn,235
2023-11,physics.gen-ph,20
2023-11,physics.geo-ph,34
2023-11,physics.hist-ph,18
2023-11,physics.ins-det,89
2023-11,physics.med-ph,46
2023-11,physics.optics,245
2023-11,physics.plasm-ph,79
2023-11,physics.pop-ph,6
2023-11,physics.soc-ph,93
2023-11,physics.space-ph,10
2023-11,q-bio.BM,39
2023-11,q-bio.CB,1
2023-11,q-bio.GN,21
2023-11,q-bio.MN,6
2023-11,q-bio.NC,64
2023-11,q-bio.OT,6
2023-11,q-bio.PE,49
2023-11,q-bio.QM,44
2023-11,q-bio.SC,3
2023-11,q-bio.TO,10
2023-11,q-fin.CP,11
2023-11,q-fin.GN,15
2023-11,q-fin.MF,18
2023-11,q-fin.PM,18
2023-11,q-fin.PR,3
2023-11,q-fin.RM,10
2023-11,q-fin.ST,14
2023-11,q-fin.TR,4
2023-11,quant-ph,765
2023-11,stat.AP,74
2023-11,stat.CO,18
2023-11,stat.ME,223
2023-11,stat.ML,112
2023-12,astro-ph.CO,195
2023-12,astro-ph.EP,112
2023-12,astro-ph.GA,295
2023-12,astro-ph.HE,210
2023-12,astro-ph.IM,98
2023-12,astro-ph.SR,186
2023-12,cond-mat.dis-nn,39
2023-12,cond-mat.mes-hall,294
2023-12,cond-mat.mtrl-sci,343
2023-12,cond-mat.other,5
2023-12,cond-mat.quant-gas,75
2023-12,cond-mat.soft,138
2023-12,cond-mat.stat-mech,124
2023-12,cond-mat.str-el,233
2023-12,cond-mat.supr-con,113
2023-12,cs.AI,368
2023-12,cs.AR,45
2023-12,cs.CC,41
2023-12,cs.CE,52
2023-12,cs.CG,31
2023-12,cs.CL,708
2023-12,cs.CR,329
2023-12,cs.CV,2037
2023-12,cs.CY,143
2023-12,cs.DB,63
2023-12,cs.DC,116
2023-12,cs.DL,17
2023-12,cs.DM,22
2023-12,cs.DS,78
2023-12,cs.ET,21
2023-12,cs.FL,7
2023-12,cs.GR,32
2023-12,cs.GT,90
2023-12,cs.HC,176
2023-12,cs.IR,133
2023-12,cs.IT,207
2023-12,cs.LG,1375
2023-12,cs.LO,52
2023-12,cs.MA,33
2023-12,cs.MM,20
2023-12,cs.MS,5
2023-12,cs.NE,67
2023-12,cs.NI,149
2023-12,cs.OH,2
2023-12,cs.OS,7
2023-12,cs.PF,4
2023-12,cs.PL,39
2023-12,cs.RO,399
2023-12,cs.SC,8
2023-12,cs.SD,112
2023-12,cs.SE,166
2023-12,cs.SI,79
2023-12,econ.EM,37
2023-12,econ.GN,74
2023-12,econ.TH,26
2023-12,eess.AS,78
2023-12,eess.IV,239
2023-12,eess.SP,216
2023-12,eess.SY,252
2023-12,gr-qc,337
2023-12,hep-ex,103
2023-12,hep-lat,106
2023-12,hep-ph,546
2023-12,hep-th,495
2023-12,math-ph,123
2023-12,math.AC,47
2023-12,math.AG,203
2023-12,math.AP,323
2023-12,math.AT,57
2023-12,math.CA,74
2023-12,math.CO,329
2023-12,math.CT,26
2023-12,math.CV,57
2023-12,math.DG,136
2023-12,math.DS,151
2023-12,math.FA,117
2023-12,math.GM,27
2023-12,math.GN,22
2023-12,math.GR,80
2023-12,math.GT,72
2023-12,math.HO,18
2023-12,math.KT,3
2023-12,math.LO,67
2023-12,math.MG,27
2023-12,math.NA,269
2023-12,math.NT,198
2023-12,math.OA,47
2023-12,math.OC,307
2023-12,math.PR,226
2023-12,math.QA,42
2023-12,math.RA,56
2023-12,math.RT,83
2023-12,math.SG,27
2023-12,math.SP,27
2023-12,math.ST,77
2023-12,nlin.AO,16
2023-12,nlin.CD,8
2023-12,nlin.CG,5
2023-12,nlin.PS,13
2023-12,nlin.SI,22
2023-12,nucl-ex,42
2023-12,nucl-th,120
2023-12,physics.acc-ph,19
2023-12,physics.ao-ph,40
2023-12,physics.app-ph,99
2023-12,physics.atm-clus,4
2023-12,physics.atom-ph,47
2023-12,physics.bio-ph,40
2023-12,physics.chem-ph,83
2023-12,physics.class-ph,15
2023-12,physics.comp-ph,45
2023-12,physics.data-an,14
2023-12,physics.ed-ph,17
2023-12,physics.flu-dyn,185
2023-12,physics.gen-ph,21
2023-12,physics.geo-ph,28
2023-12,physics.hist-ph,11
2023-12,physics.ins-det,65
2023-12,physics.med-ph,56
2023-12,physics.optics,188
2023-12,physics.plasm-ph,69
2023-12,physics.pop-ph,4
2023-12,physics.soc-ph,82
2023-12,physics.space-ph,13
2023-12,q-bio.BM,24
2023-12,q-bio.CB,2
2023-12,q-bio.GN,9
2023-12,q-bio.MN,12
2023-12,q-bio.NC,45
2023-12,q-bio.OT,3
2023-12,q-bio.PE,32
2023-12,q-bio.QM,48
2023-12,q-bio.SC,1
2023-12,q-bio.TO,9
2023-12,q-fin.CP,8
2023-12,q-fin.GN,5
2023-12,q-fin.MF,16
2023-12,q-fin.PM,15
2023-12,q-fin.PR,5
2023-12,q-fin.RM,6
2023-12,q-fin.ST,14
2023-12,q-fin.TR,9
2023-12,quant-ph,764
2023-12,stat.AP,67
2023-12,stat.CO,19
2023-12,stat.ME,207
2023-12,stat.ML,102
2023-12,stat.OT,2
2024-01,astro-ph.CO,157
2024-01,astro-ph.EP,184
2024-01,astro-ph.GA,355
2024-01,astro-ph.HE,319
2024-01,astro-ph.IM,91
2024-01,astro-ph.SR,261
2024-01,cond-mat.dis-nn,36
2024-01,cond-mat.mes-hall,229
2024-01,cond-mat.mtrl-sci,410
2024-01,cond-mat.other,8
2024-01,cond-mat.quant-gas,60
2024-01,cond-mat.soft,185
2024-01,cond-mat.stat-mech,123
2024-01,cond-mat.str-el,183
2024-01,cond-mat.supr-con,102
2024-01,cs.AI,212
2024-01,cs.AR,61
2024-01,cs.CC,27
2024-01,cs.CE,57
2024-01,cs.CG,21
2024-01,cs.CL,916
2024-01,cs.CR,281
2024-01,cs.CV,1418
2024-01,cs.CY,166
2024-01,cs.DB,37
2024-01,cs.DC,125
2024-01,cs.DL,25
2024-01,cs.DM,21
2024-01,cs.DS,70
2024-01,cs.ET,30
2024-01,cs.FL,22
2024-01,cs.GR,35
2024-01,cs.GT,60
2024-01,cs.HC,241
2024-01,cs.IR,167
2024-01,cs.IT,334
2024-01,cs.LG,1147
2024-01,cs.LO,77
2024-01,cs.MA,40
2024-01,cs.MM,25
2024-01,cs.MS,8
2024-01,cs.NE,80
2024-01,cs.NI,141
2024-01,cs.OH,5
2024-01,cs.OS,7
2024-01,cs.PF,10
2024-01,cs.PL,28
2024-01,cs.RO,358
2024-01,cs.SC,13
2024-01,cs.SD,90
2024-01,cs.SE,243
2024-01,cs.SI,89
2024-01,econ.EM,37
2024-01,econ.GN,71
2024-01,econ.TH,39
2024-01,eess.AS,115
2024-01,eess.IV,190
2024-01,eess.SP,259
2024-01,eess.SY,257
2024-01,gr-qc,311
2024-01,hep-ex,89
2024-01,hep-lat,83
2024-01,hep-ph,384
2024-01,hep-th,251
2024-01,math-ph,107
2024-01,math.AC,43
2024-01,math.AG,185
2024-01,math.AP,374
2024-01,math.AT,38
2024-01,math.CA,63
2024-01,math.CO,297
2024-01,math.CT,28
2024-01,math.CV,50
2024-01,math.DG,140
2024-01,math.DS,155
2024-01,math.FA,116
2024-01,math.GM,17
2024-01,math.GN,21
2024-01,math.GR,89
2024-01,math.GT,83
2024-01,math.HO,16
2024-01,math.KT,11
2024-01,math.LO,80
2024-01,math.MG,27
2024-01,math.NA,290
2024-01,math.NT,229
2024-01,math.OA,27
2024-01,math.OC,325
2024-01,math.PR,201
2024-01,math.QA,22
2024-01,math.RA,72
2024-01,math.RT,77
2024-01,math.SG,24
2024-01,math.SP,17
2024-01,math.ST,79
2024-01,nlin.AO,12
2024-01,nlin.CD,12
2024-01,nlin.CG,3
2024-01,nlin.PS,19
2024-01,nlin.SI,14
2024-01,nucl-ex,39
2024-01,nucl-th,85
2024-01,physics.acc-ph,36
2024-01,physics.ao-ph,43
2024-01,physics.app-ph,112
2024-01,physics.atm-clus,4
2024-01,physics.atom-ph,53
2024-01,physics.bio-ph,41
2024-01,physics.chem-ph,120
2024-01,physics.class-ph,20
2024-01,physics.comp-ph,49
2024-01,physics.data-an,14
2024-01,physics.ed-ph,19
2024-01,physics.flu-dyn,154
2024-01,physics.gen-ph,23
2024-01,physics.geo-ph,27
2024-01,physics.hist-ph,16
2024-01,physics.ins-det,77
2024-01,physics.med-ph,49
2024-01,physics.optics,220
2024-01,physics.plasm-ph,78
2024-01,physics.pop-ph,3
2024-01,physics.soc-ph,89
2024-01,physics.space-ph,10
2024-01,q-bio.BM,28
2024-01,q-bio.CB,6
2024-01,q-bio.GN,11
2024-01,q-bio.MN,16
2024-01,q-bio.NC,42
2024-01,q-bio.OT,8
2024-01,q-bio.PE,34
2024-01,q-bio.QM,46
2024-01,q-bio.SC,2
2024-01,q-bio.TO,9
2024-01,q-fin.CP,12
2024-01,q-fin.GN,4
2024-01,q-fin.MF,12
2024-01,q-fin.PM,9
2024-01,q-fin.PR,5
2024-01,q-fin.RM,13
2024-01,q-fin.ST,18
2024-01,q-fin.TR,10
2024-01,quant-ph,669
2024-01,stat.AP,72
2024-01,stat.CO,22
2024-01,stat.ME,254
2024-01,stat.ML,96
2024-01,stat.OT,4
2024-02,astro-ph.CO,159
2024-02,astro-ph.EP,160
2024-02,astro-ph.GA,317
2024-02,astro-ph.HE,215
2024-02,astro-ph.IM,93
2024-02,astro-ph.SR,208
2024-02,cond-mat.dis-nn,30
2024-02,cond-mat.mes-hall,269
2024-02,cond-mat.mtrl-sci,375
2024-02,cond-mat.other,4
2024-02,cond-mat.quant-gas,64
2024-02,cond-mat.soft,149
2024-02,cond-mat.stat-mech,128
2024-02,cond-mat.str-el,195
2024-02,cond-mat.supr-con,92
2024-02,cs.AI,397
2024-02,cs.AR,54
2024-02,cs.CC,43
2024-02,cs.CE,49
2024-02,cs.CG,40
2024-02,cs.CL,1510
2024-02,cs.CR,346
2024-02,cs.CV,1343
2024-02,cs.CY,183
2024-02,cs.DB,29
2024-02,cs.DC,119
2024-02,cs.DL,33
2024-02,cs.DM,33
2024-02,cs.DS,133
2024-02,cs.ET,19
2024-02,cs.FL,17
2024-02,cs.GL,2
2024-02,cs.GR,27
2024-02,cs.GT,140
2024-02,cs.HC,270
2024-02,cs.IR,199
2024-02,cs.IT,210
2024-02,cs.LG,2069
2024-02,cs.LO,76
2024-02,cs.MA,40
2024-02,cs.MM,20
2024-02,cs.MS,5
2024-02,cs.NE,85
2024-02,cs.NI,146
2024-02,cs.OH,11
2024-02,cs.OS,1
2024-02,cs.PF,5
2024-02,cs.PL,21
2024-02,cs.RO,454
2024-02,cs.SC,10
2024-02,cs.SD,86
2024-02,cs.SE,247
2024-02,cs.SI,101
2024-02,econ.EM,44
2024-02,econ.GN,66
2024-02,econ.TH,36
2024-02,eess.AS,85
2024-02,eess.IV,235
2024-02,eess.SP,236
2024-02,eess.SY,234
2024-02,gr-qc,314
2024-02,hep-ex,82
2024-02,hep-lat,44
2024-02,hep-ph,370
2024-02,hep-th,282
2024-02,math-ph,92
2024-02,math.AC,37
2024-02,math.AG,166
2024-02,math.AP,373
2024-02,math.AT,52
2024-02,math.CA,90
2024-02,math.CO,319
2024-02,math.CT,25
2024-02,math.CV,49
2024-02,math.DG,138
2024-02,math.DS,133
2024-02,math.FA,146
2024-02,math.GM,24
2024-02,math.GN,13
2024-02,math.GR,93
2024-02,math.GT,78
2024-02,math.HO,23
2024-02,math.KT,12
2024-02,math.LO,66
2024-02,math.MG,30
2024-02,math.NA,292
2024-02,math.NT,203
2024-02,math.OA,37
2024-02,math.OC,319
2024-02,math.PR,207
2024-02,math.QA,30
2024-02,math.RA,72
2024-02,math.RT,97
2024-02,math.SG,22
2024-02,math.SP,22
2024-02,math.ST,118
2024-02,nlin.AO,15
2024-02,nlin.CD,12
2024-02,nlin.CG,3
2024-02,nlin.PS,13
2024-02,nlin.SI,21
2024-02,nucl-ex,30
2024-02,nucl-th,101
2024-02,physics.acc-ph,19
2024-02,physics.ao-ph,37
2024-02,physics.app-ph,124
2024-02,physics.atm-clus,8
2024-02,physics.atom-ph,48
2024-02,physics.bio-ph,27
2024-02,physics.chem-ph,114
2024-02,physics.class-ph,12
2024-02,physics.comp-ph,49
2024-02,physics.data-an,6
2024-02,physics.ed-ph,17
2024-02,physics.flu-dyn,164
2024-02,physics.gen-ph,24
2024-02,physics.geo-ph,32
2024-02,physics.hist-ph,19
2024-02,physics.ins-det,90
2024-02,physics.med-ph,38
2024-02,physics.optics,249
2024-02,physics.plasm-ph,81
2024-02,physics.pop-ph,7
2024-02,physics.soc-ph,77
2024-02,physics.space-ph,17
2024-02,q-bio.BM,33
2024-02,q-bio.CB,2
2024-02,q-bio.GN,18
2024-02,q-bio.MN,10
2024-02,q-bio.NC,49
2024-02,q-bio.OT,11
2024-02,q-bio.PE,29
2024-02,q-bio.QM,55
2024-02,q-bio.SC,2
2024-02,q-bio.TO,5
2024-02,q-fin.CP,12
2024-02,q-fin.GN,7
2024-02,q-fin.MF,10
2024-02,q-fin.PM,9
2024-02,q-fin.PR,8
2024-02,q-fin.RM,14
2024-02,q-fin.ST,19
2024-02,q-fin.TR,11
2024-02,quant-ph,814
2024-02,stat.AP,66
2024-02,stat.CO,19
2024-02,stat.ME,219
2024-02,stat.ML,203
2024-02,stat.OT,5
2024-03,astro-ph.CO,210
2024-03,astro-ph.EP,171
2024-03,astro-ph.GA,336
2024-03,astro-ph.HE,249
2024-03,astro-ph.IM,76
2024-03,astro-ph.SR,211
2024-03,cond-mat.dis-nn,43
2024-03,cond-mat.mes-hall,306
2024-03,cond-mat.mtrl-sci,363
2024-03,cond-mat.other,7
2024-03,cond-mat.quant-gas,69
2024-03,cond-mat.soft,180
2024-03,cond-mat.stat-mech,144
2024-03,cond-mat.str-el,217
2024-03,cond-mat.supr-con,128
2024-03,cs.AI,379
2024-03,cs.AR,54
2024-03,cs.CC,28
2024-03,cs.CE,87
2024-03,cs.CG,41
2024-03,cs.CL,1271
2024-03,cs.CR,355
2024-03,cs.CV,2447
2024-03,cs.CY,177
2024-03,cs.DB,77
2024-03,cs.DC,127
2024-03,cs.DL,25
2024-03,cs.DM,15
2024-03,cs.DS,113
2024-03,cs.ET,35
2024-03,cs.FL,9
2024-03,cs.GL,2
2024-03,cs.GR,34
2024-03,cs.GT,95
2024-03,cs.HC,316
2024-03,cs.IR,190
2024-03,cs.IT,235
2024-03,cs.LG,1441
2024-03,cs.LO,55
2024-03,cs.MA,42
2024-03,cs.MM,28
2024-03,cs.MS,6
2024-03,cs.NE,65
2024-03,cs.NI,145
2024-03,cs.OH,3
2024-03,cs.OS,4
2024-03,cs.PF,9
2024-03,cs.PL,48
2024-03,cs.RO,769
2024-03,cs.SC,7
2024-03,cs.SD,93
2024-03,cs.SE,228
2024-03,cs.SI,85
2024-03,econ.EM,44
2024-03,econ.GN,62
2024-03,econ.TH,39
2024-03,eess.AS,78
2024-03,eess.IV,331
2024-03,eess.SP,258
2024-03,eess.SY,394
2024-03,gr-qc,314
2024-03,hep-ex,101
2024-03,hep-lat,22
2024-03,hep-ph,390
2024-03,hep-th,338
2024-03,math-ph,119
2024-03,math.AC,55
2024-03,math.AG,193
2024-03,math.AP,358
2024-03,math.AT,46
2024-03,math.CA,60
2024-03,math.CO,344
2024-03,math.CT,38
2024-03,math.CV,48
2024-03,math.DG,151
2024-03,math.DS,160
2024-03,math.FA,121
2024-03,math.GM,38
2024-03,math.GN,27
2024-03,math.GR,79
2024-03,math.GT,84
2024-03,math.HO,17
2024-03,math.KT,8
2024-03,math.LO,61
2024-03,math.MG,27
2024-03,math.NA,313
2024-03,math.NT,200
2024-03,math.OA,40
2024-03,math.OC,414
2024-03,math.PR,225
2024-03,math.QA,29
2024-03,math.RA,75
2024-03,math.RT,87
2024-03,math.SG,24
2024-03,math.SP,18
2024-03,math.ST,92
2024-03,nlin.AO,19
2024-03,nlin.CD,6
2024-03,nlin.PS,14
2024-03,nlin.SI,22
2024-03,nucl-ex,23
2024-03,nucl-th,100
2024-03,physics.acc-ph,30
2024-03,physics.ao-ph,22
2024-03,physics.app-ph,105
2024-03,physics.atm-clus,2
2024-03,physics.atom-ph,57
2024-03,physics.bio-ph,45
2024-03,physics.chem-ph,133
2024-03,physics.class-ph,17
2024-03,physics.comp-ph,55
2024-03,physics.data-an,8
2024-03,physics.ed-ph,26
2024-03,physics.flu-dyn,176
2024-03,physics.gen-ph,18
2024-03,physics.geo-ph,38
2024-03,physics.hist-ph,20
2024-03,physics.ins-det,85
2024-03,physics.med-ph,62
2024-03,physics.optics,257
2024-03,physics.plasm-ph,68
2024-03,physics.pop-ph,5
2024-03,physics.soc-ph,104
2024-03,physics.space-ph,16
2024-03,q-bio.BM,36
2024-03,q-bio.CB,4
2024-03,q-bio.GN,13
2024-03,q-bio.MN,10
2024-03,q-bio.NC,45
2024-03,q-bio.OT,9
2024-03,q-bio.PE,33
2024-03,q-bio.QM,45
2024-03,q-bio.SC,1
2024-03,q-bio.TO,10
2024-03,q-fin.CP,7
2024-03,q-fin.GN,8
2024-03,q-fin.MF,12
2024-03,q-fin.PM,5
2024-03,q-fin.PR,3
2024-03,q-fin.RM,12
2024-03,q-fin.ST,18
2024-03,q-fin.TR,9
2024-03,quant-ph,782
2024-03,stat.AP,52
2024-03,stat.CO,21
2024-03,stat.ME,225
2024-03,stat.ML,138
2024-03,stat.OT,3
2024-04,astro-ph.CO,224
2024-04,astro-ph.EP,172
2024-04,astro-ph.GA,385
2024-04,astro-ph.HE,256
2024-04,astro-ph.IM,102
2024-04,astro-ph.SR,221
2024-04,cond-mat.dis-nn,36
2024-04,cond-mat.mes-hall,281
2024-04,cond-mat.mtrl-sci,396
2024-04,cond-mat.other,6
2024-04,cond-mat.quant-gas,72
2024-04,cond-mat.soft,163
2024-04,cond-mat.stat-mech,123
2024-04,cond-mat.str-el,175
2024-04,cond-mat.supr-con,93
2024-04,cs.AI,295
2024-04,cs.AR,69
2024-04,cs.CC,41
2024-04,cs.CE,50
2024-04,cs.CG,28
2024-04,cs.CL,1175
2024-04,cs.CR,338
2024-04,cs.CV,2098
2024-04,cs.CY,158
2024-04,cs.DB,57
2024-04,cs.DC,142
2024-04,cs.DL,27
2024-04,cs.DM,28
2024-04,cs.DS,136
2024-04,cs.ET,41
2024-04,cs.FL,21
2024-04,cs.GL,1
2024-04,cs.GR,29
2024-04,cs.GT,64
2024-04,cs.HC,344
2024-04,cs.IR,171
2024-04,cs.IT,237
2024-04,cs.LG,1226
2024-04,cs.LO,97
2024-04,cs.MA,43
2024-04,cs.MM,30
2024-04,cs.MS,10
2024-04,cs.NE,102
2024-04,cs.NI,161
2024-04,cs.OH,2
2024-04,cs.OS,2
2024-04,cs.PF,8
2024-04,cs.PL,47
2024-04,cs.RO,504
2024-04,cs.SC,9
2024-04,cs.SD,81
2024-04,cs.SE,262
2024-04,cs.SI,67
2024-04,econ.EM,53
2024-04,econ.GN,71
2024-04,econ.TH,33
2024-04,eess.AS,48
2024-04,eess.IV,238
2024-04,eess.SP,248
2024-04,eess.SY,287
2024-04,gr-qc,351
2024-04,hep-ex,79
2024-04,hep-lat,44
2024-04,hep-ph,418
2024-04,hep-th,321
2024-04,math-ph,88
2024-04,math.AC,69
2024-04,math.AG,183
2024-04,math.AP,384
2024-04,math.AT,46
2024-04,math.CA,71
2024-04,math.CO,318
2024-04,math.CT,44
2024-04,math.CV,57
2024-04,math.DG,156
2024-04,math.DS,135
2024-04,math.FA,113
2024-04,math.GM,29
2024-04,math.GN,16
2024-04,math.GR,77
2024-04,math.GT,68
2024-04,math.HO,27
2024-04,math.KT,5
2024-04,math.LO,62
2024-04,math.MG,28
2024-04,math.NA,295
2024-04,math.NT,183
2024-04,math.OA,29
2024-04,math.OC,319
2024-04,math.PR,189
2024-04,math.QA,34
2024-04,math.RA,64
2024-04,math.RT,81
2024-04,math.SG,31
2024-04,math.SP,17
2024-04,math.ST,99
2024-04,nlin.AO,19
2024-04,nlin.CD,7
2024-04,nlin.CG,1
2024-04,nlin.PS,15
2024-04,nlin.SI,18
2024-04,nucl-ex,19
2024-04,nucl-th,90
2024-04,physics.acc-ph,25
2024-04,physics.ao-ph,41
2024-04,physics.app-ph,98
2024-04,physics.atom-ph,46
2024-04,physics.bio-ph,35
2024-04,physics.chem-ph,101
2024-04,physics.class-ph,20
2024-04,physics.comp-ph,42
2024-04,physics.data-an,14
2024-04,physics.ed-ph,17
2024-04,physics.flu-dyn,171
2024-04,physics.gen-ph,23
2024-04,physics.geo-ph,37
2024-04,physics.hist-ph,22
2024-04,physics.ins-det,55
2024-04,physics.med-ph,41
2024-04,physics.optics,240
2024-04,physics.plasm-ph,86
2024-04,physics.pop-ph,4
2024-04,physics.soc-ph,82
2024-04,physics.space-ph,11
2024-04,q-bio.BM,31
2024-04,q-bio.CB,10
2024-04,q-bio.GN,5
2024-04,q-bio.MN,6
2024-04,q-bio.NC,51
2024-04,q-bio.OT,10
2024-04,q-bio.PE,33
2024-04,q-bio.QM,43
2024-04,q-bio.TO,4
2024-04,q-fin.CP,14
2024-04,q-fin.GN,5
2024-04,q-fin.MF,10
2024-04,q-fin.PM,11
2024-04,q-fin.PR,5
2024-04,q-fin.RM,9
2024-04,q-fin.ST,11
2024-04,q-fin.TR,6
2024-04,quant-ph,828
2024-04,stat.AP,78
2024-04,stat.CO,28
2024-04,stat.ME,212
2024-04,stat.ML,97
2024-04,stat.OT,2
2024-05,astro-ph.CO,240
2024-05,astro-ph.EP,186
2024-05,astro-ph.GA,381
2024-05,astro-ph.HE,286
2024-05,astro-ph.IM,132
2024-05,astro-ph.SR,235
2024-05,cond-mat.dis-nn,42
2024-05,cond-mat.mes-hall,284
2024-05,cond-mat.mtrl-sci,428
2024-05,cond-mat.other,11
2024-05,cond-mat.quant-gas,67
2024-05,cond-mat.soft,136
2024-05,cond-mat.stat-mech,148
2024-05,cond-mat.str-el,196
2024-05,cond-mat.supr-con,118
2024-05,cs.AI,420
2024-05,cs.AR,43
2024-05,cs.CC,38
2024-05,cs.CE,67
2024-05,cs.CG,21
2024-05,cs.CL,1151
2024-05,cs.CR,431
2024-05,cs.CV,1913
2024-05,cs.CY,172
2024-05,cs.DB,63
2024-05,cs.DC,171
2024-05,cs.DL,19
2024-05,cs.DM,29
2024-05,cs.DS,129
2024-05,cs.ET,26
2024-05,cs.FL,25
2024-05,cs.GR,55
2024-05,cs.GT,99
2024-05,cs.HC,303
2024-05,cs.IR,195
2024-05,cs.IT,276
2024-05,cs.LG,2077
2024-05,cs.LO,91
2024-05,cs.MA,35
2024-05,cs.MM,20
2024-05,cs.MS,11
2024-05,cs.NE,90
2024-05,cs.NI,144
2024-05,cs.OH,4
2024-05,cs.OS,2
2024-05,cs.PF,9
2024-05,cs.PL,39
2024-05,cs.RO,541
2024-05,cs.SC,11
2024-05,cs.SD,98
2024-05,cs.SE,220
2024-05,cs.SI,78
2024-05,econ.EM,57
2024-05,econ.GN,72
2024-05,econ.TH,29
2024-05,eess.AS,50
2024-05,eess.IV,236
2024-05,eess.SP,304
2024-05,eess.SY,292
2024-05,gr-qc,368
2024-05,hep-ex,109
2024-05,hep-lat,46
2024-05,hep-ph,463
2024-05,hep-th,339
2024-05,math-ph,118
2024-05,math.AC,62
2024-05,math.AG,202
2024-05,math.AP,378
2024-05,math.AT,49
2024-05,math.CA,63
2024-05,math.CO,348
2024-05,math.CT,29
2024-05,math.CV,69
2024-05,math.DG,166
2024-05,math.DS,170
2024-05,math.FA,154
2024-05,math.GM,39
2024-05,math.GN,16
2024-05,math.GR,96
2024-05,math.GT,70
2024-05,math.HO,16
2024-05,math.KT,15
2024-05,math.LO,66
2024-05,math.MG,21
2024-05,math.NA,293
2024-05,math.NT,223
2024-05,math.OA,37
2024-05,math.OC,311
2024-05,math.PR,198
2024-05,math.QA,19
2024-05,math.RA,64
2024-05,math.RT,97
2024-05,math.SG,31
2024-05,math.SP,18
2024-05,math.ST,102
2024-05,nlin.AO,17
2024-05,nlin.CD,12
2024-05,nlin.CG,4
2024-05,nlin.PS,23
2024-05,nlin.SI,21
2024-05,nucl-ex,44
2024-05,nucl-th,105
2024-05,physics.acc-ph,37
2024-05,physics.ao-ph,41
2024-05,physics.app-ph,82
2024-05,physics.atm-clus,1
2024-05,physics.atom-ph,55
2024-05,physics.bio-ph,40
2024-05,physics.chem-ph,122
2024-05,physics.class-ph,15
2024-05,physics.comp-ph,43
2024-05,physics.data-an,10
2024-05,physics.ed-ph,17
2024-05,physics.flu-dyn,150
2024-05,physics.gen-ph,22
2024-05,physics.geo-ph,27
2024-05,physics.hist-ph,9
2024-05,physics.ins-det,75
2024-05,physics.med-ph,42
2024-05,physics.optics,235
2024-05,physics.plasm-ph,99
2024-05,physics.pop-ph,5
2024-05,physics.soc-ph,74
2024-05,physics.space-ph,11
2024-05,q-bio.BM,27
2024-05,q-bio.CB,6
2024-05,q-bio.GN,13
2024-05,q-bio.MN,11
2024-05,q-bio.NC,74
2024-05,q-bio.OT,11
2024-05,q-bio.PE,43
2024-05,q-bio.QM,56
2024-05,q-bio.SC,3
2024-05,q-bio.TO,8
2024-05,q-fin.CP,10
2024-05,q-fin.GN,8
2024-05,q-fin.MF,15
2024-05,q-fin.PM,7
2024-05,q-fin.PR,4
2024-05,q-fin.RM,21
2024-05,q-fin.ST,14
2024-05,q-fin.TR,10
2024-05,quant-ph,875
2024-05,stat.AP,64
2024-05,stat.CO,27
2024-05,stat.ME,250
2024-05,stat.ML,216
2024-05,stat.OT,4
2024-06,astro-ph.CO,240
2024-06,astro-ph.EP,154
2024-06,astro-ph.GA,318
2024-06,astro-ph.HE,289
2024-06,astro-ph.IM,163
2024-06,astro-ph.SR,190
2024-06,cond-mat.dis-nn,39
2024-06,cond-mat.mes-hall,302
2024-06,cond-mat.mtrl-sci,384
2024-06,cond-mat.other,9
2024-06,cond-mat.quant-gas,68
2024-06,cond-mat.soft,134
2024-06,cond-mat.stat-mech,144
2024-06,cond-mat.str-el,230
2024-06,cond-mat.supr-con,99
2024-06,cs.AI,422
2024-06,cs.AR,67
2024-06,cs.CC,24
2024-06,cs.CE,57
2024-06,cs.CG,24
2024-06,cs.CL,1828
2024-06,cs.CR,368
2024-06,cs.CV,1937
2024-06,cs.CY,152
2024-06,cs.DB,73
2024-06,cs.DC,144
2024-06,cs.DL,22
2024-06,cs.DM,35
2024-06,cs.DS,116
2024-06,cs.ET,28
2024-06,cs.FL,25
2024-06,cs.GR,36
2024-06,cs.GT,71
2024-06,cs.HC,211
2024-06,cs.IR,197
2024-06,cs.IT,173
2024-06,cs.LG,2020
2024-06,cs.LO,63
2024-06,cs.MA,43
2024-06,cs.MM,21
2024-06,cs.MS,8
2024-06,cs.NE,89
2024-06,cs.NI,108
2024-06,cs.OH,2
2024-06,cs.OS,4
2024-06,cs.PF,5
2024-06,cs.PL,36
2024-06,cs.RO,461
2024-06,cs.SC,7
2024-06,cs.SD,191
2024-06,cs.SE,243
2024-06,cs.SI,85
2024-06,econ.EM,40
2024-06,econ.GN,50
2024-06,econ.TH,43
2024-06,eess.AS,229
2024-06,eess.IV,271
2024-06,eess.SP,257
2024-06,eess.SY,268
2024-06,gr-qc,310
2024-06,hep-ex,66
2024-06,hep-lat,33
2024-06,hep-ph,417
2024-06,hep-th,356
2024-06,math-ph,95
2024-06,math.AC,54
2024-06,math.AG,169
2024-06,math.AP,369
2024-06,math.AT,45
2024-06,math.CA,60
2024-06,math.CO,336
2024-06,math.CT,31
2024-06,math.CV,51
2024-06,math.DG,150
2024-06,math.DS,118
2024-06,math.FA,116
2024-06,math.GM,21
2024-06,math.GN,20
2024-06,math.GR,67
2024-06,math.GT,69
2024-06,math.HO,12
2024-06,math.KT,9
2024-06,math.LO,69
2024-06,math.MG,34
2024-06,math.NA,236
2024-06,math.NT,211
2024-06,math.OA,36
2024-06,math.OC,310
2024-06,math.PR,186
2024-06,math.QA,28
2024-06,math.RA,58
2024-06,math.RT,94
2024-06,math.SG,24
2024-06,math.SP,15
2024-06,math.ST,87
2024-06,nlin.AO,6
2024-06,nlin.CD,11
2024-06,nlin.CG,6
2024-06,nlin.PS,21
2024-06,nlin.SI,16
2024-06,nucl-ex,25
2024-06,nucl-th,92
2024-06,physics.acc-ph,31
2024-06,physics.ao-ph,44
2024-06,physics.app-ph,94
2024-06,physics.atm-clus,6
2024-06,physics.atom-ph,57
2024-06,physics.bio-ph,27
2024-06,physics.chem-ph,105
2024-06,physics.class-ph,20
2024-06,physics.comp-ph,51
2024-06,physics.data-an,12
2024-06,physics.ed-ph,20
2024-06,physics.flu-dyn,179
2024-06,physics.gen-ph,17
2024-06,physics.geo-ph,36
2024-06,physics.hist-ph,9
2024-06,physics.ins-det,77
2024-06,physics.med-ph,61
2024-06,physics.optics,224
2024-06,physics.plasm-ph,84
2024-06,physics.pop-ph,4
2024-06,physics.soc-ph,80
2024-06,physics.space-ph,19
2024-06,q-bio.BM,22
2024-06,q-bio.CB,5
2024-06,q-bio.GN,8
2024-06,q-bio.MN,9
2024-06,q-bio.NC,63
2024-06,q-bio.OT,12
2024-06,q-bio.PE,25
2024-06,q-bio.QM,49
2024-06,q-bio.SC,2
2024-06,q-bio.TO,7
2024-06,q-fin.CP,14
2024-06,q-fin.GN,3
2024-06,q-fin.MF,16
2024-06,q-fin.PM,13
2024-06,q-fin.PR,1
2024-06,q-fin.RM,9
2024-06,q-fin.ST,13
2024-06,q-fin.TR,11
2024-06,quant-ph,824
2024-06,stat.AP,61
2024-06,stat.CO,23
2024-06,stat.ME,243
2024-06,stat.ML,169
2024-06,stat.OT,2
2024-07,astro-ph.CO,225
2024-07,astro-ph.EP,192
2024-07,astro-ph.GA,360
2024-07,astro-ph.HE,282
2024-07,astro-ph.IM,205
2024-07,astro-ph.SR,210
2024-07,cond-mat.dis-nn,40
2024-07,cond-mat.mes-hall,322
2024-07,cond-mat.mtrl-sci,415
2024-07,cond-mat.other,8
2024-07,cond-mat.quant-gas,86
2024-07,cond-mat.soft,168
2024-07,cond-mat.stat-mech,150
2024-07,cond-mat.str-el,195
2024-07,cond-mat.supr-con,94
2024-07,cs.AI,469
2024-07,cs.AR,83
2024-07,cs.CC,27
2024-07,cs.CE,55
2024-07,cs.CG,29
2024-07,cs.CL,1156
2024-07,cs.CR,369
2024-07,cs.CV,2254
2024-07,cs.CY,220
2024-07,cs.DB,59
2024-07,cs.DC,142
2024-07,cs.DL,25
2024-07,cs.DM,16
2024-07,cs.DS,131
2024-07,cs.ET,21
2024-07,cs.FL,27
2024-07,cs.GL,1
2024-07,cs.GR,33
2024-07,cs.GT,70
2024-07,cs.HC,281
2024-07,cs.IR,165
2024-07,cs.IT,183
2024-07,cs.LG,1480
2024-07,cs.LO,68
2024-07,cs.MA,27
2024-07,cs.MM,36
2024-07,cs.MS,5
2024-07,cs.NE,80
2024-07,cs.NI,145
2024-07,cs.OH,2
2024-07,cs.OS,3
2024-07,cs.PF,5
2024-07,cs.PL,39
2024-07,cs.RO,538
2024-07,cs.SC,7
2024-07,cs.SD,140
2024-07,cs.SE,240
2024-07,cs.SI,86
2024-07,econ.EM,41
2024-07,econ.GN,62
2024-07,econ.TH,30
2024-07,eess.AS,124
2024-07,eess.IV,298
2024-07,eess.SP,288
2024-07,eess.SY,227
2024-07,gr-qc,371
2024-07,hep-ex,86
2024-07,hep-lat,35
2024-07,hep-ph,464
2024-07,hep-th,352
2024-07,math-ph,118
2024-07,math.AC,51
2024-07,math.AG,178
2024-07,math.AP,423
2024-07,math.AT,53
2024-07,math.CA,82
2024-07,math.CO,324
2024-07,math.CT,24
2024-07,math.CV,60
2024-07,math.DG,153
2024-07,math.DS,150
2024-07,math.FA,132
2024-07,math.GM,22
2024-07,math.GN,29
2024-07,math.GR,99
2024-07,math.GT,56
2024-07,math.HO,9
2024-07,math.KT,13
2024-07,math.LO,52
2024-07,math.MG,40
2024-07,math.NA,316
2024-07,math.NT,204
2024-07,math.OA,33
2024-07,math.OC,310
2024-07,math.PR,215
2024-07,math.QA,31
2024-07,math.RA,72
2024-07,math.RT,94
2024-07,math.SG,17
2024-07,math.SP,26
2024-07,math.ST,99
2024-07,nlin.AO,14
2024-07,nlin.CD,18
2024-07,nlin.CG,7
2024-07,nlin.PS,21
2024-07,nlin.SI,26
2024-07,nucl-ex,44
2024-07,nucl-th,115
2024-07,physics.acc-ph,25
2024-07,physics.ao-ph,42
2024-07,physics.app-ph,96
2024-07,physics.atm-clus,2
2024-07,physics.atom-ph,56
2024-07,physics.bio-ph,46
2024-07,physics.chem-ph,92
2024-07,physics.class-ph,22
2024-07,physics.comp-ph,45
2024-07,physics.data-an,10
2024-07,physics.ed-ph,35
2024-07,physics.flu-dyn,184
2024-07,physics.gen-ph,19
2024-07,physics.geo-ph,33
2024-07,physics.hist-ph,19
2024-07,physics.ins-det,76
2024-07,physics.med-ph,52
2024-07,physics.optics,233
2024-07,physics.plasm-ph,86
2024-07,physics.pop-ph,4
2024-07,physics.soc-ph,76
2024-07,physics.space-ph,11
2024-07,q-bio.BM,33
2024-07,q-bio.CB,5
2024-07,q-bio.GN,16
2024-07,q-bio.MN,4
2024-07,q-bio.NC,66
2024-07,q-bio.OT,10
2024-07,q-bio.PE,35
2024-07,q-bio.QM,57
2024-07,q-bio.SC,2
2024-07,q-bio.TO,10
2024-07,q-fin.CP,20
2024-07,q-fin.GN,4
2024-07,q-fin.MF,19
2024-07,q-fin.PM,10
2024-07,q-fin.PR,3
2024-07,q-fin.RM,14
2024-07,q-fin.ST,7
2024-07,q-fin.TR,14
2024-07,quant-ph,853
2024-07,stat.AP,69
2024-07,stat.CO,25
2024-07,stat.ME,231
2024-07,stat.ML,108
2024-07,stat.OT,10
2024-08,astro-ph.CO,167
2024-08,astro-ph.EP,134
2024-08,astro-ph.GA,297
2024-08,astro-ph.HE,258
2024-08,astro-ph.IM,107
2024-08,astro-ph.SR,206
2024-08,cond-mat.dis-nn,45
2024-08,cond-mat.mes-hall,266
2024-08,cond-mat.mtrl-sci,390
2024-08,cond-mat.other,3
2024-08,cond-mat.quant-gas,57
2024-08,cond-mat.soft,163
2024-08,cond-mat.stat-mech,90
2024-08,cond-mat.str-el,201
2024-08,cond-mat.supr-con,119
2024-08,cs.AI,429
2024-08,cs.AR,68
2024-08,cs.CC,16
2024-08,cs.CE,63
2024-08,cs.CG,13
2024-08,cs.CL,933
2024-08,cs.CR,338
2024-08,cs.CV,1764
2024-08,cs.CY,147
2024-08,cs.DB,60
2024-08,cs.DC,137
2024-08,cs.DL,22
2024-08,cs.DM,14
2024-08,cs.DS,106
2024-08,cs.ET,25
2024-08,cs.FL,17
2024-08,cs.GR,30
2024-08,cs.GT,77
2024-08,cs.HC,279
2024-08,cs.IR,188
2024-08,cs.IT,173
2024-08,cs.LG,1308
2024-08,cs.LO,54
2024-08,cs.MA,41
2024-08,cs.MM,37
2024-08,cs.MS,5
2024-08,cs.NE,57
2024-08,cs.NI,110
2024-08,cs.OH,5
2024-08,cs.OS,5
2024-08,cs.PF,9
2024-08,cs.PL,40
2024-08,cs.RO,413
2024-08,cs.SC,5
2024-08,cs.SD,129
2024-08,cs.SE,265
2024-08,cs.SI,60
2024-08,econ.EM,50
2024-08,econ.GN,49
2024-08,econ.TH,28
2024-08,eess.AS,98
2024-08,eess.IV,242
2024-08,eess.SP,263
2024-08,eess.SY,262
2024-08,gr-qc,280
2024-08,hep-ex,64
2024-08,hep-lat,20
2024-08,hep-ph,417
2024-08,hep-th,322
2024-08,math-ph,84
2024-08,math.AC,31
2024-08,math.AG,171
2024-08,math.AP,345
2024-08,math.AT,51
2024-08,math.CA,50
2024-08,math.CO,352
2024-08,math.CT,28
2024-08,math.CV,42
2024-08,math.DG,125
2024-08,math.DS,116
2024-08,math.FA,118
2024-08,math.GM,21
2024-08,math.GN,12
2024-08,math.GR,75
2024-08,math.GT,62
2024-08,math.HO,15
2024-08,math.KT,6
2024-08,math.LO,54
2024-08,math.MG,29
2024-08,math.NA,242
2024-08,math.NT,199
2024-08,math.OA,28
2024-08,math.OC,255
2024-08,math.PR,175
2024-08,math.QA,31
2024-08,math.RA,49
2024-08,math.RT,69
2024-08,math.SG,22
2024-08,math.SP,17
2024-08,math.ST,67
2024-08,nlin.AO,6
2024-08,nlin.CD,31
2024-08,nlin.CG,2
2024-08,nlin.PS,10
2024-08,nlin.SI,17
2024-08,nucl-ex,23
2024-08,nucl-th,94
2024-08,physics.acc-ph,26
2024-08,physics.ao-ph,43
2024-08,physics.app-ph,67
2024-08,physics.atm-clus,2
2024-08,physics.atom-ph,61
2024-08,physics.bio-ph,36
2024-08,physics.chem-ph,110
2024-08,physics.class-ph,19
2024-08,physics.comp-ph,52
2024-08,physics.data-an,6
2024-08,physics.ed-ph,12
2024-08,physics.flu-dyn,169
2024-08,physics.gen-ph,17
2024-08,physics.geo-ph,32
2024-08,physics.hist-ph,10
2024-08,physics.ins-det,54
2024-08,physics.med-ph,48
2024-08,physics.optics,226
2024-08,physics.plasm-ph,78
2024-08,physics.pop-ph,6
2024-08,physics.soc-ph,68
2024-08,physics.space-ph,18
2024-08,q-bio.BM,18
2024-08,q-bio.CB,2
2024-08,q-bio.GN,16
2024-08,q-bio.MN,10
2024-08,q-bio.NC,50
2024-08,q-bio.OT,12
2024-08,q-bio.PE,33
2024-08,q-bio.QM,36
2024-08,q-bio.SC,1
2024-08,q-bio.TO,5
2024-08,q-fin.CP,18
2024-08,q-fin.GN,3
2024-08,q-fin.MF,12
2024-08,q-fin.PM,7
2024-08,q-fin.PR,4
2024-08,q-fin.RM,18
2024-08,q-fin.ST,20
2024-08,q-fin.TR,8
2024-08,quant-ph,784
2024-08,stat.AP,69
2024-08,stat.CO,31
2024-08,stat.ME,185
2024-08,stat.ML,123
2024-09,astro-ph.CO,207
2024-09,astro-ph.EP,206
2024-09,astro-ph.GA,375
2024-09,astro-ph.HE,276
2024-09,astro-ph.IM,150
2024-09,astro-ph.SR,225
2024-09,cond-mat.dis-nn,29
2024-09,cond-mat.mes-hall,260
2024-09,cond-mat.mtrl-sci,401
2024-09,cond-mat.other,5
2024-09,cond-mat.quant-gas,57
2024-09,cond-mat.soft,174
2024-09,cond-mat.stat-mech,151
2024-09,cond-mat.str-el,201
2024-09,cond-mat.supr-con,103
2024-09,cs.AI,392
2024-09,cs.AR,61
2024-09,cs.CC,34
2024-09,cs.CE,71
2024-09,cs.CG,26
2024-09,cs.CL,1059
2024-09,cs.CR,408
2024-09,cs.CV,1910
2024-09,cs.CY,148
2024-09,cs.DB,53
2024-09,cs.DC,136
2024-09,cs.DL,26
2024-09,cs.DM,30
2024-09,cs.DS,108
2024-09,cs.ET,24
2024-09,cs.FL,31
2024-09,cs.GR,39
2024-09,cs.GT,63
2024-09,cs.HC,334
2024-09,cs.IR,191
2024-09,cs.IT,164
2024-09,cs.LG,1382
2024-09,cs.LO,35
2024-09,cs.MA,46
2024-09,cs.MM,28
2024-09,cs.MS,9
2024-09,cs.NE,53
2024-09,cs.NI,123
2024-09,cs.OH,2
2024-09,cs.OS,10
2024-09,cs.PF,12
2024-09,cs.PL,29
2024-09,cs.RO,898
2024-09,cs.SC,3
2024-09,cs.SD,213
2024-09,cs.SE,224
2024-09,cs.SI,93
2024-09,econ.EM,40
2024-09,econ.GN,71
2024-09,econ.TH,24
2024-09,eess.AS,224
2024-09,eess.IV,333
2024-09,eess.SP,274
2024-09,eess.SY,339
2024-09,gr-qc,328
2024-09,hep-ex,84
2024-09,hep-lat,49
2024-09,hep-ph,477
2024-09,hep-th,296
2024-09,math-ph,109
2024-09,math.AC,56
2024-09,math.AG,200
2024-09,math.AP,400
2024-09,math.AT,41
2024-09,math.CA,66
2024-09,math.CO,365
2024-09,math.CT,24
2024-09,math.CV,55
2024-09,math.DG,134
2024-09,math.DS,131
2024-09,math.FA,117
2024-09,math.GM,20
2024-09,math.GN,12
2024-09,math.GR,94
2024-09,math.GT,76
2024-09,math.HO,11
2024-09,math.KT,13
2024-09,math.LO,69
2024-09,math.MG,26
2024-09,math.NA,279
2024-09,math.NT,203
2024-09,math.OA,36
2024-09,math.OC,311
2024-09,math.PR,240
2024-09,math.QA,32
2024-09,math.RA,57
2024-09,math.RT,86
2024-09,math.SG,24
2024-09,math.SP,20
2024-09,math.ST,89
2024-09,nlin.AO,10
2024-09,nlin.CD,29
2024-09,nlin.CG,3
2024-09,nlin.PS,20
2024-09,nlin.SI,19
2024-09,nucl-ex,50
2024-09,nucl-th,88
2024-09,physics.acc-ph,39
2024-09,physics.ao-ph,51
2024-09,physics.app-ph,113
2024-09,physics.atm-clus,4
2024-09,physics.atom-ph,57
2024-09,physics.bio-ph,51
2024-09,physics.chem-ph,145
2024-09,physics.class-ph,23
2024-09,physics.comp-ph,41
2024-09,physics.data-an,11
2024-09,physics.ed-ph,21
2024-09,physics.flu-dyn,161
2024-09,physics.gen-ph,21
2024-09,physics.geo-ph,37
2024-09,physics.hist-ph,18
2024-09,physics.ins-det,83
2024-09,physics.med-ph,56
2024-09,physics.optics,243
2024-09,physics.plasm-ph,83
2024-09,physics.pop-ph,2
2024-09,physics.soc-ph,72
2024-09,physics.space-ph,19
2024-09,q-bio.BM,25
2024-09,q-bio.CB,5
2024-09,q-bio.GN,17
2024-09,q-bio.MN,10
2024-09,q-bio.NC,65
2024-09,q-bio.OT,10
2024-09,q-bio.PE,56
2024-09,q-bio.QM,70
2024-09,q-bio.SC,1
2024-09,q-bio.TO,8
2024-09,q-fin.CP,19
2024-09,q-fin.GN,9
2024-09,q-fin.MF,14
2024-09,q-fin.PM,10
2024-09,q-fin.PR,5
2024-09,q-fin.RM,16
2024-09,q-fin.ST,25
2024-09,q-fin.TR,8
2024-09,quant-ph,822
2024-09,stat.AP,77
2024-09,stat.CO,26
2024-09,stat.ME,214
2024-09,stat.ML,138
2024-09,stat.OT,5
2024-10,astro-ph.CO,229
2024-10,astro-ph.EP,220
2024-10,astro-ph.GA,449
2024-10,astro-ph.HE,343
2024-10,astro-ph.IM,143
2024-10,astro-ph.SR,260
2024-10,cond-mat.dis-nn,42
2024-10,cond-mat.mes-hall,324
2024-10,cond-mat.mtrl-sci,417
2024-10,cond-mat.other,7
2024-10,cond-mat.quant-gas,79
2024-10,cond-mat.soft,187
2024-10,cond-mat.stat-mech,155
2024-10,cond-mat.str-el,197
2024-10,cond-mat.supr-con,126
2024-10,cs.AI,576
2024-10,cs.AR,69
2024-10,cs.CC,25
2024-10,cs.CE,94
2024-10,cs.CG,31
2024-10,cs.CL,1883
2024-10,cs.CR,411
2024-10,cs.CV,2085
2024-10,cs.CY,211
2024-10,cs.DB,62
2024-10,cs.DC,170
2024-10,cs.DL,28
2024-10,cs.DM,24
2024-10,cs.DS,136
2024-10,cs.ET,27
2024-10,cs.FL,27
2024-10,cs.GR,34
2024-10,cs.GT,107
2024-10,cs.HC,312
2024-10,cs.IR,210
2024-10,cs.IT,187
2024-10,cs.LG,2660
2024-10,cs.LO,73
2024-10,cs.MA,49
2024-10,cs.MM,21
2024-10,cs.MS,4
2024-10,cs.NE,75
2024-10,cs.NI,142
2024-10,cs.OH,6
2024-10,cs.OS,6
2024-10,cs.PF,12
2024-10,cs.PL,38
2024-10,cs.RO,770
2024-10,cs.SC,4
2024-10,cs.SD,164
2024-10,cs.SE,220
2024-10,cs.SI,107
2024-10,econ.EM,56
2024-10,econ.GN,55
2024-10,econ.TH,36
2024-10,eess.AS,116
2024-10,eess.IV,283
2024-10,eess.SP,307
2024-10,eess.SY,319
2024-10,gr-qc,365
2024-10,hep-ex,87
2024-10,hep-lat,52
2024-10,hep-ph,485
2024-10,hep-th,345
2024-10,math-ph,130
2024-10,math.AC,37
2024-10,math.AG,214
2024-10,math.AP,381
2024-10,math.AT,57
2024-10,math.CA,81
2024-10,math.CO,357
2024-10,math.CT,33
2024-10,math.CV,57
2024-10,math.DG,164
2024-10,math.DS,171
2024-10,math.FA,137
2024-10,math.GM,19
2024-10,math.GN,9
2024-10,math.GR,102
2024-10,math.GT,84
2024-10,math.HO,19
2024-10,math.KT,15
2024-10,math.LO,57
2024-10,math.MG,38
2024-10,math.NA,285
2024-10,math.NT,243
2024-10,math.OA,34
2024-10,math.OC,347
2024-10,math.PR,249
2024-10,math.QA,40
2024-10,math.RA,42
2024-10,math.RT,105
2024-10,math.SG,42
2024-10,math.SP,23
2024-10,math.ST,104
2024-10,nlin.AO,11
2024-10,nlin.CD,29
2024-10,nlin.CG,3
2024-10,nlin.PS,17
2024-10,nlin.SI,17
2024-10,nucl-ex,31
2024-10,nucl-th,97
2024-10,physics.acc-ph,38
2024-10,physics.ao-ph,45
2024-10,physics.app-ph,96
2024-10,physics.atm-clus,2
2024-10,physics.atom-ph,56
2024-10,physics.bio-ph,44
2024-10,physics.chem-ph,126
2024-10,physics.class-ph,8
2024-10,physics.comp-ph,62
2024-10,physics.data-an,11
2024-10,physics.ed-ph,23
2024-10,physics.flu-dyn,180
2024-10,physics.gen-ph,26
2024-10,physics.geo-ph,55
2024-10,physics.hist-ph,22
2024-10,physics.ins-det,91
2024-10,physics.med-ph,66
2024-10,physics.optics,296
2024-10,physics.plasm-ph,103
2024-10,physics.pop-ph,7
2024-10,physics.soc-ph,102
2024-10,physics.space-ph,19
2024-10,q-bio.BM,39
2024-10,q-bio.CB,4
2024-10,q-bio.GN,23
2024-10,q-bio.MN,13
2024-10,q-bio.NC,85
2024-10,q-bio.OT,3
2024-10,q-bio.PE,55
2024-10,q-bio.QM,60
2024-10,q-bio.SC,2
2024-10,q-bio.TO,9
2024-10,q-fin.CP,17
2024-10,q-fin.GN,8
2024-10,q-fin.MF,16
2024-10,q-fin.PM,16
2024-10,q-fin.PR,3
2024-10,q-fin.RM,16
2024-10,q-fin.ST,20
2024-10,q-fin.TR,10
2024-10,quant-ph,964
2024-10,stat.AP,71
2024-10,stat.CO,37
2024-10,stat.ME,294
2024-10,stat.ML,256
2024-10,stat.OT,5
2024-11,astro-ph.CO,198
2024-11,astro-ph.EP,161
2024-11,astro-ph.GA,360
2024-11,astro-ph.HE,308
2024-11,astro-ph.IM,133
2024-11,astro-ph.SR,219
2024-11,cond-mat.dis-nn,45
2024-11,cond-mat.mes-hall,274
2024-11,cond-mat.mtrl-sci,433
2024-11,cond-mat.other,5
2024-11,cond-mat.quant-gas,74
2024-11,cond-mat.soft,167
2024-11,cond-mat.stat-mech,139
2024-11,cond-mat.str-el,203
2024-11,cond-mat.supr-con,120
2024-11,cs.AI,376
2024-11,cs.AR,82
2024-11,cs.CC,55
2024-11,cs.CE,65
2024-11,cs.CG,26
2024-11,cs.CL,905
2024-11,cs.CR,344
2024-11,cs.CV,2042
2024-11,cs.CY,161
2024-11,cs.DB,72
2024-11,cs.DC,143
2024-11,cs.DL,33
2024-11,cs.DM,21
2024-11,cs.DS,136
2024-11,cs.ET,19
2024-11,cs.FL,17
2024-11,cs.GR,20
2024-11,cs.GT,72
2024-11,cs.HC,316
2024-11,cs.IR,159
2024-11,cs.IT,153
2024-11,cs.LG,1622
2024-11,cs.LO,60
2024-11,cs.MA,40
2024-11,cs.MM,30
2024-11,cs.MS,6
2024-11,cs.NE,57
2024-11,cs.NI,138
2024-11,cs.OH,2
2024-11,cs.OS,4
2024-11,cs.PF,16
2024-11,cs.PL,43
2024-11,cs.RO,574
2024-11,cs.SC,7
2024-11,cs.SD,104
2024-11,cs.SE,231
2024-11,cs.SI,65
2024-11,econ.EM,54
2024-11,econ.GN,75
2024-11,econ.TH,44
2024-11,eess.AS,66
2024-11,eess.IV,299
2024-11,eess.SP,269
2024-11,eess.SY,327
2024-11,gr-qc,337
2024-11,hep-ex,78
2024-11,hep-lat,71
2024-11,hep-ph,460
2024-11,hep-th,379
2024-11,math-ph,102
2024-11,math.AC,48
2024-11,math.AG,184
2024-11,math.AP,410
2024-11,math.AT,65
2024-11,math.CA,77
2024-11,math.CO,374
2024-11,math.CT,28
2024-11,math.CV,48
2024-11,math.DG,136
2024-11,math.DS,142
2024-11,math.FA,111
2024-11,math.GM,32
2024-11,math.GN,12
2024-11,math.GR,76
2024-11,math.GT,69
2024-11,math.HO,14
2024-11,math.KT,9
2024-11,math.LO,68
2024-11,math.MG,35
2024-11,math.NA,275
2024-11,math.NT,226
2024-11,math.OA,27
2024-11,math.OC,296
2024-11,math.PR,231
2024-11,math.QA,37
2024-11,math.RA,58
2024-11,math.RT,86
2024-11,math.SG,25
2024-11,math.SP,31
2024-11,math.ST,78
2024-11,nlin.AO,10
2024-11,nlin.CD,28
2024-11,nlin.CG,1
2024-11,nlin.PS,18
2024-11,nlin.SI,15
2024-11,nucl-ex,39
2024-11,nucl-th,115
2024-11,physics.acc-ph,29
2024-11,physics.ao-ph,38
2024-11,physics.app-ph,85
2024-11,physics.atm-clus,2
2024-11,physics.atom-ph,60
2024-11,physics.bio-ph,37
2024-11,physics.chem-ph,96
2024-11,physics.class-ph,18
2024-11,physics.comp-ph,51
2024-11,physics.data-an,3
2024-11,physics.ed-ph,16
2024-11,physics.flu-dyn,224
2024-11,physics.gen-ph,16
2024-11,physics.geo-ph,37
2024-11,physics.hist-ph,15
2024-11,physics.ins-det,78
2024-11,physics.med-ph,65
2024-11,physics.optics,297
2024-11,physics.plasm-ph,90
2024-11,physics.pop-ph,6
2024-11,physics.soc-ph,64
2024-11,physics.space-ph,14
2024-11,q-bio.BM,30
2024-11,q-bio.CB,4
2024-11,q-bio.GN,22
2024-11,q-bio.MN,7
2024-11,q-bio.NC,53
2024-11,q-bio.OT,7
2024-11,q-bio.PE,58
2024-11,q-bio.QM,54
2024-11,q-bio.SC,1
2024-11,q-bio.TO,7
2024-11,q-fin.CP,21
2024-11,q-fin.GN,8
2024-11,q-fin.MF,17
2024-11,q-fin.PM,16
2024-11,q-fin.PR,4
2024-11,q-fin.RM,16
2024-11,q-fin.ST,20
2024-11,q-fin.TR,15
2024-11,quant-ph,890
2024-11,stat.AP,85
2024-11,stat.CO,26
2024-11,stat.ME,232
2024-11,stat.ML,141
2024-11,stat.OT,3
2024-12,astro-ph.CO,215
2024-12,astro-ph.EP,138
2024-12,astro-ph.GA,331
2024-12,astro-ph.HE,258
2024-12,astro-ph.IM,116
2024-12,astro-ph.SR,223
2024-12,cond-mat.dis-nn,43
2024-12,cond-mat.mes-hall,299
2024-12,cond-mat.mtrl-sci,443
2024-12,cond-mat.other,8
2024-12,cond-mat.quant-gas,69
2024-12,cond-mat.soft,149
2024-12,cond-mat.stat-mech,164
2024-12,cond-mat.str-el,243
2024-12,cond-mat.supr-con,131
2024-12,cs.AI,557
2024-12,cs.AR,64
2024-12,cs.CC,24
2024-12,cs.CE,80
2024-12,cs.CG,28
2024-12,cs.CL,1212
2024-12,cs.CR,350
2024-12,cs.CV,2575
2024-12,cs.CY,183
2024-12,cs.DB,79
2024-12,cs.DC,126
2024-12,cs.DL,28
2024-12,cs.DM,15
2024-12,cs.DS,100
2024-12,cs.ET,28
2024-12,cs.FL,12
2024-12,cs.GR,28
2024-12,cs.GT,73
2024-12,cs.HC,231
2024-12,cs.IR,174
2024-12,cs.IT,156
2024-12,cs.LG,1644
2024-12,cs.LO,73
2024-12,cs.MA,44
2024-12,cs.MM,24
2024-12,cs.MS,2
2024-12,cs.NE,74
2024-12,cs.NI,119
2024-12,cs.OH,6
2024-12,cs.OS,6
2024-12,cs.PF,8
2024-12,cs.PL,34
2024-12,cs.RO,482
2024-12,cs.SC,8
2024-12,cs.SD,120
2024-12,cs.SE,238
2024-12,cs.SI,75
2024-12,econ.EM,47
2024-12,econ.GN,64
2024-12,econ.TH,28
2024-12,eess.AS,78
2024-12,eess.IV,227
2024-12,eess.SP,316
2024-12,eess.SY,263
2024-12,gr-qc,375
2024-12,hep-ex,102
2024-12,hep-lat,80
2024-12,hep-ph,569
2024-12,hep-th,450
2024-12,math-ph,120
2024-12,math.AC,45
2024-12,math.AG,227
2024-12,math.AP,396
2024-12,math.AT,59
2024-12,math.CA,91
2024-12,math.CO,369
2024-12,math.CT,21
2024-12,math.CV,53
2024-12,math.DG,157
2024-12,math.DS,139
2024-12,math.FA,108
2024-12,math.GM,25
2024-12,math.GN,31
2024-12,math.GR,91
2024-12,math.GT,85
2024-12,math.HO,21
2024-12,math.KT,8
2024-12,math.LO,67
2024-12,math.MG,39
2024-12,math.NA,271
2024-12,math.NT,219
2024-12,math.OA,46
2024-12,math.OC,360
2024-12,math.PR,272
2024-12,math.QA,40
2024-12,math.RA,69
2024-12,math.RT,94
2024-12,math.SG,36
2024-12,math.SP,35
2024-12,math.ST,78
2024-12,nlin.AO,10
2024-12,nlin.CD,21
2024-12,nlin.CG,1
2024-12,nlin.PS,17
2024-12,nlin.SI,31
2024-12,nucl-ex,42
2024-12,nucl-th,92
2024-12,physics.acc-ph,24
2024-12,physics.ao-ph,41
2024-12,physics.app-ph,58
2024-12,physics.atm-clus,3
2024-12,physics.atom-ph,56
2024-12,physics.bio-ph,37
2024-12,physics.chem-ph,82
2024-12,physics.class-ph,20
2024-12,physics.comp-ph,66
2024-12,physics.data-an,10
2024-12,physics.ed-ph,28
2024-12,physics.flu-dyn,147
2024-12,physics.gen-ph,13
2024-12,physics.geo-ph,35
2024-12,physics.hist-ph,14
2024-12,physics.ins-det,76
2024-12,physics.med-ph,63
2024-12,physics.optics,311
2024-12,physics.plasm-ph,97
2024-12,physics.pop-ph,4
2024-12,physics.soc-ph,76
2024-12,physics.space-ph,17
2024-12,q-bio.BM,32
2024-12,q-bio.CB,5
2024-12,q-bio.GN,18
2024-12,q-bio.MN,8
2024-12,q-bio.NC,67
2024-12,q-bio.OT,6
2024-12,q-bio.PE,47
2024-12,q-bio.QM,54
2024-12,q-bio.SC,3
2024-12,q-bio.TO,5
2024-12,q-fin.CP,17
2024-12,q-fin.GN,7
2024-12,q-fin.MF,19
2024-12,q-fin.PM,14
2024-12,q-fin.PR,1
2024-12,q-fin.RM,11
2024-12,q-fin.ST,14
2024-12,q-fin.TR,10
2024-12,quant-ph,872
2024-12,stat.AP,78
2024-12,stat.CO,27
2024-12,stat.ME,214
2024-12,stat.ML,124
2024-12,stat.OT,9
2025-01,astro-ph.CO,170
2025-01,astro-ph.EP,165
2025-01,astro-ph.GA,340
2025-01,astro-ph.HE,313
2025-01,astro-ph.IM,124
2025-01,astro-ph.SR,224
2025-01,cond-mat.dis-nn,44
2025-01,cond-mat.mes-hall,280
2025-01,cond-mat.mtrl-sci,403
2025-01,cond-mat.other,9
2025-01,cond-mat.quant-gas,59
2025-01,cond-mat.soft,174
2025-01,cond-mat.stat-mech,126
2025-01,cond-mat.str-el,185
2025-01,cond-mat.supr-con,107
2025-01,cs.AI,360
2025-01,cs.AR,70
2025-01,cs.CC,21
2025-01,cs.CE,74
2025-01,cs.CG,16
2025-01,cs.CL,924
2025-01,cs.CR,374
2025-01,cs.CV,1600
2025-01,cs.CY,203
2025-01,cs.DB,57
2025-01,cs.DC,122
2025-01,cs.DL,28
2025-01,cs.DM,16
2025-01,cs.DS,73
2025-01,cs.ET,36
2025-01,cs.FL,16
2025-01,cs.GL,1
2025-01,cs.GR,21
2025-01,cs.GT,71
2025-01,cs.HC,276
2025-01,cs.IR,163
2025-01,cs.IT,272
2025-01,cs.LG,1647
2025-01,cs.LO,76
2025-01,cs.MA,48
2025-01,cs.MM,14
2025-01,cs.MS,5
2025-01,cs.NE,76
2025-01,cs.NI,154
2025-01,cs.OH,1
2025-01,cs.OS,9
2025-01,cs.PF,13
2025-01,cs.PL,38
2025-01,cs.RO,352
2025-01,cs.SC,4
2025-01,cs.SD,117
2025-01,cs.SE,282
2025-01,cs.SI,81
2025-01,econ.EM,44
2025-01,econ.GN,75
2025-01,econ.TH,35
2025-01,eess.AS,105
2025-01,eess.IV,238
2025-01,eess.SP,305
2025-01,eess.SY,277
2025-01,gr-qc,276
2025-01,hep-ex,75
2025-01,hep-lat,102
2025-01,hep-ph,404
2025-01,hep-th,263
2025-01,math-ph,93
2025-01,math.AC,47
2025-01,math.AG,180
2025-01,math.AP,372
2025-01,math.AT,43
2025-01,math.CA,72
2025-01,math.CO,310
2025-01,math.CT,31
2025-01,math.CV,45
2025-01,math.DG,142
2025-01,math.DS,141
2025-01,math.FA,116
2025-01,math.GM,19
2025-01,math.GN,20
2025-01,math.GR,72
2025-01,math.GT,79
2025-01,math.HO,22
2025-01,math.KT,9
2025-01,math.LO,68
2025-01,math.MG,41
2025-01,math.NA,287
2025-01,math.NT,177
2025-01,math.OA,29
2025-01,math.OC,334
2025-01,math.PR,233
2025-01,math.QA,30
2025-01,math.RA,59
2025-01,math.RT,78
2025-01,math.SG,22
2025-01,math.SP,23
2025-01,math.ST,81
2025-01,nlin.AO,7
2025-01,nlin.CD,26
2025-01,nlin.CG,2
2025-01,nlin.PS,14
2025-01,nlin.SI,28
2025-01,nucl-ex,37
2025-01,nucl-th,81
2025-01,physics.acc-ph,31
2025-01,physics.ao-ph,36
2025-01,physics.app-ph,73
2025-01,physics.atom-ph,52
2025-01,physics.bio-ph,33
2025-01,physics.chem-ph,87
2025-01,physics.class-ph,27
2025-01,physics.comp-ph,66
2025-01,physics.data-an,14
2025-01,physics.ed-ph,30
2025-01,physics.flu-dyn,192
2025-01,physics.gen-ph,29
2025-01,physics.geo-ph,36
2025-01,physics.hist-ph,11
2025-01,physics.ins-det,87
2025-01,physics.med-ph,57
2025-01,physics.optics,262
2025-01,physics.plasm-ph,76
2025-01,physics.pop-ph,4
2025-01,physics.soc-ph,102
2025-01,physics.space-ph,10
2025-01,q-bio.BM,16
2025-01,q-bio.CB,5
2025-01,q-bio.GN,18
2025-01,q-bio.MN,7
2025-01,q-bio.NC,39
2025-01,q-bio.OT,10
2025-01,q-bio.PE,36
2025-01,q-bio.QM,56
2025-01,q-bio.SC,2
2025-01,q-bio.TO,8
2025-01,q-fin.CP,10
2025-01,q-fin.GN,7
2025-01,q-fin.MF,9
2025-01,q-fin.PM,12
2025-01,q-fin.PR,5
2025-01,q-fin.RM,9
2025-01,q-fin.ST,8
2025-01,q-fin.TR,14
2025-01,quant-ph,768
2025-01,stat.AP,79
2025-01,stat.CO,35
2025-01,stat.ME,214
2025-01,stat.ML,143
2025-01,stat.OT,4
2025-02,astro-ph.CO,205
2025-02,astro-ph.EP,132
2025-02,astro-ph.GA,361
2025-02,astro-ph.HE,258
2025-02,astro-ph.IM,111
2025-02,astro-ph.SR,215
2025-02,cond-mat.dis-nn,30
2025-02,cond-mat.mes-hall,262
2025-02,cond-mat.mtrl-sci,488
2025-02,cond-mat.other,10
2025-02,cond-mat.quant-gas,59
2025-02,cond-mat.soft,151
2025-02,cond-mat.stat-mech,110
2025-02,cond-mat.str-el,190
2025-02,cond-mat.supr-con,125
2025-02,cs.AI,515
2025-02,cs.AR,93
2025-02,cs.CC,43
2025-02,cs.CE,63
2025-02,cs.CG,20
2025-02,cs.CL,1832
2025-02,cs.CR,440
2025-02,cs.CV,1635
2025-02,cs.CY,238
2025-02,cs.DB,78
2025-02,cs.DC,156
2025-02,cs.DL,27
2025-02,cs.DM,24
2025-02,cs.DS,141
2025-02,cs.ET,31
2025-02,cs.FL,17
2025-02,cs.GL,1
2025-02,cs.GR,57
2025-02,cs.GT,140
2025-02,cs.HC,419
2025-02,cs.IR,220
2025-02,cs.IT,183
2025-02,cs.LG,2450
2025-02,cs.LO,75
2025-02,cs.MA,78
2025-02,cs.MM,22
2025-02,cs.MS,7
2025-02,cs.NE,48
2025-02,cs.NI,138
2025-02,cs.OH,6
2025-02,cs.OS,9
2025-02,cs.PF,11
2025-02,cs.PL,48
2025-02,cs.RO,560
2025-02,cs.SC,12
2025-02,cs.SD,112
2025-02,cs.SE,294
2025-02,cs.SI,106
2025-02,econ.EM,40
2025-02,econ.GN,70
2025-02,econ.TH,57
2025-02,eess.AS,62
2025-02,eess.IV,226
2025-02,eess.SP,307
2025-02,eess.SY,258
2025-02,gr-qc,295
2025-02,hep-ex,85
2025-02,hep-lat,103
2025-02,hep-ph,404
2025-02,hep-th,269
2025-02,math-ph,78
2025-02,math.AC,56
2025-02,math.AG,171
2025-02,math.AP,364
2025-02,math.AT,35
2025-02,math.CA,79
2025-02,math.CO,301
2025-02,math.CT,33
2025-02,math.CV,49
2025-02,math.DG,146
2025-02,math.DS,105
2025-02,math.FA,112
2025-02,math.GM,29
2025-02,math.GN,18
2025-02,math.GR,73
2025-02,math.GT,67
2025-02,math.HO,21
2025-02,math.KT,8
2025-02,math.LO,48
2025-02,math.MG,33
2025-02,math.NA,286
2025-02,math.NT,207
2025-02,math.OA,30
2025-02,math.OC,300
2025-02,math.PR,222
2025-02,math.QA,19
2025-02,math.RA,51
2025-02,math.RT,83
2025-02,math.SG,15
2025-02,math.SP,29
2025-02,math.ST,116
2025-02,nlin.AO,9
2025-02,nlin.CD,21
2025-02,nlin.CG,3
2025-02,nlin.PS,20
2025-02,nlin.SI,15
2025-02,nucl-ex,23
2025-02,nucl-th,93
2025-02,physics.acc-ph,28
2025-02,physics.ao-ph,29
2025-02,physics.app-ph,81
2025-02,physics.atm-clus,5
2025-02,physics.atom-ph,67
2025-02,physics.bio-ph,27
2025-02,physics.chem-ph,77
2025-02,physics.class-ph,16
2025-02,physics.comp-ph,48
2025-02,physics.data-an,4
2025-02,physics.ed-ph,13
2025-02,physics.flu-dyn,175
2025-02,physics.gen-ph,28
2025-02,physics.geo-ph,41
2025-02,physics.hist-ph,13
2025-02,physics.ins-det,88
2025-02,physics.med-ph,53
2025-02,physics.optics,252
2025-02,physics.plasm-ph,87
2025-02,physics.pop-ph,2
2025-02,physics.soc-ph,69
2025-02,physics.space-ph,18
2025-02,q-bio.BM,26
2025-02,q-bio.CB,3
2025-02,q-bio.GN,11
2025-02,q-bio.MN,9
2025-02,q-bio.NC,81
2025-02,q-bio.OT,13
2025-02,q-bio.PE,38
2025-02,q-bio.QM,53
2025-02,q-bio.SC,1
2025-02,q-bio.TO,9
2025-02,q-fin.CP,13
2025-02,q-fin.GN,9
2025-02,q-fin.MF,16
2025-02,q-fin.PM,4
2025-02,q-fin.PR,6
2025-02,q-fin.RM,4
2025-02,q-fin.ST,20
2025-02,q-fin.TR,12
2025-02,quant-ph,795
2025-02,stat.AP,81
2025-02,stat.CO,26
2025-02,stat.ME,242
2025-02,stat.ML,230
2025-02,stat.OT,9
2025-03,astro-ph.CO,234
2025-03,astro-ph.EP,207
2025-03,astro-ph.GA,468
2025-03,astro-ph.HE,304
2025-03,astro-ph.IM,139
2025-03,astro-ph.SR,244
2025-03,cond-mat.dis-nn,44
2025-03,cond-mat.mes-hall,306
2025-03,cond-mat.mtrl-sci,580
2025-03,cond-mat.other,9
2025-03,cond-mat.quant-gas,78
2025-03,cond-mat.soft,200
2025-03,cond-mat.stat-mech,161
2025-03,cond-mat.str-el,265
2025-03,cond-mat.supr-con,146
2025-03,cs.AI,460
2025-03,cs.AR,101
2025-03,cs.CC,31
2025-03,cs.CE,75
2025-03,cs.CG,34
2025-03,cs.CL,1354
2025-03,cs.CR,388
2025-03,cs.CV,3095
2025-03,cs.CY,209
2025-03,cs.DB,87
2025-03,cs.DC,195
2025-03,cs.DL,30
2025-03,cs.DM,16
2025-03,cs.DS,107
2025-03,cs.ET,33
2025-03,cs.FL,25
2025-03,cs.GR,124
2025-03,cs.GT,61
2025-03,cs.HC,419
2025-03,cs.IR,176
2025-03,cs.IT,129
2025-03,cs.LG,1942
2025-03,cs.LO,50
2025-03,cs.MA,61
2025-03,cs.MM,30
2025-03,cs.MS,4
2025-03,cs.NE,55
2025-03,cs.NI,153
2025-03,cs.OH,2
2025-03,cs.OS,12
2025-03,cs.PF,19
2025-03,cs.PL,46
2025-03,cs.RO,856
2025-03,cs.SC,9
2025-03,cs.SD,110
2025-03,cs.SE,348
2025-03,cs.SI,96
2025-03,econ.EM,52
2025-03,econ.GN,101
2025-03,econ.TH,39
2025-03,eess.AS,60
2025-03,eess.IV,320
2025-03,eess.SP,379
2025-03,eess.SY,426
2025-03,gr-qc,339
2025-03,hep-ex,133
2025-03,hep-lat,50
2025-03,hep-ph,478
2025-03,hep-th,352
2025-03,math-ph,98
2025-03,math.AC,56
2025-03,math.AG,179
2025-03,math.AP,395
2025-03,math.AT,55
2025-03,math.CA,69
2025-03,math.CO,366
2025-03,math.CT,40
2025-03,math.CV,62
2025-03,math.DG,157
2025-03,math.DS,150
2025-03,math.FA,128
2025-03,math.GM,34
2025-03,math.GN,22
2025-03,math.GR,81
2025-03,math.GT,69
2025-03,math.HO,22
2025-03,math.KT,12
2025-03,math.LO,77
2025-03,math.MG,34
2025-03,math.NA,297
2025-03,math.NT,230
2025-03,math.OA,35
2025-03,math.OC,428
2025-03,math.PR,271
2025-03,math.QA,36
2025-03,math.RA,72
2025-03,math.RT,89
2025-03,math.SG,27
2025-03,math.SP,24
2025-03,math.ST,90
2025-03,nlin.AO,10
2025-03,nlin.CD,31
2025-03,nlin.CG,5
2025-03,nlin.PS,13
2025-03,nlin.SI,18
2025-03,nucl-ex,33
2025-03,nucl-th,118
2025-03,physics.acc-ph,39
2025-03,physics.ao-ph,46
2025-03,physics.app-ph,75
2025-03,physics.atm-clus,4
2025-03,physics.atom-ph,65
2025-03,physics.bio-ph,42
2025-03,physics.chem-ph,142
2025-03,physics.class-ph,26
2025-03,physics.comp-ph,73
2025-03,physics.data-an,10
2025-03,physics.ed-ph,20
2025-03,physics.flu-dyn,203
2025-03,physics.gen-ph,28
2025-03,physics.geo-ph,39
2025-03,physics.hist-ph,19
2025-03,physics.ins-det,129
2025-03,physics.med-ph,65
2025-03,physics.optics,278
2025-03,physics.plasm-ph,75
2025-03,physics.pop-ph,11
2025-03,physics.soc-ph,81
2025-03,physics.space-ph,11
2025-03,q-bio.BM,34
2025-03,q-bio.CB,4
2025-03,q-bio.GN,16
2025-03,q-bio.MN,13
2025-03,q-bio.NC,59
2025-03,q-bio.OT,9
2025-03,q-bio.PE,49
2025-03,q-bio.QM,60
2025-03,q-bio.SC,2
2025-03,q-bio.TO,13
2025-03,q-fin.CP,11
2025-03,q-fin.GN,8
2025-03,q-fin.MF,26
2025-03,q-fin.PM,14
2025-03,q-fin.PR,3
2025-03,q-fin.RM,16
2025-03,q-fin.ST,12
2025-03,q-fin.TR,14
2025-03,quant-ph,980
2025-03,stat.AP,109
2025-03,stat.CO,23
2025-03,stat.ME,257
2025-03,stat.ML,175
2025-03,stat.OT,9
2025-04,astro-ph.CO,255
2025-04,astro-ph.EP,183
2025-04,astro-ph.GA,358
2025-04,astro-ph.HE,299
2025-04,astro-ph.IM,121
2025-04,astro-ph.SR,243
2025-04,cond-mat.dis-nn,41
2025-04,cond-mat.mes-hall,269
2025-04,cond-mat.mtrl-sci,459
2025-04,cond-mat.other,10
2025-04,cond-mat.quant-gas,71
2025-04,cond-mat.soft,162
2025-04,cond-mat.stat-mech,121
2025-04,cond-mat.str-el,212
2025-04,cond-mat.supr-con,97
2025-04,cs.AI,474
2025-04,cs.AR,106
2025-04,cs.CC,47
2025-04,cs.CE,69
2025-04,cs.CG,36
2025-04,cs.CL,1168
2025-04,cs.CR,488
2025-04,cs.CV,2055
2025-04,cs.CY,209
2025-04,cs.DB,98
2025-04,cs.DC,183
2025-04,cs.DL,29
2025-04,cs.DM,27
2025-04,cs.DS,157
2025-04,cs.ET,40
2025-04,cs.FL,32
2025-04,cs.GR,122
2025-04,cs.GT,49
2025-04,cs.HC,421
2025-04,cs.IR,246
2025-04,cs.IT,208
2025-04,cs.LG,1579
2025-04,cs.LO,83
2025-04,cs.MA,63
2025-04,cs.MM,42
2025-04,cs.MS,4
2025-04,cs.NE,82
2025-04,cs.NI,136
2025-04,cs.OH,9
2025-04,cs.OS,9
2025-04,cs.PF,15
2025-04,cs.PL,61
2025-04,cs.RO,616
2025-04,cs.SC,10
2025-04,cs.SD,93
2025-04,cs.SE,360
2025-04,cs.SI,77
2025-04,econ.EM,29
2025-04,econ.GN,75
2025-04,econ.TH,51
2025-04,eess.AS,54
2025-04,eess.IV,183
2025-04,eess.SP,345
2025-04,eess.SY,390
2025-04,gr-qc,357
2025-04,hep-ex,86
2025-04,hep-lat,44
2025-04,hep-ph,434
2025-04,hep-th,301
2025-04,math-ph,96
2025-04,math.AC,51
2025-04,math.AG,181
2025-04,math.AP,402
2025-04,math.AT,39
2025-04,math.CA,56
2025-04,math.CO,333
2025-04,math.CT,26
2025-04,math.CV,64
2025-04,math.DG,158
2025-04,math.DS,176
2025-04,math.FA,133
2025-04,math.GM,32
2025-04,math.GN,14
2025-04,math.GR,98
2025-04,math.GT,94
2025-04,math.HO,17
2025-04,math.KT,10
2025-04,math.LO,47
2025-04,math.MG,30
2025-04,math.NA,302
2025-04,math.NT,239
2025-04,math.OA,37
2025-04,math.OC,363
2025-04,math.PR,216
2025-04,math.QA,31
2025-04,math.RA,70
2025-04,math.RT,103
2025-04,math.SG,23
2025-04,math.SP,31
2025-04,math.ST,91
2025-04,nlin.AO,13
2025-04,nlin.CD,25
2025-04,nlin.PS,24
2025-04,nlin.SI,23
2025-04,nucl-ex,43
2025-04,nucl-th,125
2025-04,physics.acc-ph,36
2025-04,physics.ao-ph,47
2025-04,physics.app-ph,61
2025-04,physics.atm-clus,2
2025-04,physics.atom-ph,56
2025-04,physics.bio-ph,45
2025-04,physics.chem-ph,95
2025-04,physics.class-ph,14
2025-04,physics.comp-ph,52
2025-04,physics.data-an,9
2025-04,physics.ed-ph,28
2025-04,physics.flu-dyn,204
2025-04,physics.gen-ph,37
2025-04,physics.geo-ph,48
2025-04,physics.hist-ph,16
2025-04,physics.ins-det,83
2025-04,physics.med-ph,60
2025-04,physics.optics,284
2025-04,physics.plasm-ph,98
2025-04,physics.pop-ph,4
2025-04,physics.soc-ph,85
2025-04,physics.space-ph,10
2025-04,q-bio.BM,19
2025-04,q-bio.CB,7
2025-04,q-bio.GN,12
2025-04,q-bio.MN,8
2025-04,q-bio.NC,60
2025-04,q-bio.OT,6
2025-04,q-bio.PE,50
2025-04,q-bio.QM,57
2025-04,q-bio.TO,3
2025-04,q-fin.CP,9
2025-04,q-fin.GN,3
2025-04,q-fin.MF,12
2025-04,q-fin.PM,11
2025-04,q-fin.PR,3
2025-04,q-fin.RM,14
2025-04,q-fin.ST,18
2025-04,q-fin.TR,9
2025-04,quant-ph,971
2025-04,stat.AP,72
2025-04,stat.CO,27
2025-04,stat.ME,254
2025-04,stat.ML,125
2025-04,stat.OT,8
2025-05,astro-ph.CO,224
2025-05,astro-ph.EP,188
2025-05,astro-ph.GA,369
2025-05,astro-ph.HE,273
2025-05,astro-ph.IM,87
2025-05,astro-ph.SR,254
2025-05,cond-mat.dis-nn,45
2025-05,cond-mat.mes-hall,262
2025-05,cond-mat.mtrl-sci,478
2025-05,cond-mat.other,8
2025-05,cond-mat.quant-gas,63
2025-05,cond-mat.soft,155
2025-05,cond-mat.stat-mech,127
2025-05,cond-mat.str-el,230
2025-05,cond-mat.supr-con,115
2025-05,cs.AI,919
2025-05,cs.AR,97
2025-05,cs.CC,28
2025-05,cs.CE,85
2025-05,cs.CG,25
2025-05,cs.CL,2134
2025-05,cs.CR,565
2025-05,cs.CV,2485
2025-05,cs.CY,249
2025-05,cs.DB,80
2025-05,cs.DC,192
2025-05,cs.DL,34
2025-05,cs.DM,30
2025-05,cs.DS,112
2025-05,cs.ET,34
2025-05,cs.FL,18
2025-05,cs.GR,104
2025-05,cs.GT,103
2025-05,cs.HC,336
2025-05,cs.IR,280
2025-05,cs.IT,161
2025-05,cs.LG,2924
2025-05,cs.LO,117
2025-05,cs.MA,82
2025-05,cs.MM,31
2025-05,cs.MS,5
2025-05,cs.NE,89
2025-05,cs.NI,154
2025-05,cs.OH,4
2025-05,cs.OS,5
2025-05,cs.PF,19
2025-05,cs.PL,44
2025-05,cs.RO,790
2025-05,cs.SC,12
2025-05,cs.SD,228
2025-05,cs.SE,305
2025-05,cs.SI,110
2025-05,econ.EM,42
2025-05,econ.GN,97
2025-05,econ.TH,42
2025-05,eess.AS,169
2025-05,eess.IV,321
2025-05,eess.SP,335
2025-05,eess.SY,326
2025-05,gr-qc,364
2025-05,hep-ex,92
2025-05,hep-lat,41
2025-05,hep-ph,429
2025-05,hep-th,332
2025-05,math-ph,121
2025-05,math.AC,47
2025-05,math.AG,193
2025-05,math.AP,415
2025-05,math.AT,57
2025-05,math.CA,66
2025-05,math.CO,335
2025-05,math.CT,33
2025-05,math.CV,57
2025-05,math.DG,167
2025-05,math.DS,145
2025-05,math.FA,133
2025-05,math.GM,35
2025-05,math.GN,16
2025-05,math.GR,83
2025-05,math.GT,76
2025-05,math.HO,14
2025-05,math.KT,8
2025-05,math.LO,61
2025-05,math.MG,39
2025-05,math.NA,279
2025-05,math.NT,228
2025-05,math.OA,35
2025-05,math.OC,374
2025-05,math.PR,217
2025-05,math.QA,39
2025-05,math.RA,58
2025-05,math.RT,85
2025-05,math.SG,23
2025-05,math.SP,33
2025-05,math.ST,92
2025-05,nlin.AO,16
2025-05,nlin.CD,36
2025-05,nlin.CG,2
2025-05,nlin.PS,8
2025-05,nlin.SI,17
2025-05,nucl-ex,38
2025-05,nucl-th,112
2025-05,physics.acc-ph,30
2025-05,physics.ao-ph,49
2025-05,physics.app-ph,64
2025-05,physics.atm-clus,4
2025-05,physics.atom-ph,73
2025-05,physics.bio-ph,40
2025-05,physics.chem-ph,131
2025-05,physics.class-ph,17
2025-05,physics.comp-ph,70
2025-05,physics.data-an,10
2025-05,physics.ed-ph,25
2025-05,physics.flu-dyn,171
2025-05,physics.gen-ph,13
2025-05,physics.geo-ph,46
2025-05,physics.hist-ph,23
2025-05,physics.ins-det,84
2025-05,physics.med-ph,57
2025-05,physics.optics,297
2025-05,physics.plasm-ph,88
2025-05,physics.pop-ph,1
2025-05,physics.soc-ph,91
2025-05,physics.space-ph,21
2025-05,q-bio.BM,34
2025-05,q-bio.CB,3
2025-05,q-bio.GN,26
2025-05,q-bio.MN,13
2025-05,q-bio.NC,81
2025-05,q-bio.OT,11
2025-05,q-bio.PE,33
2025-05,q-bio.QM,72
2025-05,q-bio.TO,7
2025-05,q-fin.CP,15
2025-05,q-fin.GN,9
2025-05,q-fin.MF,19
2025-05,q-fin.PM,4
2025-05,q-fin.PR,4
2025-05,q-fin.RM,9
2025-05,q-fin.ST,13
2025-05,q-fin.TR,8
2025-05,quant-ph,968
2025-05,stat.AP,89
2025-05,stat.CO,31
2025-05,stat.ME,280
2025-05,stat.ML,270
2025-05,stat.OT,3
2025-06,astro-ph.CO,258
2025-06,astro-ph.EP,184
2025-06,astro-ph.GA,411
2025-06,astro-ph.HE,292
2025-06,astro-ph.IM,121
2025-06,astro-ph.SR,217
2025-06,cond-mat.dis-nn,34
2025-06,cond-mat.mes-hall,259
2025-06,cond-mat.mtrl-sci,446
2025-06,cond-mat.other,12
2025-06,cond-mat.quant-gas,87
2025-06,cond-mat.soft,189
2025-06,cond-mat.stat-mech,136
2025-06,cond-mat.str-el,206
2025-06,cond-mat.supr-con,123
2025-06,cs.AI,720
2025-06,cs.AR,75
2025-06,cs.CC,36
2025-06,cs.CE,83
2025-06,cs.CG,31
2025-06,cs.CL,1670
2025-06,cs.CR,510
2025-06,cs.CV,2334
2025-06,cs.CY,189
2025-06,cs.DB,62
2025-06,cs.DC,178
2025-06,cs.DL,29
2025-06,cs.DM,33
2025-06,cs.DS,117
2025-06,cs.ET,30
2025-06,cs.FL,20
2025-06,cs.GR,131
2025-06,cs.GT,73
2025-06,cs.HC,340
2025-06,cs.IR,205
2025-06,cs.IT,175
2025-06,cs.LG,2236
2025-06,cs.LO,80
2025-06,cs.MA,56
2025-06,cs.MM,29
2025-06,cs.MS,6
2025-06,cs.NE,72
2025-06,cs.NI,139
2025-06,cs.OH,5
2025-06,cs.OS,10
2025-06,cs.PF,10
2025-06,cs.PL,39
2025-06,cs.RO,654
2025-06,cs.SC,7
2025-06,cs.SD,212
2025-06,cs.SE,343
2025-06,cs.SI,74
2025-06,econ.EM,69
2025-06,econ.GN,80
2025-06,econ.TH,51
2025-06,eess.AS,160
2025-06,eess.IV,274
2025-06,eess.SP,337
2025-06,eess.SY,321
2025-06,gr-qc,349
2025-06,hep-ex,82
2025-06,hep-lat,36
2025-06,hep-ph,450
2025-06,hep-th,324
2025-06,math-ph,111
2025-06,math.AC,62
2025-06,math.AG,202
2025-06,math.AP,360
2025-06,math.AT,50
2025-06,math.CA,63
2025-06,math.CO,341
2025-06,math.CT,32
2025-06,math.CV,65
2025-06,math.DG,143
2025-06,math.DS,114
2025-06,math.FA,108
2025-06,math.GM,40
2025-06,math.GN,14
2025-06,math.GR,91
2025-06,math.GT,70
2025-06,math.HO,13
2025-06,math.KT,16
2025-06,math.LO,49
2025-06,math.MG,36
2025-06,math.NA,324
2025-06,math.NT,206
2025-06,math.OA,32
2025-06,math.OC,321
2025-06,math.PR,218
2025-06,math.QA,28
2025-06,math.RA,62
2025-06,math.RT,86
2025-06,math.SG,20
2025-06,math.SP,25
2025-06,math.ST,98
2025-06,nlin.AO,14
2025-06,nlin.CD,31
2025-06,nlin.CG,3
2025-06,nlin.PS,20
2025-06,nlin.SI,12
2025-06,nucl-ex,43
2025-06,nucl-th,91
2025-06,physics.acc-ph,25
2025-06,physics.ao-ph,35
2025-06,physics.app-ph,85
2025-06,physics.atm-clus,6
2025-06,physics.atom-ph,70
2025-06,physics.bio-ph,32
2025-06,physics.chem-ph,141
2025-06,physics.class-ph,19
2025-06,physics.comp-ph,89
2025-06,physics.data-an,9
2025-06,physics.ed-ph,22
2025-06,physics.flu-dyn,158
2025-06,physics.gen-ph,18
2025-06,physics.geo-ph,57
2025-06,physics.hist-ph,11
2025-06,physics.ins-det,88
2025-06,physics.med-ph,56
2025-06,physics.optics,274
2025-06,physics.plasm-ph,113
2025-06,physics.pop-ph,3
2025-06,physics.soc-ph,91
2025-06,physics.space-ph,15
2025-06,q-bio.BM,38
2025-06,q-bio.CB,6
2025-06,q-bio.GN,22
2025-06,q-bio.MN,12
2025-06,q-bio.NC,80
2025-06,q-bio.OT,9
2025-06,q-bio.PE,49
2025-06,q-bio.QM,54
2025-06,q-bio.SC,2
2025-06,q-bio.TO,6
2025-06,q-fin.CP,7
2025-06,q-fin.GN,9
2025-06,q-fin.MF,13
2025-06,q-fin.PM,10
2025-06,q-fin.PR,9
2025-06,q-fin.RM,12
2025-06,q-fin.ST,18
2025-06,q-fin.TR,10
2025-06,quant-ph,991
2025-06,stat.AP,104
2025-06,stat.CO,23
2025-06,stat.ME,286
2025-06,stat.ML,185
2025-06,stat.OT,7
2025-07,astro-ph.CO,256
2025-07,astro-ph.EP,222
2025-07,astro-ph.GA,417
2025-07,astro-ph.HE,486
2025-07,astro-ph.IM,174
2025-07,astro-ph.SR,248
2025-07,cond-mat.dis-nn,60
2025-07,cond-mat.mes-hall,318
2025-07,cond-mat.mtrl-sci,472
2025-07,cond-mat.other,17
2025-07,cond-mat.quant-gas,71
2025-07,cond-mat.soft,191
2025-07,cond-mat.stat-mech,157
2025-07,cond-mat.str-el,250
2025-07,cond-mat.supr-con,138
2025-07,cs.AI,694
2025-07,cs.AR,90
2025-07,cs.CC,44
2025-07,cs.CE,81
2025-07,cs.CG,30
2025-07,cs.CL,1185
2025-07,cs.CR,443
2025-07,cs.CV,2234
2025-07,cs.CY,194
2025-07,cs.DB,83
2025-07,cs.DC,184
2025-07,cs.DL,28
2025-07,cs.DM,27
2025-07,cs.DS,164
2025-07,cs.ET,31
2025-07,cs.FL,26
2025-07,cs.GR,91
2025-07,cs.GT,71
2025-07,cs.HC,377
2025-07,cs.IR,225
2025-07,cs.IT,207
2025-07,cs.LG,1811
2025-07,cs.LO,103
2025-07,cs.MA,67
2025-07,cs.MM,33
2025-07,cs.MS,5
2025-07,cs.NE,64
2025-07,cs.NI,172
2025-07,cs.OH,5
2025-07,cs.OS,6
2025-07,cs.PF,11
2025-07,cs.PL,62
2025-07,cs.RO,612
2025-07,cs.SC,7
2025-07,cs.SD,186
2025-07,cs.SE,368
2025-07,cs.SI,85
2025-07,econ.EM,56
2025-07,econ.GN,88
2025-07,econ.TH,50
2025-07,eess.AS,125
2025-07,eess.IV,279
2025-07,eess.SP,343
2025-07,eess.SY,347
2025-07,gr-qc,412
2025-07,hep-ex,84
2025-07,hep-lat,22
2025-07,hep-ph,542
2025-07,hep-th,361
2025-07,math-ph,108
2025-07,math.AC,60
2025-07,math.AG,207
2025-07,math.AP,457
2025-07,math.AT,49
2025-07,math.CA,72
2025-07,math.CO,403
2025-07,math.CT,24
2025-07,math.CV,57
2025-07,math.DG,183
2025-07,math.DS,153
2025-07,math.FA,140
2025-07,math.GM,24
2025-07,math.GN,20
2025-07,math.GR,90
2025-07,math.GT,76
2025-07,math.HO,19
2025-07,math.KT,13
2025-07,math.LO,82
2025-07,math.MG,26
2025-07,math.NA,303
2025-07,math.NT,230
2025-07,math.OA,41
2025-07,math.OC,328
2025-07,math.PR,240
2025-07,math.QA,29
2025-07,math.RA,76
2025-07,math.RT,108
2025-07,math.SG,29
2025-07,math.SP,16
2025-07,math.ST,88
2025-07,nlin.AO,22
2025-07,nlin.CD,29
2025-07,nlin.CG,3
2025-07,nlin.PS,20
2025-07,nlin.SI,23
2025-07,nucl-ex,34
2025-07,nucl-th,113
2025-07,physics.acc-ph,31
2025-07,physics.ao-ph,36
2025-07,physics.app-ph,66
2025-07,physics.atm-clus,1
2025-07,physics.atom-ph,73
2025-07,physics.bio-ph,39
2025-07,physics.chem-ph,110
2025-07,physics.class-ph,16
2025-07,physics.comp-ph,53
2025-07,physics.data-an,8
2025-07,physics.ed-ph,25
2025-07,physics.flu-dyn,192
2025-07,physics.gen-ph,18
2025-07,physics.geo-ph,38
2025-07,physics.hist-ph,21
2025-07,physics.ins-det,74
2025-07,physics.med-ph,54
2025-07,physics.optics,331
2025-07,physics.plasm-ph,99
2025-07,physics.pop-ph,2
2025-07,physics.soc-ph,91
2025-07,physics.space-ph,15
2025-07,q-bio.BM,37
2025-07,q-bio.CB,2
2025-07,q-bio.GN,15
2025-07,q-bio.MN,10
2025-07,q-bio.NC,81
2025-07,q-bio.OT,13
2025-07,q-bio.PE,50
2025-07,q-bio.QM,52
2025-07,q-bio.SC,6
2025-07,q-bio.TO,8
2025-07,q-fin.CP,17
2025-07,q-fin.GN,6
2025-07,q-fin.MF,13
2025-07,q-fin.PM,18
2025-07,q-fin.PR,4
2025-07,q-fin.RM,18
2025-07,q-fin.ST,16
2025-07,q-fin.TR,8
2025-07,quant-ph,1036
2025-07,stat.AP,87
2025-07,stat.CO,26
2025-07,stat.ME,289
2025-07,stat.ML,156
2025-07,stat.OT,2
2025-08,astro-ph.CO,185
2025-08,astro-ph.EP,196
2025-08,astro-ph.GA,307
2025-08,astro-ph.HE,295
2025-08,astro-ph.IM,127
2025-08,astro-ph.SR,214
2025-08,cond-mat.dis-nn,25
2025-08,cond-mat.mes-hall,264
2025-08,cond-mat.mtrl-sci,443
2025-08,cond-mat.other,14
2025-08,cond-mat.quant-gas,74
2025-08,cond-mat.soft,183
2025-08,cond-mat.stat-mech,136
2025-08,cond-mat.str-el,185
2025-08,cond-mat.supr-con,101
2025-08,cs.AI,778
2025-08,cs.AR,106
2025-08,cs.CC,25
2025-08,cs.CE,73
2025-08,cs.CG,41
2025-08,cs.CL,1326
2025-08,cs.CR,476
2025-08,cs.CV,2398
2025-08,cs.CY,237
2025-08,cs.DB,100
2025-08,cs.DC,177
2025-08,cs.DL,36
2025-08,cs.DM,14
2025-08,cs.DS,111
2025-08,cs.ET,32
2025-08,cs.FL,24
2025-08,cs.GR,90
2025-08,cs.GT,79
2025-08,cs.HC,396
2025-08,cs.IR,308
2025-08,cs.IT,156
2025-08,cs.LG,1895
2025-08,cs.LO,69
2025-08,cs.MA,67
2025-08,cs.MM,47
2025-08,cs.MS,5
2025-08,cs.NE,58
2025-08,cs.NI,193
2025-08,cs.OH,5
2025-08,cs.OS,13
2025-08,cs.PF,18
2025-08,cs.PL,51
2025-08,cs.RO,611
2025-08,cs.SC,9
2025-08,cs.SD,183
2025-08,cs.SE,293
2025-08,cs.SI,76
2025-08,econ.EM,33
2025-08,econ.GN,92
2025-08,econ.TH,59
2025-08,eess.AS,150
2025-08,eess.IV,259
2025-08,eess.SP,334
2025-08,eess.SY,294
2025-08,gr-qc,399
2025-08,hep-ex,80
2025-08,hep-lat,38
2025-08,hep-ph,394
2025-08,hep-th,293
2025-08,math-ph,117
2025-08,math.AC,44
2025-08,math.AG,184
2025-08,math.AP,347
2025-08,math.AT,51
2025-08,math.CA,76
2025-08,math.CO,386
2025-08,math.CT,33
2025-08,math.CV,48
2025-08,math.DG,149
2025-08,math.DS,139
2025-08,math.FA,146
2025-08,math.GM,30
2025-08,math.GN,19
2025-08,math.GR,81
2025-08,math.GT,87
2025-08,math.HO,26
2025-08,math.KT,11
2025-08,math.LO,74
2025-08,math.MG,32
2025-08,math.NA,283
2025-08,math.NT,275
2025-08,math.OA,35
2025-08,math.OC,290
2025-08,math.PR,198
2025-08,math.QA,34
2025-08,math.RA,70
2025-08,math.RT,96
2025-08,math.SG,16
2025-08,math.SP,24
2025-08,math.ST,82
2025-08,nlin.AO,8
2025-08,nlin.CD,23
2025-08,nlin.CG,4
2025-08,nlin.PS,14
2025-08,nlin.SI,18
2025-08,nucl-ex,42
2025-08,nucl-th,130
2025-08,physics.acc-ph,32
2025-08,physics.ao-ph,43
2025-08,physics.app-ph,63
2025-08,physics.atm-clus,2
2025-08,physics.atom-ph,64
2025-08,physics.bio-ph,29
2025-08,physics.chem-ph,131
2025-08,physics.class-ph,19
2025-08,physics.comp-ph,71
2025-08,physics.data-an,7
2025-08,physics.ed-ph,47
2025-08,physics.flu-dyn,177
2025-08,physics.gen-ph,17
2025-08,physics.geo-ph,33
2025-08,physics.hist-ph,18
2025-08,physics.ins-det,78
2025-08,physics.med-ph,75
2025-08,physics.optics,279
2025-08,physics.plasm-ph,82
2025-08,physics.pop-ph,1
2025-08,physics.soc-ph,89
2025-08,physics.space-ph,11
2025-08,q-bio.BM,23
2025-08,q-bio.CB,4
2025-08,q-bio.GN,19
2025-08,q-bio.MN,15
2025-08,q-bio.NC,79
2025-08,q-bio.OT,11
2025-08,q-bio.PE,48
2025-08,q-bio.QM,62
2025-08,q-bio.SC,1
2025-08,q-bio.TO,10
2025-08,q-fin.CP,18
2025-08,q-fin.GN,8
2025-08,q-fin.MF,15
2025-08,q-fin.PM,13
2025-08,q-fin.PR,11
2025-08,q-fin.RM,12
2025-08,q-fin.ST,20
2025-08,q-fin.TR,15
2025-08,quant-ph,906
2025-08,stat.AP,79
2025-08,stat.CO,25
2025-08,stat.ME,230
2025-08,stat.ML,125
2025-08,stat.OT,7
2025-09,astro-ph.CO,262
2025-09,astro-ph.EP,261
2025-09,astro-ph.GA,477
2025-09,astro-ph.HE,372
2025-09,astro-ph.IM,187
2025-09,astro-ph.SR,298
2025-09,cond-mat.dis-nn,33
2025-09,cond-mat.mes-hall,312
2025-09,cond-mat.mtrl-sci,462
2025-09,cond-mat.other,18
2025-09,cond-mat.quant-gas,70
2025-09,cond-mat.soft,198
2025-09,cond-mat.stat-mech,138
2025-09,cond-mat.str-el,241
2025-09,cond-mat.supr-con,136
2025-09,cs.AI,897
2025-09,cs.AR,92
2025-09,cs.CC,33
2025-09,cs.CE,91
2025-09,cs.CG,26
2025-09,cs.CL,1587
2025-09,cs.CR,579
2025-09,cs.CV,2414
2025-09,cs.CY,238
2025-09,cs.DB,75
2025-09,cs.DC,208
2025-09,cs.DL,27
2025-09,cs.DM,23
2025-09,cs.DS,111
2025-09,cs.ET,39
2025-09,cs.FL,19
2025-09,cs.GL,1
2025-09,cs.GR,109
2025-09,cs.GT,64
2025-09,cs.HC,428
2025-09,cs.IR,220
2025-09,cs.IT,171
2025-09,cs.LG,2333
2025-09,cs.LO,72
2025-09,cs.MA,60
2025-09,cs.MM,33
2025-09,cs.MS,7
2025-09,cs.NE,54
2025-09,cs.NI,197
2025-09,cs.OH,6
2025-09,cs.OS,12
2025-09,cs.PF,22
2025-09,cs.PL,53
2025-09,cs.RO,951
2025-09,cs.SC,2
2025-09,cs.SD,271
2025-09,cs.SE,349
2025-09,cs.SI,89
2025-09,econ.EM,51
2025-09,econ.GN,91
2025-09,econ.TH,63
2025-09,eess.AS,232
2025-09,eess.IV,175
2025-09,eess.SP,414
2025-09,eess.SY,402
2025-09,gr-qc,401
2025-09,hep-ex,98
2025-09,hep-lat,34
2025-09,hep-ph,472
2025-09,hep-th,399
2025-09,math-ph,120
2025-09,math.AC,57
2025-09,math.AG,241
2025-09,math.AP,429
2025-09,math.AT,59
2025-09,math.CA,80
2025-09,math.CO,435
2025-09,math.CT,38
2025-09,math.CV,67
2025-09,math.DG,177
2025-09,math.DS,140
2025-09,math.FA,146
2025-09,math.GM,38
2025-09,math.GN,12
2025-09,math.GR,101
2025-09,math.GT,91
2025-09,math.HO,22
2025-09,math.KT,15
2025-09,math.LO,49
2025-09,math.MG,26
2025-09,math.NA,318
2025-09,math.NT,257
2025-09,math.OA,39
2025-09,math.OC,385
2025-09,math.PR,273
2025-09,math.QA,47
2025-09,math.RA,66
2025-09,math.RT,106
2025-09,math.SG,31
2025-09,math.SP,28
2025-09,math.ST,76
2025-09,nlin.AO,10
2025-09,nlin.CD,25
2025-09,nlin.PS,16
2025-09,nlin.SI,13
2025-09,nucl-ex,45
2025-09,nucl-th,128
2025-09,physics.acc-ph,58
2025-09,physics.ao-ph,61
2025-09,physics.app-ph,72
2025-09,physics.atm-clus,7
2025-09,physics.atom-ph,73
2025-09,physics.bio-ph,39
2025-09,physics.chem-ph,138
2025-09,physics.class-ph,26
2025-09,physics.comp-ph,53
2025-09,physics.data-an,10
2025-09,physics.ed-ph,34
2025-09,physics.flu-dyn,212
2025-09,physics.gen-ph,21
2025-09,physics.geo-ph,42
2025-09,physics.hist-ph,17
2025-09,physics.ins-det,110
2025-09,physics.med-ph,85
2025-09,physics.optics,339
2025-09,physics.plasm-ph,102
2025-09,physics.pop-ph,3
2025-09,physics.soc-ph,95
2025-09,physics.space-ph,16
2025-09,q-bio.BM,20
2025-09,q-bio.CB,5
2025-09,q-bio.GN,23
2025-09,q-bio.MN,15
2025-09,q-bio.NC,89
2025-09,q-bio.OT,10
2025-09,q-bio.PE,54
2025-09,q-bio.QM,51
2025-09,q-bio.SC,1
2025-09,q-bio.TO,17
2025-09,q-fin.CP,16
2025-09,q-fin.GN,9
2025-09,q-fin.MF,22
2025-09,q-fin.PM,16
2025-09,q-fin.PR,3
2025-09,q-fin.RM,9
2025-09,q-fin.ST,18
2025-09,q-fin.TR,16
2025-09,quant-ph,1081
2025-09,stat.AP,95
2025-09,stat.CO,16
2025-09,stat.ME,290
2025-09,stat.ML,193
2025-09,stat.OT,10
2025-10,astro-ph.CO,267
2025-10,astro-ph.EP,213
2025-10,astro-ph.GA,509
2025-10,astro-ph.HE,404
2025-10,astro-ph.IM,175
2025-10,astro-ph.SR,304
2025-10,cond-mat.dis-nn,44
2025-10,cond-mat.mes-hall,298
2025-10,cond-mat.mtrl-sci,517
2025-10,cond-mat.other,21
2025-10,cond-mat.quant-gas,66
2025-10,cond-mat.soft,172
2025-10,cond-mat.stat-mech,149
2025-10,cond-mat.str-el,227
2025-10,cond-mat.supr-con,118
2025-10,cs.AI,1082
2025-10,cs.AR,80
2025-10,cs.CC,45
2025-10,cs.CE,86
2025-10,cs.CG,24
2025-10,cs.CL,1857
2025-10,cs.CR,595
2025-10,cs.CV,2382
2025-10,cs.CY,246
2025-10,cs.DB,74
2025-10,cs.DC,207
2025-10,cs.DL,27
2025-10,cs.DM,33
2025-10,cs.DS,155
2025-10,cs.ET,32
2025-10,cs.FL,19
2025-10,cs.GL,1
2025-10,cs.GR,78
2025-10,cs.GT,95
2025-10,cs.HC,336
2025-10,cs.IR,239
2025-10,cs.IT,188
2025-10,cs.LG,2890
2025-10,cs.LO,92
2025-10,cs.MA,92
2025-10,cs.MM,29
2025-10,cs.MS,5
2025-10,cs.NE,55
2025-10,cs.NI,169
2025-10,cs.OH,6
2025-10,cs.OS,6
2025-10,cs.PF,15
2025-10,cs.PL,59
2025-10,cs.RO,816
2025-10,cs.SC,7
2025-10,cs.SD,198
2025-10,cs.SE,449
2025-10,cs.SI,80
2025-10,econ.EM,64
2025-10,econ.GN,89
2025-10,econ.TH,56
2025-10,eess.AS,139
2025-10,eess.IV,138
2025-10,eess.SP,376
2025-10,eess.SY,420
2025-10,gr-qc,419
2025-10,hep-ex,97
2025-10,hep-lat,47
2025-10,hep-ph,501
2025-10,hep-th,363
2025-10,math-ph,125
2025-10,math.AC,57
2025-10,math.AG,236
2025-10,math.AP,419
2025-10,math.AT,56
2025-10,math.CA,73
2025-10,math.CO,406
2025-10,math.CT,42
2025-10,math.CV,65
2025-10,math.DG,184
2025-10,math.DS,193
2025-10,math.FA,130
2025-10,math.GM,35
2025-10,math.GN,30
2025-10,math.GR,98
2025-10,math.GT,99
2025-10,math.HO,19
2025-10,math.KT,6
2025-10,math.LO,72
2025-10,math.MG,46
2025-10,math.NA,366
2025-10,math.NT,278
2025-10,math.OA,43
2025-10,math.OC,418
2025-10,math.PR,278
2025-10,math.QA,42
2025-10,math.RA,69
2025-10,math.RT,120
2025-10,math.SG,33
2025-10,math.SP,23
2025-10,math.ST,119
2025-10,nlin.AO,18
2025-10,nlin.CD,21
2025-10,nlin.CG,3
2025-10,nlin.PS,15
2025-10,nlin.SI,21
2025-10,nucl-ex,56
2025-10,nucl-th,127
2025-10,physics.acc-ph,54
2025-10,physics.ao-ph,55
2025-10,physics.app-ph,82
2025-10,physics.atm-clus,1
2025-10,physics.atom-ph,50
2025-10,physics.bio-ph,47
2025-10,physics.chem-ph,141
2025-10,physics.class-ph,23
2025-10,physics.comp-ph,69
2025-10,physics.data-an,5
2025-10,physics.ed-ph,25
2025-10,physics.flu-dyn,212
2025-10,physics.gen-ph,21
2025-10,physics.geo-ph,38
2025-10,physics.hist-ph,18
2025-10,physics.ins-det,115
2025-10,physics.med-ph,70
2025-10,physics.optics,349
2025-10,physics.plasm-ph,91
2025-10,physics.pop-ph,5
2025-10,physics.soc-ph,127
2025-10,physics.space-ph,5
2025-10,q-bio.BM,30
2025-10,q-bio.CB,5
2025-10,q-bio.GN,19
2025-10,q-bio.MN,3
2025-10,q-bio.NC,111
2025-10,q-bio.OT,22
2025-10,q-bio.PE,47
2025-10,q-bio.QM,83
2025-10,q-bio.SC,2
2025-10,q-bio.TO,11
2025-10,q-fin.CP,32
2025-10,q-fin.GN,17
2025-10,q-fin.MF,18
2025-10,q-fin.PM,16
2025-10,q-fin.PR,9
2025-10,q-fin.RM,13
2025-10,q-fin.ST,15
2025-10,q-fin.TR,16
2025-10,quant-ph,1211
2025-10,stat.AP,109
2025-10,stat.CO,27
2025-10,stat.ME,306
2025-10,stat.ML,263
2025-10,stat.OT,6
2025-11,astro-ph.CO,258
2025-11,astro-ph.EP,196
2025-11,astro-ph.GA,397
2025-11,astro-ph.HE,299
2025-11,astro-ph.IM,165
2025-11,astro-ph.SR,276
2025-11,cond-mat.dis-nn,36
2025-11,cond-mat.mes-hall,292
2025-11,cond-mat.mtrl-sci,452
2025-11,cond-mat.other,15
2025-11,cond-mat.quant-gas,67
2025-11,cond-mat.soft,163
2025-11,cond-mat.stat-mech,150
2025-11,cond-mat.str-el,223
2025-11,cond-mat.supr-con,120
2025-11,cs.AI,809
2025-11,cs.AR,125
2025-11,cs.CC,51
2025-11,cs.CE,61
2025-11,cs.CG,26
2025-11,cs.CL,1131
2025-11,cs.CR,456
2025-11,cs.CV,2743
2025-11,cs.CY,227
2025-11,cs.DB,90
2025-11,cs.DC,221
2025-11,cs.DL,51
2025-11,cs.DM,15
2025-11,cs.DS,150
2025-11,cs.ET,30
2025-11,cs.FL,21
2025-11,cs.GR,41
2025-11,cs.GT,106
2025-11,cs.HC,288
2025-11,cs.IR,192
2025-11,cs.IT,182
2025-11,cs.LG,2296
2025-11,cs.LO,90
2025-11,cs.MA,86
2025-11,cs.MM,35
2025-11,cs.MS,9
2025-11,cs.NE,74
2025-11,cs.NI,152
2025-11,cs.OH,6
2025-11,cs.OS,12
2025-11,cs.PF,16
2025-11,cs.PL,53
2025-11,cs.RO,667
2025-11,cs.SC,8
2025-11,cs.SD,129
2025-11,cs.SE,335
2025-11,cs.SI,79
2025-11,econ.EM,64
2025-11,econ.GN,91
2025-11,econ.TH,70
2025-11,eess.AS,64
2025-11,eess.IV,154
2025-11,eess.SP,378
2025-11,eess.SY,481
2025-11,gr-qc,407
2025-11,hep-ex,88
2025-11,hep-lat,31
2025-11,hep-ph,476
2025-11,hep-th,340
2025-11,math-ph,125
2025-11,math.AC,47
2025-11,math.AG,218
2025-11,math.AP,430
2025-11,math.AT,50
2025-11,math.CA,62
2025-11,math.CO,410
2025-11,math.CT,34
2025-11,math.CV,75
2025-11,math.DG,182
2025-11,math.DS,167
2025-11,math.FA,134
2025-11,math.GM,31
2025-11,math.GN,24
2025-11,math.GR,98
2025-11,math.GT,77
2025-11,math.HO,22
2025-11,math.KT,5
2025-11,math.LO,77
2025-11,math.MG,37
2025-11,math.NA,296
2025-11,math.NT,231
2025-11,math.OA,36
2025-11,math.OC,383
2025-11,math.PR,243
2025-11,math.QA,40
2025-11,math.RA,75
2025-11,math.RT,81
2025-11,math.SG,28
2025-11,math.SP,22
2025-11,math.ST,124
2025-11,nlin.AO,14
2025-11,nlin.CD,20
2025-11,nlin.CG,1
2025-11,nlin.PS,15
2025-11,nlin.SI,17
2025-11,nucl-ex,39
2025-11,nucl-th,92
2025-11,physics.acc-ph,38
2025-11,physics.ao-ph,53
2025-11,physics.app-ph,81
2025-11,physics.atm-clus,6
2025-11,physics.atom-ph,55
2025-11,physics.bio-ph,36
2025-11,physics.chem-ph,130
2025-11,physics.class-ph,18
2025-11,physics.comp-ph,61
2025-11,physics.data-an,7
2025-11,physics.ed-ph,22
2025-11,physics.flu-dyn,200
2025-11,physics.gen-ph,25
2025-11,physics.geo-ph,42
2025-11,physics.hist-ph,19
2025-11,physics.ins-det,116
2025-11,physics.med-ph,63
2025-11,physics.optics,298
2025-11,physics.plasm-ph,94
2025-11,physics.pop-ph,4
2025-11,physics.soc-ph,108
2025-11,physics.space-ph,16
2025-11,q-bio.BM,29
2025-11,q-bio.CB,7
2025-11,q-bio.GN,20
2025-11,q-bio.MN,13
2025-11,q-bio.NC,82
2025-11,q-bio.OT,12
2025-11,q-bio.PE,51
2025-11,q-bio.QM,69
2025-11,q-bio.SC,3
2025-11,q-bio.TO,9
2025-11,q-fin.CP,18
2025-11,q-fin.GN,7
2025-11,q-fin.MF,15
2025-11,q-fin.PM,13
2025-11,q-fin.PR,4
2025-11,q-fin.RM,24
2025-11,q-fin.ST,19
2025-11,q-fin.TR,13
2025-11,quant-ph,989
2025-11,stat.AP,97
2025-11,stat.CO,39
2025-11,stat.ME,310
2025-11,stat.ML,175
2025-11,stat.OT,10
2025-12,astro-ph.CO,238
2025-12,astro-ph.EP,172
2025-12,astro-ph.GA,407
2025-12,astro-ph.HE,354
2025-12,astro-ph.IM,221
2025-12,astro-ph.SR,251
2025-12,cond-mat.dis-nn,51
2025-12,cond-mat.mes-hall,307
2025-12,cond-mat.mtrl-sci,589
2025-12,cond-mat.other,22
2025-12,cond-mat.quant-gas,70
2025-12,cond-mat.soft,191
2025-12,cond-mat.stat-mech,160
2025-12,cond-mat.str-el,269
2025-12,cond-mat.supr-con,162
2025-12,cs.AI,755
2025-12,cs.AR,81
2025-12,cs.CC,32
2025-12,cs.CE,75
2025-12,cs.CG,40
2025-12,cs.CL,918
2025-12,cs.CR,485
2025-12,cs.CV,2501
2025-12,cs.CY,243
2025-12,cs.DB,85
2025-12,cs.DC,204
2025-12,cs.DL,37
2025-12,cs.DM,17
2025-12,cs.DS,111
2025-12,cs.ET,25
2025-12,cs.FL,15
2025-12,cs.GR,37
2025-12,cs.GT,79
2025-12,cs.HC,250
2025-12,cs.IR,152
2025-12,cs.IT,177
2025-12,cs.LG,1865
2025-12,cs.LO,76
2025-12,cs.MA,64
2025-12,cs.MM,25
2025-12,cs.MS,5
2025-12,cs.NE,63
2025-12,cs.NI,129
2025-12,cs.OH,5
2025-12,cs.OS,14
2025-12,cs.PF,8
2025-12,cs.PL,40
2025-12,cs.RO,636
2025-12,cs.SC,6
2025-12,cs.SD,128
2025-12,cs.SE,325
2025-12,cs.SI,83
2025-12,econ.EM,67
2025-12,econ.GN,111
2025-12,econ.TH,63
2025-12,eess.AS,54
2025-12,eess.IV,112
2025-12,eess.SP,342
2025-12,eess.SY,392
2025-12,gr-qc,446
2025-12,hep-ex,86
2025-12,hep-lat,52
2025-12,hep-ph,598
2025-12,hep-th,482
2025-12,math-ph,153
2025-12,math.AC,54
2025-12,math.AG,257
2025-12,math.AP,458
2025-12,math.AT,53
2025-12,math.CA,63
2025-12,math.CO,388
2025-12,math.CT,29
2025-12,math.CV,65
2025-12,math.DG,181
2025-12,math.DS,150
2025-12,math.FA,135
2025-12,math.GM,36
2025-12,math.GN,13
2025-12,math.GR,89
2025-12,math.GT,96
2025-12,math.HO,25
2025-12,math.KT,11
2025-12,math.LO,77
2025-12,math.MG,36
2025-12,math.NA,293
2025-12,math.NT,255
2025-12,math.OA,41
2025-12,math.OC,328
2025-12,math.PR,285
2025-12,math.QA,39
2025-12,math.RA,99
2025-12,math.RT,104
2025-12,math.SG,26
2025-12,math.SP,25
2025-12,math.ST,97
2025-12,nlin.AO,16
2025-12,nlin.CD,29
2025-12,nlin.CG,4
2025-12,nlin.PS,22
2025-12,nlin.SI,27
2025-12,nucl-ex,40
2025-12,nucl-th,130
2025-12,physics.acc-ph,32
2025-12,physics.ao-ph,56
2025-12,physics.app-ph,97
2025-12,physics.atm-clus,1
2025-12,physics.atom-ph,64
2025-12,physics.bio-ph,63
2025-12,physics.chem-ph,124
2025-12,physics.class-ph,31
2025-12,physics.comp-ph,72
2025-12,physics.data-an,4
2025-12,physics.ed-ph,33
2025-12,physics.flu-dyn,238
2025-12,physics.gen-ph,25
2025-12,physics.geo-ph,47
2025-12,physics.hist-ph,24
2025-12,physics.ins-det,118
2025-12,physics.med-ph,64
2025-12,physics.optics,376
2025-12,physics.plasm-ph,114
2025-12,physics.pop-ph,7
2025-12,physics.soc-ph,105
2025-12,physics.space-ph,19
2025-12,q-bio.BM,21
2025-12,q-bio.CB,1
2025-12,q-bio.GN,13
2025-12,q-bio.MN,23
2025-12,q-bio.NC,77
2025-12,q-bio.OT,22
2025-12,q-bio.PE,50
2025-12,q-bio.QM,69
2025-12,q-bio.SC,1
2025-12,q-bio.TO,4
2025-12,q-fin.CP,23
2025-12,q-fin.GN,8
2025-12,q-fin.MF,20
2025-12,q-fin.PM,15
2025-12,q-fin.PR,14
2025-12,q-fin.RM,18
2025-12,q-fin.ST,19
2025-12,q-fin.TR,10
2025-12,quant-ph,1186
2025-12,stat.AP,82
2025-12,stat.CO,26
2025-12,stat.ME,297
2025-12,stat.ML,152
2025-12,stat.OT,6
2026-01,astro-ph.CO,230
2026-01,astro-ph.EP,202
2026-01,astro-ph.GA,408
2026-01,astro-ph.HE,328
2026-01,astro-ph.IM,146
2026-01,astro-ph.SR,244
2026-01,cond-mat.dis-nn,44
2026-01,cond-mat.mes-hall,264
2026-01,cond-mat.mtrl-sci,522
2026-01,cond-mat.other,14
2026-01,cond-mat.quant-gas,67
2026-01,cond-mat.soft,152
2026-01,cond-mat.stat-mech,144
2026-01,cond-mat.str-el,208
2026-01,cond-mat.supr-con,126
2026-01,cs.AI,1061
2026-01,cs.AR,70
2026-01,cs.CC,47
2026-01,cs.CE,58
2026-01,cs.CG,27
2026-01,cs.CL,1595
2026-01,cs.CR,516
2026-01,cs.CV,1996
2026-01,cs.CY,260
2026-01,cs.DB,86
2026-01,cs.DC,165
2026-01,cs.DL,45
2026-01,cs.DM,19
2026-01,cs.DS,97
2026-01,cs.ET,42
2026-01,cs.FL,22
2026-01,cs.GR,48
2026-01,cs.GT,91
2026-01,cs.HC,444
2026-01,cs.IR,264
2026-01,cs.IT,354
2026-01,cs.LG,2197
2026-01,cs.LO,73
2026-01,cs.MA,82
2026-01,cs.MM,28
2026-01,cs.MS,8
2026-01,cs.NE,90
2026-01,cs.NI,145
2026-01,cs.OH,6
2026-01,cs.OS,7
2026-01,cs.PF,12
2026-01,cs.PL,46
2026-01,cs.RO,534
2026-01,cs.SC,9
2026-01,cs.SD,202
2026-01,cs.SE,431
2026-01,cs.SI,80
2026-01,econ.EM,76
2026-01,econ.GN,64
2026-01,econ.TH,53
2026-01,eess.AS,129
2026-01,eess.IV,148
2026-01,eess.SP,343
2026-01,eess.SY,319
2026-01,gr-qc,345
2026-01,hep-ex,115
2026-01,hep-lat,41
2026-01,hep-ph,413
2026-01,hep-th,299
2026-01,math-ph,112
2026-01,math.AC,44
2026-01,math.AG,203
2026-01,math.AP,402
2026-01,math.AT,54
2026-01,math.CA,66
2026-01,math.CO,377
2026-01,math.CT,22
2026-01,math.CV,54
2026-01,math.DG,189
2026-01,math.DS,170
2026-01,math.FA,116
2026-01,math.GM,43
2026-01,math.GN,22
2026-01,math.GR,93
2026-01,math.GT,68
2026-01,math.HO,32
2026-01,math.KT,6
2026-01,math.LO,64
2026-01,math.MG,32
2026-01,math.NA,324
2026-01,math.NT,253
2026-01,math.OA,52
2026-01,math.OC,333
2026-01,math.PR,243
2026-01,math.QA,46
2026-01,math.RA,89
2026-01,math.RT,102
2026-01,math.SG,19
2026-01,math.SP,37
2026-01,math.ST,108
2026-01,nlin.AO,15
2026-01,nlin.CD,24
2026-01,nlin.CG,6
2026-01,nlin.PS,14
2026-01,nlin.SI,12
2026-01,nucl-ex,36
2026-01,nucl-th,104
2026-01,physics.acc-ph,35
2026-01,physics.ao-ph,51
2026-01,physics.app-ph,73
2026-01,physics.atm-clus,6
2026-01,physics.atom-ph,56
2026-01,physics.bio-ph,49
2026-01,physics.chem-ph,128
2026-01,physics.class-ph,20
2026-01,physics.comp-ph,54
2026-01,physics.data-an,4
2026-01,physics.ed-ph,21
2026-01,physics.flu-dyn,205
2026-01,physics.gen-ph,28
2026-01,physics.geo-ph,39
2026-01,physics.hist-ph,13
2026-01,physics.ins-det,115
2026-01,physics.med-ph,50
2026-01,physics.optics,349
2026-01,physics.plasm-ph,109
2026-01,physics.pop-ph,5
2026-01,physics.soc-ph,112
2026-01,physics.space-ph,12
2026-01,q-bio.BM,17
2026-01,q-bio.CB,5
2026-01,q-bio.GN,20
2026-01,q-bio.MN,9
2026-01,q-bio.NC,75
2026-01,q-bio.OT,12
2026-01,q-bio.PE,57
2026-01,q-bio.QM,52
2026-01,q-bio.TO,3
2026-01,q-fin.CP,20
2026-01,q-fin.GN,11
2026-01,q-fin.MF,19
2026-01,q-fin.PM,17
2026-01,q-fin.PR,4
2026-01,q-fin.RM,14
2026-01,q-fin.ST,26
2026-01,q-fin.TR,11
2026-01,quant-ph,977
2026-01,stat.AP,77
2026-01,stat.CO,33
2026-01,stat.ME,280
2026-01,stat.ML,171
2026-01,stat.OT,4
2026-02,astro-ph.CO,213
2026-02,astro-ph.EP,184
2026-02,astro-ph.GA,367
2026-02,astro-ph.HE,307
2026-02,astro-ph.IM,139
2026-02,astro-ph.SR,249
2026-02,cond-mat.dis-nn,51
2026-02,cond-mat.mes-hall,251
2026-02,cond-mat.mtrl-sci,469
2026-02,cond-mat.other,12
2026-02,cond-mat.quant-gas,73
2026-02,cond-mat.soft,160
2026-02,cond-mat.stat-mech,149
2026-02,cond-mat.str-el,212
2026-02,cond-mat.supr-con,113
2026-02,cs.AI,1066
2026-02,cs.AR,96
2026-02,cs.CC,57
2026-02,cs.CE,70
2026-02,cs.CG,23
2026-02,cs.CL,1337
2026-02,cs.CR,493
2026-02,cs.CV,2175
2026-02,cs.CY,257
2026-02,cs.DB,122
2026-02,cs.DC,190
2026-02,cs.DL,28
2026-02,cs.DM,17
2026-02,cs.DS,146
2026-02,cs.ET,34
2026-02,cs.FL,28
2026-02,cs.GR,57
2026-02,cs.GT,161
2026-02,cs.HC,488
2026-02,cs.IR,294
2026-02,cs.IT,182
2026-02,cs.LG,2887
2026-02,cs.LO,93
2026-02,cs.MA,101
2026-02,cs.MM,26
2026-02,cs.MS,7
2026-02,cs.NE,68
2026-02,cs.NI,168
2026-02,cs.OH,4
2026-02,cs.OS,10
2026-02,cs.PF,9
2026-02,cs.PL,46
2026-02,cs.RO,851
2026-02,cs.SC,20
2026-02,cs.SD,149
2026-02,cs.SE,363
2026-02,cs.SI,84
2026-02,econ.EM,61
2026-02,econ.GN,72
2026-02,econ.TH,62
2026-02,eess.AS,82
2026-02,eess.IV,144
2026-02,eess.SP,340
2026-02,eess.SY,264
2026-02,gr-qc,309
2026-02,hep-ex,77
2026-02,hep-lat,61
2026-02,hep-ph,403
2026-02,hep-th,289
2026-02,math-ph,98
2026-02,math.AC,42
2026-02,math.AG,214
2026-02,math.AP,428
2026-02,math.AT,55
2026-02,math.CA,51
2026-02,math.CO,362
2026-02,math.CT,41
2026-02,math.CV,51
2026-02,math.DG,158
2026-02,math.DS,148
2026-02,math.FA,122
2026-02,math.GM,53
2026-02,math.GN,22
2026-02,math.GR,82
2026-02,math.GT,75
2026-02,math.HO,16
2026-02,math.KT,9
2026-02,math.LO,84
2026-02,math.MG,37
2026-02,math.NA,271
2026-02,math.NT,243
2026-02,math.OA,43
2026-02,math.OC,356
2026-02,math.PR,241
2026-02,math.QA,26
2026-02,math.RA,78
2026-02,math.RT,76
2026-02,math.SG,21
2026-02,math.SP,22
2026-02,math.ST,128
2026-02,nlin.AO,14
2026-02,nlin.CD,31
2026-02,nlin.CG,1
2026-02,nlin.PS,12
2026-02,nlin.SI,16
2026-02,nucl-ex,34
2026-02,nucl-th,103
2026-02,physics.acc-ph,41
2026-02,physics.ao-ph,37
2026-02,physics.app-ph,61
2026-02,physics.atm-clus,1
2026-02,physics.atom-ph,63
2026-02,physics.bio-ph,24
2026-02,physics.chem-ph,120
2026-02,physics.class-ph,13
2026-02,physics.comp-ph,53
2026-02,physics.data-an,4
2026-02,physics.ed-ph,23
2026-02,physics.flu-dyn,162
2026-02,physics.gen-ph,16
2026-02,physics.geo-ph,37
2026-02,physics.hist-ph,18
2026-02,physics.ins-det,73
2026-02,physics.med-ph,52
2026-02,physics.optics,281
2026-02,physics.plasm-ph,97
2026-02,physics.pop-ph,5
2026-02,physics.soc-ph,95
2026-02,physics.space-ph,16
2026-02,q-bio.BM,18
2026-02,q-bio.CB,4
2026-02,q-bio.GN,20
2026-02,q-bio.MN,9
2026-02,q-bio.NC,51
2026-02,q-bio.OT,5
2026-02,q-bio.PE,49
2026-02,q-bio.QM,39
2026-02,q-bio.TO,7
2026-02,q-fin.CP,14
2026-02,q-fin.GN,5
2026-02,q-fin.MF,16
2026-02,q-fin.PM,11
2026-02,q-fin.PR,5
2026-02,q-fin.RM,11
2026-02,q-fin.ST,11
2026-02,q-fin.TR,9
2026-02,quant-ph,947
2026-02,stat.AP,83
2026-02,stat.CO,28
2026-02,stat.ME,314
2026-02,stat.ML,235
2026-02,stat.OT,11
2026-03,astro-ph.CO,249
2026-03,astro-ph.EP,216
2026-03,astro-ph.GA,442
2026-03,astro-ph.HE,349
2026-03,astro-ph.IM,177
2026-03,astro-ph.SR,264
2026-03,cond-mat.dis-nn,54
2026-03,cond-mat.mes-hall,374
2026-03,cond-mat.mtrl-sci,615
2026-03,cond-mat.other,30
2026-03,cond-mat.quant-gas,78
2026-03,cond-mat.soft,218
2026-03,cond-mat.stat-mech,202
2026-03,cond-mat.str-el,289
2026-03,cond-mat.supr-con,135
2026-03,cs.AI,1143
2026-03,cs.AR,124
2026-03,cs.CC,44
2026-03,cs.CE,95
2026-03,cs.CG,73
2026-03,cs.CL,1448
2026-03,cs.CR,615
2026-03,cs.CV,3540
2026-03,cs.CY,258
2026-03,cs.DB,169
2026-03,cs.DC,226
2026-03,cs.DL,38
2026-03,cs.DM,17
2026-03,cs.DS,139
2026-03,cs.ET,37
2026-03,cs.FL,22
2026-03,cs.GL,3
2026-03,cs.GR,40
2026-03,cs.GT,88
2026-03,cs.HC,555
2026-03,cs.IR,256
2026-03,cs.IT,233
2026-03,cs.LG,2470
2026-03,cs.LO,96
2026-03,cs.MA,91
2026-03,cs.MM,37
2026-03,cs.MS,17
2026-03,cs.NE,64
2026-03,cs.NI,186
2026-03,cs.OH,3
2026-03,cs.OS,12
2026-03,cs.PF,18
2026-03,cs.PL,58
2026-03,cs.RO,1212
2026-03,cs.SC,11
2026-03,cs.SD,196
2026-03,cs.SE,432
2026-03,cs.SI,81
2026-03,econ.EM,57
2026-03,econ.GN,81
2026-03,econ.TH,50
2026-03,eess.AS,150
2026-03,eess.IV,143
2026-03,eess.SP,377
2026-03,eess.SY,481
2026-03,gr-qc,430
2026-03,hep-ex,117
2026-03,hep-lat,103
2026-03,hep-ph,565
2026-03,hep-th,370
2026-03,math-ph,143
2026-03,math.AC,71
2026-03,math.AG,232
2026-03,math.AP,566
2026-03,math.AT,65
2026-03,math.CA,78
2026-03,math.CO,465
2026-03,math.CT,32
2026-03,math.CV,74
2026-03,math.DG,173
2026-03,math.DS,217
2026-03,math.FA,152
2026-03,math.GM,53
2026-03,math.GN,17
2026-03,math.GR,96
2026-03,math.GT,90
2026-03,math.HO,25
2026-03,math.KT,13
2026-03,math.LO,99
2026-03,math.MG,39
2026-03,math.NA,368
2026-03,math.NT,288
2026-03,math.OA,29
2026-03,math.OC,451
2026-03,math.PR,270
2026-03,math.QA,35
2026-03,math.RA,59
2026-03,math.RT,100
2026-03,math.SG,18
2026-03,math.SP,30
2026-03,math.ST,130
2026-03,nlin.AO,16
2026-03,nlin.CD,25
2026-03,nlin.CG,2
2026-03,nlin.PS,19
2026-03,nlin.SI,26
2026-03,nucl-ex,38
2026-03,nucl-th,121
2026-03,physics.acc-ph,26
2026-03,physics.ao-ph,72
2026-03,physics.app-ph,76
2026-03,physics.atm-clus,3
2026-03,physics.atom-ph,79
2026-03,physics.bio-ph,36
2026-03,physics.chem-ph,166
2026-03,physics.class-ph,19
2026-03,physics.comp-ph,66
2026-03,physics.data-an,15
2026-03,physics.ed-ph,23
2026-03,physics.flu-dyn,212
2026-03,physics.gen-ph,23
2026-03,physics.geo-ph,56
2026-03,physics.hist-ph,19
2026-03,physics.ins-det,115
2026-03,physics.med-ph,48
2026-03,physics.optics,341
2026-03,physics.plasm-ph,127
2026-03,physics.pop-ph,4
2026-03,physics.soc-ph,108
2026-03,physics.space-ph,14
2026-03,q-bio.BM,21
2026-03,q-bio.CB,3
2026-03,q-bio.GN,24
2026-03,q-bio.MN,12
2026-03,q-bio.NC,84
2026-03,q-bio.OT,5
2026-03,q-bio.PE,39
2026-03,q-bio.QM,51
2026-03,q-bio.TO,1
2026-03,q-fin.CP,15
2026-03,q-fin.GN,9
2026-03,q-fin.MF,26
2026-03,q-fin.PM,19
2026-03,q-fin.PR,6
2026-03,q-fin.RM,26
2026-03,q-fin.ST,16
2026-03,q-fin.TR,8
2026-03,quant-ph,1292
2026-03,stat.AP,111
2026-03,stat.CO,30
2026-03,stat.ME,376
2026-03,stat.ML,246
2026-03,stat.OT,20
2026-04,astro-ph.CO,240
2026-04,astro-ph.EP,205
2026-04,astro-ph.GA,407
2026-04,astro-ph.HE,315
2026-04,astro-ph.IM,151
2026-04,astro-ph.SR,272
2026-04,cond-mat.dis-nn,61
2026-04,cond-mat.mes-hall,306
2026-04,cond-mat.mtrl-sci,526
2026-04,cond-mat.other,21
2026-04,cond-mat.quant-gas,81
2026-04,cond-mat.soft,177
2026-04,cond-mat.stat-mech,190
2026-04,cond-mat.str-el,260
2026-04,cond-mat.supr-con,135
2026-04,cs.AI,1408
2026-04,cs.AR,155
2026-04,cs.CC,48
2026-04,cs.CE,121
2026-04,cs.CG,33
2026-04,cs.CL,1742
2026-04,cs.CR,688
2026-04,cs.CV,2805
2026-04,cs.CY,294
2026-04,cs.DB,89
2026-04,cs.DC,252
2026-04,cs.DL,46
2026-04,cs.DM,17
2026-04,cs.DS,185
2026-04,cs.ET,54
2026-04,cs.FL,19
2026-04,cs.GL,2
2026-04,cs.GR,71
2026-04,cs.GT,88
2026-04,cs.HC,473
2026-04,cs.IR,329
2026-04,cs.IT,240
2026-04,cs.LG,2170
2026-04,cs.LO,114
2026-04,cs.MA,108
2026-04,cs.MM,33
2026-04,cs.MS,6
2026-04,cs.NE,100
2026-04,cs.NI,167
2026-04,cs.OH,3
2026-04,cs.OS,16
2026-04,cs.PF,17
2026-04,cs.PL,73
2026-04,cs.RO,756
2026-04,cs.SC,7
2026-04,cs.SD,145
2026-04,cs.SE,576
2026-04,cs.SI,67
2026-04,econ.EM,74
2026-04,econ.GN,74
2026-04,econ.TH,49
2026-04,eess.AS,100
2026-04,eess.IV,111
2026-04,eess.SP,424
2026-04,eess.SY,577
2026-04,gr-qc,411
2026-04,hep-ex,117
2026-04,hep-lat,63
2026-04,hep-ph,514
2026-04,hep-th,391
2026-04,math-ph,148
2026-04,math.AC,51
2026-04,math.AG,260
2026-04,math.AP,454
2026-04,math.AT,54
2026-04,math.CA,74
2026-04,math.CO,441
2026-04,math.CT,37
2026-04,math.CV,64
2026-04,math.DG,188
2026-04,math.DS,192
2026-04,math.FA,138
2026-04,math.GM,54
2026-04,math.GN,25
2026-04,math.GR,94
2026-04,math.GT,96
2026-04,math.HO,18
2026-04,math.KT,9
2026-04,math.LO,69
2026-04,math.MG,35
2026-04,math.NA,338
2026-04,math.NT,238
2026-04,math.OA,53
2026-04,math.OC,497
2026-04,math.PR,284
2026-04,math.QA,25
2026-04,math.RA,64
2026-04,math.RT,100
2026-04,math.SG,20
2026-04,math.SP,31
2026-04,math.ST,104
2026-04,nlin.AO,17
2026-04,nlin.CD,30
2026-04,nlin.CG,6
2026-04,nlin.PS,19
2026-04,nlin.SI,17
2026-04,nucl-ex,43
2026-04,nucl-th,123
2026-04,physics.acc-ph,42
2026-04,physics.ao-ph,72
2026-04,physics.app-ph,71
2026-04,physics.atm-clus,1
2026-04,physics.atom-ph,56
2026-04,physics.bio-ph,44
2026-04,physics.chem-ph,137
2026-04,physics.class-ph,15
2026-04,physics.comp-ph,74
2026-04,physics.data-an,9
2026-04,physics.ed-ph,20
2026-04,physics.flu-dyn,238
2026-04,physics.gen-ph,30
2026-04,physics.geo-ph,33
2026-04,physics.hist-ph,12
2026-04,physics.ins-det,90
2026-04,physics.med-ph,58
2026-04,physics.optics,357
2026-04,physics.plasm-ph,110
2026-04,physics.pop-ph,2
2026-04,physics.soc-ph,99
2026-04,physics.space-ph,15
2026-04,q-bio.BM,12
2026-04,q-bio.CB,9
2026-04,q-bio.GN,18
2026-04,q-bio.MN,6
2026-04,q-bio.NC,63
2026-04,q-bio.OT,13
2026-04,q-bio.PE,43
2026-04,q-bio.QM,46
2026-04,q-bio.TO,4
2026-04,q-fin.CP,13
2026-04,q-fin.GN,14
2026-04,q-fin.MF,15
2026-04,q-fin.PM,16
2026-04,q-fin.PR,8
2026-04,q-fin.RM,23
2026-04,q-fin.ST,13
2026-04,q-fin.TR,13
2026-04,quant-ph,1321
2026-04,stat.AP,103
2026-04,stat.CO,35
2026-04,stat.ME,351
2026-04,stat.ML,177
2026-04,stat.OT,9
2026-05,astro-ph.CO,236
2026-05,astro-ph.EP,189
2026-05,astro-ph.GA,401
2026-05,astro-ph.HE,367
2026-05,astro-ph.IM,145
2026-05,astro-ph.SR,245
2026-05,cond-mat.dis-nn,59
2026-05,cond-mat.mes-hall,324
2026-05,cond-mat.mtrl-sci,565
2026-05,cond-mat.other,23
2026-05,cond-mat.quant-gas,78
2026-05,cond-mat.soft,188
2026-05,cond-mat.stat-mech,216
2026-05,cond-mat.str-el,261
2026-05,cond-mat.supr-con,123
2026-05,cs.AI,2077
2026-05,cs.AR,136
2026-05,cs.CC,47
2026-05,cs.CE,139
2026-05,cs.CG,38
2026-05,cs.CL,2061
2026-05,cs.CR,824
2026-05,cs.CV,3297
2026-05,cs.CY,271
2026-05,cs.DB,85
2026-05,cs.DC,289
2026-05,cs.DL,48
2026-05,cs.DM,23
2026-05,cs.DS,183
2026-05,cs.ET,24
2026-05,cs.FL,33
2026-05,cs.GR,108
2026-05,cs.GT,131
2026-05,cs.HC,382
2026-05,cs.IR,294
2026-05,cs.IT,290
2026-05,cs.LG,4236
2026-05,cs.LO,153
2026-05,cs.MA,174
2026-05,cs.MM,32
2026-05,cs.MS,10
2026-05,cs.NE,108
2026-05,cs.NI,234
2026-05,cs.OS,20
2026-05,cs.PF,25
2026-05,cs.PL,67
2026-05,cs.RO,962
2026-05,cs.SC,10
2026-05,cs.SD,150
2026-05,cs.SE,448
2026-05,cs.SI,76
2026-05,econ.EM,70
2026-05,econ.GN,64
2026-05,econ.TH,67
2026-05,eess.AS,101
2026-05,eess.IV,168
2026-05,eess.SP,465
2026-05,eess.SY,403
2026-05,gr-qc,463
2026-05,hep-ex,87
2026-05,hep-lat,37
2026-05,hep-ph,472
2026-05,hep-th,418
2026-05,math-ph,142
2026-05,math.AC,65
2026-05,math.AG,275
2026-05,math.AP,474
2026-05,math.AT,56
2026-05,math.CA,83
2026-05,math.CO,601
2026-05,math.CT,32
2026-05,math.CV,84
2026-05,math.DG,220
2026-05,math.DS,192
2026-05,math.FA,156
2026-05,math.GM,39
2026-05,math.GN,16
2026-05,math.GR,104
2026-05,math.GT,106
2026-05,math.HO,26
2026-05,math.KT,8
2026-05,math.LO,89
2026-05,math.MG,45
2026-05,math.NA,354
2026-05,math.NT,279
2026-05,math.OA,44
2026-05,math.OC,469
2026-05,math.PR,293
2026-05,math.QA,36
2026-05,math.RA,85
2026-05,math.RT,84
2026-05,math.SG,27
2026-05,math.SP,28
2026-05,math.ST,147
2026-05,nlin.AO,19
2026-05,nlin.CD,26
2026-05,nlin.CG,2
2026-05,nlin.PS,25
2026-05,nlin.SI,21
2026-05,nucl-ex,28
2026-05,nucl-th,108
2026-05,physics.acc-ph,40
2026-05,physics.ao-ph,60
2026-05,physics.app-ph,70
2026-05,physics.atm-clus,6
2026-05,physics.atom-ph,71
2026-05,physics.bio-ph,37
2026-05,physics.chem-ph,128
2026-05,physics.class-ph,21
2026-05,physics.comp-ph,55
2026-05,physics.data-an,8
2026-05,physics.ed-ph,40
2026-05,physics.flu-dyn,203
2026-05,physics.gen-ph,24
2026-05,physics.geo-ph,44
2026-05,physics.hist-ph,9
2026-05,physics.ins-det,118
2026-05,physics.med-ph,47
2026-05,physics.optics,381
2026-05,physics.plasm-ph,108
2026-05,physics.pop-ph,4
2026-05,physics.soc-ph,104
2026-05,physics.space-ph,17
2026-05,q-bio.BM,25
2026-05,q-bio.CB,7
2026-05,q-bio.GN,19
2026-05,q-bio.MN,10
2026-05,q-bio.NC,85
2026-05,q-bio.OT,13
2026-05,q-bio.PE,56
2026-05,q-bio.QM,61
2026-05,q-bio.TO,6
2026-05,q-fin.CP,18
2026-05,q-fin.GN,12
2026-05,q-fin.MF,23
2026-05,q-fin.PM,15
2026-05,q-fin.PR,8
2026-05,q-fin.RM,14
2026-05,q-fin.ST,8
2026-05,q-fin.TR,23
2026-05,quant-ph,1360
2026-05,stat.AP,107
2026-05,stat.CO,40
2026-05,stat.ME,466
2026-05,stat.ML,384
2026-05,stat.OT,10
2026-06,astro-ph.CO,322
2026-06,astro-ph.EP,213
2026-06,astro-ph.GA,532
2026-06,astro-ph.HE,398
2026-06,astro-ph.IM,257
2026-06,astro-ph.SR,260
2026-06,cond-mat.dis-nn,78
2026-06,cond-mat.mes-hall,322
2026-06,cond-mat.mtrl-sci,513
2026-06,cond-mat.other,21
2026-06,cond-mat.quant-gas,88
2026-06,cond-mat.soft,188
2026-06,cond-mat.stat-mech,179
2026-06,cond-mat.str-el,231
2026-06,cond-mat.supr-con,142
2026-06,cs.AI,1648
2026-06,cs.AR,147
2026-06,cs.CC,48
2026-06,cs.CE,106
2026-06,cs.CG,34
2026-06,cs.CL,1635
2026-06,cs.CR,710
2026-06,cs.CV,2749
2026-06,cs.CY,277
2026-06,cs.DB,116
2026-06,cs.DC,272
2026-06,cs.DL,63
2026-06,cs.DM,36
2026-06,cs.DS,143
2026-06,cs.ET,37
2026-06,cs.FL,36
2026-06,cs.GR,74
2026-06,cs.GT,155
2026-06,cs.HC,268
2026-06,cs.IR,279
2026-06,cs.IT,235
2026-06,cs.LG,2849
2026-06,cs.LO,143
2026-06,cs.MA,119
2026-06,cs.MM,29
2026-06,cs.MS,15
2026-06,cs.NE,87
2026-06,cs.NI,146
2026-06,cs.OH,4
2026-06,cs.OS,11
2026-06,cs.PF,22
2026-06,cs.PL,61
2026-06,cs.RO,1285
2026-06,cs.SC,9
2026-06,cs.SD,287
2026-06,cs.SE,462
2026-06,cs.SI,85
2026-06,econ.EM,91
2026-06,econ.GN,82
2026-06,econ.TH,69
2026-06,eess.AS,225
2026-06,eess.IV,147
2026-06,eess.SP,366
2026-06,eess.SY,387
2026-06,gr-qc,431
2026-06,hep-ex,95
2026-06,hep-lat,56
2026-06,hep-ph,586
2026-06,hep-th,455
2026-06,math-ph,152
2026-06,math.AC,58
2026-06,math.AG,232
2026-06,math.AP,534
2026-06,math.AT,71
2026-06,math.CA,106
2026-06,math.CO,604
2026-06,math.CT,40
2026-06,math.CV,77
2026-06,math.DG,266
2026-06,math.DS,184
2026-06,math.FA,204
2026-06,math.GM,45
2026-06,math.GN,22
2026-06,math.GR,122
2026-06,math.GT,84
2026-06,math.HO,21
2026-06,math.KT,4
2026-06,math.LO,90
2026-06,math.MG,64
2026-06,math.NA,426
2026-06,math.NT,301
2026-06,math.OA,47
2026-06,math.OC,418
2026-06,math.PR,314
2026-06,math.QA,46
2026-06,math.RA,84
2026-06,math.RT,119
2026-06,math.SG,35
2026-06,math.SP,43
2026-06,math.ST,140
2026-06,nlin.AO,20
2026-06,nlin.CD,28
2026-06,nlin.CG,4
2026-06,nlin.PS,25
2026-06,nlin.SI,35
2026-06,nucl-ex,44
2026-06,nucl-th,142
2026-06,physics.acc-ph,38
2026-06,physics.ao-ph,60
2026-06,physics.app-ph,56
2026-06,physics.atm-clus,3
2026-06,physics.atom-ph,63
2026-06,physics.bio-ph,42
2026-06,physics.chem-ph,147
2026-06,physics.class-ph,17
2026-06,physics.comp-ph,77
2026-06,physics.data-an,10
2026-06,physics.ed-ph,22
2026-06,physics.flu-dyn,233
2026-06,physics.gen-ph,34
2026-06,physics.geo-ph,46
2026-06,physics.hist-ph,15
2026-06,physics.ins-det,89
2026-06,physics.med-ph,52
2026-06,physics.optics,343
2026-06,physics.plasm-ph,146
2026-06,physics.pop-ph,7
2026-06,physics.soc-ph,102
2026-06,physics.space-ph,18
2026-06,q-bio.BM,19
2026-06,q-bio.CB,3
2026-06,q-bio.GN,21
2026-06,q-bio.MN,9
2026-06,q-bio.NC,68
2026-06,q-bio.OT,15
2026-06,q-bio.PE,43
2026-06,q-bio.QM,57
2026-06,q-bio.SC,3
2026-06,q-bio.TO,2
2026-06,q-fin.CP,15
2026-06,q-fin.GN,7
2026-06,q-fin.MF,32
2026-06,q-fin.PM,15
2026-06,q-fin.PR,6
2026-06,q-fin.RM,23
2026-06,q-fin.ST,14
2026-06,q-fin.TR,20
2026-06,quant-ph,1257
2026-06,stat.AP,98
2026-06,stat.CO,36
2026-06,stat.ME,391
2026-06,stat.ML,229
2026-06,stat.OT,8
2026-07,astro-ph.CO,307
2026-07,astro-ph.EP,208
2026-07,astro-ph.GA,480
2026-07,astro-ph.HE,346
2026-07,astro-ph.IM,291
2026-07,astro-ph.SR,301
2026-07,cond-mat.dis-nn,50
2026-07,cond-mat.mes-hall,332
2026-07,cond-mat.mtrl-sci,566
2026-07,cond-mat.other,18
2026-07,cond-mat.quant-gas,69
2026-07,cond-mat.soft,199
2026-07,cond-mat.stat-mech,200
2026-07,cond-mat.str-el,269
2026-07,cond-mat.supr-con,134
2026-07,cs.AI,1351
2026-07,cs.AR,144
2026-07,cs.CC,61
2026-07,cs.CE,98
2026-07,cs.CG,64
2026-07,cs.CL,1081
2026-07,cs.CR,606
2026-07,cs.CV,2469
2026-07,cs.CY,169
2026-07,cs.DB,107
2026-07,cs.DC,200
2026-07,cs.DL,45
2026-07,cs.DM,33
2026-07,cs.DS,259
2026-07,cs.ET,41
2026-07,cs.FL,25
2026-07,cs.GL,1
2026-07,cs.GR,63
2026-07,cs.GT,111
2026-07,cs.HC,310
2026-07,cs.IR,277
2026-07,cs.IT,242
2026-07,cs.LG,2238
2026-07,cs.LO,129
2026-07,cs.MA,98
2026-07,cs.MM,23
2026-07,cs.MS,15
2026-07,cs.NE,72
2026-07,cs.NI,149
2026-07,cs.OH,2
2026-07,cs.OS,11
2026-07,cs.PF,18
2026-07,cs.PL,85
2026-07,cs.RO,941
2026-07,cs.SC,18
2026-07,cs.SD,184
2026-07,cs.SE,615
2026-07,cs.SI,54
2026-07,econ.EM,96
2026-07,econ.GN,107
2026-07,econ.TH,75
2026-07,eess.AS,125
2026-07,eess.IV,139
2026-07,eess.SP,406
2026-07,eess.SY,407
2026-07,gr-qc,458
2026-07,hep-ex,96
2026-07,hep-lat,52
2026-07,hep-ph,559
2026-07,hep-th,441
2026-07,math-ph,149
2026-07,math.AC,70
2026-07,math.AG,265
2026-07,math.AP,584
2026-07,math.AT,70
2026-07,math.CA,117
2026-07,math.CO,743
2026-07,math.CT,50
2026-07,math.CV,92
2026-07,math.DG,219
2026-07,math.DS,228
2026-07,math.FA,172
2026-07,math.GM,56
2026-07,math.GN,30
2026-07,math.GR,136
2026-07,math.GT,128
2026-07,math.HO,20
2026-07,math.KT,7
2026-07,math.LO,84
2026-07,math.MG,63
2026-07,math.NA,446
2026-07,math.NT,350
2026-07,math.OA,51
2026-07,math.OC,440
2026-07,math.PR,319
2026-07,math.QA,43
2026-07,math.RA,72
2026-07,math.RT,131
2026-07,math.SG,39
2026-07,math.SP,35
2026-07,math.ST,156
2026-07,nlin.AO,15
2026-07,nlin.CD,25
2026-07,nlin.CG,5
2026-07,nlin.PS,20
2026-07,nlin.SI,23
2026-07,nucl-ex,40
2026-07,nucl-th,160
2026-07,physics.acc-ph,34
2026-07,physics.ao-ph,49
2026-07,physics.app-ph,60
2026-07,physics.atm-clus,1
2026-07,physics.atom-ph,72
2026-07,physics.bio-ph,49
2026-07,physics.chem-ph,142
2026-07,physics.class-ph,20
2026-07,physics.comp-ph,67
2026-07,physics.data-an,17
2026-07,physics.ed-ph,29
2026-07,physics.flu-dyn,214
2026-07,physics.gen-ph,20
2026-07,physics.geo-ph,51
2026-07,physics.hist-ph,25
2026-07,physics.ins-det,88
2026-07,physics.med-ph,57
2026-07,physics.optics,364
2026-07,physics.plasm-ph,142
2026-07,physics.pop-ph,4
2026-07,physics.soc-ph,114
2026-07,physics.space-ph,14
2026-07,q-bio.BM,14
2026-07,q-bio.CB,5
2026-07,q-bio.GN,14
2026-07,q-bio.MN,12
2026-07,q-bio.NC,66
2026-07,q-bio.OT,8
2026-07,q-bio.PE,54
2026-07,q-bio.QM,57
2026-07,q-bio.SC,2
2026-07,q-bio.TO,5
2026-07,q-fin.CP,14
2026-07,q-fin.GN,11
2026-07,q-fin.MF,26
2026-07,q-fin.PM,12
2026-07,q-fin.PR,7
2026-07,q-fin.RM,16
2026-07,q-fin.ST,15
2026-07,q-fin.TR,25
2026-07,quant-ph,1498
2026-07,stat.AP,94
2026-07,stat.CO,25
2026-07,stat.ME,376
2026-07,stat.ML,197
2026-07,stat.OT,6
2026-08,astro-ph.CO,38
2026-08,astro-ph.EP,48
2026-08,astro-ph.GA,64
2026-08,astro-ph.HE,60
2026-08,astro-ph.IM,54
2026-08,astro-ph.SR,64
2026-08,cond-mat.dis-nn,9
2026-08,cond-mat.mes-hall,67
2026-08,cond-mat.mtrl-sci,98
2026-08,cond-mat.other,3
2026-08,cond-mat.quant-gas,8
2026-08,cond-mat.soft,28
2026-08,cond-mat.stat-mech,37
2026-08,cond-mat.str-el,53
2026-08,cond-mat.supr-con,24
2026-08,cs.AI,421
2026-08,cs.AR,38
2026-08,cs.CC,17
2026-08,cs.CE,30
2026-08,cs.CG,8
2026-08,cs.CL,293
2026-08,cs.CR,172
2026-08,cs.CV,588
2026-08,cs.CY,42
2026-08,cs.DB,26
2026-08,cs.DC,50
2026-08,cs.DL,4
2026-08,cs.DM,6
2026-08,cs.DS,44
2026-08,cs.ET,14
2026-08,cs.FL,2
2026-08,cs.GR,12
2026-08,cs.GT,33
2026-08,cs.HC,76
2026-08,cs.IR,58
2026-08,cs.IT,44
2026-08,cs.LG,408
2026-08,cs.LO,26
2026-08,cs.MA,26
2026-08,cs.MM,14
2026-08,cs.NE,9
2026-08,cs.NI,47
2026-08,cs.OH,1
2026-08,cs.OS,1
2026-08,cs.PF,4
2026-08,cs.PL,9
2026-08,cs.RO,208
2026-08,cs.SC,1
2026-08,cs.SD,43
2026-08,cs.SE,111
2026-08,cs.SI,7
2026-08,econ.EM,24
2026-08,econ.GN,24
2026-08,econ.TH,23
2026-08,eess.AS,22
2026-08,eess.IV,15
2026-08,eess.SP,70
2026-08,eess.SY,51
2026-08,gr-qc,70
2026-08,hep-ex,13
2026-08,hep-lat,4
2026-08,hep-ph,95
2026-08,hep-th,82
2026-08,math-ph,29
2026-08,math.AC,10
2026-08,math.AG,51
2026-08,math.AP,133
2026-08,math.AT,17
2026-08,math.CA,21
2026-08,math.CO,151
2026-08,math.CT,7
2026-08,math.CV,22
2026-08,math.DG,44
2026-08,math.DS,48
2026-08,math.FA,39
2026-08,math.GM,4
2026-08,math.GN,10
2026-08,math.GR,36
2026-08,math.GT,18
2026-08,math.HO,5
2026-08,math.KT,4
2026-08,math.LO,17
2026-08,math.MG,19
2026-08,math.NA,72
2026-08,math.NT,78
2026-08,math.OA,5
2026-08,math.OC,78
2026-08,math.PR,64
2026-08,math.QA,13
2026-08,math.RA,19
2026-08,math.RT,22
2026-08,math.SG,6
2026-08,math.SP,8
2026-08,math.ST,34
2026-08,nlin.AO,2
2026-08,nlin.CD,7
2026-08,nlin.PS,4
2026-08,nlin.SI,5
2026-08,nucl-ex,10
2026-08,nucl-th,23
2026-08,physics.acc-ph,9
2026-08,physics.ao-ph,9
2026-08,physics.app-ph,11
2026-08,physics.atom-ph,13
2026-08,physics.bio-ph,7
2026-08,physics.chem-ph,23
2026-08,physics.class-ph,5
2026-08,physics.comp-ph,9
2026-08,physics.data-an,1
2026-08,physics.ed-ph,5
2026-08,physics.flu-dyn,41
2026-08,physics.gen-ph,4
2026-08,physics.geo-ph,7
2026-08,physics.hist-ph,3
2026-08,physics.ins-det,11
2026-08,physics.med-ph,8
2026-08,physics.optics,60
2026-08,physics.plasm-ph,24
2026-08,physics.pop-ph,2
2026-08,physics.soc-ph,14
2026-08,physics.space-ph,1
2026-08,q-bio.BM,1
2026-08,q-bio.CB,2
2026-08,q-bio.GN,2
2026-08,q-bio.MN,2
2026-08,q-bio.NC,15
2026-08,q-bio.PE,2
2026-08,q-bio.QM,12
2026-08,q-bio.SC,1
2026-08,q-bio.TO,1
2026-08,q-fin.CP,2
2026-08,q-fin.GN,3
2026-08,q-fin.MF,12
2026-08,q-fin.PM,5
2026-08,q-fin.PR,1
2026-08,q-fin.RM,5
2026-08,q-fin.ST,1
2026-08,q-fin.TR,7
2026-08,quant-ph,258
2026-08,stat.AP,22
2026-08,stat.CO,9
2026-08,stat.ME,76
2026-08,stat.ML,33
2026-08,stat.OT,2
